order_id,order_date,category,sub_category,region,supply_chain_status,quantity,unit_cost,unit_price,discount_pct,inventory_days
ORD-10000,2023-02-10,Furniture,Tables,West,On-Time,5,336.05,425.6,0.41,131
ORD-10001,2023-10-03,Furniture,,East,Delayed - Customs,2,104.46,112.3,0.53,107
ORD-10002,2023-04-14,Apparel,Shirts,South,On-Time,3,86.98,179.45,0.05,30
ORD-10003,2023-05-21,Apparel,Shirts,East,On-Time,3,381.86,715.95,0.0,32
ORD-10004,2023-10-10,Furniture,Tables,South,On-Time,3,285.08,313.39,0.56,137
ORD-10005,2023-04-24,Apparel,Pants,East,On-Time,5,358.98,642.44,0.05,15
ORD-10006,2023-08-18,Apparel,Shirts,West,On-Time,4,192.53,326.16,0.05,13
ORD-10007,2023-02-16,Apparel,Shirts,North,On-Time,4,178.46,379.27,0.05,43
ORD-10008,2023-01-06,Electronics,Audio,East,Delayed - Transit,4,279.59,375.38,0.41,114
ORD-10009,2023-09-11,Furniture,Desks,South,Delayed - Customs,5,170.45,193.17,0.47,163
ORD-10010,2023-10-20,Furniture,Chairs,North,On-Time,2,274.98,322.75,0.42,88
ORD-10011,2023-11-04,Apparel,Pants,North,Delayed - Customs,3,150.3,190.89,0.62,147
ORD-10012,2023-07-05,Apparel,Footwear,North,On-Time,3,332.15,584.64,0.05,23
ORD-10013,2023-02-20,Apparel,Shirts,East,On-Time,1,262.83,515.39,0.0,46
ORD-10014,2023-07-28,Apparel,Pants,South,On-Time,4,107.27,200.36,0.05,22
ORD-10015,2023-01-12,Furniture,Chairs,West,On-Time,4,365.34,447.13,0.46,100
ORD-10016,2023-11-08,Electronics,Computers,West,On-Time,4,238.66,486.27,0.05,38
ORD-10017,2023-12-06,Furniture,Chairs,East,On-Time,5,322.87,423.92,0.44,115
ORD-10018,2023-01-26,Apparel,Shirts,East,Delayed - Transit,4,280.62,308.34,0.41,110
ORD-10019,2023-01-28,Apparel,Pants,South,On-Time,1,189.95,351.56,0.05,39
ORD-10020,2023-06-22,Furniture,Desks,East,On-Time,2,265.5,329.05,0.05,80
ORD-10021,2023-01-02,Apparel,Shirts,West,On-Time,5,206.16,365.51,0.0,27
ORD-10022,2023-10-25,Apparel,Shirts,North,On-Time,1,189.05,435.07,0.05,31
ORD-10023,2023-12-26,Electronics,Computers,North,Delayed - Customs,2,55.49,65.72,0.48,106
ORD-10024,2023-04-08,Electronics,Accessories,South,On-Time,2,86.15,200.13,0.0,34
ORD-10025,2023-01-14,Apparel,Shirts,South,On-Time,1,91.27,148.69,0.0,21
ORD-10026,2023-12-10,Apparel,Footwear,East,On-Time,3,376.7,664.37,0.05,35
ORD-10027,2023-11-06,Electronics,Accessories,North,On-Time,1,132.74,300.09,0.0,21
ORD-10028,2023-02-13,Furniture,Tables,West,Delayed - Customs,5,177.65,217.33,0.61,138
ORD-10029,2023-10-04,Apparel,Footwear,South,On-Time,5,225.79,363.69,0.0,37
ORD-10030,2023-03-30,Furniture,Tables,South,On-Time,1,174.64,202.27,0.51,124
ORD-10031,2023-03-08,Electronics,Accessories,South,On-Time,3,236.1,494.34,0.05,28
ORD-10032,2023-07-27,Furniture,Desks,North,On-Time,1,285.91,310.65,0.37,119
ORD-10033,2023-10-14,Electronics,Computers,South,On-Time,2,187.35,388.1,0.05,31
ORD-10034,2023-01-12,Furniture,Desks,West,Delayed - Transit,3,216.0,268.93,0.62,134
ORD-10035,2023-04-16,Apparel,Pants,South,On-Time,4,310.64,521.65,0.05,46
ORD-10036,2023-12-11,Electronics,Computers,North,On-Time,4,263.93,464.26,0.05,30
ORD-10037,2023-06-28,Apparel,Shirts,South,On-Time,5,353.79,700.62,0.05,32
ORD-10038,2023-11-29,Apparel,Footwear,South,Delayed - Transit,2,234.89,288.47,0.62,134
ORD-10039,2023-02-24,Apparel,Footwear,East,Delayed - Customs,5,220.34,263.57,0.62,145
ORD-10040,2023-01-14,Apparel,Pants,East,On-Time,1,347.95,566.51,0.05,31
ORD-10041,2023-10-25,Apparel,Footwear,West,On-Time,4,282.73,580.14,0.0,32
ORD-10042,2023-08-05,Electronics,Computers,North,On-Time,1,191.84,362.92,0.05,23
ORD-10043,2023-03-04,Apparel,Pants,East,Delayed - Transit,3,201.29,261.5,0.51,107
ORD-10044,2023-01-18,Apparel,Footwear,East,On-Time,1,360.12,688.7,0.0,46
ORD-10045,2023-07-10,Apparel,Pants,North,On-Time,5,264.93,509.22,0.0,30
ORD-10046,2023-10-23,Furniture,Desks,North,On-Time,2,123.02,135.93,0.41,123
ORD-10047,2023-03-21,Furniture,Desks,West,On-Time,2,71.87,75.49,0.45,118
ORD-10048,2023-04-02,Apparel,Pants,East,On-Time,3,39.86,68.12,0.05,46
ORD-10049,2023-09-16,Apparel,Shirts,West,On-Time,3,31.64,74.4,0.0,36
ORD-10050,2023-10-22,Electronics,Accessories,South,On-Time,5,351.88,651.18,0.05,19
ORD-10051,2023-05-07,Furniture,Chairs,West,Delayed - Customs,4,43.3,50.3,0.45,153
ORD-10052,2023-07-10,Electronics,Audio,North,Delayed - Customs,4,21.6,26.32,0.37,95
ORD-10053,2023-05-14,Furniture,Desks,South,On-Time,5,41.62,48.91,0.43,139
ORD-10054,2023-09-03,Furniture,Chairs,East,On-Time,3,64.49,80.93,0.41,104
ORD-10055,2023-10-03,Electronics,Computers,West,On-Time,5,243.55,550.92,0.0,45
ORD-10056,2023-03-06,Furniture,Tables,East,On-Time,1,388.56,473.3,0.38,115
ORD-10057,2023-07-23,Furniture,Desks,East,On-Time,5,120.5,130.62,0.05,85
ORD-10058,2023-11-12,Apparel,Pants,South,On-Time,4,53.25,85.85,0.05,20
ORD-10059,2023-05-12,Furniture,,North,On-Time,1,339.82,427.14,0.36,110
ORD-10060,2023-08-17,Apparel,Footwear,North,On-Time,2,200.88,425.11,0.05,38
ORD-10061,2023-01-24,Apparel,Footwear,North,On-Time,4,30.11,57.28,0.05,12
ORD-10062,2023-01-15,Electronics,Accessories,North,On-Time,4,206.63,410.23,0.05,33
ORD-10063,2023-11-03,Furniture,Chairs,North,On-Time,1,34.83,39.86,0.37,123
ORD-10064,2023-05-12,Electronics,Accessories,South,Delayed - Transit,3,353.32,400.71,0.55,133
ORD-10065,2023-01-12,Electronics,Accessories,East,On-Time,3,394.65,644.53,0.0,59
ORD-10066,2023-08-11,Electronics,Computers,West,On-Time,5,352.86,703.18,0.05,23
ORD-10067,2023-02-28,Apparel,Pants,South,On-Time,5,167.41,398.58,0.0,62
ORD-10068,2023-06-01,Electronics,Accessories,West,On-Time,3,16.6,38.19,0.05,34
ORD-10069,2023-12-29,Electronics,Computers,West,On-Time,4,393.89,633.26,0.0,17
ORD-10070,2023-11-05,Furniture,Chairs,East,On-Time,3,151.69,171.44,0.45,104
ORD-10071,2023-11-16,Apparel,Footwear,North,Delayed - Transit,1,207.21,258.16,0.51,141
ORD-10072,2023-02-17,Apparel,Pants,West,On-Time,1,20.78,43.06,0.05,39
ORD-10073,2023-07-12,Furniture,Chairs,West,Delayed - Customs,2,46.66,61.71,0.63,156
ORD-10074,2023-01-08,Apparel,Footwear,North,Delayed - Transit,5,169.21,208.62,0.39,115
ORD-10075,2023-10-15,Electronics,Audio,South,Delayed - Customs,3,121.04,157.68,0.05,84
ORD-10076,2023-04-12,Apparel,Shirts,South,On-Time,2,258.94,552.53,0.0,42
ORD-10077,2023-04-02,Apparel,Pants,South,On-Time,1,380.11,742.68,0.0,30
ORD-10078,2023-09-07,Apparel,Footwear,North,On-Time,3,170.02,352.77,0.0,11
ORD-10079,2023-06-26,Furniture,Tables,South,On-Time,2,297.91,377.75,0.44,158
ORD-10080,2023-09-26,Electronics,Computers,West,On-Time,5,393.08,915.64,0.05,28
ORD-10081,2023-02-07,Apparel,Pants,South,On-Time,1,100.4,179.06,0.0,36
ORD-10082,2023-08-08,Furniture,Tables,West,On-Time,5,334.67,377.84,0.64,117
ORD-10083,2023-01-29,Apparel,Pants,South,Delayed - Customs,5,156.39,197.0,0.41,109
ORD-10084,2023-04-16,Electronics,Computers,East,On-Time,4,246.52,462.85,0.05,47
ORD-10085,2023-01-13,Electronics,Accessories,South,On-Time,4,36.98,60.18,0.05,23
ORD-10086,2023-06-02,Furniture,Chairs,South,Delayed - Transit,4,288.63,364.76,0.62,140
ORD-10087,2023-06-24,Apparel,Shirts,West,On-Time,1,343.57,564.5,0.0,22
ORD-10088,2023-04-04,Furniture,Desks,West,On-Time,3,71.79,83.93,0.61,87
ORD-10089,2023-11-01,Apparel,Shirts,East,On-Time,2,129.3,292.19,0.05,5
ORD-10090,2023-03-05,Apparel,Pants,North,On-Time,3,219.1,518.5,0.0,52
ORD-10091,2023-11-24,Apparel,Shirts,West,On-Time,1,183.53,420.12,0.05,46
ORD-10092,2023-02-07,Furniture,Chairs,South,On-Time,1,242.16,278.75,0.5,112
ORD-10093,2023-01-05,Furniture,Desks,West,On-Time,2,79.84,89.96,0.05,56
ORD-10094,2023-09-24,Apparel,Footwear,East,On-Time,2,80.55,160.45,0.0,30
ORD-10095,2023-11-10,Apparel,Footwear,East,Delayed - Customs,5,128.4,160.62,0.57,106
ORD-10096,2023-10-01,Furniture,Tables,West,On-Time,1,43.5,47.86,0.42,116
ORD-10097,2023-08-02,Electronics,Computers,South,On-Time,1,124.67,241.87,0.05,61
ORD-10098,2023-12-14,Apparel,Pants,North,Delayed - Transit,2,109.51,117.65,0.47,116
ORD-10099,2023-10-19,Furniture,Desks,North,Delayed - Transit,4,56.38,74.95,0.39,108
ORD-10100,2023-12-30,Electronics,Computers,North,On-Time,3,273.01,476.72,0.05,29
ORD-10101,2023-10-28,Apparel,Shirts,East,On-Time,5,177.1,398.77,0.0,27
ORD-10102,2023-01-30,Apparel,Shirts,North,Delayed - Transit,4,205.53,263.17,0.58,132
ORD-10103,2023-05-13,Furniture,Chairs,West,On-Time,5,16.27,19.85,0.64,125
ORD-10104,2023-08-26,Furniture,Chairs,North,On-Time,1,28.95,37.46,0.6,131
ORD-10105,2023-04-26,Apparel,Footwear,South,On-Time,4,166.54,272.32,0.05,20
ORD-10106,2023-01-08,Apparel,Pants,East,On-Time,5,125.76,233.66,0.0,31
ORD-10107,2023-03-29,Furniture,Tables,South,On-Time,2,94.28,112.84,0.44,190
ORD-10108,2023-11-01,Apparel,Pants,West,On-Time,1,140.68,315.84,0.05,26
ORD-10109,2023-12-04,Furniture,Desks,South,On-Time,1,398.55,536.62,0.5,97
ORD-10110,2023-05-29,Furniture,Tables,West,On-Time,3,158.42,173.26,0.35,120
ORD-10111,2023-07-01,Furniture,Chairs,East,Delayed - Transit,5,177.23,190.97,0.45,91
ORD-10112,2023-07-02,Apparel,Footwear,East,Delayed - Customs,5,345.69,439.43,0.52,136
ORD-10113,2023-02-01,Furniture,Tables,West,On-Time,4,106.12,142.55,0.37,145
ORD-10114,2023-09-27,Apparel,Shirts,North,On-Time,3,158.78,312.13,0.05,43
ORD-10115,2023-03-11,Furniture,Desks,East,On-Time,1,231.71,299.98,0.51,112
ORD-10116,2023-09-17,Furniture,Tables,East,On-Time,2,235.07,269.96,0.05,85
ORD-10117,2023-11-03,Apparel,Pants,South,Delayed - Transit,5,82.24,94.94,0.5,137
ORD-10118,2023-01-25,Furniture,Desks,East,Delayed - Transit,3,159.78,197.32,0.44,103
ORD-10119,2023-10-03,Furniture,Chairs,West,Delayed - Transit,1,326.27,353.36,0.63,97
ORD-10120,2023-12-18,Apparel,Pants,East,On-Time,1,377.46,730.82,0.0,46
ORD-10121,2023-03-23,Apparel,Shirts,North,On-Time,5,120.72,242.24,0.0,33
ORD-10122,2023-06-04,Electronics,Accessories,East,On-Time,4,18.22,35.6,0.0,27
ORD-10123,2023-10-03,Apparel,Footwear,East,On-Time,1,284.73,475.57,0.0,43
ORD-10124,2023-07-28,Furniture,Tables,West,On-Time,4,381.56,431.09,0.53,118
ORD-10125,2023-04-21,Apparel,Footwear,East,On-Time,4,182.81,397.1,0.0,22
ORD-10126,2023-12-25,Apparel,Pants,South,Delayed - Customs,2,359.71,467.0,0.49,135
ORD-10127,2023-01-04,Furniture,,South,On-Time,1,73.97,95.97,0.55,98
ORD-10128,2023-05-20,Furniture,Chairs,East,On-Time,1,46.11,49.62,0.35,127
ORD-10129,2023-02-10,Furniture,Chairs,North,On-Time,1,375.22,465.61,0.41,112
ORD-10130,2023-06-24,Furniture,Desks,West,On-Time,5,301.81,321.52,0.48,137
ORD-10131,2023-11-12,Apparel,Shirts,South,On-Time,1,396.42,860.29,0.0,25
ORD-10132,2023-01-25,Electronics,Computers,East,On-Time,5,171.19,314.09,0.0,14
ORD-10133,2023-06-14,Apparel,Shirts,North,On-Time,2,142.93,316.42,0.0,42
ORD-10134,2023-03-15,Electronics,Audio,North,On-Time,2,41.46,74.9,0.0,35
ORD-10135,2023-12-29,Furniture,Chairs,South,Delayed - Customs,5,132.2,160.55,0.58,116
ORD-10136,2023-05-25,Apparel,Pants,North,On-Time,2,297.76,612.13,0.05,16
ORD-10137,2023-04-20,Apparel,Pants,East,On-Time,5,110.98,244.01,0.05,16
ORD-10138,2023-10-28,Furniture,Chairs,West,On-Time,1,145.38,171.07,0.46,106
ORD-10139,2023-09-07,Electronics,,South,On-Time,3,337.68,564.98,0.05,11
ORD-10140,2023-05-27,Electronics,Accessories,South,On-Time,2,130.73,311.72,0.0,29
ORD-10141,2023-11-20,Electronics,Accessories,South,On-Time,1,250.45,587.43,0.05,30
ORD-10142,2023-07-07,Furniture,Chairs,North,On-Time,4,125.03,144.6,0.37,97
ORD-10143,2023-09-18,Furniture,Desks,West,Delayed - Transit,3,374.86,497.52,0.54,101
ORD-10144,2023-09-04,Furniture,Chairs,North,On-Time,1,28.73,33.33,0.36,90
ORD-10145,2023-01-22,Apparel,Shirts,South,On-Time,5,178.91,306.5,0.05,50
ORD-10146,2023-05-18,Apparel,Shirts,South,On-Time,1,77.96,171.59,0.0,19
ORD-10147,2023-12-29,Electronics,Accessories,West,On-Time,5,93.74,212.43,0.0,24
ORD-10148,2023-04-23,Apparel,Pants,North,Delayed - Transit,5,275.1,321.9,0.44,113
ORD-10149,2023-06-11,Furniture,Tables,South,On-Time,2,85.96,98.53,0.49,117
ORD-10150,2023-05-10,Apparel,Pants,North,Delayed - Customs,4,367.62,480.11,0.56,98
ORD-10151,2023-09-02,Electronics,Computers,South,On-Time,1,85.76,187.9,0.0,28
ORD-10152,2023-05-20,Furniture,Desks,West,On-Time,1,140.77,173.31,0.63,144
ORD-10153,2023-12-27,Apparel,Shirts,North,Delayed - Customs,3,41.66,51.61,0.45,108
ORD-10154,2023-05-09,Apparel,Shirts,North,On-Time,2,77.25,164.81,0.05,15
ORD-10155,2023-09-23,Apparel,Footwear,South,Delayed - Transit,5,15.64,18.98,0.36,150
ORD-10156,2023-11-09,Apparel,Shirts,East,Delayed - Transit,4,169.2,200.71,0.47,139
ORD-10157,2023-10-12,Furniture,Desks,South,On-Time,2,71.19,86.41,0.0,78
ORD-10158,2023-09-04,Apparel,Pants,West,On-Time,5,113.94,204.37,0.05,33
ORD-10159,2023-11-25,Apparel,Footwear,West,Delayed - Customs,2,187.94,244.46,0.45,118
ORD-10160,2023-01-17,Electronics,Computers,West,On-Time,5,39.77,73.18,0.05,52
ORD-10161,2023-08-11,Furniture,Tables,West,On-Time,1,129.59,146.26,0.53,86
ORD-10162,2023-10-11,Electronics,Accessories,West,On-Time,1,29.79,58.47,0.05,24
ORD-10163,2023-01-22,Apparel,Shirts,North,Delayed - Transit,1,68.62,87.46,0.38,126
ORD-10164,2023-01-17,Furniture,Desks,North,Delayed - Transit,5,299.41,400.72,0.37,136
ORD-10165,2023-04-22,Furniture,Chairs,North,On-Time,2,302.43,322.34,0.46,133
ORD-10166,2023-04-16,Electronics,Accessories,West,On-Time,2,377.46,747.96,0.05,30
ORD-10167,2023-01-20,Apparel,Pants,East,On-Time,2,202.26,326.69,0.05,37
ORD-10168,2023-04-17,Electronics,Accessories,North,On-Time,4,183.86,356.47,0.0,47
ORD-10169,2023-05-25,Electronics,Audio,East,On-Time,2,122.39,287.42,0.0,37
ORD-10170,2023-04-19,Furniture,Chairs,South,Delayed - Customs,1,60.02,69.07,0.54,94
ORD-10171,2023-04-04,Furniture,Tables,West,Delayed - Transit,2,173.83,228.82,0.44,143
ORD-10172,2023-10-01,Electronics,Computers,West,On-Time,4,104.06,210.62,0.0,26
ORD-10173,2023-11-13,Electronics,Accessories,West,On-Time,2,89.49,194.7,0.0,20
ORD-10174,2023-02-05,Electronics,Computers,West,On-Time,4,17.98,42.76,0.05,28
ORD-10175,2023-05-10,Apparel,Shirts,North,Delayed - Transit,3,36.11,41.28,0.05,74
ORD-10176,2023-06-18,Electronics,Computers,West,On-Time,2,312.27,598.88,0.05,48
ORD-10177,2023-01-17,Apparel,Footwear,East,Delayed - Transit,1,227.69,289.64,0.46,177
ORD-10178,2023-07-08,Apparel,Pants,West,On-Time,1,230.34,536.22,0.0,33
ORD-10179,2023-10-05,Furniture,Tables,West,Delayed - Customs,2,390.57,523.25,0.61,90
ORD-10180,2023-11-21,Furniture,Chairs,East,On-Time,2,156.62,186.8,0.41,110
ORD-10181,2023-12-20,Electronics,Computers,East,On-Time,5,32.01,59.35,0.0,32
ORD-10182,2023-01-02,Furniture,Desks,West,On-Time,4,193.9,244.76,0.41,130
ORD-10183,2023-04-29,Furniture,Tables,North,On-Time,2,361.9,385.31,0.59,108
ORD-10184,2023-02-06,Electronics,Audio,West,On-Time,3,143.74,272.93,0.05,29
ORD-10185,2023-10-16,Apparel,Pants,North,Delayed - Customs,2,125.18,160.68,0.05,56
ORD-10186,2023-01-03,Furniture,Chairs,South,Delayed - Transit,1,394.11,446.93,0.57,137
ORD-10187,2023-12-03,Apparel,Pants,East,On-Time,1,215.09,480.88,0.0,48
ORD-10188,2023-02-06,Electronics,Audio,North,On-Time,2,210.16,408.38,0.05,45
ORD-10189,2023-12-09,Apparel,Shirts,East,On-Time,2,72.07,136.63,0.05,39
ORD-10190,2023-08-23,Electronics,Audio,South,On-Time,5,313.15,609.05,0.05,24
ORD-10191,2023-11-04,Apparel,Pants,West,On-Time,5,63.49,137.14,0.0,23
ORD-10192,2023-01-02,Apparel,Pants,South,On-Time,5,237.8,505.12,0.0,36
ORD-10193,2023-06-20,Apparel,Shirts,East,On-Time,2,308.36,680.95,0.0,30
ORD-10194,2023-11-21,Apparel,Shirts,South,On-Time,4,355.22,586.92,0.05,36
ORD-10195,2023-07-15,Apparel,Shirts,North,On-Time,4,396.07,894.55,0.0,24
ORD-10196,2023-09-21,Furniture,Desks,East,On-Time,3,208.62,228.3,0.0,83
ORD-10197,2023-12-18,Furniture,Chairs,North,On-Time,1,73.73,98.49,0.58,141
ORD-10198,2023-08-30,Apparel,Shirts,North,On-Time,2,148.36,278.21,0.05,22
ORD-10199,2023-05-29,Electronics,Audio,West,Delayed - Customs,1,328.11,364.33,0.38,100
ORD-10200,2023-12-05,Electronics,Audio,East,On-Time,1,339.5,714.2,0.0,5
ORD-10201,2023-07-21,Electronics,Accessories,East,On-Time,2,293.8,583.51,0.0,24
ORD-10202,2023-04-12,Electronics,Computers,West,On-Time,5,184.42,389.95,0.0,32
ORD-10203,2023-10-27,Furniture,Chairs,North,On-Time,1,130.12,147.24,0.58,113
ORD-10204,2023-12-12,Furniture,Chairs,West,On-Time,2,333.97,351.59,0.0,67
ORD-10205,2023-07-06,Electronics,Computers,South,Delayed - Customs,3,291.27,316.59,0.48,167
ORD-10206,2023-09-06,Electronics,Audio,West,On-Time,3,61.67,104.26,0.05,14
ORD-10207,2023-01-09,Electronics,Computers,South,On-Time,4,135.58,257.42,0.05,24
ORD-10208,2023-01-02,Electronics,Computers,South,On-Time,2,76.09,157.06,0.05,27
ORD-10209,2023-10-23,Electronics,Accessories,East,Delayed - Transit,4,196.25,244.97,0.61,95
ORD-10210,2023-06-10,Apparel,Pants,North,Delayed - Transit,2,23.19,29.71,0.57,165
ORD-10211,2023-11-20,Apparel,Footwear,East,On-Time,5,307.21,683.62,0.0,43
ORD-10212,2023-08-23,Furniture,Desks,East,Delayed - Customs,3,28.83,36.96,0.58,104
ORD-10213,2023-04-23,Apparel,,South,Delayed - Customs,2,232.52,312.84,0.05,62
ORD-10214,2023-12-30,Apparel,Shirts,East,On-Time,1,261.39,490.87,0.0,1
ORD-10215,2023-10-10,Furniture,Chairs,North,On-Time,5,70.01,76.12,0.47,112
ORD-10216,2023-09-28,Apparel,Footwear,North,On-Time,3,158.07,320.1,0.0,40
ORD-10217,2023-10-07,Furniture,Tables,North,Delayed - Customs,1,30.54,33.91,0.52,138
ORD-10218,2023-05-13,Apparel,Pants,South,On-Time,2,131.41,222.1,0.05,24
ORD-10219,2023-06-15,Furniture,Tables,East,On-Time,5,278.64,329.31,0.44,93
ORD-10220,2023-04-17,Furniture,Desks,East,On-Time,2,229.98,279.69,0.54,145
ORD-10221,2023-11-22,Apparel,Shirts,East,On-Time,2,179.55,393.09,0.0,32
ORD-10222,2023-08-29,Furniture,Tables,East,On-Time,4,63.77,69.23,0.6,116
ORD-10223,2023-10-27,Electronics,Accessories,West,On-Time,4,348.32,786.44,0.0,33
ORD-10224,2023-03-07,Furniture,Chairs,North,On-Time,4,239.44,258.67,0.56,109
ORD-10225,2023-04-24,Apparel,Shirts,East,Delayed - Transit,1,134.53,148.2,0.58,97
ORD-10226,2023-06-07,Electronics,Accessories,South,On-Time,1,90.66,173.77,0.05,22
ORD-10227,2023-11-06,Apparel,Footwear,East,Delayed - Transit,1,59.1,73.28,0.43,161
ORD-10228,2023-07-22,Electronics,Computers,West,On-Time,4,234.15,414.14,0.05,62
ORD-10229,2023-12-28,Electronics,Computers,South,Delayed - Customs,4,49.46,52.63,0.37,124
ORD-10230,2023-05-11,Electronics,Audio,West,On-Time,3,372.97,783.78,0.05,27
ORD-10231,2023-03-26,Electronics,Accessories,West,On-Time,3,353.61,769.26,0.0,36
ORD-10232,2023-07-31,Furniture,Tables,West,On-Time,5,315.06,386.09,0.47,114
ORD-10233,2023-11-04,Apparel,Pants,West,Delayed - Transit,5,373.0,458.79,0.49,105
ORD-10234,2023-08-21,Furniture,Chairs,South,Delayed - Customs,1,296.9,396.5,0.36,124
ORD-10235,2023-04-05,Apparel,Shirts,North,Delayed - Transit,4,151.82,167.15,0.53,136
ORD-10236,2023-10-18,Electronics,Accessories,West,On-Time,1,191.59,314.09,0.0,39
ORD-10237,2023-08-23,Apparel,Shirts,South,On-Time,5,251.51,481.38,0.05,42
ORD-10238,2023-02-21,Apparel,Footwear,West,On-Time,5,168.14,282.73,0.0,2
ORD-10239,2023-06-30,Electronics,Computers,East,Delayed - Transit,5,121.83,163.91,0.54,100
ORD-10240,2023-10-07,Furniture,Tables,South,On-Time,4,339.81,453.43,0.0,84
ORD-10241,2023-01-18,Electronics,Computers,North,Delayed - Transit,5,320.4,337.56,0.0,85
ORD-10242,2023-08-27,Apparel,Shirts,East,Delayed - Transit,1,108.39,130.3,0.55,144
ORD-10243,2023-08-06,Furniture,Tables,West,On-Time,2,112.13,134.05,0.05,77
ORD-10244,2023-10-10,Apparel,Footwear,North,On-Time,3,163.87,271.66,0.05,13
ORD-10245,2023-01-21,Electronics,Computers,East,On-Time,1,220.93,529.4,0.05,28
ORD-10246,2023-11-20,Apparel,Shirts,North,On-Time,5,258.95,543.27,0.05,15
ORD-10247,2023-11-07,Electronics,Accessories,North,On-Time,2,81.75,163.01,0.05,49
ORD-10248,2023-10-02,Electronics,Accessories,East,On-Time,5,252.03,515.96,0.0,32
ORD-10249,2023-12-07,Electronics,Accessories,East,On-Time,1,357.16,601.3,0.0,40
ORD-10250,2023-11-03,Furniture,Tables,East,Delayed - Transit,5,323.93,357.33,0.4,112
ORD-10251,2023-08-11,Furniture,Chairs,South,On-Time,2,330.91,411.26,0.48,95
ORD-10252,2023-11-19,Furniture,Tables,North,On-Time,3,111.2,123.89,0.05,78
ORD-10253,2023-11-27,Furniture,Desks,South,On-Time,3,75.52,99.79,0.64,142
ORD-10254,2023-12-15,Electronics,Accessories,West,On-Time,1,295.21,595.85,0.05,30
ORD-10255,2023-02-08,Apparel,Shirts,West,On-Time,4,355.1,731.47,0.05,28
ORD-10256,2023-04-22,Furniture,Tables,South,Delayed - Transit,3,137.51,162.9,0.39,118
ORD-10257,2023-02-21,Electronics,Audio,East,On-Time,5,197.23,349.63,0.05,44
ORD-10258,2023-07-17,Electronics,Computers,East,On-Time,1,201.24,327.42,0.05,24
ORD-10259,2023-08-20,Electronics,Computers,East,On-Time,3,320.95,564.15,0.0,32
ORD-10260,2023-01-23,Furniture,Tables,East,Delayed - Transit,5,318.63,359.45,0.59,125
ORD-10261,2023-09-17,Furniture,Tables,East,On-Time,4,264.05,342.08,0.36,137
ORD-10262,2023-07-10,Electronics,,East,Delayed - Transit,3,25.05,28.91,0.63,142
ORD-10263,2023-12-04,Apparel,Shirts,South,On-Time,3,241.02,454.09,0.05,20
ORD-10264,2023-07-02,Furniture,Tables,East,On-Time,5,367.77,410.85,0.56,134
ORD-10265,2023-04-25,Electronics,Computers,East,On-Time,2,193.24,389.91,0.05,15
ORD-10266,2023-06-11,Electronics,Audio,West,On-Time,2,294.5,488.68,0.05,36
ORD-10267,2023-10-11,Furniture,Chairs,West,Delayed - Transit,3,225.37,251.64,0.51,126
ORD-10268,2023-05-26,Apparel,Pants,East,Delayed - Customs,5,36.87,47.12,0.55,96
ORD-10269,2023-01-15,Furniture,Desks,South,On-Time,3,104.79,128.09,0.0,83
ORD-10270,2023-11-15,Furniture,Desks,West,On-Time,2,120.21,153.06,0.64,117
ORD-10271,2023-09-08,Electronics,Audio,North,On-Time,3,175.34,381.92,0.0,37
ORD-10272,2023-09-11,Apparel,Footwear,West,On-Time,3,338.88,586.28,0.05,36
ORD-10273,2023-12-19,Apparel,Footwear,North,Delayed - Customs,1,305.62,321.6,0.63,160
ORD-10274,2023-02-15,Electronics,Accessories,East,On-Time,2,63.26,102.2,0.0,37
ORD-10275,2023-08-24,Furniture,Chairs,West,On-Time,4,200.47,267.61,0.47,136
ORD-10276,2023-02-19,Electronics,Computers,East,On-Time,1,382.71,848.37,0.05,11
ORD-10277,2023-01-08,Apparel,Footwear,East,On-Time,2,340.39,688.08,0.05,54
ORD-10278,2023-01-21,Apparel,Pants,North,Delayed - Customs,2,220.78,237.76,0.49,139
ORD-10279,2023-08-24,Furniture,Desks,North,On-Time,3,82.49,91.21,0.64,100
ORD-10280,2023-02-27,Furniture,Desks,South,Delayed - Transit,5,359.04,449.69,0.36,94
ORD-10281,2023-08-10,Apparel,Footwear,East,Delayed - Customs,3,214.79,251.17,0.0,80
ORD-10282,2023-05-17,Apparel,Shirts,East,Delayed - Transit,2,172.58,232.69,0.57,123
ORD-10283,2023-10-14,Electronics,Accessories,East,Delayed - Customs,4,323.34,378.93,0.46,158
ORD-10284,2023-07-27,Electronics,Audio,North,On-Time,3,302.85,520.08,0.05,20
ORD-10285,2023-07-24,Furniture,Tables,North,On-Time,3,327.67,429.42,0.38,122
ORD-10286,2023-08-05,Furniture,Chairs,North,On-Time,4,275.99,304.63,0.5,87
ORD-10287,2023-01-31,Furniture,Tables,West,Delayed - Customs,2,190.07,244.1,0.47,125
ORD-10288,2023-12-26,Electronics,Computers,East,On-Time,5,255.35,502.95,0.0,33
ORD-10289,2023-09-13,Electronics,Audio,North,On-Time,5,284.82,673.47,0.05,25
ORD-10290,2023-11-28,Furniture,Chairs,East,On-Time,2,69.23,73.74,0.46,121
ORD-10291,2023-09-11,Furniture,Desks,East,Delayed - Transit,3,312.34,340.46,0.45,143
ORD-10292,2023-03-20,Apparel,Shirts,East,Delayed - Customs,3,389.08,469.04,0.49,97
ORD-10293,2023-01-19,Apparel,Pants,North,On-Time,5,181.23,345.88,0.0,33
ORD-10294,2023-10-30,Electronics,Accessories,South,Delayed - Transit,4,41.83,46.06,0.54,149
ORD-10295,2023-09-26,Electronics,Accessories,East,On-Time,1,342.79,800.67,0.05,29
ORD-10296,2023-01-11,Furniture,Tables,East,On-Time,4,164.3,175.29,0.39,93
ORD-10297,2023-11-13,Electronics,Audio,North,On-Time,3,68.53,138.13,0.05,45
ORD-10298,2023-01-19,Furniture,Desks,North,Delayed - Transit,4,324.35,413.63,0.05,72
ORD-10299,2023-10-30,Furniture,Desks,South,On-Time,3,241.58,305.37,0.36,144
ORD-10300,2023-05-21,Apparel,Footwear,South,On-Time,4,240.39,413.58,0.0,25
ORD-10301,2023-12-18,Furniture,Tables,South,On-Time,4,334.22,411.56,0.05,72
ORD-10302,2023-11-24,Furniture,Tables,West,Delayed - Customs,1,211.62,261.38,0.58,116
ORD-10303,2023-09-27,Furniture,Desks,East,On-Time,5,244.6,325.4,0.5,124
ORD-10304,2023-10-01,Furniture,Chairs,South,On-Time,4,256.31,344.76,0.51,112
ORD-10305,2023-09-18,Electronics,Computers,West,On-Time,1,243.36,561.43,0.05,18
ORD-10306,2023-07-27,Electronics,Accessories,West,Delayed - Transit,4,217.73,283.9,0.6,94
ORD-10307,2023-12-31,Electronics,Audio,South,On-Time,2,336.43,714.64,0.0,36
ORD-10308,2023-11-02,Apparel,Footwear,West,On-Time,2,103.2,223.28,0.0,34
ORD-10309,2023-08-05,Furniture,Desks,South,Delayed - Customs,4,397.12,534.24,0.38,88
ORD-10310,2023-06-01,Apparel,Shirts,East,On-Time,4,70.39,157.42,0.05,52
ORD-10311,2023-12-22,Furniture,Desks,North,On-Time,3,216.5,288.35,0.6,113
ORD-10312,2023-10-27,Electronics,Audio,West,On-Time,4,42.25,100.76,0.0,34
ORD-10313,2023-10-22,Furniture,Chairs,West,On-Time,1,273.84,352.46,0.53,152
ORD-10314,2023-02-28,Apparel,Shirts,East,On-Time,4,83.39,146.82,0.0,32
ORD-10315,2023-12-02,Furniture,Tables,West,Delayed - Customs,1,149.98,159.77,0.53,92
ORD-10316,2023-09-06,Furniture,Tables,North,On-Time,3,147.76,187.06,0.52,116
ORD-10317,2023-12-27,Apparel,Shirts,West,On-Time,3,139.76,236.34,0.0,27
ORD-10318,2023-04-22,Furniture,Tables,West,On-Time,3,384.82,461.99,0.4,121
ORD-10319,2023-03-20,Electronics,Accessories,North,Delayed - Transit,2,80.44,92.1,0.49,95
ORD-10320,2023-11-05,Furniture,Tables,East,On-Time,4,380.67,463.77,0.05,83
ORD-10321,2023-12-12,Apparel,,West,On-Time,1,309.28,625.62,0.0,37
ORD-10322,2023-12-18,Apparel,Pants,South,On-Time,1,61.57,141.74,0.0,34
ORD-10323,2023-10-27,Apparel,Shirts,North,Delayed - Transit,2,324.15,346.2,0.37,127
ORD-10324,2023-06-25,Apparel,Shirts,East,On-Time,2,56.86,122.63,0.05,32
ORD-10325,2023-05-27,Electronics,Computers,South,On-Time,3,151.59,363.0,0.0,28
ORD-10326,2023-07-21,Furniture,Chairs,East,Delayed - Transit,3,60.51,79.25,0.52,96
ORD-10327,2023-12-06,Electronics,Audio,East,On-Time,3,333.0,783.34,0.05,10
ORD-10328,2023-07-06,Furniture,Chairs,North,On-Time,1,182.99,240.47,0.51,93
ORD-10329,2023-11-06,Electronics,Accessories,North,Delayed - Customs,4,183.96,218.64,0.0,83
ORD-10330,2023-07-02,Apparel,Footwear,North,On-Time,4,265.39,599.82,0.05,35
ORD-10331,2023-10-16,Electronics,Accessories,South,On-Time,3,60.8,100.77,0.05,45
ORD-10332,2023-07-25,Furniture,Tables,East,Delayed - Customs,3,74.65,87.38,0.62,195
ORD-10333,2023-02-10,Furniture,Tables,East,Delayed - Customs,4,290.19,353.82,0.42,136
ORD-10334,2023-01-25,Electronics,Accessories,South,On-Time,3,259.31,587.06,0.0,45
ORD-10335,2023-04-06,Apparel,Footwear,East,On-Time,1,347.52,592.65,0.0,48
ORD-10336,2023-01-09,Furniture,Desks,North,On-Time,1,180.49,194.13,0.39,133
ORD-10337,2023-05-05,Electronics,Accessories,South,Delayed - Customs,3,263.63,330.17,0.4,113
ORD-10338,2023-01-19,Furniture,Tables,East,On-Time,3,375.27,396.68,0.46,124
ORD-10339,2023-10-17,Electronics,Accessories,East,Delayed - Transit,3,185.12,219.01,0.58,101
ORD-10340,2023-06-09,Apparel,Pants,South,On-Time,2,392.79,910.3,0.0,46
ORD-10341,2023-11-06,Electronics,Audio,North,On-Time,3,325.64,652.21,0.05,31
ORD-10342,2023-12-16,Furniture,Desks,South,On-Time,3,392.78,423.26,0.05,83
ORD-10343,2023-06-16,Apparel,Shirts,North,Delayed - Transit,4,396.31,499.21,0.45,127
ORD-10344,2023-11-17,Electronics,Computers,South,On-Time,2,377.31,655.43,0.0,17
ORD-10345,2023-10-05,Apparel,Pants,North,Delayed - Transit,3,55.61,64.11,0.4,125
ORD-10346,2023-10-11,Furniture,Desks,West,Delayed - Customs,4,206.68,220.67,0.05,83
ORD-10347,2023-08-22,Apparel,Shirts,North,On-Time,1,207.71,368.6,0.05,28
ORD-10348,2023-10-30,Electronics,Audio,South,Delayed - Customs,1,323.25,392.53,0.47,121
ORD-10349,2023-07-08,Electronics,Audio,West,On-Time,5,93.37,169.77,0.05,29
ORD-10350,2023-11-30,Furniture,Chairs,East,Delayed - Transit,4,112.36,148.42,0.6,124
ORD-10351,2023-11-27,Furniture,Tables,West,On-Time,5,345.29,366.26,0.65,114
ORD-10352,2023-02-20,Furniture,Desks,East,On-Time,2,48.1,64.85,0.55,111
ORD-10353,2023-04-30,Electronics,Audio,West,On-Time,5,120.79,214.54,0.0,37
ORD-10354,2023-11-26,Electronics,Computers,North,On-Time,4,373.56,759.19,0.0,19
ORD-10355,2023-03-23,Furniture,Chairs,West,On-Time,2,101.95,132.93,0.53,108
ORD-10356,2023-05-12,Furniture,Desks,West,On-Time,5,181.16,192.25,0.5,111
ORD-10357,2023-08-22,Apparel,Footwear,North,On-Time,5,364.76,684.51,0.0,51
ORD-10358,2023-08-28,Furniture,Desks,East,On-Time,2,234.25,254.36,0.35,114
ORD-10359,2023-05-24,Furniture,Tables,East,On-Time,2,23.29,24.84,0.42,103
ORD-10360,2023-03-29,Electronics,Accessories,South,On-Time,4,345.05,565.46,0.05,33
ORD-10361,2023-11-14,Electronics,Audio,South,On-Time,1,112.69,190.7,0.0,37
ORD-10362,2023-08-02,Furniture,Tables,South,On-Time,3,237.8,304.6,0.52,115
ORD-10363,2023-04-03,Electronics,Audio,East,On-Time,3,250.22,421.22,0.0,29
ORD-10364,2023-12-16,Furniture,Chairs,South,On-Time,1,225.23,250.16,0.44,124
ORD-10365,2023-10-31,Electronics,Computers,East,On-Time,3,262.85,499.33,0.0,14
ORD-10366,2023-07-11,Apparel,Footwear,West,On-Time,5,104.82,198.67,0.0,31
ORD-10367,2023-07-02,Electronics,Audio,West,On-Time,1,256.99,534.57,0.05,42
ORD-10368,2023-07-31,Furniture,Chairs,East,Delayed - Transit,3,232.14,272.27,0.59,114
ORD-10369,2023-06-18,Electronics,Computers,South,On-Time,3,90.22,196.23,0.05,34
ORD-10370,2023-12-21,Electronics,Audio,West,On-Time,1,93.79,175.04,0.0,34
ORD-10371,2023-01-08,Apparel,Shirts,South,On-Time,3,19.48,38.95,0.0,53
ORD-10372,2023-09-21,Apparel,Shirts,West,Delayed - Transit,4,119.48,136.36,0.0,76
ORD-10373,2023-09-11,Furniture,Desks,South,Delayed - Transit,5,174.56,194.75,0.43,155
ORD-10374,2023-02-16,Apparel,,East,On-Time,3,127.67,276.69,0.05,25
ORD-10375,2023-10-09,Furniture,Desks,South,On-Time,4,380.39,458.32,0.56,115
ORD-10376,2023-03-28,Furniture,Desks,West,On-Time,1,126.48,147.67,0.0,63
ORD-10377,2023-10-19,Electronics,Accessories,East,On-Time,5,337.37,783.05,0.05,13
ORD-10378,2023-03-30,Apparel,Pants,South,On-Time,2,389.04,675.71,0.05,12
ORD-10379,2023-09-16,Apparel,Footwear,East,On-Time,5,77.3,181.15,0.05,19
ORD-10380,2023-11-12,Apparel,Shirts,West,On-Time,3,342.16,760.74,0.05,27
ORD-10381,2023-12-14,Furniture,Chairs,East,On-Time,3,353.93,422.91,0.54,102
ORD-10382,2023-06-01,Apparel,Pants,West,On-Time,5,362.86,731.71,0.0,40
ORD-10383,2023-01-08,Apparel,Shirts,West,On-Time,3,271.94,554.91,0.05,35
ORD-10384,2023-08-29,Apparel,Shirts,East,On-Time,5,385.59,648.16,0.05,20
ORD-10385,2023-12-29,Electronics,Accessories,East,Delayed - Transit,1,177.55,188.81,0.63,148
ORD-10386,2023-09-10,Electronics,Computers,South,On-Time,3,280.3,629.16,0.0,39
ORD-10387,2023-04-17,Furniture,Chairs,South,Delayed - Transit,4,43.92,56.89,0.5,113
ORD-10388,2023-03-07,Furniture,Chairs,East,Delayed - Transit,3,275.16,352.16,0.56,130
ORD-10389,2023-06-04,Electronics,Audio,North,On-Time,4,60.99,112.09,0.0,31
ORD-10390,2023-11-02,Apparel,Pants,North,On-Time,2,333.54,661.85,0.0,30
ORD-10391,2023-06-21,Electronics,Accessories,West,On-Time,5,331.13,703.91,0.0,48
ORD-10392,2023-05-01,Apparel,Pants,West,On-Time,1,264.74,444.44,0.0,21
ORD-10393,2023-02-24,Furniture,Desks,South,On-Time,1,197.86,228.62,0.0,76
ORD-10394,2023-04-29,Electronics,Computers,East,Delayed - Customs,4,344.3,385.33,0.44,115
ORD-10395,2023-03-23,Furniture,Tables,North,On-Time,1,45.28,48.58,0.42,119
ORD-10396,2023-04-10,Electronics,Audio,East,On-Time,2,358.14,650.18,0.0,66
ORD-10397,2023-03-17,Apparel,Shirts,South,On-Time,4,315.49,694.42,0.0,61
ORD-10398,2023-01-06,Electronics,Accessories,East,On-Time,1,163.46,294.91,0.05,35
ORD-10399,2023-12-21,Apparel,Footwear,North,On-Time,4,357.62,574.3,0.0,23
ORD-10400,2023-06-26,Electronics,Audio,East,Delayed - Transit,3,246.7,299.35,0.57,127
ORD-10401,2023-12-29,Electronics,Audio,North,On-Time,2,231.5,455.07,0.05,33
ORD-10402,2023-01-06,Electronics,Accessories,East,On-Time,2,290.94,547.46,0.0,23
ORD-10403,2023-03-05,Electronics,Audio,North,On-Time,3,85.41,196.2,0.0,30
ORD-10404,2023-05-29,Electronics,Computers,West,On-Time,4,160.21,263.05,0.05,25
ORD-10405,2023-01-24,Electronics,Accessories,North,On-Time,2,176.72,307.66,0.0,41
ORD-10406,2023-06-06,Furniture,Desks,East,On-Time,3,250.58,289.44,0.4,117
ORD-10407,2023-04-29,Electronics,Accessories,South,On-Time,3,113.73,216.76,0.0,30
ORD-10408,2023-07-05,Electronics,Audio,South,On-Time,1,268.43,472.34,0.0,32
ORD-10409,2023-09-25,Apparel,Footwear,North,Delayed - Customs,5,155.54,166.77,0.45,110
ORD-10410,2023-11-22,Apparel,Pants,North,On-Time,5,301.05,506.89,0.0,43
ORD-10411,2023-03-21,Electronics,Accessories,South,Delayed - Transit,4,71.9,80.44,0.41,117
ORD-10412,2023-09-06,Electronics,Computers,East,On-Time,5,384.99,670.42,0.0,24
ORD-10413,2023-11-11,Furniture,Chairs,East,On-Time,2,183.79,242.02,0.56,101
ORD-10414,2023-02-26,Apparel,Shirts,North,On-Time,1,392.37,790.53,0.05,31
ORD-10415,2023-10-15,Apparel,Footwear,West,On-Time,3,83.13,191.59,0.05,16
ORD-10416,2023-09-28,Apparel,Shirts,East,On-Time,2,332.2,680.52,0.05,48
ORD-10417,2023-06-17,Apparel,Pants,West,Delayed - Transit,3,70.57,92.22,0.53,124
ORD-10418,2023-08-17,Furniture,Chairs,North,Delayed - Customs,2,42.24,46.81,0.56,116
ORD-10419,2023-02-17,Furniture,Tables,North,On-Time,3,286.64,380.37,0.62,110
ORD-10420,2023-12-24,Apparel,Footwear,West,Delayed - Transit,4,323.52,349.79,0.54,116
ORD-10421,2023-10-31,Electronics,Audio,East,On-Time,1,173.46,358.15,0.0,24
ORD-10422,2023-01-22,Furniture,Tables,West,On-Time,2,88.53,114.35,0.55,99
ORD-10423,2023-06-13,Furniture,Tables,South,On-Time,4,81.34,107.97,0.42,134
ORD-10424,2023-02-09,Apparel,Shirts,North,On-Time,2,209.63,493.77,0.05,20
ORD-10425,2023-05-02,Furniture,Chairs,South,On-Time,1,302.24,325.43,0.36,98
ORD-10426,2023-02-09,Electronics,Audio,West,On-Time,2,75.75,177.14,0.05,30
ORD-10427,2023-08-07,Electronics,Audio,West,On-Time,3,188.82,350.04,0.0,29
ORD-10428,2023-04-07,Electronics,Computers,East,On-Time,2,209.52,467.78,0.0,20
ORD-10429,2023-09-07,Furniture,Desks,West,On-Time,3,87.6,99.24,0.59,127
ORD-10430,2023-03-19,Apparel,Footwear,South,On-Time,5,174.93,284.33,0.05,29
ORD-10431,2023-03-19,Furniture,Tables,West,On-Time,1,158.69,174.38,0.56,121
ORD-10432,2023-09-08,Apparel,Pants,East,Delayed - Transit,4,85.74,98.6,0.49,109
ORD-10433,2023-02-18,Electronics,Accessories,North,On-Time,2,70.18,149.97,0.0,18
ORD-10434,2023-08-05,Furniture,Desks,North,On-Time,5,57.89,66.95,0.35,112
ORD-10435,2023-10-20,Electronics,Computers,South,Delayed - Transit,2,88.72,108.52,0.05,82
ORD-10436,2023-03-05,Electronics,Accessories,South,On-Time,1,163.45,354.84,0.0,14
ORD-10437,2023-08-18,Apparel,Footwear,South,On-Time,5,23.13,53.73,0.0,34
ORD-10438,2023-06-29,Apparel,,South,On-Time,1,88.19,145.34,0.0,38
ORD-10439,2023-08-25,Apparel,Pants,East,On-Time,4,173.72,413.4,0.05,39
ORD-10440,2023-02-15,Furniture,Tables,East,On-Time,3,261.76,347.06,0.58,133
ORD-10441,2023-10-18,Electronics,Accessories,West,On-Time,1,177.79,292.53,0.0,40
ORD-10442,2023-05-01,Furniture,Tables,South,On-Time,4,263.49,285.67,0.48,124
ORD-10443,2023-09-27,Apparel,Shirts,West,On-Time,1,133.57,228.17,0.05,39
ORD-10444,2023-05-04,Electronics,Audio,West,On-Time,4,347.43,714.49,0.0,31
ORD-10445,2023-02-22,Apparel,Pants,East,On-Time,5,264.18,474.59,0.0,15
ORD-10446,2023-11-18,Furniture,Chairs,East,On-Time,5,348.87,416.42,0.57,105
ORD-10447,2023-01-14,Furniture,Tables,West,On-Time,2,173.58,223.62,0.46,119
ORD-10448,2023-12-31,Electronics,Computers,West,Delayed - Transit,1,222.59,253.0,0.56,101
ORD-10449,2023-05-21,Apparel,Pants,South,Delayed - Customs,5,22.9,26.7,0.36,123
ORD-10450,2023-09-01,Apparel,Footwear,West,Delayed - Customs,1,91.64,101.05,0.36,108
ORD-10451,2023-10-30,Electronics,Accessories,South,Delayed - Transit,4,274.1,298.94,0.38,142
ORD-10452,2023-03-04,Electronics,Audio,North,On-Time,1,193.57,352.78,0.0,31
ORD-10453,2023-08-11,Apparel,Pants,North,On-Time,5,162.17,364.69,0.0,27
ORD-10454,2023-07-29,Furniture,Tables,East,On-Time,3,268.3,360.54,0.0,74
ORD-10455,2023-03-23,Furniture,Chairs,West,On-Time,5,27.6,34.35,0.0,74
ORD-10456,2023-04-13,Apparel,Pants,South,On-Time,5,134.67,315.92,0.05,25
ORD-10457,2023-02-23,Furniture,Tables,West,On-Time,3,311.58,353.26,0.35,134
ORD-10458,2023-10-20,Furniture,Desks,North,On-Time,3,19.15,22.77,0.41,120
ORD-10459,2023-03-25,Electronics,Computers,East,On-Time,5,273.98,496.09,0.05,14
ORD-10460,2023-02-17,Apparel,Footwear,North,On-Time,5,302.66,694.65,0.05,27
ORD-10461,2023-03-13,Electronics,Computers,South,On-Time,2,315.07,596.41,0.05,21
ORD-10462,2023-12-24,Electronics,Accessories,East,On-Time,1,158.75,327.01,0.0,31
ORD-10463,2023-04-22,Apparel,Pants,North,Delayed - Transit,1,156.81,201.28,0.42,123
ORD-10464,2023-01-02,Furniture,Chairs,West,On-Time,5,325.49,358.49,0.41,115
ORD-10465,2023-06-25,Furniture,Tables,North,Delayed - Transit,5,357.37,426.18,0.38,135
ORD-10466,2023-03-12,Furniture,Chairs,East,On-Time,2,270.51,325.55,0.49,86
ORD-10467,2023-05-26,Apparel,Footwear,East,Delayed - Customs,3,141.25,188.53,0.59,189
ORD-10468,2023-01-21,Apparel,Pants,East,On-Time,4,58.63,133.55,0.0,20
ORD-10469,2023-06-19,Apparel,Footwear,North,On-Time,4,20.98,40.13,0.0,59
ORD-10470,2023-03-05,Apparel,Pants,West,On-Time,2,60.09,138.97,0.0,44
ORD-10471,2023-05-15,Apparel,Pants,North,On-Time,2,228.85,522.43,0.0,34
ORD-10472,2023-12-08,Apparel,Footwear,East,On-Time,2,150.56,275.6,0.05,24
ORD-10473,2023-12-25,Furniture,Tables,West,On-Time,3,230.93,303.47,0.51,94
ORD-10474,2023-09-05,Electronics,Computers,South,On-Time,5,283.49,627.58,0.05,30
ORD-10475,2023-09-21,Electronics,Audio,South,Delayed - Transit,1,109.79,129.11,0.56,139
ORD-10476,2023-06-29,Furniture,Tables,North,On-Time,5,335.44,444.73,0.42,106
ORD-10477,2023-03-16,Apparel,Pants,North,On-Time,2,359.18,753.03,0.05,15
ORD-10478,2023-03-23,Apparel,Pants,East,Delayed - Transit,5,78.09,102.04,0.62,110
ORD-10479,2023-10-18,Electronics,Accessories,South,On-Time,1,69.1,135.55,0.0,15
ORD-10480,2023-11-12,Apparel,Shirts,East,On-Time,3,360.47,605.35,0.0,29
ORD-10481,2023-03-17,Electronics,Computers,North,On-Time,4,133.34,314.79,0.0,33
ORD-10482,2023-05-17,Apparel,Footwear,East,On-Time,2,159.11,376.27,0.0,21
ORD-10483,2023-05-06,Apparel,Shirts,West,On-Time,5,308.08,724.94,0.05,54
ORD-10484,2023-07-19,Furniture,Tables,North,Delayed - Customs,5,285.82,385.85,0.62,115
ORD-10485,2023-07-19,Furniture,Tables,East,Delayed - Transit,3,330.34,364.77,0.45,114
ORD-10486,2023-04-02,Electronics,Computers,West,Delayed - Transit,2,342.1,435.73,0.42,100
ORD-10487,2023-03-10,Electronics,Computers,South,On-Time,2,185.43,307.81,0.0,12
ORD-10488,2023-12-18,Furniture,Chairs,North,On-Time,4,51.46,60.57,0.64,92
ORD-10489,2023-04-20,Apparel,Pants,West,On-Time,4,394.54,697.24,0.0,41
ORD-10490,2023-07-31,Electronics,Audio,West,Delayed - Transit,5,57.15,60.84,0.48,131
ORD-10491,2023-06-18,Electronics,Audio,North,Delayed - Customs,2,379.08,401.81,0.54,107
ORD-10492,2023-02-10,Furniture,Tables,East,On-Time,1,327.8,382.4,0.54,115
ORD-10493,2023-09-27,Apparel,,West,On-Time,3,224.13,384.09,0.05,36
ORD-10494,2023-06-13,Furniture,Desks,South,Delayed - Transit,1,337.27,425.28,0.42,108
ORD-10495,2023-03-01,Apparel,Footwear,West,On-Time,2,137.46,291.91,0.05,17
ORD-10496,2023-07-18,Electronics,Accessories,East,On-Time,5,41.15,91.83,0.0,19
ORD-10497,2023-02-07,Electronics,Computers,West,Delayed - Transit,2,232.18,292.95,0.0,53
ORD-10498,2023-06-06,Furniture,Desks,North,Delayed - Customs,5,42.75,57.57,0.6,95
ORD-10499,2023-07-03,Electronics,Accessories,South,Delayed - Customs,4,364.48,486.77,0.46,122
ORD-10500,2023-09-19,Electronics,Audio,South,On-Time,3,172.46,286.97,0.05,41
ORD-10501,2023-03-10,Furniture,,West,On-Time,2,308.79,350.49,0.05,83
ORD-10502,2023-01-02,Apparel,Footwear,East,Delayed - Customs,5,143.54,186.21,0.64,136
ORD-10503,2023-05-01,Electronics,Accessories,West,On-Time,4,394.03,762.4,0.0,30
ORD-10504,2023-08-04,Furniture,Chairs,South,On-Time,4,26.91,32.86,0.46,94
ORD-10505,2023-01-19,Furniture,Chairs,East,On-Time,2,197.9,215.54,0.35,95
ORD-10506,2023-07-18,Furniture,Desks,West,On-Time,3,107.74,142.41,0.46,107
ORD-10507,2023-02-16,Furniture,Tables,South,On-Time,4,239.16,307.15,0.6,116
ORD-10508,2023-06-14,Apparel,Footwear,North,On-Time,3,360.65,816.89,0.05,6
ORD-10509,2023-11-02,Furniture,Tables,East,Delayed - Customs,3,370.46,408.1,0.38,106
ORD-10510,2023-12-18,Electronics,Accessories,West,On-Time,3,235.38,392.75,0.05,28
ORD-10511,2023-05-22,Apparel,Shirts,North,Delayed - Transit,5,90.07,121.52,0.52,87
ORD-10512,2023-06-08,Furniture,Chairs,West,On-Time,1,159.78,203.63,0.65,100
ORD-10513,2023-03-08,Furniture,Desks,East,On-Time,2,133.18,164.73,0.48,112
ORD-10514,2023-12-31,Electronics,Audio,South,On-Time,5,117.98,275.81,0.0,26
ORD-10515,2023-12-31,Electronics,Accessories,West,Delayed - Transit,2,241.44,284.25,0.0,75
ORD-10516,2023-08-27,Furniture,Chairs,North,On-Time,5,161.99,206.79,0.61,139
ORD-10517,2023-12-03,Electronics,Audio,East,Delayed - Transit,1,87.71,114.1,0.0,75
ORD-10518,2023-02-07,Electronics,Audio,West,On-Time,3,218.23,361.48,0.0,41
ORD-10519,2023-09-24,Electronics,Audio,North,On-Time,1,283.56,628.0,0.05,42
ORD-10520,2023-01-17,Furniture,Desks,East,On-Time,4,203.79,224.46,0.6,119
ORD-10521,2023-06-15,Electronics,Audio,West,On-Time,1,16.43,39.39,0.05,16
ORD-10522,2023-07-28,Apparel,Shirts,North,Delayed - Transit,5,109.59,125.62,0.54,117
ORD-10523,2023-10-09,Apparel,Footwear,East,On-Time,5,366.4,607.92,0.05,29
ORD-10524,2023-11-11,Apparel,Pants,West,On-Time,5,360.05,831.42,0.05,22
ORD-10525,2023-02-21,Electronics,Audio,West,On-Time,4,363.67,808.28,0.05,4
ORD-10526,2023-10-06,Apparel,Footwear,West,On-Time,3,76.92,172.48,0.05,16
ORD-10527,2023-12-04,Furniture,,South,On-Time,2,185.99,229.9,0.43,133
ORD-10528,2023-01-06,Electronics,Audio,North,On-Time,3,392.45,847.39,0.05,44
ORD-10529,2023-06-18,Furniture,Chairs,West,On-Time,5,221.36,258.53,0.47,113
ORD-10530,2023-02-03,Electronics,Accessories,North,On-Time,4,208.75,361.09,0.05,27
ORD-10531,2023-02-23,Furniture,Chairs,West,On-Time,5,28.62,30.78,0.55,118
ORD-10532,2023-07-12,Furniture,Tables,West,On-Time,3,149.73,180.09,0.38,87
ORD-10533,2023-04-15,Furniture,Desks,North,On-Time,1,334.37,445.49,0.55,89
ORD-10534,2023-10-22,Furniture,Desks,North,Delayed - Transit,4,166.88,199.92,0.53,134
ORD-10535,2023-11-24,Electronics,Computers,South,On-Time,4,55.2,107.95,0.05,23
ORD-10536,2023-09-10,Furniture,Desks,West,On-Time,3,108.49,116.95,0.05,81
ORD-10537,2023-02-17,Electronics,Audio,North,On-Time,4,314.47,751.54,0.05,30
ORD-10538,2023-03-27,Apparel,Pants,South,On-Time,1,171.05,301.93,0.0,24
ORD-10539,2023-03-30,Electronics,Accessories,South,On-Time,4,32.81,71.8,0.05,1
ORD-10540,2023-12-03,Electronics,Computers,South,On-Time,3,269.79,461.21,0.05,48
ORD-10541,2023-04-09,Furniture,Chairs,East,Delayed - Transit,2,249.05,293.28,0.37,160
ORD-10542,2023-04-08,Electronics,Accessories,East,On-Time,4,277.19,578.98,0.0,35
ORD-10543,2023-12-25,Furniture,Desks,North,On-Time,4,19.87,26.25,0.54,113
ORD-10544,2023-12-15,Furniture,Tables,North,On-Time,4,369.32,492.63,0.46,89
ORD-10545,2023-12-13,Electronics,Computers,East,Delayed - Transit,3,155.68,208.39,0.61,116
ORD-10546,2023-03-05,Electronics,Accessories,East,On-Time,1,124.6,273.57,0.05,29
ORD-10547,2023-09-03,Furniture,Desks,East,On-Time,1,142.55,179.93,0.58,142
ORD-10548,2023-12-25,Apparel,Pants,East,On-Time,4,195.17,318.24,0.0,14
ORD-10549,2023-07-15,Electronics,Accessories,North,On-Time,3,177.67,289.11,0.05,56
ORD-10550,2023-09-17,Furniture,Tables,South,Delayed - Transit,2,308.88,377.92,0.56,115
ORD-10551,2023-08-24,Furniture,Tables,West,Delayed - Customs,3,247.13,300.45,0.53,115
ORD-10552,2023-11-25,Apparel,Pants,South,On-Time,3,253.69,553.85,0.0,18
ORD-10553,2023-03-24,Furniture,Chairs,West,On-Time,4,332.16,412.24,0.61,126
ORD-10554,2023-01-30,Apparel,Shirts,South,On-Time,5,350.42,598.48,0.0,29
ORD-10555,2023-05-21,Apparel,Pants,North,On-Time,3,312.13,528.83,0.05,39
ORD-10556,2023-08-14,Furniture,Desks,East,On-Time,1,234.53,314.12,0.35,130
ORD-10557,2023-04-28,Electronics,Computers,South,Delayed - Customs,5,58.47,75.55,0.4,174
ORD-10558,2023-08-09,Electronics,Computers,North,On-Time,2,97.17,193.75,0.05,8
ORD-10559,2023-05-26,Electronics,Accessories,East,Delayed - Transit,2,267.9,281.75,0.4,92
ORD-10560,2023-08-19,Furniture,Desks,West,On-Time,2,133.08,172.61,0.35,129
ORD-10561,2023-02-10,Apparel,,North,On-Time,3,185.94,331.17,0.05,9
ORD-10562,2023-02-25,Furniture,Chairs,North,On-Time,4,296.19,329.19,0.64,114
ORD-10563,2023-10-02,Apparel,Footwear,South,On-Time,4,355.63,652.3,0.05,4
ORD-10564,2023-05-11,Electronics,Accessories,West,On-Time,4,153.74,262.75,0.0,9
ORD-10565,2023-11-22,Electronics,Accessories,West,On-Time,5,294.22,656.6,0.05,26
ORD-10566,2023-06-06,Furniture,Desks,South,Delayed - Customs,4,220.91,272.74,0.52,93
ORD-10567,2023-08-25,Furniture,Tables,East,On-Time,5,112.05,135.73,0.5,117
ORD-10568,2023-08-06,Furniture,Tables,North,Delayed - Transit,5,132.42,158.22,0.53,91
ORD-10569,2023-07-25,Electronics,Accessories,East,Delayed - Customs,2,208.31,257.94,0.62,109
ORD-10570,2023-08-28,Apparel,Pants,North,On-Time,5,233.01,454.09,0.05,33
ORD-10571,2023-02-13,Apparel,Shirts,North,On-Time,4,222.07,358.03,0.0,4
ORD-10572,2023-11-19,Apparel,Footwear,South,Delayed - Customs,3,212.36,223.78,0.39,125
ORD-10573,2023-03-31,Apparel,Footwear,South,On-Time,4,16.74,29.22,0.0,38
ORD-10574,2023-12-15,Furniture,Tables,North,On-Time,5,314.94,357.44,0.0,76
ORD-10575,2023-02-28,Furniture,Tables,South,On-Time,2,80.24,107.1,0.62,122
ORD-10576,2023-11-22,Apparel,Shirts,East,On-Time,1,213.86,450.59,0.05,40
ORD-10577,2023-02-28,Apparel,Pants,West,On-Time,2,237.78,392.25,0.05,29
ORD-10578,2023-08-12,Apparel,Pants,North,On-Time,1,311.09,525.38,0.0,40
ORD-10579,2023-09-24,Apparel,Pants,South,On-Time,3,296.99,517.49,0.0,23
ORD-10580,2023-05-26,Apparel,Footwear,East,On-Time,4,143.37,235.57,0.05,24
ORD-10581,2023-02-26,Electronics,Computers,North,On-Time,2,136.85,291.23,0.05,3
ORD-10582,2023-11-09,Apparel,Shirts,West,Delayed - Transit,3,350.77,432.18,0.43,101
ORD-10583,2023-11-27,Furniture,Chairs,North,On-Time,5,44.28,53.96,0.35,134
ORD-10584,2023-09-19,Electronics,Computers,North,On-Time,3,353.93,646.11,0.05,29
ORD-10585,2023-11-28,Apparel,Footwear,North,On-Time,5,105.01,219.66,0.05,2
ORD-10586,2023-01-25,Apparel,Shirts,East,On-Time,4,205.9,487.09,0.05,18
ORD-10587,2023-01-17,Apparel,Pants,South,On-Time,4,357.65,620.77,0.05,13
ORD-10588,2023-05-16,Furniture,Tables,East,On-Time,1,41.48,47.55,0.64,139
ORD-10589,2023-03-26,Furniture,Chairs,East,On-Time,4,72.9,78.26,0.0,79
ORD-10590,2023-12-22,Furniture,Desks,South,On-Time,4,321.62,394.73,0.4,110
ORD-10591,2023-05-07,Furniture,Tables,North,On-Time,3,380.24,450.27,0.45,111
ORD-10592,2023-12-17,Electronics,Accessories,North,On-Time,2,269.25,473.48,0.0,29
ORD-10593,2023-10-28,Apparel,Shirts,West,On-Time,4,332.33,604.57,0.0,30
ORD-10594,2023-05-02,Furniture,Tables,South,On-Time,5,90.92,100.03,0.51,126
ORD-10595,2023-03-02,Furniture,Chairs,West,On-Time,2,245.04,297.59,0.4,92
ORD-10596,2023-05-28,Furniture,Desks,West,Delayed - Customs,3,69.72,90.01,0.52,129
ORD-10597,2023-11-05,Apparel,Shirts,South,On-Time,3,287.97,503.91,0.05,45
ORD-10598,2023-07-18,Furniture,,South,On-Time,3,320.57,364.72,0.62,96
ORD-10599,2023-04-07,Electronics,Accessories,North,On-Time,2,328.46,788.01,0.0,31
ORD-10600,2023-07-30,Electronics,Audio,North,On-Time,4,228.26,491.52,0.0,34
ORD-10601,2023-03-04,Apparel,Footwear,North,On-Time,4,392.08,822.6,0.0,32
ORD-10602,2023-08-08,Apparel,Pants,East,Delayed - Transit,3,371.68,443.98,0.0,75
ORD-10603,2023-08-25,Electronics,Accessories,South,On-Time,5,335.43,791.53,0.0,31
ORD-10604,2023-07-30,Apparel,Footwear,North,Delayed - Transit,1,73.31,91.01,0.0,85
ORD-10605,2023-02-11,Furniture,Desks,South,On-Time,5,64.33,68.74,0.38,111
ORD-10606,2023-01-12,Furniture,Desks,West,On-Time,2,234.28,263.65,0.63,113
ORD-10607,2023-10-13,Furniture,Desks,North,On-Time,3,265.29,315.62,0.65,110
ORD-10608,2023-07-27,Furniture,Tables,East,Delayed - Transit,1,224.59,246.08,0.38,104
ORD-10609,2023-01-03,Apparel,Footwear,East,On-Time,3,175.47,412.67,0.05,27
ORD-10610,2023-01-13,Apparel,Pants,South,Delayed - Transit,4,397.9,451.61,0.35,86
ORD-10611,2023-09-01,Electronics,Computers,East,On-Time,5,142.25,337.66,0.0,13
ORD-10612,2023-01-06,Electronics,Computers,West,On-Time,1,42.5,85.09,0.0,30
ORD-10613,2023-04-27,Electronics,Computers,South,On-Time,3,304.27,688.41,0.0,32
ORD-10614,2023-03-13,Apparel,Shirts,West,Delayed - Transit,2,20.5,26.55,0.42,87
ORD-10615,2023-11-14,Apparel,Shirts,South,Delayed - Transit,4,36.9,49.37,0.59,99
ORD-10616,2023-02-03,Apparel,Footwear,East,On-Time,3,129.92,227.12,0.05,12
ORD-10617,2023-02-22,Furniture,Chairs,East,On-Time,3,388.38,432.88,0.0,85
ORD-10618,2023-01-23,Apparel,Pants,North,On-Time,4,399.11,896.08,0.0,48
ORD-10619,2023-08-22,Electronics,Audio,East,On-Time,3,156.37,273.91,0.05,13
ORD-10620,2023-05-22,Electronics,Accessories,North,On-Time,2,215.61,461.74,0.05,32
ORD-10621,2023-04-13,Furniture,Chairs,West,On-Time,4,269.14,359.94,0.49,100
ORD-10622,2023-11-08,Apparel,Pants,South,Delayed - Transit,3,345.66,386.16,0.47,96
ORD-10623,2023-11-08,Electronics,Computers,West,On-Time,2,379.36,785.16,0.0,21
ORD-10624,2023-09-18,Furniture,Chairs,West,Delayed - Customs,1,131.53,143.65,0.62,102
ORD-10625,2023-09-17,Electronics,Computers,East,On-Time,1,210.58,396.92,0.05,18
ORD-10626,2023-11-09,Apparel,Pants,East,On-Time,1,273.41,486.7,0.05,12
ORD-10627,2023-08-17,Electronics,Computers,South,On-Time,2,206.75,448.46,0.0,39
ORD-10628,2023-05-26,Furniture,Chairs,West,On-Time,4,115.19,138.95,0.52,111
ORD-10629,2023-11-07,Furniture,Tables,East,Delayed - Customs,5,103.15,137.51,0.41,110
ORD-10630,2023-08-08,Furniture,Chairs,East,Delayed - Transit,3,72.37,97.36,0.64,155
ORD-10631,2023-01-24,Electronics,Audio,East,On-Time,1,115.2,249.09,0.05,49
ORD-10632,2023-04-19,Electronics,Accessories,South,Delayed - Customs,2,65.3,78.33,0.43,122
ORD-10633,2023-04-20,Electronics,Accessories,West,On-Time,1,356.82,615.61,0.05,35
ORD-10634,2023-05-18,Furniture,Tables,East,Delayed - Customs,3,380.47,488.17,0.41,137
ORD-10635,2023-06-24,Apparel,Shirts,South,On-Time,2,77.45,133.93,0.0,18
ORD-10636,2023-11-23,Apparel,Pants,East,On-Time,5,306.69,505.71,0.05,24
ORD-10637,2023-10-09,Electronics,Computers,North,On-Time,5,147.94,279.94,0.0,20
ORD-10638,2023-03-22,Furniture,Tables,East,Delayed - Transit,1,55.73,64.39,0.65,118
ORD-10639,2023-05-23,Furniture,Chairs,East,On-Time,1,308.02,349.31,0.62,151
ORD-10640,2023-01-24,Apparel,Pants,West,On-Time,1,119.55,266.88,0.0,17
ORD-10641,2023-09-03,Furniture,Desks,North,On-Time,4,212.02,249.25,0.41,104
ORD-10642,2023-08-04,Furniture,Tables,East,On-Time,5,202.82,271.63,0.43,133
ORD-10643,2023-05-16,Electronics,Accessories,West,On-Time,2,101.55,209.19,0.05,45
ORD-10644,2023-02-17,Apparel,Shirts,West,On-Time,3,216.73,384.14,0.0,41
ORD-10645,2023-04-14,Furniture,Desks,North,On-Time,3,344.68,369.73,0.5,143
ORD-10646,2023-01-15,Apparel,Shirts,North,On-Time,5,298.43,557.46,0.05,37
ORD-10647,2023-11-04,Electronics,Accessories,West,On-Time,4,19.53,44.73,0.0,34
ORD-10648,2023-03-06,Apparel,Shirts,North,On-Time,4,372.43,632.7,0.0,50
ORD-10649,2023-10-11,Electronics,Audio,North,On-Time,1,206.59,364.23,0.0,19
ORD-10650,2023-12-14,Electronics,Computers,East,On-Time,5,105.4,188.02,0.05,34
ORD-10651,2023-11-23,Apparel,Shirts,North,On-Time,5,273.14,481.92,0.0,36
ORD-10652,2023-07-11,Electronics,Accessories,East,Delayed - Transit,4,163.0,198.58,0.4,156
ORD-10653,2023-08-04,Electronics,Accessories,East,On-Time,2,278.12,551.87,0.05,34
ORD-10654,2023-07-17,Apparel,Footwear,South,On-Time,4,74.98,171.68,0.05,31
ORD-10655,2023-06-27,Electronics,Accessories,West,Delayed - Customs,3,279.03,319.54,0.42,105
ORD-10656,2023-12-27,Electronics,Computers,South,On-Time,4,111.63,217.87,0.05,9
ORD-10657,2023-12-01,Furniture,Tables,East,On-Time,1,196.77,251.14,0.64,127
ORD-10658,2023-05-13,Electronics,,North,Delayed - Transit,4,283.68,304.89,0.63,90
ORD-10659,2023-12-07,Apparel,Footwear,North,On-Time,1,126.72,221.42,0.05,18
ORD-10660,2023-11-12,Electronics,Accessories,West,On-Time,2,25.79,49.78,0.0,36
ORD-10661,2023-05-30,Electronics,Audio,North,On-Time,3,84.91,149.87,0.05,23
ORD-10662,2023-04-01,Electronics,Accessories,North,On-Time,5,252.32,567.02,0.05,50
ORD-10663,2023-10-23,Apparel,Pants,East,On-Time,5,394.05,759.74,0.0,28
ORD-10664,2023-11-11,Electronics,Computers,East,On-Time,1,157.05,267.01,0.0,16
ORD-10665,2023-01-07,Apparel,Footwear,East,On-Time,4,51.47,96.76,0.05,52
ORD-10666,2023-10-27,Apparel,Shirts,South,On-Time,5,375.37,678.38,0.0,44
ORD-10667,2023-08-10,Furniture,Chairs,West,Delayed - Transit,2,80.6,108.35,0.64,100
ORD-10668,2023-06-08,Apparel,Shirts,South,On-Time,5,373.51,722.19,0.0,10
ORD-10669,2023-08-06,Furniture,Chairs,East,Delayed - Customs,5,28.27,29.86,0.36,109
ORD-10670,2023-05-23,Apparel,Footwear,South,On-Time,5,159.21,329.41,0.0,32
ORD-10671,2023-01-31,Apparel,Pants,East,On-Time,4,373.4,614.95,0.0,21
ORD-10672,2023-12-08,Electronics,Audio,East,Delayed - Customs,2,329.51,438.44,0.48,137
ORD-10673,2023-02-28,Electronics,Accessories,West,On-Time,2,197.37,424.05,0.0,34
ORD-10674,2023-03-18,Electronics,Computers,East,On-Time,2,64.09,117.64,0.0,48
ORD-10675,2023-05-07,Furniture,Tables,West,On-Time,4,163.27,183.98,0.54,130
ORD-10676,2023-08-10,Electronics,Audio,South,On-Time,5,160.57,346.64,0.05,48
ORD-10677,2023-01-20,Electronics,Audio,West,On-Time,1,83.72,200.12,0.05,38
ORD-10678,2023-02-27,Electronics,Audio,East,Delayed - Transit,1,295.16,321.83,0.55,100
ORD-10679,2023-11-29,Electronics,Computers,North,On-Time,5,251.37,546.31,0.0,13
ORD-10680,2023-07-14,Electronics,Audio,South,On-Time,4,220.61,396.83,0.0,26
ORD-10681,2023-12-19,Electronics,Computers,West,Delayed - Transit,4,295.78,315.97,0.56,179
ORD-10682,2023-06-18,Apparel,Pants,South,On-Time,1,246.16,396.17,0.05,45
ORD-10683,2023-07-24,Apparel,Pants,South,Delayed - Customs,4,327.05,431.28,0.05,82
ORD-10684,2023-04-20,Electronics,Audio,East,On-Time,1,20.12,41.93,0.0,27
ORD-10685,2023-02-15,Electronics,Accessories,East,On-Time,1,352.32,822.8,0.0,18
ORD-10686,2023-05-27,Furniture,Desks,East,On-Time,4,162.64,210.81,0.43,127
ORD-10687,2023-01-27,Furniture,Chairs,East,On-Time,4,273.5,352.16,0.61,108
ORD-10688,2023-03-28,Electronics,Audio,West,On-Time,1,265.77,471.83,0.0,46
ORD-10689,2023-04-15,Furniture,Tables,North,On-Time,4,347.29,404.82,0.52,141
ORD-10690,2023-12-07,Apparel,Shirts,South,On-Time,4,316.92,687.31,0.0,20
ORD-10691,2023-02-12,Apparel,Pants,West,On-Time,5,96.6,159.29,0.05,24
ORD-10692,2023-11-22,Electronics,Computers,North,Delayed - Customs,3,294.76,355.33,0.36,90
ORD-10693,2023-12-05,Electronics,Computers,East,Delayed - Transit,4,79.94,104.64,0.43,118
ORD-10694,2023-08-02,Electronics,Audio,East,Delayed - Transit,4,146.08,194.34,0.5,185
ORD-10695,2023-01-01,Apparel,Shirts,East,On-Time,3,221.33,446.15,0.0,39
ORD-10696,2023-06-20,Apparel,,West,On-Time,5,383.26,796.4,0.0,1
ORD-10697,2023-11-12,Electronics,Accessories,South,On-Time,4,16.27,29.42,0.05,31
ORD-10698,2023-07-16,Apparel,Pants,West,On-Time,1,247.13,448.0,0.0,18
ORD-10699,2023-08-06,Apparel,Footwear,North,On-Time,3,138.38,271.84,0.0,21
ORD-10700,2023-08-27,Electronics,Audio,North,On-Time,4,60.46,118.05,0.05,27
ORD-10701,2023-08-18,Electronics,Computers,North,Delayed - Transit,3,233.35,308.64,0.38,111
ORD-10702,2023-09-19,Apparel,Shirts,North,On-Time,2,119.06,214.34,0.05,28
ORD-10703,2023-10-22,Electronics,Audio,West,On-Time,5,225.09,457.1,0.05,38
ORD-10704,2023-10-04,Furniture,Chairs,South,Delayed - Customs,4,374.41,410.86,0.56,87
ORD-10705,2023-07-07,Furniture,Desks,West,On-Time,1,67.69,84.12,0.49,98
ORD-10706,2023-04-07,Furniture,Tables,North,On-Time,3,292.98,359.65,0.43,122
ORD-10707,2023-11-04,Apparel,Footwear,South,Delayed - Customs,4,104.16,112.59,0.45,109
ORD-10708,2023-08-09,Furniture,Chairs,East,On-Time,1,166.09,191.86,0.57,126
ORD-10709,2023-09-19,Apparel,Pants,West,On-Time,4,39.63,78.51,0.05,43
ORD-10710,2023-06-21,Furniture,Chairs,South,On-Time,5,203.13,266.34,0.38,124
ORD-10711,2023-08-31,Electronics,Computers,North,Delayed - Customs,3,127.14,165.29,0.6,133
ORD-10712,2023-07-10,Apparel,Shirts,West,On-Time,4,157.04,271.78,0.0,10
ORD-10713,2023-09-04,Furniture,Desks,South,On-Time,3,200.66,229.59,0.45,109
ORD-10714,2023-11-21,Electronics,Accessories,East,On-Time,2,123.63,289.98,0.0,32
ORD-10715,2023-01-29,Furniture,Desks,East,Delayed - Customs,4,49.98,55.64,0.54,139
ORD-10716,2023-03-28,Apparel,Pants,West,Delayed - Transit,4,88.88,119.2,0.44,139
ORD-10717,2023-03-03,Apparel,Shirts,East,On-Time,5,219.56,460.81,0.05,24
ORD-10718,2023-04-03,Apparel,Shirts,South,On-Time,5,270.34,432.79,0.0,9
ORD-10719,2023-04-11,Electronics,Accessories,East,Delayed - Transit,4,223.78,290.2,0.0,73
ORD-10720,2023-09-25,Apparel,Footwear,East,Delayed - Customs,2,156.62,200.13,0.52,126
ORD-10721,2023-05-31,Apparel,Footwear,West,On-Time,1,140.12,276.66,0.05,40
ORD-10722,2023-10-27,Furniture,Tables,North,Delayed - Customs,2,50.64,57.48,0.63,108
ORD-10723,2023-11-15,Electronics,Accessories,North,On-Time,3,178.97,325.91,0.0,53
ORD-10724,2023-12-12,Apparel,Pants,East,On-Time,4,236.32,564.95,0.05,24
ORD-10725,2023-06-07,Apparel,Footwear,North,Delayed - Transit,3,247.06,262.03,0.43,123
ORD-10726,2023-10-14,Electronics,Accessories,East,Delayed - Customs,4,190.82,225.23,0.52,171
ORD-10727,2023-07-21,Furniture,Chairs,South,On-Time,3,165.03,175.86,0.46,165
ORD-10728,2023-03-02,Furniture,Tables,West,On-Time,2,396.74,453.79,0.51,89
ORD-10729,2023-12-09,Furniture,Desks,South,Delayed - Customs,2,141.89,181.66,0.39,93
ORD-10730,2023-09-17,Electronics,Computers,East,On-Time,4,182.78,423.24,0.0,22
ORD-10731,2023-06-02,Apparel,Footwear,West,On-Time,1,372.06,742.79,0.05,1
ORD-10732,2023-02-10,Apparel,Footwear,North,On-Time,4,259.91,437.13,0.0,21
ORD-10733,2023-01-09,Apparel,Shirts,West,On-Time,1,336.9,669.74,0.0,28
ORD-10734,2023-12-29,Electronics,Audio,South,On-Time,4,395.12,847.31,0.05,12
ORD-10735,2023-07-23,Furniture,Tables,North,On-Time,1,51.86,60.13,0.6,139
ORD-10736,2023-11-06,Apparel,Shirts,West,On-Time,4,340.52,622.59,0.05,8
ORD-10737,2023-02-10,Apparel,Shirts,South,On-Time,2,267.56,622.95,0.05,63
ORD-10738,2023-01-08,Electronics,Accessories,West,Delayed - Transit,4,134.16,158.56,0.53,137
ORD-10739,2023-06-07,Furniture,Tables,West,On-Time,2,262.5,282.25,0.0,75
ORD-10740,2023-09-14,Electronics,Computers,East,Delayed - Customs,5,192.86,231.13,0.6,122
ORD-10741,2023-03-25,Furniture,Chairs,West,Delayed - Transit,3,326.97,367.2,0.44,116
ORD-10742,2023-05-23,Apparel,Pants,East,On-Time,5,332.62,685.9,0.05,22
ORD-10743,2023-04-07,Apparel,Footwear,South,On-Time,3,165.01,353.58,0.0,21
ORD-10744,2023-02-13,Apparel,Footwear,North,On-Time,1,291.12,533.93,0.0,53
ORD-10745,2023-02-23,Apparel,Pants,East,Delayed - Transit,1,167.8,183.53,0.0,71
ORD-10746,2023-06-22,Electronics,Computers,North,On-Time,5,350.69,763.89,0.05,28
ORD-10747,2023-07-11,Furniture,Desks,North,Delayed - Transit,5,301.05,401.32,0.57,124
ORD-10748,2023-01-30,Furniture,Desks,East,On-Time,3,45.77,53.3,0.43,144
ORD-10749,2023-12-06,Apparel,Pants,East,On-Time,3,136.06,240.75,0.0,41
ORD-10750,2023-09-14,Electronics,Audio,West,On-Time,3,186.43,323.59,0.05,44
ORD-10751,2023-02-21,Furniture,Tables,East,On-Time,1,368.17,485.97,0.05,72
ORD-10752,2023-06-18,Furniture,Chairs,North,On-Time,3,164.28,187.71,0.56,153
ORD-10753,2023-07-22,Furniture,Desks,South,On-Time,2,146.93,167.36,0.39,94
ORD-10754,2023-04-03,Electronics,Accessories,East,Delayed - Customs,4,192.53,208.28,0.05,85
ORD-10755,2023-08-06,Apparel,Footwear,West,On-Time,2,355.63,627.55,0.0,35
ORD-10756,2023-09-20,Electronics,Computers,East,On-Time,1,191.67,381.6,0.05,56
ORD-10757,2023-04-12,Electronics,Audio,North,On-Time,1,244.69,554.79,0.05,13
ORD-10758,2023-09-16,Apparel,Footwear,East,On-Time,4,170.06,284.41,0.0,28
ORD-10759,2023-10-16,Apparel,Shirts,North,Delayed - Customs,1,306.3,406.73,0.54,102
ORD-10760,2023-03-31,Electronics,Audio,North,On-Time,1,397.86,801.14,0.05,33
ORD-10761,2023-10-25,Electronics,Audio,West,On-Time,5,192.39,343.26,0.05,30
ORD-10762,2023-02-07,Apparel,Shirts,South,Delayed - Customs,4,369.48,457.51,0.35,136
ORD-10763,2023-07-21,Apparel,Footwear,North,On-Time,3,387.88,786.82,0.0,42
ORD-10764,2023-07-06,Apparel,Pants,South,On-Time,3,204.5,379.77,0.05,6
ORD-10765,2023-02-27,Apparel,Shirts,South,Delayed - Transit,4,267.92,285.15,0.37,122
ORD-10766,2023-03-17,Electronics,Computers,West,On-Time,3,111.84,198.44,0.0,40
ORD-10767,2023-06-14,Electronics,,South,On-Time,4,25.38,42.91,0.0,7
ORD-10768,2023-12-09,Furniture,Chairs,North,On-Time,2,107.3,113.28,0.53,99
ORD-10769,2023-09-30,Apparel,Footwear,East,Delayed - Customs,3,40.21,53.73,0.05,78
ORD-10770,2023-07-24,Electronics,Computers,South,On-Time,1,337.86,692.87,0.05,33
ORD-10771,2023-11-15,Apparel,Footwear,South,On-Time,1,135.61,267.68,0.0,38
ORD-10772,2023-02-01,Furniture,Tables,South,On-Time,3,28.63,36.38,0.36,124
ORD-10773,2023-02-24,Apparel,Footwear,East,On-Time,5,61.63,141.73,0.0,43
ORD-10774,2023-04-20,Apparel,,North,On-Time,4,207.99,467.57,0.05,19
ORD-10775,2023-11-25,Furniture,Tables,West,On-Time,2,387.22,478.21,0.61,144
ORD-10776,2023-10-20,Electronics,Audio,South,On-Time,3,66.02,152.14,0.0,29
ORD-10777,2023-04-18,Furniture,Desks,East,Delayed - Customs,4,291.42,379.36,0.59,115
ORD-10778,2023-10-01,Electronics,Audio,North,On-Time,2,291.42,562.69,0.0,14
ORD-10779,2023-12-26,Apparel,,East,On-Time,2,144.26,308.18,0.05,1
ORD-10780,2023-01-16,Electronics,Accessories,South,On-Time,4,195.57,318.4,0.0,49
ORD-10781,2023-12-14,Apparel,Pants,East,On-Time,3,285.22,586.58,0.05,37
ORD-10782,2023-01-03,Furniture,Chairs,East,On-Time,1,30.84,36.84,0.42,117
ORD-10783,2023-12-18,Furniture,Chairs,South,On-Time,3,121.34,155.75,0.36,101
ORD-10784,2023-04-04,Electronics,Audio,North,On-Time,4,27.94,60.89,0.05,30
ORD-10785,2023-03-29,Furniture,Chairs,East,On-Time,2,38.33,45.75,0.55,118
ORD-10786,2023-06-07,Apparel,Footwear,North,On-Time,4,371.87,712.59,0.0,20
ORD-10787,2023-11-13,Electronics,Computers,East,On-Time,5,121.51,225.51,0.0,17
ORD-10788,2023-08-24,Apparel,Shirts,East,On-Time,2,332.42,637.09,0.0,34
ORD-10789,2023-08-28,Apparel,Shirts,North,On-Time,1,25.31,47.73,0.0,20
ORD-10790,2023-12-09,Electronics,Computers,West,On-Time,4,182.12,360.11,0.05,49
ORD-10791,2023-08-01,Furniture,Desks,South,On-Time,5,239.17,307.27,0.55,98
ORD-10792,2023-12-18,Electronics,Computers,South,On-Time,4,172.34,327.38,0.0,28
ORD-10793,2023-10-26,Electronics,Computers,North,On-Time,4,270.83,575.79,0.0,29
ORD-10794,2023-10-26,Apparel,Shirts,South,On-Time,4,270.81,489.45,0.0,27
ORD-10795,2023-09-08,Electronics,Audio,South,On-Time,4,342.1,700.11,0.0,37
ORD-10796,2023-07-14,Electronics,Accessories,South,On-Time,1,42.19,67.88,0.05,11
ORD-10797,2023-03-25,Furniture,Chairs,South,On-Time,4,46.06,51.04,0.6,100
ORD-10798,2023-12-21,Apparel,Footwear,South,On-Time,2,372.27,675.66,0.0,23
ORD-10799,2023-01-29,Apparel,Shirts,North,Delayed - Transit,1,250.63,264.23,0.46,112
ORD-10800,2023-09-29,Apparel,Shirts,South,On-Time,3,350.44,727.6,0.0,26
ORD-10801,2023-03-19,Furniture,Chairs,North,On-Time,4,392.82,510.63,0.56,126
ORD-10802,2023-03-31,Electronics,Computers,West,On-Time,1,361.37,800.62,0.0,23
ORD-10803,2023-01-05,Furniture,Desks,West,On-Time,5,385.61,434.39,0.41,146
ORD-10804,2023-06-09,Electronics,Accessories,South,On-Time,2,266.51,434.92,0.0,43
ORD-10805,2023-01-20,Electronics,Audio,East,On-Time,1,360.81,635.57,0.0,27
ORD-10806,2023-03-13,Apparel,Footwear,South,On-Time,2,197.8,324.42,0.05,12
ORD-10807,2023-08-22,Furniture,Tables,South,On-Time,2,332.98,398.82,0.46,118
ORD-10808,2023-05-29,Furniture,Tables,West,On-Time,4,82.92,96.75,0.51,131
ORD-10809,2023-03-26,Electronics,Accessories,South,On-Time,4,22.89,45.58,0.0,22
ORD-10810,2023-06-11,Electronics,Audio,West,Delayed - Customs,4,251.0,264.85,0.5,154
ORD-10811,2023-09-08,Electronics,Audio,East,Delayed - Transit,1,298.7,362.4,0.48,144
ORD-10812,2023-02-12,Electronics,Accessories,West,On-Time,4,250.55,459.16,0.05,48
ORD-10813,2023-10-20,Apparel,Shirts,South,On-Time,1,80.88,141.65,0.05,19
ORD-10814,2023-06-09,Furniture,Tables,West,On-Time,1,92.61,112.5,0.43,122
ORD-10815,2023-02-21,Electronics,Audio,East,Delayed - Customs,5,180.27,238.69,0.37,126
ORD-10816,2023-10-29,Furniture,Chairs,North,On-Time,1,252.63,300.55,0.42,87
ORD-10817,2023-03-27,Apparel,Footwear,West,On-Time,3,318.45,626.18,0.05,34
ORD-10818,2023-07-04,Furniture,,East,On-Time,3,152.12,186.38,0.45,119
ORD-10819,2023-06-06,Electronics,Computers,North,On-Time,3,190.52,456.21,0.05,22
ORD-10820,2023-06-06,Furniture,Tables,South,On-Time,5,58.4,72.27,0.65,104
ORD-10821,2023-09-04,Apparel,Pants,South,On-Time,5,265.16,624.74,0.05,24
ORD-10822,2023-02-17,Electronics,Computers,South,On-Time,1,232.45,509.85,0.05,23
ORD-10823,2023-12-26,Apparel,Footwear,West,On-Time,4,256.5,513.98,0.05,37
ORD-10824,2023-05-24,Furniture,Desks,East,Delayed - Transit,3,151.33,175.91,0.63,87
ORD-10825,2023-07-04,Furniture,Desks,South,On-Time,2,131.97,177.19,0.41,129
ORD-10826,2023-09-24,Apparel,Pants,South,On-Time,4,227.4,467.13,0.0,15
ORD-10827,2023-02-15,Electronics,Accessories,West,On-Time,2,229.98,415.35,0.0,12
ORD-10828,2023-04-09,Electronics,Accessories,South,On-Time,5,260.93,535.73,0.0,29
ORD-10829,2023-03-16,Apparel,Pants,South,Delayed - Transit,2,388.13,480.27,0.47,102
ORD-10830,2023-11-19,Apparel,Pants,East,On-Time,1,254.07,443.25,0.05,40
ORD-10831,2023-10-05,Apparel,Pants,East,On-Time,4,305.52,641.84,0.05,36
ORD-10832,2023-02-09,Apparel,Shirts,West,On-Time,4,35.8,59.09,0.0,19
ORD-10833,2023-05-26,Furniture,Chairs,North,On-Time,5,241.24,302.66,0.62,109
ORD-10834,2023-04-23,Electronics,Audio,West,On-Time,5,329.27,548.55,0.05,41
ORD-10835,2023-02-05,Electronics,Audio,North,Delayed - Customs,3,44.97,47.42,0.53,125
ORD-10836,2023-10-05,Electronics,Computers,South,Delayed - Transit,3,351.96,420.02,0.64,132
ORD-10837,2023-12-06,Furniture,Tables,West,On-Time,5,91.92,121.28,0.37,110
ORD-10838,2023-06-03,Apparel,Footwear,South,On-Time,2,86.4,159.73,0.0,30
ORD-10839,2023-04-18,Electronics,Computers,South,Delayed - Transit,1,117.22,143.5,0.38,116
ORD-10840,2023-05-20,Apparel,Shirts,South,On-Time,5,382.45,614.96,0.05,42
ORD-10841,2023-07-24,Electronics,Computers,South,On-Time,2,137.56,329.55,0.0,50
ORD-10842,2023-12-29,Electronics,Accessories,West,On-Time,5,196.58,445.07,0.0,56
ORD-10843,2023-12-29,Electronics,Audio,East,Delayed - Customs,3,167.63,213.38,0.41,123
ORD-10844,2023-07-04,Apparel,Pants,West,On-Time,3,382.26,692.03,0.05,33
ORD-10845,2023-10-02,Electronics,Audio,South,On-Time,1,320.01,564.63,0.05,56
ORD-10846,2023-09-30,Furniture,Tables,North,On-Time,3,66.21,72.98,0.63,141
ORD-10847,2023-12-31,Electronics,Accessories,West,Delayed - Transit,1,191.16,218.52,0.59,119
ORD-10848,2023-05-27,Apparel,Shirts,North,Delayed - Customs,1,259.73,334.59,0.6,114
ORD-10849,2023-08-11,Furniture,Tables,East,On-Time,5,156.8,179.77,0.5,150
ORD-10850,2023-09-13,Apparel,Pants,West,On-Time,5,80.2,151.73,0.05,46
ORD-10851,2023-11-16,Apparel,Footwear,East,On-Time,2,350.15,634.3,0.05,4
ORD-10852,2023-11-07,Electronics,Computers,East,On-Time,5,145.32,321.98,0.05,41
ORD-10853,2023-04-18,Furniture,Chairs,North,On-Time,1,217.47,252.19,0.05,60
ORD-10854,2023-11-12,Apparel,Pants,West,On-Time,1,274.3,521.06,0.0,17
ORD-10855,2023-07-22,Apparel,Footwear,West,On-Time,4,41.97,87.93,0.0,37
ORD-10856,2023-05-09,Furniture,Desks,East,On-Time,2,135.37,143.48,0.53,135
ORD-10857,2023-07-31,Electronics,Audio,North,On-Time,2,385.01,633.44,0.0,18
ORD-10858,2023-09-20,Electronics,Accessories,South,On-Time,2,352.24,775.91,0.0,26
ORD-10859,2023-10-01,Apparel,Shirts,West,On-Time,5,169.49,395.93,0.05,23
ORD-10860,2023-01-25,Electronics,Computers,East,Delayed - Transit,5,349.02,457.8,0.44,95
ORD-10861,2023-03-09,Apparel,Footwear,East,On-Time,5,176.34,315.3,0.0,28
ORD-10862,2023-08-28,Apparel,Shirts,West,Delayed - Transit,3,29.02,31.43,0.43,114
ORD-10863,2023-06-16,Furniture,Chairs,South,On-Time,5,358.36,415.59,0.55,103
ORD-10864,2023-10-07,Electronics,Accessories,West,On-Time,5,365.94,616.95,0.05,8
ORD-10865,2023-08-27,Electronics,Accessories,West,On-Time,1,125.1,295.04,0.05,39
ORD-10866,2023-09-03,Electronics,Computers,East,Delayed - Customs,1,190.88,257.26,0.45,111
ORD-10867,2023-03-05,Apparel,Pants,North,On-Time,5,238.15,501.14,0.05,22
ORD-10868,2023-04-26,Furniture,Tables,East,On-Time,2,246.2,299.39,0.58,114
ORD-10869,2023-09-29,Electronics,Computers,South,On-Time,5,357.06,832.25,0.0,39
ORD-10870,2023-05-05,Electronics,Computers,South,Delayed - Transit,5,240.2,314.68,0.4,119
ORD-10871,2023-12-24,Apparel,Footwear,South,Delayed - Transit,4,111.06,123.78,0.43,99
ORD-10872,2023-08-13,Apparel,Pants,East,Delayed - Transit,1,161.58,213.03,0.05,64
ORD-10873,2023-11-08,Apparel,Footwear,East,On-Time,2,291.94,523.44,0.05,35
ORD-10874,2023-03-04,Apparel,Pants,West,On-Time,1,225.35,515.72,0.0,31
ORD-10875,2023-01-10,Apparel,Pants,South,On-Time,4,257.84,499.94,0.05,33
ORD-10876,2023-05-11,Apparel,Footwear,South,On-Time,4,336.5,582.27,0.05,45
ORD-10877,2023-11-27,Furniture,Chairs,North,On-Time,2,77.02,100.7,0.59,95
ORD-10878,2023-04-18,Apparel,Footwear,West,On-Time,3,347.08,766.75,0.0,29
ORD-10879,2023-02-21,Furniture,Chairs,North,On-Time,3,175.5,189.45,0.05,83
ORD-10880,2023-04-18,Electronics,Accessories,South,On-Time,4,151.82,335.79,0.05,46
ORD-10881,2023-08-31,Apparel,,West,Delayed - Transit,2,277.62,367.93,0.37,140
ORD-10882,2023-01-19,Electronics,Computers,West,Delayed - Customs,5,246.94,301.62,0.05,80
ORD-10883,2023-03-05,Electronics,Accessories,North,On-Time,1,76.77,129.2,0.05,39
ORD-10884,2023-01-09,Electronics,Computers,West,Delayed - Customs,2,141.16,164.94,0.62,138
ORD-10885,2023-07-26,Furniture,Tables,South,Delayed - Transit,4,144.53,169.23,0.49,106
ORD-10886,2023-02-26,Apparel,Pants,North,Delayed - Transit,4,122.81,153.94,0.43,94
ORD-10887,2023-12-29,Furniture,Tables,South,On-Time,3,123.89,138.54,0.0,82
ORD-10888,2023-07-29,Electronics,Accessories,South,On-Time,3,312.43,549.5,0.05,27
ORD-10889,2023-07-14,Furniture,Desks,West,Delayed - Transit,5,354.06,381.7,0.63,134
ORD-10890,2023-12-15,Apparel,Pants,South,On-Time,4,52.21,88.5,0.0,29
ORD-10891,2023-12-24,Apparel,Footwear,East,On-Time,2,30.29,60.9,0.0,33
ORD-10892,2023-04-17,Furniture,Desks,East,Delayed - Transit,5,76.36,100.72,0.55,123
ORD-10893,2023-02-04,Electronics,Audio,South,On-Time,2,56.58,115.67,0.05,31
ORD-10894,2023-02-24,Furniture,Chairs,North,Delayed - Customs,5,273.48,287.95,0.39,100
ORD-10895,2023-05-09,Furniture,Desks,North,Delayed - Customs,4,170.32,215.89,0.54,151
ORD-10896,2023-07-20,Apparel,Pants,West,On-Time,4,275.32,659.9,0.0,42
ORD-10897,2023-07-31,Electronics,Accessories,North,On-Time,1,366.51,615.53,0.0,20
ORD-10898,2023-07-02,Apparel,Shirts,North,Delayed - Transit,4,277.65,322.27,0.42,97
ORD-10899,2023-04-23,Furniture,Tables,South,On-Time,3,259.93,317.5,0.42,133
ORD-10900,2023-06-19,Furniture,Desks,West,On-Time,3,294.16,381.2,0.4,107
ORD-10901,2023-01-03,Electronics,Audio,East,On-Time,2,53.06,126.81,0.05,54
ORD-10902,2023-03-24,Apparel,Pants,North,On-Time,5,169.7,346.03,0.05,19
ORD-10903,2023-10-29,Furniture,Tables,South,Delayed - Customs,2,296.31,388.24,0.41,103
ORD-10904,2023-11-14,Furniture,Tables,West,On-Time,3,247.88,319.12,0.61,138
ORD-10905,2023-04-06,Electronics,Accessories,North,Delayed - Transit,5,322.02,409.01,0.54,123
ORD-10906,2023-05-22,Furniture,,North,On-Time,5,338.02,398.23,0.39,107
ORD-10907,2023-01-28,Apparel,Shirts,West,Delayed - Transit,3,292.67,308.83,0.58,165
ORD-10908,2023-03-01,Apparel,Footwear,East,On-Time,4,281.23,556.92,0.0,24
ORD-10909,2023-09-09,Apparel,Shirts,West,Delayed - Customs,4,93.24,108.88,0.48,112
ORD-10910,2023-03-05,Furniture,Chairs,West,On-Time,1,46.2,52.42,0.43,116
ORD-10911,2023-07-18,Furniture,Desks,South,On-Time,1,398.19,495.87,0.6,115
ORD-10912,2023-12-08,Furniture,Tables,West,On-Time,4,251.16,328.94,0.56,108
ORD-10913,2023-02-10,Electronics,Audio,South,Delayed - Transit,3,123.98,133.17,0.47,121
ORD-10914,2023-12-29,Apparel,Pants,East,On-Time,4,105.68,230.82,0.0,50
ORD-10915,2023-08-06,Furniture,Desks,East,Delayed - Customs,1,221.27,259.09,0.38,105
ORD-10916,2023-07-21,Furniture,Tables,South,On-Time,5,358.31,377.62,0.63,153
ORD-10917,2023-06-22,Apparel,Pants,East,On-Time,1,214.18,442.51,0.0,28
ORD-10918,2023-04-21,Electronics,Audio,West,On-Time,4,368.54,879.98,0.05,11
ORD-10919,2023-06-22,Apparel,Shirts,North,On-Time,3,233.6,439.23,0.0,39
ORD-10920,2023-02-15,Apparel,Pants,West,On-Time,1,23.46,54.6,0.0,14
ORD-10921,2023-12-06,Electronics,Computers,North,On-Time,1,354.12,781.12,0.0,53
ORD-10922,2023-03-20,Apparel,Pants,West,On-Time,1,166.74,352.15,0.05,54
ORD-10923,2023-09-12,Apparel,Footwear,South,Delayed - Transit,3,295.97,325.09,0.49,117
ORD-10924,2023-05-12,Apparel,Pants,South,Delayed - Transit,4,177.4,221.83,0.57,185
ORD-10925,2023-04-13,Electronics,Audio,West,Delayed - Transit,4,362.31,409.03,0.6,114
ORD-10926,2023-07-02,Furniture,Chairs,West,On-Time,2,338.85,403.8,0.5,88
ORD-10927,2023-10-15,Electronics,Audio,East,Delayed - Transit,2,306.35,403.29,0.63,94
ORD-10928,2023-06-29,Electronics,Audio,East,On-Time,2,379.56,775.27,0.0,60
ORD-10929,2023-02-15,Apparel,Pants,North,On-Time,1,384.5,633.94,0.0,26
ORD-10930,2023-10-14,Electronics,Computers,East,On-Time,1,243.34,402.31,0.05,37
ORD-10931,2023-11-27,Electronics,Audio,East,On-Time,5,332.25,547.05,0.05,31
ORD-10932,2023-08-15,Apparel,Shirts,South,Delayed - Transit,2,276.92,340.1,0.55,138
ORD-10933,2023-10-08,Furniture,Chairs,South,On-Time,4,235.66,292.61,0.4,93
ORD-10934,2023-07-06,Apparel,Shirts,South,On-Time,1,282.85,466.46,0.05,32
ORD-10935,2023-07-30,Electronics,Computers,East,Delayed - Transit,5,201.98,222.5,0.43,114
ORD-10936,2023-11-02,Apparel,Shirts,West,Delayed - Transit,2,40.92,50.27,0.54,97
ORD-10937,2023-11-02,Furniture,,North,On-Time,5,366.81,488.88,0.41,129
ORD-10938,2023-01-18,Furniture,Desks,West,On-Time,4,279.23,317.34,0.39,126
ORD-10939,2023-10-29,Furniture,Desks,East,On-Time,2,260.56,334.36,0.6,88
ORD-10940,2023-04-01,Apparel,Shirts,South,On-Time,1,310.5,671.79,0.05,10
ORD-10941,2023-08-09,Furniture,Tables,North,On-Time,1,52.58,69.27,0.39,110
ORD-10942,2023-09-06,Apparel,Footwear,East,On-Time,2,373.9,831.44,0.05,9
ORD-10943,2023-01-17,Electronics,Computers,West,Delayed - Transit,4,303.15,409.08,0.41,159
ORD-10944,2023-06-15,Furniture,Chairs,East,On-Time,2,338.59,417.64,0.52,149
ORD-10945,2023-09-12,Furniture,Chairs,East,On-Time,5,134.44,161.13,0.05,60
ORD-10946,2023-06-30,Furniture,Chairs,West,On-Time,4,277.43,366.26,0.56,96
ORD-10947,2023-10-25,Apparel,Footwear,South,On-Time,4,146.6,312.79,0.0,19
ORD-10948,2023-05-23,Electronics,Audio,South,Delayed - Transit,5,269.9,352.69,0.41,179
ORD-10949,2023-01-19,Electronics,Computers,South,On-Time,4,207.8,371.24,0.05,35
ORD-10950,2023-04-01,Apparel,Shirts,North,On-Time,5,125.65,235.97,0.0,46
ORD-10951,2023-05-26,Furniture,Chairs,North,On-Time,3,170.21,220.82,0.4,102
ORD-10952,2023-11-09,Electronics,Computers,East,Delayed - Customs,1,143.42,178.72,0.64,139
ORD-10953,2023-12-17,Electronics,Accessories,East,On-Time,1,370.59,851.15,0.0,1
ORD-10954,2023-05-21,Apparel,Footwear,East,On-Time,3,83.85,153.71,0.05,33
ORD-10955,2023-10-13,Electronics,Accessories,South,On-Time,3,25.92,49.71,0.05,20
ORD-10956,2023-10-17,Electronics,Accessories,North,On-Time,1,190.93,308.89,0.0,30
ORD-10957,2023-08-01,Furniture,Chairs,West,On-Time,1,45.82,50.29,0.35,137
ORD-10958,2023-05-21,Apparel,Pants,South,On-Time,5,147.12,348.1,0.0,30
ORD-10959,2023-08-27,Furniture,Chairs,South,On-Time,2,240.0,307.8,0.57,114
ORD-10960,2023-09-21,Electronics,Computers,North,Delayed - Customs,3,152.7,179.3,0.0,85
ORD-10961,2023-10-14,Furniture,Desks,North,On-Time,3,44.97,52.09,0.64,123
ORD-10962,2023-02-15,Furniture,Desks,West,On-Time,1,177.68,206.51,0.41,123
ORD-10963,2023-06-13,Apparel,Pants,North,On-Time,2,320.25,675.8,0.0,29
ORD-10964,2023-08-14,Furniture,Chairs,West,Delayed - Transit,3,88.57,113.29,0.52,86
ORD-10965,2023-02-26,Furniture,Tables,West,On-Time,5,259.43,324.07,0.64,144
ORD-10966,2023-07-06,Electronics,Accessories,North,On-Time,3,364.48,808.94,0.05,40
ORD-10967,2023-04-03,Furniture,Desks,East,On-Time,2,166.59,184.85,0.49,128
ORD-10968,2023-07-13,Electronics,Accessories,East,Delayed - Transit,4,189.53,217.1,0.39,102
ORD-10969,2023-05-20,Electronics,,South,On-Time,3,241.73,389.62,0.05,31
ORD-10970,2023-08-02,Apparel,Shirts,West,On-Time,2,197.93,412.63,0.0,42
ORD-10971,2023-11-02,Apparel,Shirts,East,On-Time,5,302.46,580.23,0.05,30
ORD-10972,2023-08-08,Electronics,Accessories,South,On-Time,3,90.44,206.16,0.0,33
ORD-10973,2023-09-03,Electronics,Accessories,South,On-Time,4,256.47,589.25,0.05,26
ORD-10974,2023-10-14,Electronics,Accessories,South,On-Time,1,399.57,689.6,0.05,32
ORD-10975,2023-02-08,Electronics,Audio,East,Delayed - Transit,2,23.66,26.48,0.55,118
ORD-10976,2023-01-19,Furniture,Desks,North,On-Time,1,35.67,47.77,0.52,93
ORD-10977,2023-03-17,Electronics,Audio,North,Delayed - Transit,1,197.07,265.46,0.49,137
ORD-10978,2023-01-10,Furniture,Chairs,West,On-Time,3,378.63,509.03,0.05,77
ORD-10979,2023-09-08,Furniture,Desks,West,Delayed - Transit,4,32.4,39.17,0.5,122
ORD-10980,2023-02-02,Apparel,Pants,East,Delayed - Transit,3,322.43,338.86,0.0,82
ORD-10981,2023-07-23,Electronics,Audio,North,Delayed - Customs,2,297.83,318.47,0.41,99
ORD-10982,2023-09-03,Apparel,Pants,West,Delayed - Transit,4,245.97,298.08,0.64,97
ORD-10983,2023-11-28,Electronics,Audio,East,On-Time,5,370.88,660.32,0.0,40
ORD-10984,2023-08-11,Furniture,Tables,North,On-Time,2,92.57,104.68,0.5,87
ORD-10985,2023-10-21,Apparel,Pants,North,Delayed - Transit,1,298.8,374.79,0.42,130
ORD-10986,2023-12-06,Furniture,Desks,South,Delayed - Transit,1,355.49,395.26,0.05,78
ORD-10987,2023-01-04,Furniture,Desks,South,On-Time,3,288.79,348.02,0.51,118
ORD-10988,2023-05-21,Furniture,Chairs,West,On-Time,1,399.08,515.62,0.51,122
ORD-10989,2023-06-27,Electronics,Audio,South,On-Time,1,24.86,39.81,0.0,23
ORD-10990,2023-09-23,Apparel,Shirts,South,On-Time,4,33.72,57.48,0.0,29
ORD-10991,2023-02-12,Electronics,Accessories,East,On-Time,5,297.6,657.63,0.05,42
ORD-10992,2023-08-03,Apparel,Shirts,South,On-Time,3,398.69,761.3,0.0,33
ORD-10993,2023-02-13,Furniture,Desks,West,On-Time,5,206.37,234.87,0.48,102
ORD-10994,2023-09-18,Electronics,Computers,West,On-Time,2,210.73,456.34,0.05,24
ORD-10995,2023-04-27,Apparel,Footwear,North,On-Time,4,43.39,101.05,0.0,17
ORD-10996,2023-10-16,Electronics,Computers,East,On-Time,1,157.36,339.16,0.05,1
ORD-10997,2023-01-22,Electronics,Accessories,South,On-Time,1,66.66,128.42,0.0,24
ORD-10998,2023-12-16,Electronics,Audio,North,On-Time,1,167.39,297.52,0.05,20
ORD-10999,2023-09-26,Furniture,Tables,North,On-Time,5,100.85,122.04,0.61,100
ORD-11000,2023-08-20,Furniture,Tables,West,On-Time,2,282.04,362.29,0.54,118
ORD-11001,2023-05-25,Apparel,Pants,North,On-Time,5,18.57,30.9,0.05,50
ORD-11002,2023-06-17,Furniture,Tables,West,On-Time,1,306.38,353.15,0.61,127
ORD-11003,2023-05-05,Furniture,Tables,South,On-Time,4,89.59,100.87,0.52,143
ORD-11004,2023-06-13,Electronics,Computers,South,On-Time,3,119.61,259.93,0.0,26
ORD-11005,2023-07-28,Electronics,Accessories,South,On-Time,1,124.19,259.68,0.0,17
ORD-11006,2023-06-12,Furniture,Chairs,South,On-Time,5,19.45,23.3,0.62,104
ORD-11007,2023-04-16,Electronics,,North,On-Time,1,366.75,764.62,0.05,13
ORD-11008,2023-07-14,Electronics,Accessories,West,Delayed - Transit,4,327.63,365.19,0.05,83
ORD-11009,2023-11-06,Apparel,Footwear,South,On-Time,4,252.04,474.51,0.0,34
ORD-11010,2023-08-26,Electronics,Audio,North,Delayed - Transit,2,296.44,397.18,0.65,109
ORD-11011,2023-03-13,Electronics,Computers,North,On-Time,2,149.2,276.79,0.0,44
ORD-11012,2023-06-06,Furniture,Chairs,North,On-Time,2,121.61,128.09,0.51,89
ORD-11013,2023-06-05,Electronics,Accessories,West,On-Time,2,44.76,89.8,0.05,26
ORD-11014,2023-05-03,Furniture,Chairs,North,On-Time,1,56.73,72.32,0.38,126
ORD-11015,2023-09-30,Furniture,Chairs,South,On-Time,1,92.66,120.35,0.42,97
ORD-11016,2023-10-11,Apparel,Footwear,South,On-Time,4,372.36,694.87,0.05,27
ORD-11017,2023-09-14,Furniture,Desks,East,On-Time,2,65.21,85.92,0.38,103
ORD-11018,2023-11-30,Furniture,Chairs,West,On-Time,3,338.84,440.4,0.44,103
ORD-11019,2023-12-26,Electronics,Audio,North,On-Time,3,103.11,194.72,0.0,50
ORD-11020,2023-04-30,Electronics,Computers,North,Delayed - Customs,2,291.29,332.36,0.0,71
ORD-11021,2023-09-18,Furniture,Chairs,West,Delayed - Transit,4,106.48,113.29,0.6,115
ORD-11022,2023-09-24,Electronics,Computers,West,Delayed - Transit,3,180.48,241.57,0.58,111
ORD-11023,2023-11-02,Furniture,Chairs,North,On-Time,4,83.05,94.63,0.42,98
ORD-11024,2023-11-15,Electronics,Audio,West,On-Time,2,305.84,531.42,0.05,28
ORD-11025,2023-04-23,Electronics,Audio,West,On-Time,3,204.36,368.07,0.05,16
ORD-11026,2023-06-17,Apparel,Pants,West,Delayed - Transit,1,182.1,208.88,0.57,186
ORD-11027,2023-09-28,Apparel,Pants,South,On-Time,1,325.04,609.57,0.0,35
ORD-11028,2023-08-04,Furniture,Chairs,East,On-Time,5,124.33,130.91,0.47,143
ORD-11029,2023-12-27,Electronics,Audio,South,Delayed - Transit,2,171.0,206.08,0.05,84
ORD-11030,2023-06-12,Furniture,Desks,East,On-Time,5,66.1,89.13,0.39,129
ORD-11031,2023-02-04,Apparel,Shirts,South,On-Time,2,227.36,504.72,0.0,35
ORD-11032,2023-07-19,Furniture,Chairs,North,On-Time,1,340.07,392.84,0.44,104
ORD-11033,2023-06-22,Apparel,Footwear,North,On-Time,3,205.28,425.09,0.05,31
ORD-11034,2023-08-31,Electronics,Computers,East,On-Time,4,170.16,393.76,0.05,31
ORD-11035,2023-03-16,Apparel,Shirts,West,On-Time,1,187.62,337.42,0.05,30
ORD-11036,2023-03-19,Apparel,Shirts,North,On-Time,1,355.82,585.2,0.05,22
ORD-11037,2023-01-01,Furniture,Chairs,East,On-Time,3,232.83,255.83,0.64,128
ORD-11038,2023-08-13,Apparel,Shirts,East,On-Time,3,313.79,543.14,0.05,32
ORD-11039,2023-08-31,Electronics,Audio,North,On-Time,4,268.95,528.76,0.05,20
ORD-11040,2023-11-16,Apparel,Pants,West,On-Time,5,132.59,268.57,0.05,47
ORD-11041,2023-05-02,Furniture,Tables,South,On-Time,3,238.83,294.31,0.52,141
ORD-11042,2023-08-09,Furniture,Desks,North,On-Time,2,217.49,263.05,0.37,124
ORD-11043,2023-07-06,Apparel,Shirts,East,On-Time,2,396.19,771.41,0.05,12
ORD-11044,2023-08-22,Electronics,Computers,South,On-Time,5,382.32,782.43,0.05,14
ORD-11045,2023-04-22,Furniture,Chairs,North,On-Time,2,237.94,253.81,0.6,134
ORD-11046,2023-10-20,Electronics,Audio,North,Delayed - Customs,3,302.57,345.83,0.0,85
ORD-11047,2023-12-26,Electronics,Audio,South,On-Time,2,235.78,488.04,0.0,21
ORD-11048,2023-08-19,Furniture,Chairs,North,On-Time,5,326.82,373.18,0.38,114
ORD-11049,2023-08-07,Electronics,Audio,North,On-Time,4,202.42,436.1,0.05,26
ORD-11050,2023-04-18,Apparel,Footwear,West,Delayed - Transit,1,242.7,298.52,0.0,51
ORD-11051,2023-07-04,Electronics,Computers,West,On-Time,5,240.48,504.2,0.05,9
ORD-11052,2023-04-08,Furniture,Tables,South,On-Time,3,352.32,378.74,0.42,107
ORD-11053,2023-09-23,Electronics,Accessories,West,On-Time,5,185.74,406.85,0.0,18
ORD-11054,2023-06-22,Apparel,,East,On-Time,2,48.43,106.56,0.0,23
ORD-11055,2023-08-30,Apparel,Shirts,East,Delayed - Transit,4,153.45,182.99,0.58,98
ORD-11056,2023-08-26,Apparel,Pants,West,On-Time,3,132.83,246.05,0.0,34
ORD-11057,2023-05-13,Furniture,Chairs,South,On-Time,1,53.89,58.74,0.52,168
ORD-11058,2023-01-06,Electronics,Computers,South,On-Time,1,83.8,169.42,0.05,47
ORD-11059,2023-11-08,Electronics,Computers,East,Delayed - Transit,3,248.91,323.7,0.59,152
ORD-11060,2023-10-21,Electronics,Computers,South,On-Time,2,219.07,450.26,0.05,8
ORD-11061,2023-04-24,Furniture,Desks,East,On-Time,2,126.64,143.59,0.0,63
ORD-11062,2023-11-07,Furniture,Desks,East,On-Time,2,129.39,169.29,0.51,100
ORD-11063,2023-04-05,Electronics,Computers,South,On-Time,2,151.62,261.95,0.0,36
ORD-11064,2023-07-29,Furniture,Tables,East,On-Time,1,205.42,234.57,0.05,85
ORD-11065,2023-06-29,Furniture,Desks,South,On-Time,4,296.07,345.79,0.41,123
ORD-11066,2023-04-30,Electronics,Audio,West,On-Time,4,116.43,261.29,0.05,36
ORD-11067,2023-09-14,Electronics,Audio,East,Delayed - Transit,3,45.29,61.11,0.58,87
ORD-11068,2023-02-25,Furniture,Chairs,South,On-Time,5,233.82,286.15,0.45,114
ORD-11069,2023-12-11,Electronics,Computers,South,On-Time,2,73.65,139.04,0.0,22
ORD-11070,2023-03-20,Apparel,Shirts,North,On-Time,5,76.98,180.67,0.05,35
ORD-11071,2023-06-02,Electronics,Accessories,West,On-Time,5,332.05,741.87,0.0,45
ORD-11072,2023-08-09,Electronics,Accessories,South,On-Time,3,58.82,102.51,0.05,26
ORD-11073,2023-05-14,Apparel,Pants,South,On-Time,4,42.96,94.57,0.0,15
ORD-11074,2023-11-02,Electronics,Audio,North,Delayed - Customs,5,149.51,168.51,0.54,146
ORD-11075,2023-01-29,Furniture,,West,Delayed - Transit,1,20.32,22.89,0.62,173
ORD-11076,2023-12-04,Furniture,Tables,West,Delayed - Customs,4,301.13,324.28,0.62,122
ORD-11077,2023-10-11,Furniture,Tables,North,On-Time,3,30.98,35.65,0.52,151
ORD-11078,2023-03-23,Electronics,Computers,South,Delayed - Customs,2,109.45,117.91,0.62,93
ORD-11079,2023-02-24,Apparel,Footwear,West,Delayed - Customs,5,136.18,156.43,0.52,116
ORD-11080,2023-03-03,Furniture,Desks,North,Delayed - Transit,4,235.78,304.46,0.55,94
ORD-11081,2023-10-27,Electronics,Accessories,South,On-Time,5,252.97,541.68,0.05,19
ORD-11082,2023-03-11,Furniture,Tables,West,On-Time,5,197.67,209.36,0.55,111
ORD-11083,2023-12-28,Furniture,Tables,East,Delayed - Transit,1,341.87,461.11,0.05,80
ORD-11084,2023-07-07,Apparel,,North,On-Time,4,386.1,751.7,0.05,10
ORD-11085,2023-08-18,Apparel,Shirts,East,On-Time,5,95.51,208.24,0.05,42
ORD-11086,2023-07-17,Apparel,Pants,North,Delayed - Transit,1,65.98,80.71,0.38,117
ORD-11087,2023-02-15,Apparel,Footwear,West,On-Time,4,322.57,564.97,0.05,53
ORD-11088,2023-02-28,Apparel,Pants,South,On-Time,3,245.07,395.48,0.0,27
ORD-11089,2023-04-24,Apparel,Pants,East,On-Time,4,100.64,214.94,0.05,37
ORD-11090,2023-12-02,Electronics,Accessories,West,On-Time,4,248.93,582.7,0.0,9
ORD-11091,2023-01-24,Electronics,Accessories,North,On-Time,5,55.47,96.36,0.05,26
ORD-11092,2023-07-23,Apparel,Footwear,East,On-Time,1,212.56,453.46,0.0,54
ORD-11093,2023-01-02,Furniture,Desks,North,Delayed - Customs,2,266.29,340.03,0.51,141
ORD-11094,2023-05-11,Apparel,Pants,West,On-Time,1,346.78,744.92,0.05,26
ORD-11095,2023-03-27,Furniture,Tables,East,On-Time,1,307.15,412.62,0.53,139
ORD-11096,2023-04-06,Apparel,Pants,West,On-Time,5,359.43,639.44,0.05,29
ORD-11097,2023-03-17,Furniture,Desks,West,On-Time,5,164.07,212.2,0.36,112
ORD-11098,2023-09-30,Furniture,Tables,East,On-Time,2,295.99,355.53,0.52,114
ORD-11099,2023-12-05,Electronics,Computers,South,Delayed - Transit,3,162.66,181.66,0.05,85
ORD-11100,2023-01-20,Electronics,Accessories,West,On-Time,4,266.25,543.42,0.05,29
ORD-11101,2023-06-17,Furniture,Desks,North,Delayed - Transit,4,311.27,340.24,0.56,90
ORD-11102,2023-01-28,Electronics,Audio,North,On-Time,2,320.09,543.42,0.0,32
ORD-11103,2023-05-01,Electronics,Audio,East,On-Time,3,84.0,145.73,0.05,29
ORD-11104,2023-01-23,Furniture,Tables,West,Delayed - Transit,4,224.51,287.43,0.39,106
ORD-11105,2023-03-19,Furniture,Tables,North,On-Time,1,359.9,465.26,0.56,144
ORD-11106,2023-03-18,Apparel,Footwear,South,On-Time,5,319.57,582.21,0.05,25
ORD-11107,2023-03-05,Electronics,Computers,North,Delayed - Transit,1,165.39,193.64,0.49,94
ORD-11108,2023-10-31,Electronics,Accessories,South,On-Time,2,225.48,442.14,0.0,21
ORD-11109,2023-11-22,Furniture,Chairs,South,On-Time,4,147.21,171.78,0.54,87
ORD-11110,2023-10-19,Apparel,Pants,East,On-Time,3,293.23,510.56,0.05,40
ORD-11111,2023-01-29,Apparel,Footwear,North,On-Time,2,78.21,140.4,0.05,32
ORD-11112,2023-01-26,Electronics,Accessories,South,On-Time,1,215.33,440.0,0.05,67
ORD-11113,2023-11-15,Apparel,Footwear,West,On-Time,2,23.38,48.23,0.0,19
ORD-11114,2023-02-08,Apparel,Pants,North,On-Time,1,198.48,350.14,0.05,30
ORD-11115,2023-08-25,Furniture,Chairs,West,Delayed - Transit,5,313.81,371.09,0.39,157
ORD-11116,2023-12-11,Electronics,Audio,East,On-Time,5,257.21,490.23,0.05,32
ORD-11117,2023-04-09,Furniture,Tables,North,On-Time,3,111.61,145.32,0.64,96
ORD-11118,2023-02-10,Electronics,Computers,North,On-Time,4,235.54,533.25,0.05,33
ORD-11119,2023-05-09,Apparel,Pants,East,On-Time,3,375.45,887.89,0.0,14
ORD-11120,2023-05-29,Furniture,Desks,South,Delayed - Transit,3,99.62,108.49,0.38,134
ORD-11121,2023-05-10,Apparel,Shirts,West,On-Time,2,85.93,181.4,0.0,37
ORD-11122,2023-07-10,Electronics,Computers,West,On-Time,5,249.26,576.42,0.05,27
ORD-11123,2023-11-02,Apparel,Shirts,East,On-Time,1,283.59,634.11,0.0,28
ORD-11124,2023-05-30,Furniture,,West,On-Time,4,317.64,401.99,0.36,116
ORD-11125,2023-11-01,Electronics,Computers,North,Delayed - Customs,3,42.13,55.72,0.46,135
ORD-11126,2023-06-12,Apparel,Footwear,East,Delayed - Customs,1,322.08,424.74,0.41,113
ORD-11127,2023-04-16,Electronics,Computers,North,On-Time,4,22.28,40.86,0.05,23
ORD-11128,2023-08-08,Apparel,Footwear,East,On-Time,5,350.44,703.13,0.05,50
ORD-11129,2023-09-04,Furniture,Desks,East,On-Time,1,372.0,407.44,0.58,101
ORD-11130,2023-08-25,Apparel,Pants,East,On-Time,5,96.75,205.87,0.05,41
ORD-11131,2023-10-15,Electronics,Computers,East,On-Time,3,157.65,332.04,0.05,25
ORD-11132,2023-03-04,Furniture,Desks,West,On-Time,3,124.2,156.6,0.58,108
ORD-11133,2023-05-22,Electronics,Audio,South,On-Time,4,224.74,529.99,0.0,41
ORD-11134,2023-07-01,Apparel,,North,On-Time,4,288.13,599.36,0.0,11
ORD-11135,2023-01-04,Electronics,Computers,South,On-Time,2,368.95,748.11,0.05,9
ORD-11136,2023-09-23,Furniture,Desks,East,On-Time,2,103.58,126.9,0.58,87
ORD-11137,2023-08-06,Electronics,Audio,East,Delayed - Customs,5,262.9,333.72,0.6,99
ORD-11138,2023-09-28,Furniture,Chairs,East,On-Time,2,201.14,213.52,0.58,108
ORD-11139,2023-12-26,Furniture,Chairs,North,On-Time,4,266.8,291.27,0.52,135
ORD-11140,2023-12-02,Furniture,Desks,East,Delayed - Transit,1,171.08,198.44,0.4,131
ORD-11141,2023-01-19,Apparel,Pants,South,On-Time,3,229.54,389.52,0.05,28
ORD-11142,2023-06-16,Electronics,Audio,North,On-Time,1,197.74,363.98,0.05,44
ORD-11143,2023-06-15,Furniture,Chairs,West,On-Time,5,319.94,337.6,0.46,95
ORD-11144,2023-08-29,Electronics,Audio,North,Delayed - Transit,2,83.44,105.55,0.35,128
ORD-11145,2023-01-05,Electronics,Audio,South,On-Time,3,311.02,581.02,0.05,21
ORD-11146,2023-03-11,Apparel,Pants,West,Delayed - Transit,4,32.62,40.24,0.54,95
ORD-11147,2023-05-07,Apparel,,West,Delayed - Customs,2,321.99,390.13,0.64,134
ORD-11148,2023-12-31,Electronics,Audio,North,On-Time,1,198.3,333.36,0.05,41
ORD-11149,2023-08-24,Electronics,Accessories,East,On-Time,4,143.97,230.74,0.0,41
ORD-11150,2023-08-13,Apparel,,East,On-Time,3,83.25,187.22,0.05,26
ORD-11151,2023-05-12,Apparel,Shirts,East,On-Time,4,46.93,112.55,0.05,39
ORD-11152,2023-08-24,Furniture,Desks,North,On-Time,2,91.94,103.86,0.55,114
ORD-11153,2023-11-26,Furniture,Desks,South,On-Time,4,297.25,338.77,0.53,117
ORD-11154,2023-01-10,Electronics,Audio,East,On-Time,5,386.43,819.63,0.0,29
ORD-11155,2023-05-26,Furniture,Tables,South,Delayed - Transit,1,301.47,363.62,0.05,84
ORD-11156,2023-10-30,Apparel,Footwear,North,On-Time,2,116.21,269.22,0.0,30
ORD-11157,2023-12-07,Electronics,Computers,West,On-Time,5,75.83,159.04,0.0,24
ORD-11158,2023-04-08,Furniture,Chairs,East,Delayed - Transit,5,383.61,483.2,0.38,120
ORD-11159,2023-05-18,Electronics,Accessories,North,Delayed - Transit,4,389.15,475.84,0.46,114
ORD-11160,2023-06-29,Electronics,Audio,North,On-Time,4,380.05,814.69,0.05,13
ORD-11161,2023-06-13,Apparel,Shirts,West,On-Time,3,286.35,611.97,0.05,29
ORD-11162,2023-12-05,Electronics,Accessories,East,On-Time,5,191.28,446.99,0.05,22
ORD-11163,2023-02-07,Electronics,Computers,West,On-Time,5,206.38,333.78,0.05,24
ORD-11164,2023-12-30,Electronics,Computers,West,On-Time,4,86.03,188.23,0.0,38
ORD-11165,2023-10-01,Electronics,Accessories,East,On-Time,2,151.97,271.93,0.05,43
ORD-11166,2023-02-21,Electronics,Computers,East,On-Time,1,334.82,771.58,0.0,19
ORD-11167,2023-08-07,Electronics,Audio,North,On-Time,2,393.65,655.84,0.0,30
ORD-11168,2023-08-12,Furniture,Chairs,East,On-Time,2,132.25,142.13,0.57,123
ORD-11169,2023-04-04,Electronics,Audio,North,Delayed - Transit,2,99.37,124.66,0.49,88
ORD-11170,2023-02-23,Apparel,Shirts,South,Delayed - Transit,1,123.61,153.81,0.38,86
ORD-11171,2023-04-04,Electronics,Computers,North,Delayed - Customs,3,51.69,54.29,0.6,103
ORD-11172,2023-09-04,Furniture,Chairs,East,On-Time,1,235.11,311.7,0.47,108
ORD-11173,2023-05-12,Apparel,Pants,East,On-Time,4,362.5,752.29,0.0,38
ORD-11174,2023-01-08,Electronics,Accessories,West,Delayed - Transit,1,144.64,174.48,0.56,128
ORD-11175,2023-11-02,Electronics,Accessories,South,On-Time,5,57.45,125.54,0.0,22
ORD-11176,2023-06-19,Electronics,Audio,East,Delayed - Transit,1,65.41,82.91,0.05,84
ORD-11177,2023-09-14,Apparel,Pants,North,On-Time,5,354.72,691.22,0.0,20
ORD-11178,2023-03-08,Electronics,Accessories,North,On-Time,1,364.81,866.63,0.05,38
ORD-11179,2023-03-21,Apparel,Pants,West,On-Time,2,281.6,483.42,0.05,40
ORD-11180,2023-10-28,Furniture,Chairs,East,On-Time,4,194.71,211.52,0.4,117
ORD-11181,2023-01-16,Furniture,Chairs,East,Delayed - Transit,2,317.58,369.48,0.0,80
ORD-11182,2023-10-28,Furniture,Tables,West,On-Time,5,99.42,130.34,0.0,77
ORD-11183,2023-03-01,Furniture,Tables,South,On-Time,3,295.55,333.18,0.41,128
ORD-11184,2023-05-26,Apparel,Footwear,North,On-Time,4,201.88,451.36,0.05,28
ORD-11185,2023-09-17,Furniture,Desks,South,On-Time,4,392.01,523.68,0.62,162
ORD-11186,2023-08-04,Furniture,Desks,East,Delayed - Transit,3,194.13,256.55,0.42,131
ORD-11187,2023-07-09,Furniture,Chairs,West,On-Time,4,45.24,53.07,0.35,139
ORD-11188,2023-10-01,Apparel,Shirts,North,On-Time,3,183.87,295.25,0.0,35
ORD-11189,2023-03-21,Electronics,Accessories,North,On-Time,1,325.0,585.88,0.05,30
ORD-11190,2023-11-10,Furniture,Chairs,West,Delayed - Transit,1,347.5,441.89,0.4,95
ORD-11191,2023-05-14,Furniture,Desks,East,On-Time,5,374.51,434.56,0.35,118
ORD-11192,2023-06-15,Apparel,Shirts,East,Delayed - Transit,1,332.56,397.97,0.64,138
ORD-11193,2023-04-25,Apparel,Pants,South,Delayed - Customs,1,314.84,373.83,0.57,95
ORD-11194,2023-04-05,Apparel,Shirts,East,Delayed - Transit,3,120.24,133.52,0.53,100
ORD-11195,2023-05-15,Furniture,Chairs,North,On-Time,1,187.93,209.0,0.4,117
ORD-11196,2023-02-21,Furniture,Chairs,North,On-Time,2,343.78,437.19,0.38,125
ORD-11197,2023-05-08,Furniture,Chairs,South,Delayed - Transit,1,57.73,61.67,0.53,112
ORD-11198,2023-10-22,Electronics,Computers,North,Delayed - Transit,2,110.22,138.88,0.45,125
ORD-11199,2023-06-16,Electronics,Audio,West,Delayed - Transit,2,54.81,68.64,0.05,68
ORD-11200,2023-05-03,Furniture,Chairs,East,On-Time,5,98.91,106.39,0.54,110
ORD-11201,2023-04-09,Apparel,Shirts,South,Delayed - Transit,2,124.35,149.27,0.42,97
ORD-11202,2023-07-27,Furniture,Chairs,East,Delayed - Transit,3,102.76,108.5,0.38,109
ORD-11203,2023-07-29,Furniture,Desks,East,On-Time,4,293.56,388.77,0.36,125
ORD-11204,2023-07-28,Electronics,Audio,West,On-Time,2,222.57,374.51,0.0,30
ORD-11205,2023-01-22,Furniture,Chairs,East,Delayed - Customs,5,90.09,101.75,0.37,134
ORD-11206,2023-03-10,Furniture,Desks,South,On-Time,2,266.07,347.68,0.65,91
ORD-11207,2023-03-02,Apparel,,North,On-Time,4,53.37,88.27,0.0,37
ORD-11208,2023-11-16,Furniture,Tables,North,On-Time,2,82.17,87.77,0.45,111
ORD-11209,2023-08-02,Furniture,Desks,West,On-Time,1,27.85,29.77,0.37,121
ORD-11210,2023-02-01,Electronics,Audio,South,On-Time,5,35.83,72.11,0.0,40
ORD-11211,2023-09-01,Apparel,Shirts,East,Delayed - Customs,4,37.85,48.01,0.36,97
ORD-11212,2023-10-04,Furniture,Tables,East,On-Time,3,214.9,260.4,0.58,146
ORD-11213,2023-05-04,Apparel,Pants,South,On-Time,2,155.65,350.78,0.0,25
ORD-11214,2023-01-24,Electronics,Computers,North,Delayed - Customs,3,21.84,23.02,0.38,89
ORD-11215,2023-02-18,Apparel,,North,Delayed - Transit,5,352.34,393.25,0.5,139
ORD-11216,2023-08-16,Electronics,Accessories,East,On-Time,5,219.54,381.13,0.0,42
ORD-11217,2023-03-18,Furniture,Chairs,East,Delayed - Customs,5,211.59,264.13,0.46,112
ORD-11218,2023-10-02,Apparel,Pants,East,On-Time,2,113.56,239.11,0.05,15
ORD-11219,2023-09-07,Electronics,Audio,North,On-Time,2,161.64,324.9,0.05,42
ORD-11220,2023-01-02,Furniture,Desks,North,On-Time,4,65.12,83.11,0.49,138
ORD-11221,2023-09-22,Apparel,Pants,West,On-Time,1,365.87,735.78,0.05,30
ORD-11222,2023-02-19,Electronics,Computers,North,On-Time,3,255.73,613.01,0.05,25
ORD-11223,2023-05-05,Furniture,Desks,East,On-Time,2,160.01,189.99,0.51,122
ORD-11224,2023-03-18,Apparel,Pants,West,Delayed - Transit,3,80.16,106.8,0.48,100
ORD-11225,2023-02-04,Electronics,Accessories,West,On-Time,1,342.35,750.18,0.0,19
ORD-11226,2023-06-24,Electronics,Accessories,South,On-Time,1,316.0,631.58,0.0,21
ORD-11227,2023-02-05,Electronics,Accessories,South,On-Time,1,200.89,343.62,0.05,20
ORD-11228,2023-02-01,Furniture,Tables,North,On-Time,3,77.79,84.14,0.42,114
ORD-11229,2023-02-23,Apparel,Footwear,South,On-Time,4,32.16,76.32,0.0,23
ORD-11230,2023-11-23,Furniture,Desks,West,On-Time,5,139.06,171.12,0.45,134
ORD-11231,2023-11-24,Furniture,Desks,East,On-Time,2,336.12,436.62,0.39,165
ORD-11232,2023-02-16,Furniture,Desks,East,Delayed - Customs,4,107.38,141.27,0.6,93
ORD-11233,2023-12-29,Furniture,Chairs,South,Delayed - Transit,5,47.81,54.03,0.0,78
ORD-11234,2023-01-22,Electronics,Audio,North,On-Time,2,226.33,506.65,0.05,10
ORD-11235,2023-09-07,Electronics,Accessories,East,On-Time,3,387.12,661.66,0.05,31
ORD-11236,2023-07-19,Electronics,Audio,West,On-Time,1,144.4,252.94,0.05,26
ORD-11237,2023-06-24,Apparel,Shirts,West,On-Time,4,364.0,787.25,0.0,19
ORD-11238,2023-04-04,Furniture,,East,On-Time,2,383.5,414.87,0.55,117
ORD-11239,2023-03-29,Apparel,Shirts,North,Delayed - Customs,3,352.81,454.06,0.43,136
ORD-11240,2023-04-03,Apparel,Pants,South,On-Time,5,375.41,778.54,0.05,22
ORD-11241,2023-04-14,Furniture,Chairs,North,On-Time,2,269.98,338.41,0.41,111
ORD-11242,2023-07-04,Electronics,Computers,South,On-Time,2,201.29,395.37,0.05,29
ORD-11243,2023-06-26,Electronics,Audio,North,Delayed - Transit,4,275.35,327.82,0.54,123
ORD-11244,2023-11-28,Apparel,Pants,East,On-Time,3,294.14,660.06,0.05,47
ORD-11245,2023-11-09,Furniture,Chairs,North,On-Time,4,399.01,459.05,0.64,157
ORD-11246,2023-06-04,Electronics,Computers,East,Delayed - Transit,5,121.21,127.49,0.39,100
ORD-11247,2023-02-24,Furniture,Chairs,North,On-Time,4,349.2,383.51,0.58,99
ORD-11248,2023-04-11,Electronics,Accessories,North,On-Time,2,74.76,144.19,0.0,38
ORD-11249,2023-03-31,Apparel,Shirts,East,On-Time,4,244.11,524.01,0.05,27
ORD-11250,2023-10-11,Apparel,Footwear,North,On-Time,4,317.54,522.89,0.0,24
ORD-11251,2023-05-03,Furniture,Chairs,South,On-Time,1,111.78,130.1,0.0,81
ORD-11252,2023-04-01,Furniture,Tables,West,Delayed - Customs,4,167.82,207.01,0.55,140
ORD-11253,2023-10-28,Apparel,Footwear,East,On-Time,3,228.05,526.23,0.05,39
ORD-11254,2023-10-27,Furniture,Tables,North,Delayed - Transit,4,289.05,371.55,0.4,129
ORD-11255,2023-04-15,Furniture,Tables,North,On-Time,2,170.97,218.08,0.49,114
ORD-11256,2023-07-25,Apparel,Shirts,North,On-Time,3,380.95,750.18,0.0,24
ORD-11257,2023-03-23,Furniture,Chairs,South,On-Time,1,330.42,420.35,0.57,109
ORD-11258,2023-04-24,Electronics,Audio,West,On-Time,5,340.91,606.77,0.05,21
ORD-11259,2023-02-07,Electronics,Computers,West,Delayed - Transit,4,26.81,35.1,0.58,126
ORD-11260,2023-11-21,Furniture,Desks,North,On-Time,1,72.53,96.1,0.38,141
ORD-11261,2023-05-09,Furniture,Desks,East,On-Time,1,385.81,445.49,0.44,161
ORD-11262,2023-03-27,Furniture,Tables,West,On-Time,3,181.03,224.21,0.55,110
ORD-11263,2023-08-27,Electronics,Computers,South,Delayed - Transit,1,114.45,126.65,0.47,137
ORD-11264,2023-08-16,Electronics,,North,On-Time,3,343.61,694.68,0.05,47
ORD-11265,2023-12-13,Furniture,Desks,West,Delayed - Transit,1,289.36,334.94,0.57,98
ORD-11266,2023-01-20,Furniture,Chairs,South,On-Time,1,67.66,79.54,0.56,114
ORD-11267,2023-09-06,Apparel,Shirts,North,On-Time,5,350.64,652.77,0.0,12
ORD-11268,2023-01-01,Electronics,Audio,North,On-Time,2,332.9,541.73,0.05,23
ORD-11269,2023-12-05,Electronics,Audio,South,On-Time,3,301.93,595.55,0.05,41
ORD-11270,2023-02-16,Electronics,Computers,West,Delayed - Transit,1,261.92,334.06,0.51,109
ORD-11271,2023-12-23,Apparel,Pants,North,On-Time,4,394.74,642.86,0.05,19
ORD-11272,2023-02-09,Furniture,Desks,East,On-Time,1,33.13,43.58,0.6,110
ORD-11273,2023-05-11,Apparel,Footwear,West,On-Time,4,49.04,106.5,0.05,29
ORD-11274,2023-07-12,Electronics,Accessories,West,Delayed - Transit,2,364.24,467.77,0.51,87
ORD-11275,2023-06-20,Furniture,Desks,South,Delayed - Transit,5,215.4,285.53,0.39,91
ORD-11276,2023-11-18,Apparel,Footwear,South,On-Time,3,113.38,217.06,0.05,20
ORD-11277,2023-02-11,Electronics,Audio,South,On-Time,5,179.44,380.07,0.0,23
ORD-11278,2023-03-02,Apparel,Footwear,South,On-Time,2,350.03,571.95,0.05,38
ORD-11279,2023-04-10,Furniture,Chairs,East,On-Time,2,309.01,324.69,0.4,113
ORD-11280,2023-11-23,Apparel,Shirts,South,On-Time,3,99.87,192.32,0.0,33
ORD-11281,2023-07-31,Apparel,Footwear,North,On-Time,4,355.43,809.38,0.0,29
ORD-11282,2023-08-05,Furniture,Tables,West,On-Time,4,123.33,145.78,0.64,131
ORD-11283,2023-07-07,Apparel,Pants,South,On-Time,4,160.33,364.98,0.05,13
ORD-11284,2023-09-10,Apparel,Footwear,South,On-Time,1,32.71,62.18,0.05,45
ORD-11285,2023-10-20,Electronics,,West,On-Time,2,98.58,222.8,0.0,19
ORD-11286,2023-04-12,Furniture,Desks,East,Delayed - Transit,4,310.95,380.35,0.0,71
ORD-11287,2023-10-12,Electronics,Audio,North,On-Time,4,119.77,244.57,0.05,44
ORD-11288,2023-08-09,Furniture,,North,On-Time,5,54.71,61.99,0.05,69
ORD-11289,2023-02-24,Furniture,Desks,North,On-Time,4,117.02,130.31,0.55,144
ORD-11290,2023-02-24,Apparel,Pants,North,On-Time,5,263.32,494.45,0.05,19
ORD-11291,2023-07-11,Electronics,Computers,West,On-Time,4,226.53,509.44,0.0,44
ORD-11292,2023-10-02,Electronics,Accessories,North,Delayed - Transit,5,48.12,64.45,0.6,131
ORD-11293,2023-05-16,Furniture,,West,On-Time,3,16.27,21.94,0.65,162
ORD-11294,2023-11-15,Electronics,Accessories,East,On-Time,1,32.08,56.32,0.05,17
ORD-11295,2023-09-21,Electronics,Accessories,South,On-Time,5,57.56,106.53,0.0,32
ORD-11296,2023-11-07,Electronics,Computers,West,On-Time,5,311.26,592.24,0.0,5
ORD-11297,2023-02-04,Furniture,Desks,West,On-Time,1,146.49,196.22,0.53,114
ORD-11298,2023-01-31,Electronics,,North,On-Time,1,387.38,722.86,0.0,29
ORD-11299,2023-09-24,Apparel,Footwear,North,On-Time,4,85.82,188.29,0.0,30
ORD-11300,2023-06-02,Electronics,Computers,North,On-Time,4,235.01,502.09,0.05,33
ORD-11301,2023-02-24,Apparel,Pants,East,On-Time,5,222.65,381.49,0.0,26
ORD-11302,2023-06-05,Furniture,Desks,South,On-Time,2,39.45,48.39,0.54,124
ORD-11303,2023-06-26,Electronics,Accessories,West,On-Time,3,17.81,30.19,0.0,25
ORD-11304,2023-02-17,Furniture,Tables,East,Delayed - Customs,4,24.94,27.41,0.36,123
ORD-11305,2023-06-11,Apparel,Pants,North,On-Time,2,191.17,361.17,0.05,22
ORD-11306,2023-10-16,Electronics,Accessories,East,On-Time,3,220.32,514.39,0.05,34
ORD-11307,2023-06-30,Electronics,Computers,West,Delayed - Customs,2,100.75,125.32,0.51,117
ORD-11308,2023-06-18,Electronics,Computers,East,On-Time,5,39.9,68.16,0.0,19
ORD-11309,2023-12-26,Apparel,Pants,West,On-Time,4,161.74,303.26,0.05,22
ORD-11310,2023-06-30,Electronics,Accessories,East,On-Time,1,186.32,303.77,0.0,34
ORD-11311,2023-03-04,Electronics,Accessories,South,On-Time,2,247.46,558.09,0.05,33
ORD-11312,2023-06-05,Electronics,Computers,South,On-Time,3,289.77,574.51,0.0,27
ORD-11313,2023-02-28,Furniture,Desks,West,On-Time,3,331.14,432.76,0.46,130
ORD-11314,2023-06-23,Furniture,Desks,West,On-Time,4,263.05,285.65,0.54,127
ORD-11315,2023-05-23,Electronics,Accessories,West,Delayed - Transit,3,123.57,164.92,0.54,95
ORD-11316,2023-10-11,Apparel,Footwear,West,Delayed - Transit,4,243.78,259.17,0.41,133
ORD-11317,2023-06-29,Electronics,Computers,North,Delayed - Customs,2,214.53,282.23,0.53,119
ORD-11318,2023-07-10,Electronics,Audio,South,On-Time,4,300.29,657.66,0.05,10
ORD-11319,2023-05-18,Furniture,Tables,South,On-Time,2,110.11,115.97,0.49,121
ORD-11320,2023-11-28,Electronics,Audio,West,On-Time,3,19.82,34.41,0.05,47
ORD-11321,2023-10-11,Apparel,Pants,North,On-Time,4,262.98,520.57,0.05,32
ORD-11322,2023-10-04,Electronics,Computers,West,On-Time,4,84.3,142.69,0.05,25
ORD-11323,2023-02-26,Furniture,Chairs,North,On-Time,1,171.39,225.72,0.43,151
ORD-11324,2023-10-22,Electronics,Audio,North,On-Time,1,153.29,366.43,0.0,18
ORD-11325,2023-06-12,Furniture,Desks,North,On-Time,1,263.18,285.62,0.65,143
ORD-11326,2023-06-27,Electronics,Audio,South,On-Time,5,61.91,109.53,0.0,45
ORD-11327,2023-03-18,Apparel,Pants,North,On-Time,5,79.89,144.66,0.0,20
ORD-11328,2023-06-16,Furniture,Tables,East,On-Time,3,368.87,429.57,0.57,91
ORD-11329,2023-03-11,Electronics,Audio,West,On-Time,4,266.07,557.02,0.0,41
ORD-11330,2023-09-06,Electronics,Accessories,South,Delayed - Transit,1,253.11,279.93,0.05,83
ORD-11331,2023-10-23,Apparel,Footwear,South,Delayed - Customs,4,282.2,378.75,0.05,73
ORD-11332,2023-08-21,Furniture,Chairs,South,On-Time,2,316.45,363.69,0.38,111
ORD-11333,2023-07-18,Apparel,Footwear,North,Delayed - Customs,4,250.43,271.83,0.53,121
ORD-11334,2023-04-18,Electronics,Accessories,East,Delayed - Transit,1,27.97,33.94,0.4,113
ORD-11335,2023-04-30,Electronics,Accessories,West,Delayed - Customs,2,131.07,161.23,0.45,137
ORD-11336,2023-08-09,Apparel,Shirts,West,On-Time,5,122.38,282.66,0.0,44
ORD-11337,2023-09-05,Furniture,Chairs,West,On-Time,3,398.13,443.9,0.63,147
ORD-11338,2023-11-24,Electronics,Audio,East,On-Time,3,96.45,197.6,0.0,37
ORD-11339,2023-09-30,Furniture,Desks,East,On-Time,3,76.32,93.94,0.41,111
ORD-11340,2023-08-12,Apparel,Footwear,North,On-Time,4,290.78,584.11,0.0,40
ORD-11341,2023-03-03,Apparel,Footwear,South,On-Time,1,157.35,330.2,0.0,26
ORD-11342,2023-04-27,Apparel,Footwear,South,On-Time,2,287.73,647.43,0.0,26
ORD-11343,2023-05-25,Electronics,Computers,North,Delayed - Transit,5,182.11,193.35,0.51,101
ORD-11344,2023-10-04,Apparel,Shirts,North,On-Time,2,121.89,254.59,0.05,26
ORD-11345,2023-11-30,Electronics,Computers,North,On-Time,2,390.9,702.21,0.0,32
ORD-11346,2023-12-02,Electronics,Computers,North,Delayed - Transit,1,80.75,87.64,0.05,74
ORD-11347,2023-05-22,Electronics,Audio,South,On-Time,5,255.73,491.83,0.0,41
ORD-11348,2023-12-23,Electronics,Audio,West,On-Time,5,262.05,476.04,0.0,37
ORD-11349,2023-05-02,Apparel,Shirts,East,On-Time,4,259.87,621.85,0.0,32
ORD-11350,2023-07-22,Electronics,Audio,West,Delayed - Transit,3,397.59,514.64,0.58,131
ORD-11351,2023-07-06,Apparel,Footwear,West,On-Time,2,303.65,712.59,0.0,34
ORD-11352,2023-10-16,Furniture,Desks,West,Delayed - Transit,1,39.01,44.19,0.05,64
ORD-11353,2023-07-10,Furniture,Desks,West,Delayed - Transit,1,282.5,369.13,0.35,108
ORD-11354,2023-10-18,Apparel,Shirts,East,On-Time,5,348.21,612.33,0.0,35
ORD-11355,2023-11-20,Apparel,Pants,West,On-Time,1,302.26,654.32,0.0,68
ORD-11356,2023-07-21,Electronics,Accessories,East,On-Time,5,161.21,298.56,0.05,30
ORD-11357,2023-06-05,Apparel,Pants,West,Delayed - Transit,2,369.1,464.84,0.5,124
ORD-11358,2023-09-08,Apparel,Footwear,South,On-Time,5,350.46,639.74,0.05,48
ORD-11359,2023-10-06,Furniture,Chairs,South,On-Time,2,270.57,311.61,0.46,95
ORD-11360,2023-11-21,Electronics,Computers,West,On-Time,4,377.14,812.55,0.0,22
ORD-11361,2023-02-28,Apparel,Footwear,South,Delayed - Transit,3,217.1,288.52,0.64,105
ORD-11362,2023-04-23,Apparel,Footwear,North,On-Time,2,315.07,665.07,0.0,30
ORD-11363,2023-09-01,Furniture,Desks,North,On-Time,2,343.3,364.75,0.37,102
ORD-11364,2023-08-06,Furniture,Tables,South,Delayed - Customs,4,342.51,457.34,0.62,136
ORD-11365,2023-04-19,Electronics,Computers,North,On-Time,1,212.7,380.37,0.0,34
ORD-11366,2023-07-24,Electronics,Computers,South,On-Time,5,338.33,662.12,0.0,37
ORD-11367,2023-09-17,Furniture,Chairs,West,On-Time,2,23.95,26.42,0.41,87
ORD-11368,2023-09-18,Furniture,Chairs,North,On-Time,1,260.59,277.06,0.51,112
ORD-11369,2023-07-14,Electronics,Accessories,West,On-Time,1,140.23,232.87,0.05,25
ORD-11370,2023-03-19,Electronics,Audio,South,On-Time,1,248.58,594.04,0.05,42
ORD-11371,2023-12-30,Furniture,Desks,North,On-Time,4,366.74,390.47,0.48,108
ORD-11372,2023-05-28,Furniture,Tables,North,On-Time,3,187.88,243.03,0.0,80
ORD-11373,2023-12-27,Furniture,Chairs,South,On-Time,5,99.36,132.73,0.39,165
ORD-11374,2023-11-17,Electronics,Computers,South,Delayed - Customs,2,350.39,404.37,0.45,151
ORD-11375,2023-04-06,Electronics,Computers,West,On-Time,2,342.76,754.59,0.05,33
ORD-11376,2023-02-20,Apparel,Footwear,North,On-Time,4,198.18,445.82,0.0,40
ORD-11377,2023-04-22,Apparel,Footwear,East,Delayed - Transit,4,398.29,454.15,0.43,98
ORD-11378,2023-02-08,Apparel,Footwear,North,On-Time,3,159.54,273.28,0.05,19
ORD-11379,2023-06-15,Apparel,Shirts,North,Delayed - Transit,1,101.3,106.79,0.42,100
ORD-11380,2023-03-08,Apparel,Pants,North,On-Time,2,378.43,643.42,0.05,20
ORD-11381,2023-03-06,Apparel,Shirts,South,On-Time,1,190.6,437.49,0.0,8
ORD-11382,2023-02-04,Electronics,Accessories,East,Delayed - Transit,3,276.89,331.34,0.4,138
ORD-11383,2023-09-09,Apparel,Shirts,East,On-Time,1,70.36,153.57,0.0,29
ORD-11384,2023-06-20,Electronics,Computers,North,On-Time,2,70.07,145.38,0.05,28
ORD-11385,2023-09-10,Furniture,Tables,East,Delayed - Customs,5,370.89,448.13,0.51,101
ORD-11386,2023-09-08,Furniture,Desks,West,On-Time,4,376.22,467.45,0.39,132
ORD-11387,2023-10-26,Electronics,Accessories,North,Delayed - Transit,4,145.6,157.39,0.51,126
ORD-11388,2023-06-15,Apparel,Footwear,North,Delayed - Customs,3,220.21,260.68,0.45,128
ORD-11389,2023-12-15,Furniture,Tables,East,Delayed - Transit,5,380.05,457.32,0.37,94
ORD-11390,2023-08-04,Apparel,Pants,East,On-Time,5,110.47,185.6,0.0,23
ORD-11391,2023-11-10,Apparel,Shirts,South,Delayed - Transit,1,264.28,291.58,0.62,112
ORD-11392,2023-06-28,Electronics,Audio,West,On-Time,2,81.88,166.3,0.0,38
ORD-11393,2023-07-07,Apparel,Footwear,West,On-Time,1,44.25,95.17,0.0,9
ORD-11394,2023-09-12,Electronics,Computers,East,On-Time,3,190.8,337.23,0.05,18
ORD-11395,2023-03-06,Apparel,Shirts,West,On-Time,2,250.36,529.18,0.0,34
ORD-11396,2023-05-20,Apparel,Shirts,East,On-Time,4,198.96,455.92,0.05,15
ORD-11397,2023-11-09,Electronics,Audio,South,On-Time,3,33.2,58.83,0.05,36
ORD-11398,2023-05-19,Apparel,Pants,South,On-Time,4,281.19,619.39,0.0,35
ORD-11399,2023-05-19,Furniture,Tables,West,Delayed - Transit,2,235.89,286.27,0.55,120
ORD-11400,2023-06-22,Electronics,Audio,South,On-Time,2,273.53,621.57,0.0,35
ORD-11401,2023-09-24,Apparel,Footwear,East,Delayed - Transit,2,76.85,85.44,0.57,142
ORD-11402,2023-02-11,Apparel,Pants,North,On-Time,2,217.94,357.24,0.05,31
ORD-11403,2023-12-12,Apparel,Pants,North,On-Time,5,367.28,728.3,0.05,5
ORD-11404,2023-08-10,Furniture,Desks,South,On-Time,2,35.63,41.08,0.47,104
ORD-11405,2023-01-20,Apparel,Pants,East,On-Time,1,29.52,69.74,0.0,37
ORD-11406,2023-12-06,Furniture,Desks,South,On-Time,5,73.8,94.54,0.63,94
ORD-11407,2023-11-27,Furniture,Chairs,South,On-Time,3,48.88,51.5,0.51,149
ORD-11408,2023-01-02,Electronics,Computers,North,On-Time,2,174.43,375.74,0.05,22
ORD-11409,2023-03-22,Furniture,Desks,West,Delayed - Customs,4,303.93,373.29,0.4,90
ORD-11410,2023-03-01,Electronics,Computers,West,On-Time,2,197.96,443.34,0.05,41
ORD-11411,2023-02-04,Furniture,Desks,South,On-Time,2,398.2,510.8,0.65,140
ORD-11412,2023-05-16,Apparel,Footwear,South,On-Time,5,156.69,346.14,0.0,6
ORD-11413,2023-07-24,Electronics,Accessories,South,On-Time,1,259.83,552.07,0.0,37
ORD-11414,2023-05-09,Apparel,Shirts,South,On-Time,4,225.18,478.47,0.0,36
ORD-11415,2023-02-21,Apparel,Footwear,West,On-Time,1,207.26,379.38,0.0,22
ORD-11416,2023-07-08,Apparel,Shirts,West,On-Time,1,340.15,585.16,0.0,39
ORD-11417,2023-08-17,Electronics,Computers,North,Delayed - Transit,1,285.63,363.59,0.49,94
ORD-11418,2023-08-02,Electronics,Accessories,East,Delayed - Customs,1,170.13,193.47,0.39,126
ORD-11419,2023-06-06,Apparel,Footwear,North,On-Time,5,189.02,415.01,0.05,41
ORD-11420,2023-09-13,Electronics,Audio,South,On-Time,5,135.16,247.31,0.0,30
ORD-11421,2023-12-19,Furniture,Desks,South,On-Time,4,259.38,282.96,0.6,98
ORD-11422,2023-07-20,Furniture,Tables,North,Delayed - Transit,4,152.78,180.87,0.4,123
ORD-11423,2023-04-21,Apparel,Footwear,West,On-Time,2,352.26,595.54,0.0,43
ORD-11424,2023-03-22,Furniture,Chairs,South,Delayed - Transit,2,329.53,355.75,0.54,114
ORD-11425,2023-06-18,Furniture,Desks,East,On-Time,4,140.22,148.02,0.0,76
ORD-11426,2023-06-09,Furniture,Desks,West,On-Time,1,72.71,79.95,0.46,155
ORD-11427,2023-04-30,Furniture,Tables,North,Delayed - Transit,3,137.37,183.45,0.51,138
ORD-11428,2023-04-01,Furniture,Chairs,West,Delayed - Customs,5,133.72,160.69,0.53,123
ORD-11429,2023-04-01,Apparel,Footwear,West,On-Time,3,355.35,696.19,0.05,32
ORD-11430,2023-05-09,Furniture,Chairs,West,Delayed - Customs,2,287.79,339.72,0.36,97
ORD-11431,2023-08-04,Furniture,Chairs,North,On-Time,4,234.53,247.09,0.05,75
ORD-11432,2023-06-03,Electronics,Audio,West,On-Time,2,57.6,125.54,0.0,26
ORD-11433,2023-10-21,Furniture,Chairs,East,On-Time,5,150.71,160.98,0.51,135
ORD-11434,2023-11-18,Electronics,Accessories,West,On-Time,5,114.74,214.52,0.0,47
ORD-11435,2023-01-23,Electronics,Accessories,South,On-Time,4,159.43,347.78,0.0,26
ORD-11436,2023-02-03,Electronics,Audio,West,On-Time,4,339.72,647.0,0.05,9
ORD-11437,2023-02-23,Electronics,Computers,West,On-Time,2,290.37,696.41,0.0,28
ORD-11438,2023-04-16,Furniture,Tables,North,On-Time,2,56.17,67.22,0.53,109
ORD-11439,2023-09-25,Apparel,Pants,East,On-Time,5,295.27,561.83,0.0,43
ORD-11440,2023-09-25,Apparel,Footwear,South,On-Time,3,369.39,823.32,0.0,24
ORD-11441,2023-06-22,Electronics,Audio,West,On-Time,3,257.55,512.12,0.05,49
ORD-11442,2023-08-26,Furniture,Desks,North,On-Time,2,154.3,174.02,0.5,110
ORD-11443,2023-04-26,Electronics,Accessories,South,Delayed - Transit,1,45.65,53.27,0.59,89
ORD-11444,2023-03-18,Electronics,Accessories,South,On-Time,4,309.0,631.35,0.05,6
ORD-11445,2023-11-04,Furniture,Tables,North,Delayed - Transit,5,110.22,128.95,0.55,151
ORD-11446,2023-04-05,Apparel,Pants,East,On-Time,3,39.81,68.67,0.0,6
ORD-11447,2023-03-20,Apparel,Pants,North,On-Time,4,357.55,719.02,0.05,28
ORD-11448,2023-01-30,Furniture,,South,On-Time,2,280.37,322.41,0.58,125
ORD-11449,2023-03-18,Electronics,Computers,North,On-Time,2,223.18,380.2,0.0,40
ORD-11450,2023-08-26,Apparel,Footwear,West,Delayed - Transit,4,238.78,272.29,0.4,126
ORD-11451,2023-07-18,Electronics,Accessories,South,Delayed - Customs,2,34.25,40.32,0.5,131
ORD-11452,2023-01-18,Apparel,Footwear,West,On-Time,1,386.72,728.18,0.05,45
ORD-11453,2023-06-26,Electronics,Computers,East,On-Time,3,58.13,104.99,0.05,26
ORD-11454,2023-07-07,Apparel,Shirts,West,On-Time,2,55.25,92.04,0.05,55
ORD-11455,2023-08-06,Electronics,Accessories,East,Delayed - Transit,5,38.8,50.79,0.56,126
ORD-11456,2023-08-20,Electronics,,West,On-Time,3,310.44,517.07,0.05,13
ORD-11457,2023-05-17,Furniture,Desks,East,On-Time,5,58.32,75.87,0.52,162
ORD-11458,2023-02-11,Electronics,Computers,South,On-Time,4,288.82,500.89,0.0,32
ORD-11459,2023-09-15,Electronics,Accessories,South,On-Time,2,87.4,209.23,0.0,24
ORD-11460,2023-06-20,Electronics,,North,On-Time,2,355.91,816.85,0.05,39
ORD-11461,2023-01-14,Furniture,Tables,East,On-Time,4,114.84,154.98,0.51,122
ORD-11462,2023-08-30,Furniture,Chairs,North,On-Time,3,162.8,210.14,0.46,112
ORD-11463,2023-01-24,Apparel,Pants,East,On-Time,2,180.53,412.87,0.05,35
ORD-11464,2023-06-27,Apparel,Shirts,North,On-Time,1,93.54,150.44,0.05,39
ORD-11465,2023-05-25,Electronics,Accessories,East,On-Time,4,337.02,711.83,0.0,38
ORD-11466,2023-08-20,Apparel,Shirts,North,Delayed - Customs,5,375.33,397.52,0.64,104
ORD-11467,2023-05-24,Electronics,Accessories,North,On-Time,2,329.53,564.88,0.05,23
ORD-11468,2023-06-15,Furniture,Desks,West,On-Time,3,213.65,272.71,0.5,112
ORD-11469,2023-09-01,Apparel,Footwear,North,Delayed - Transit,3,233.01,283.06,0.38,114
ORD-11470,2023-02-11,Furniture,Tables,West,On-Time,4,114.14,125.36,0.55,107
ORD-11471,2023-07-20,Electronics,Accessories,North,On-Time,3,70.74,134.57,0.0,46
ORD-11472,2023-04-12,Electronics,Computers,West,On-Time,2,197.55,385.76,0.05,9
ORD-11473,2023-09-18,Apparel,Pants,East,Delayed - Transit,1,65.43,88.16,0.4,107
ORD-11474,2023-04-02,Electronics,Audio,East,On-Time,5,87.72,181.7,0.05,5
ORD-11475,2023-05-19,Electronics,Audio,East,On-Time,5,172.22,378.35,0.05,22
ORD-11476,2023-07-09,Electronics,Accessories,North,Delayed - Transit,5,222.57,261.23,0.44,123
ORD-11477,2023-05-20,Electronics,Accessories,North,On-Time,2,228.62,546.35,0.0,34
ORD-11478,2023-06-20,Electronics,Accessories,West,On-Time,1,398.39,678.39,0.05,39
ORD-11479,2023-06-06,Electronics,Accessories,North,On-Time,3,298.0,516.61,0.0,29
ORD-11480,2023-02-13,Apparel,Shirts,East,On-Time,1,50.04,97.14,0.0,32
ORD-11481,2023-10-21,Furniture,Tables,North,On-Time,4,104.66,113.69,0.0,84
ORD-11482,2023-11-27,Apparel,Shirts,East,On-Time,3,43.78,99.48,0.05,50
ORD-11483,2023-05-03,Furniture,Chairs,West,On-Time,5,290.52,371.88,0.6,119
ORD-11484,2023-10-26,Furniture,Desks,North,On-Time,1,56.9,62.84,0.54,92
ORD-11485,2023-08-28,Furniture,Desks,East,Delayed - Transit,4,315.83,416.69,0.59,152
ORD-11486,2023-09-11,Apparel,Pants,West,On-Time,5,47.58,91.43,0.05,30
ORD-11487,2023-12-21,Electronics,Accessories,West,On-Time,2,232.63,491.37,0.0,31
ORD-11488,2023-04-19,Apparel,Shirts,West,Delayed - Transit,2,327.38,412.63,0.55,110
ORD-11489,2023-04-06,Apparel,Footwear,North,On-Time,3,333.63,694.28,0.05,10
ORD-11490,2023-06-24,Furniture,Desks,East,On-Time,5,230.59,265.12,0.55,137
ORD-11491,2023-11-30,Furniture,Chairs,West,On-Time,4,217.34,287.91,0.63,113
ORD-11492,2023-07-31,Electronics,Accessories,South,On-Time,4,233.72,512.96,0.0,44
ORD-11493,2023-08-07,Apparel,Footwear,East,Delayed - Transit,1,28.19,35.11,0.47,104
ORD-11494,2023-01-31,Apparel,Footwear,West,On-Time,5,201.43,410.12,0.05,41
ORD-11495,2023-01-15,Furniture,Tables,West,On-Time,5,154.28,171.06,0.47,101
ORD-11496,2023-09-28,Electronics,Audio,West,On-Time,4,134.21,304.03,0.0,34
ORD-11497,2023-07-28,Furniture,Desks,East,Delayed - Transit,5,300.69,330.1,0.64,122
ORD-11498,2023-05-22,Apparel,Footwear,North,On-Time,2,109.8,179.75,0.0,27
ORD-11499,2023-02-23,Furniture,Tables,South,On-Time,4,283.72,320.19,0.4,123
ORD-11500,2023-06-19,Furniture,Tables,North,On-Time,3,289.25,342.43,0.47,98
ORD-11501,2023-12-12,Furniture,Chairs,East,On-Time,3,32.26,43.32,0.42,143
ORD-11502,2023-08-18,Furniture,Chairs,West,On-Time,4,157.04,173.67,0.0,77
ORD-11503,2023-08-14,Apparel,Pants,East,Delayed - Transit,3,266.26,303.54,0.38,124
ORD-11504,2023-04-25,Apparel,Footwear,North,Delayed - Transit,5,220.33,257.94,0.36,133
ORD-11505,2023-05-08,Furniture,Chairs,East,On-Time,1,272.0,308.1,0.53,134
ORD-11506,2023-03-22,Electronics,Audio,South,On-Time,4,336.12,695.86,0.05,21
ORD-11507,2023-06-23,Furniture,Tables,South,On-Time,5,89.86,108.62,0.36,111
ORD-11508,2023-07-29,Electronics,Computers,West,Delayed - Customs,2,18.1,22.05,0.58,90
ORD-11509,2023-11-15,Apparel,Pants,South,On-Time,5,56.76,111.23,0.0,36
ORD-11510,2023-01-03,Furniture,Chairs,South,Delayed - Customs,4,397.4,454.32,0.41,95
ORD-11511,2023-04-25,Electronics,Audio,East,On-Time,2,237.18,487.51,0.0,38
ORD-11512,2023-01-27,Apparel,Pants,East,Delayed - Transit,1,157.71,203.35,0.57,148
ORD-11513,2023-09-05,Electronics,Audio,North,On-Time,2,85.13,191.17,0.0,3
ORD-11514,2023-08-17,Electronics,Accessories,West,On-Time,1,55.32,122.88,0.0,28
ORD-11515,2023-01-15,Apparel,Footwear,South,On-Time,3,102.49,177.86,0.0,34
ORD-11516,2023-05-31,Apparel,Pants,North,On-Time,5,252.26,485.16,0.05,49
ORD-11517,2023-12-27,Apparel,,West,On-Time,3,139.67,227.81,0.0,28
ORD-11518,2023-07-25,Electronics,Computers,East,On-Time,4,391.07,875.3,0.0,53
ORD-11519,2023-05-17,Furniture,Desks,West,Delayed - Customs,4,210.29,247.55,0.61,128
ORD-11520,2023-12-18,Furniture,Desks,East,Delayed - Customs,3,94.76,121.47,0.05,70
ORD-11521,2023-09-21,Apparel,Pants,South,On-Time,1,86.07,205.16,0.0,21
ORD-11522,2023-07-05,Apparel,Shirts,West,Delayed - Transit,5,282.33,379.83,0.55,132
ORD-11523,2023-12-09,Electronics,Computers,West,On-Time,5,329.29,602.91,0.0,10
ORD-11524,2023-11-04,Electronics,Audio,North,On-Time,5,199.11,360.78,0.0,31
ORD-11525,2023-05-02,Furniture,Tables,South,On-Time,1,360.34,422.6,0.53,135
ORD-11526,2023-04-25,Apparel,Pants,North,On-Time,1,298.99,704.93,0.0,34
ORD-11527,2023-03-23,Apparel,Footwear,East,On-Time,4,85.47,153.62,0.05,16
ORD-11528,2023-10-27,Apparel,Shirts,West,On-Time,1,71.91,142.95,0.05,25
ORD-11529,2023-10-27,Furniture,Chairs,East,On-Time,1,165.14,193.97,0.55,123
ORD-11530,2023-10-16,Electronics,,South,On-Time,5,327.53,725.17,0.05,13
ORD-11531,2023-04-19,Electronics,Audio,South,Delayed - Transit,5,253.12,281.12,0.44,114
ORD-11532,2023-04-25,Electronics,Accessories,West,On-Time,1,315.73,546.82,0.05,28
ORD-11533,2023-03-28,Electronics,Accessories,South,Delayed - Transit,3,194.67,218.69,0.42,112
ORD-11534,2023-08-04,Electronics,Computers,South,On-Time,1,347.56,705.37,0.0,24
ORD-11535,2023-02-19,Apparel,Footwear,North,On-Time,3,240.24,394.8,0.05,29
ORD-11536,2023-04-23,Electronics,Accessories,West,Delayed - Transit,1,121.59,129.71,0.38,118
ORD-11537,2023-08-29,Furniture,Chairs,West,On-Time,4,240.72,294.09,0.45,118
ORD-11538,2023-09-12,Apparel,Shirts,East,Delayed - Transit,3,99.57,111.21,0.35,89
ORD-11539,2023-11-17,Electronics,Audio,East,On-Time,1,285.06,649.4,0.0,5
ORD-11540,2023-05-16,Electronics,Computers,East,On-Time,4,281.6,464.95,0.05,27
ORD-11541,2023-06-15,Furniture,Chairs,South,On-Time,3,18.05,22.64,0.57,164
ORD-11542,2023-09-05,Furniture,Tables,West,Delayed - Transit,2,281.78,321.4,0.54,102
ORD-11543,2023-08-28,Apparel,Footwear,North,On-Time,4,267.06,442.32,0.0,35
ORD-11544,2023-11-07,Furniture,Chairs,West,On-Time,5,197.73,257.95,0.62,174
ORD-11545,2023-04-30,Apparel,Footwear,South,Delayed - Transit,2,49.7,62.54,0.54,144
ORD-11546,2023-12-28,Furniture,Tables,South,Delayed - Customs,2,21.16,26.56,0.44,123
ORD-11547,2023-03-22,Electronics,Accessories,South,On-Time,5,31.56,70.56,0.05,41
ORD-11548,2023-07-25,Electronics,Audio,East,Delayed - Customs,2,78.28,100.76,0.61,135
ORD-11549,2023-04-21,Furniture,Chairs,West,On-Time,2,219.67,246.5,0.57,134
ORD-11550,2023-10-14,Electronics,Accessories,North,On-Time,5,75.79,150.57,0.0,32
ORD-11551,2023-12-30,Electronics,Computers,West,On-Time,3,152.78,279.17,0.05,36
ORD-11552,2023-09-20,Apparel,Footwear,East,On-Time,1,19.52,33.23,0.0,40
ORD-11553,2023-05-22,Furniture,Tables,West,On-Time,3,87.14,111.94,0.46,115
ORD-11554,2023-11-14,Furniture,Chairs,North,On-Time,4,329.44,417.72,0.5,123
ORD-11555,2023-03-31,Apparel,Pants,South,On-Time,3,360.03,739.1,0.0,21
ORD-11556,2023-11-13,Electronics,Audio,East,Delayed - Transit,4,308.49,357.5,0.41,181
ORD-11557,2023-01-31,Electronics,Audio,North,On-Time,1,46.09,88.76,0.05,1
ORD-11558,2023-11-19,Furniture,Chairs,South,Delayed - Transit,4,360.7,476.41,0.57,120
ORD-11559,2023-11-05,Furniture,Tables,East,Delayed - Transit,3,369.29,453.02,0.05,63
ORD-11560,2023-08-19,Furniture,Chairs,North,On-Time,5,259.42,326.89,0.54,138
ORD-11561,2023-11-02,Furniture,,North,Delayed - Customs,2,225.18,282.47,0.45,97
ORD-11562,2023-11-25,Furniture,Tables,East,On-Time,3,21.7,26.37,0.5,119
ORD-11563,2023-09-11,Furniture,Chairs,South,On-Time,5,256.75,330.0,0.51,118
ORD-11564,2023-11-17,Electronics,Audio,West,On-Time,3,145.95,300.11,0.05,29
ORD-11565,2023-02-24,Apparel,Footwear,South,Delayed - Customs,5,320.08,337.76,0.45,115
ORD-11566,2023-03-04,Electronics,Audio,South,On-Time,5,195.54,349.76,0.05,15
ORD-11567,2023-05-03,Apparel,Shirts,South,Delayed - Transit,5,395.02,450.06,0.54,116
ORD-11568,2023-09-09,Apparel,Pants,East,On-Time,1,32.12,58.02,0.05,16
ORD-11569,2023-04-03,Apparel,Pants,West,Delayed - Transit,4,112.94,129.12,0.61,106
ORD-11570,2023-05-18,Electronics,Audio,West,On-Time,3,335.02,662.36,0.05,25
ORD-11571,2023-09-23,Furniture,Desks,South,On-Time,5,82.94,98.45,0.47,116
ORD-11572,2023-10-18,Furniture,Chairs,North,On-Time,2,43.52,55.14,0.63,115
ORD-11573,2023-01-17,Apparel,Pants,East,Delayed - Customs,3,366.07,402.2,0.55,100
ORD-11574,2023-02-05,Apparel,Shirts,South,On-Time,3,383.66,814.57,0.05,42
ORD-11575,2023-10-11,Apparel,Shirts,North,On-Time,2,207.61,488.16,0.05,33
ORD-11576,2023-02-03,Electronics,Computers,North,Delayed - Transit,4,288.09,342.5,0.43,106
ORD-11577,2023-06-02,Furniture,Desks,North,On-Time,1,353.58,439.28,0.51,110
ORD-11578,2023-05-27,Furniture,Chairs,East,On-Time,5,192.5,231.1,0.49,162
ORD-11579,2023-11-03,Electronics,Audio,West,Delayed - Transit,5,372.44,437.61,0.4,124
ORD-11580,2023-04-29,Electronics,Audio,North,Delayed - Transit,4,179.08,225.82,0.51,124
ORD-11581,2023-12-31,Furniture,Chairs,North,On-Time,1,209.11,262.47,0.65,135
ORD-11582,2023-05-28,Apparel,Pants,West,Delayed - Transit,4,134.63,150.82,0.35,146
ORD-11583,2023-08-27,Apparel,Pants,North,On-Time,5,296.26,652.92,0.0,20
ORD-11584,2023-01-24,Furniture,Tables,South,On-Time,5,280.34,323.07,0.05,85
ORD-11585,2023-09-27,Furniture,Tables,South,On-Time,4,165.17,211.34,0.44,106
ORD-11586,2023-09-18,Apparel,Footwear,South,On-Time,1,107.36,197.47,0.0,38
ORD-11587,2023-04-12,Electronics,Computers,South,On-Time,2,359.18,786.86,0.05,55
ORD-11588,2023-08-25,Electronics,Accessories,North,On-Time,5,350.57,670.32,0.05,37
ORD-11589,2023-08-15,Electronics,Computers,South,On-Time,3,84.09,173.44,0.0,9
ORD-11590,2023-10-15,Electronics,Audio,North,On-Time,1,362.37,759.71,0.05,46
ORD-11591,2023-03-11,Apparel,Pants,North,On-Time,3,84.21,170.03,0.0,39
ORD-11592,2023-07-27,Electronics,Computers,East,On-Time,3,144.46,322.02,0.05,22
ORD-11593,2023-02-26,Furniture,Desks,East,On-Time,4,379.8,440.08,0.47,130
ORD-11594,2023-09-08,Apparel,Shirts,North,On-Time,4,257.17,554.23,0.0,16
ORD-11595,2023-10-07,Furniture,Desks,North,On-Time,2,280.8,306.94,0.52,139
ORD-11596,2023-08-04,Electronics,Computers,East,Delayed - Transit,4,337.47,384.86,0.45,116
ORD-11597,2023-09-09,Electronics,Audio,North,Delayed - Transit,4,316.65,393.72,0.59,132
ORD-11598,2023-07-30,Apparel,Shirts,East,On-Time,1,23.09,37.3,0.0,65
ORD-11599,2023-07-11,Electronics,Computers,West,On-Time,4,110.19,199.52,0.05,32
ORD-11600,2023-04-22,Electronics,Computers,East,On-Time,5,217.52,489.09,0.0,9
ORD-11601,2023-06-19,Apparel,Shirts,West,Delayed - Customs,2,307.89,410.67,0.0,73
ORD-11602,2023-08-12,Furniture,Desks,North,On-Time,2,194.52,253.31,0.37,146
ORD-11603,2023-05-27,Electronics,Audio,West,Delayed - Customs,3,237.72,298.17,0.36,181
ORD-11604,2023-08-07,Apparel,Footwear,West,On-Time,3,232.51,442.67,0.05,37
ORD-11605,2023-06-22,Furniture,Desks,East,On-Time,1,293.64,342.36,0.43,119
ORD-11606,2023-09-22,Apparel,Footwear,West,On-Time,1,49.45,114.49,0.0,33
ORD-11607,2023-08-15,Furniture,Tables,South,On-Time,4,37.39,48.44,0.59,92
ORD-11608,2023-08-19,Electronics,Accessories,South,On-Time,3,27.58,55.24,0.0,36
ORD-11609,2023-01-12,Apparel,Footwear,South,On-Time,4,80.19,181.64,0.05,36
ORD-11610,2023-08-31,Apparel,Shirts,East,Delayed - Transit,5,322.86,357.5,0.63,96
ORD-11611,2023-09-27,Furniture,Desks,West,On-Time,4,39.07,50.86,0.38,123
ORD-11612,2023-07-01,Electronics,Computers,South,Delayed - Transit,5,33.6,43.47,0.0,72
ORD-11613,2023-01-28,Electronics,,East,On-Time,3,127.56,232.19,0.0,25
ORD-11614,2023-12-07,Apparel,Footwear,West,On-Time,5,305.04,580.71,0.0,26
ORD-11615,2023-11-24,Electronics,Audio,East,On-Time,5,290.4,614.91,0.0,33
ORD-11616,2023-11-17,Furniture,Tables,West,On-Time,1,24.77,26.3,0.55,116
ORD-11617,2023-12-18,Furniture,Chairs,East,On-Time,3,238.98,271.64,0.6,96
ORD-11618,2023-01-23,Apparel,Pants,East,On-Time,2,266.65,509.23,0.0,39
ORD-11619,2023-07-01,Apparel,Pants,South,On-Time,5,276.98,492.98,0.0,30
ORD-11620,2023-02-01,Furniture,Chairs,East,On-Time,2,147.79,158.34,0.52,114
ORD-11621,2023-08-26,Electronics,Audio,North,On-Time,3,284.19,643.12,0.0,41
ORD-11622,2023-11-04,Apparel,Footwear,West,On-Time,4,359.63,822.8,0.0,47
ORD-11623,2023-02-02,Furniture,Chairs,West,On-Time,3,315.56,424.58,0.41,117
ORD-11624,2023-04-18,Apparel,Footwear,East,On-Time,5,45.84,104.48,0.05,18
ORD-11625,2023-04-08,Apparel,Shirts,East,On-Time,4,111.08,263.96,0.0,47
ORD-11626,2023-09-15,Furniture,Desks,East,On-Time,5,37.18,47.89,0.36,122
ORD-11627,2023-08-29,Electronics,Accessories,East,On-Time,1,352.4,829.17,0.05,26
ORD-11628,2023-06-22,Electronics,Accessories,North,On-Time,4,48.74,109.01,0.0,43
ORD-11629,2023-12-26,Electronics,Audio,East,Delayed - Customs,5,301.74,369.17,0.39,168
ORD-11630,2023-06-10,Furniture,Tables,West,On-Time,5,52.51,65.88,0.0,82
ORD-11631,2023-09-09,Furniture,Tables,South,On-Time,1,397.23,470.32,0.37,131
ORD-11632,2023-03-07,Furniture,Chairs,South,On-Time,4,118.18,128.34,0.51,98
ORD-11633,2023-09-10,Apparel,Footwear,North,On-Time,1,67.88,142.93,0.05,23
ORD-11634,2023-04-22,Electronics,Accessories,North,On-Time,2,318.72,554.89,0.05,45
ORD-11635,2023-02-04,Electronics,Computers,East,On-Time,2,293.39,588.9,0.05,9
ORD-11636,2023-07-19,Electronics,Audio,South,On-Time,1,397.67,766.97,0.0,47
ORD-11637,2023-01-10,Apparel,,West,Delayed - Transit,3,319.02,359.17,0.36,90
ORD-11638,2023-09-24,Furniture,Chairs,West,On-Time,4,215.04,275.56,0.44,128
ORD-11639,2023-12-12,Apparel,Shirts,South,On-Time,1,378.18,769.36,0.05,24
ORD-11640,2023-04-13,Furniture,Tables,East,On-Time,3,302.42,385.25,0.35,107
ORD-11641,2023-05-26,Furniture,Tables,East,Delayed - Transit,1,262.14,288.72,0.38,111
ORD-11642,2023-12-03,Furniture,Chairs,West,On-Time,1,368.31,463.11,0.41,137
ORD-11643,2023-08-15,Furniture,Desks,North,Delayed - Customs,1,21.29,26.99,0.49,137
ORD-11644,2023-03-13,Apparel,Pants,North,On-Time,2,395.01,759.54,0.0,34
ORD-11645,2023-09-28,Furniture,Desks,West,On-Time,4,343.99,461.07,0.38,121
ORD-11646,2023-06-26,Furniture,Desks,North,On-Time,2,51.02,65.06,0.57,110
ORD-11647,2023-01-24,Electronics,Computers,South,On-Time,1,144.67,335.96,0.0,18
ORD-11648,2023-03-12,Apparel,Shirts,East,On-Time,4,68.64,160.91,0.0,21
ORD-11649,2023-08-17,Apparel,Footwear,North,On-Time,1,358.21,745.62,0.0,34
ORD-11650,2023-02-08,Electronics,Audio,West,On-Time,3,185.38,393.05,0.0,21
ORD-11651,2023-12-21,Furniture,Chairs,East,On-Time,5,237.9,267.74,0.45,87
ORD-11652,2023-04-22,Electronics,Computers,North,Delayed - Transit,5,392.87,415.53,0.05,76
ORD-11653,2023-09-19,Apparel,Shirts,North,Delayed - Customs,5,105.24,119.11,0.05,77
ORD-11654,2023-01-04,Furniture,Tables,East,On-Time,3,344.65,395.41,0.61,101
ORD-11655,2023-03-16,Furniture,Tables,South,Delayed - Transit,5,220.12,287.49,0.52,141
ORD-11656,2023-10-14,Furniture,Desks,East,On-Time,2,108.57,124.96,0.46,123
ORD-11657,2023-08-18,Furniture,Chairs,West,On-Time,4,270.98,286.25,0.05,59
ORD-11658,2023-03-30,Apparel,Shirts,West,On-Time,1,286.5,547.62,0.0,14
ORD-11659,2023-07-28,Furniture,Chairs,West,On-Time,4,179.79,241.38,0.43,136
ORD-11660,2023-11-25,Furniture,Chairs,East,Delayed - Transit,1,259.0,276.74,0.36,102
ORD-11661,2023-04-23,Apparel,Pants,West,On-Time,5,224.24,382.86,0.05,33
ORD-11662,2023-10-29,Apparel,Pants,South,On-Time,1,260.41,531.96,0.0,28
ORD-11663,2023-10-15,Furniture,Desks,West,On-Time,3,172.31,186.16,0.38,88
ORD-11664,2023-07-12,Electronics,Accessories,South,On-Time,3,230.28,528.2,0.05,35
ORD-11665,2023-12-01,Electronics,Computers,South,On-Time,5,295.21,571.13,0.05,42
ORD-11666,2023-12-25,Electronics,Audio,South,Delayed - Transit,2,122.46,160.92,0.42,130
ORD-11667,2023-09-08,Apparel,Shirts,North,On-Time,2,272.04,539.51,0.05,35
ORD-11668,2023-02-26,Electronics,,North,Delayed - Customs,5,237.55,252.5,0.49,135
ORD-11669,2023-02-16,Apparel,Footwear,South,On-Time,4,97.31,171.31,0.05,33
ORD-11670,2023-10-24,Furniture,Desks,South,On-Time,1,181.77,210.99,0.51,125
ORD-11671,2023-02-14,Apparel,Pants,North,Delayed - Transit,1,92.87,117.79,0.59,86
ORD-11672,2023-07-31,Apparel,Pants,West,On-Time,1,303.8,624.35,0.0,52
ORD-11673,2023-05-22,Apparel,Footwear,East,On-Time,5,338.34,625.97,0.0,16
ORD-11674,2023-04-24,Furniture,Desks,West,On-Time,1,241.69,304.85,0.42,145
ORD-11675,2023-03-18,Apparel,Footwear,South,On-Time,5,389.67,679.54,0.05,36
ORD-11676,2023-11-24,Apparel,Shirts,North,On-Time,1,367.23,653.7,0.05,45
ORD-11677,2023-10-26,Apparel,Shirts,South,Delayed - Customs,3,165.38,178.52,0.37,109
ORD-11678,2023-03-25,Apparel,Pants,West,On-Time,3,27.3,61.58,0.0,31
ORD-11679,2023-05-14,Furniture,Tables,West,On-Time,3,227.01,304.4,0.6,128
ORD-11680,2023-10-30,Apparel,Footwear,North,Delayed - Transit,1,265.97,304.22,0.58,111
ORD-11681,2023-08-25,Furniture,,South,On-Time,1,214.64,260.44,0.61,144
ORD-11682,2023-09-24,Electronics,Accessories,West,On-Time,3,208.32,482.58,0.0,30
ORD-11683,2023-05-13,Furniture,Tables,South,Delayed - Customs,4,242.76,258.58,0.59,152
ORD-11684,2023-10-05,Apparel,Pants,South,Delayed - Transit,5,321.8,397.41,0.45,112
ORD-11685,2023-01-22,Apparel,Shirts,East,On-Time,2,117.66,208.63,0.05,36
ORD-11686,2023-02-04,Furniture,Desks,North,On-Time,1,32.22,36.66,0.55,105
ORD-11687,2023-09-16,Apparel,Pants,South,Delayed - Customs,2,219.94,283.93,0.61,98
ORD-11688,2023-12-08,Electronics,Computers,South,On-Time,1,65.21,152.01,0.05,24
ORD-11689,2023-09-25,Furniture,Tables,South,Delayed - Customs,2,230.5,285.56,0.38,142
ORD-11690,2023-05-31,Apparel,Pants,North,On-Time,2,309.34,579.22,0.0,9
ORD-11691,2023-05-21,Apparel,Pants,North,On-Time,3,362.45,689.01,0.0,8
ORD-11692,2023-10-18,Electronics,Audio,East,On-Time,1,398.82,862.99,0.05,19
ORD-11693,2023-09-30,Furniture,Desks,West,On-Time,5,371.41,433.91,0.63,115
ORD-11694,2023-01-21,Furniture,Chairs,East,Delayed - Customs,4,53.72,56.68,0.46,139
ORD-11695,2023-11-02,Apparel,Pants,South,Delayed - Transit,4,207.39,251.36,0.43,115
ORD-11696,2023-12-16,Apparel,Shirts,North,On-Time,4,33.85,70.26,0.0,26
ORD-11697,2023-08-30,Apparel,Pants,East,On-Time,1,340.12,787.87,0.0,30
ORD-11698,2023-02-22,Electronics,Computers,North,On-Time,3,194.68,356.01,0.05,34
ORD-11699,2023-10-09,Apparel,Pants,West,On-Time,3,166.08,296.0,0.0,33
ORD-11700,2023-01-22,Furniture,Chairs,South,On-Time,4,154.55,195.77,0.59,168
ORD-11701,2023-06-29,Electronics,Computers,South,On-Time,3,197.06,414.45,0.0,30
ORD-11702,2023-05-01,Apparel,Footwear,West,On-Time,2,24.73,54.48,0.0,42
ORD-11703,2023-10-14,Apparel,Shirts,South,On-Time,5,136.92,233.34,0.0,30
ORD-11704,2023-10-31,Furniture,Tables,East,Delayed - Transit,4,50.63,53.9,0.55,147
ORD-11705,2023-02-16,Apparel,Footwear,East,On-Time,2,168.18,359.22,0.05,43
ORD-11706,2023-01-21,Electronics,Computers,North,On-Time,3,315.93,744.73,0.05,23
ORD-11707,2023-01-08,Electronics,Accessories,East,Delayed - Transit,3,224.16,257.22,0.62,107
ORD-11708,2023-08-27,Electronics,Audio,East,On-Time,2,147.42,275.23,0.05,24
ORD-11709,2023-05-27,Apparel,Shirts,South,Delayed - Customs,5,70.24,90.84,0.05,51
ORD-11710,2023-09-13,Apparel,Footwear,North,On-Time,5,132.56,223.16,0.05,21
ORD-11711,2023-09-21,Furniture,Tables,North,On-Time,5,261.32,336.11,0.41,97
ORD-11712,2023-06-19,Furniture,Chairs,North,On-Time,2,28.02,33.46,0.49,142
ORD-11713,2023-09-10,Apparel,Shirts,West,On-Time,3,328.83,534.97,0.05,29
ORD-11714,2023-02-09,Apparel,Footwear,East,Delayed - Transit,4,285.87,322.47,0.64,104
ORD-11715,2023-02-09,Furniture,Tables,South,On-Time,5,239.9,308.31,0.54,143
ORD-11716,2023-08-12,Furniture,Chairs,South,On-Time,3,101.11,124.28,0.46,87
ORD-11717,2023-11-19,Furniture,Tables,West,On-Time,2,21.09,24.15,0.55,102
ORD-11718,2023-07-02,Furniture,Tables,South,Delayed - Customs,3,213.87,276.81,0.53,111
ORD-11719,2023-07-24,Electronics,Audio,North,Delayed - Transit,5,285.21,352.92,0.35,131
ORD-11720,2023-07-13,Furniture,Chairs,South,On-Time,4,293.72,332.8,0.42,105
ORD-11721,2023-12-06,Electronics,Computers,North,Delayed - Transit,3,126.92,147.22,0.45,93
ORD-11722,2023-12-05,Apparel,Footwear,South,On-Time,2,67.51,111.8,0.05,34
ORD-11723,2023-02-24,Furniture,Desks,South,On-Time,1,281.19,325.64,0.52,120
ORD-11724,2023-02-09,Apparel,Footwear,South,On-Time,3,266.37,461.01,0.05,18
ORD-11725,2023-10-29,Apparel,Footwear,East,On-Time,3,75.61,167.81,0.05,15
ORD-11726,2023-11-11,Furniture,Desks,West,Delayed - Transit,3,187.84,245.17,0.43,98
ORD-11727,2023-11-01,Electronics,Audio,West,On-Time,4,17.04,34.76,0.0,22
ORD-11728,2023-09-02,Electronics,Accessories,East,Delayed - Transit,3,123.48,131.55,0.41,103
ORD-11729,2023-08-04,Furniture,Chairs,North,On-Time,4,116.32,140.28,0.4,88
ORD-11730,2023-08-05,Apparel,Shirts,North,Delayed - Transit,3,322.54,430.87,0.0,83
ORD-11731,2023-05-14,Furniture,Chairs,East,Delayed - Transit,3,79.79,100.86,0.55,115
ORD-11732,2023-08-25,Apparel,Pants,North,On-Time,2,268.1,448.81,0.0,19
ORD-11733,2023-03-10,Electronics,Accessories,East,Delayed - Transit,1,78.38,98.19,0.4,130
ORD-11734,2023-04-27,Apparel,Shirts,East,On-Time,5,160.08,302.75,0.0,21
ORD-11735,2023-08-10,Apparel,Shirts,East,Delayed - Transit,2,142.51,156.04,0.0,82
ORD-11736,2023-01-03,Furniture,Tables,East,On-Time,5,124.18,144.73,0.6,134
ORD-11737,2023-07-18,Electronics,Computers,West,On-Time,3,26.67,63.86,0.0,20
ORD-11738,2023-03-16,Electronics,Audio,East,On-Time,4,142.33,301.75,0.0,25
ORD-11739,2023-07-29,Apparel,Footwear,North,On-Time,3,81.97,152.37,0.05,18
ORD-11740,2023-06-21,Furniture,Tables,West,On-Time,4,315.44,335.34,0.56,93
ORD-11741,2023-01-26,Furniture,Chairs,West,On-Time,4,304.74,355.88,0.49,101
ORD-11742,2023-08-11,Furniture,Chairs,East,On-Time,3,225.14,270.04,0.39,122
ORD-11743,2023-02-03,Apparel,Shirts,North,On-Time,1,193.38,362.44,0.05,30
ORD-11744,2023-05-05,Apparel,Footwear,East,On-Time,3,25.3,58.38,0.05,22
ORD-11745,2023-04-10,Apparel,Footwear,South,Delayed - Customs,2,293.97,347.52,0.49,115
ORD-11746,2023-11-07,Furniture,Chairs,West,On-Time,5,384.07,443.1,0.49,97
ORD-11747,2023-05-26,Electronics,Computers,East,On-Time,2,301.87,602.08,0.05,24
ORD-11748,2023-07-12,Apparel,Shirts,West,Delayed - Customs,2,42.68,52.85,0.4,108
ORD-11749,2023-05-26,Apparel,Pants,West,Delayed - Customs,5,300.06,361.08,0.43,107
ORD-11750,2023-12-03,Electronics,Audio,North,On-Time,4,164.08,352.42,0.05,32
ORD-11751,2023-07-12,Electronics,Audio,West,On-Time,4,221.29,493.35,0.0,32
ORD-11752,2023-02-27,Apparel,Footwear,East,On-Time,5,337.44,720.04,0.0,1
ORD-11753,2023-10-28,Apparel,Shirts,West,On-Time,4,141.72,257.6,0.0,20
ORD-11754,2023-11-21,Apparel,Pants,West,On-Time,4,394.96,794.74,0.05,10
ORD-11755,2023-09-28,Apparel,Shirts,North,On-Time,5,156.23,292.49,0.0,31
ORD-11756,2023-05-06,Apparel,Pants,East,Delayed - Transit,2,212.43,263.72,0.05,60
ORD-11757,2023-10-20,Electronics,Audio,West,On-Time,5,160.85,285.71,0.05,48
ORD-11758,2023-07-02,Apparel,Pants,East,On-Time,4,346.3,639.18,0.05,12
ORD-11759,2023-04-30,Furniture,Chairs,South,On-Time,5,220.67,270.37,0.51,177
ORD-11760,2023-04-03,Electronics,Audio,West,On-Time,3,193.9,388.5,0.05,25
ORD-11761,2023-08-04,Electronics,Accessories,South,On-Time,4,245.27,584.9,0.05,53
ORD-11762,2023-08-31,Furniture,Desks,West,On-Time,3,98.56,126.83,0.62,133
ORD-11763,2023-03-15,Furniture,Desks,West,On-Time,5,21.59,23.94,0.57,109
ORD-11764,2023-07-24,Apparel,Shirts,West,On-Time,5,333.48,721.31,0.05,9
ORD-11765,2023-11-21,Furniture,Desks,South,On-Time,5,283.29,298.79,0.36,145
ORD-11766,2023-03-28,Furniture,Desks,South,Delayed - Customs,5,273.8,340.31,0.41,153
ORD-11767,2023-04-24,Apparel,Shirts,South,On-Time,5,206.52,402.24,0.0,40
ORD-11768,2023-06-03,Apparel,Footwear,East,On-Time,3,204.28,365.07,0.05,44
ORD-11769,2023-10-27,Electronics,Audio,East,On-Time,1,355.69,656.92,0.0,24
ORD-11770,2023-09-12,Furniture,Tables,South,On-Time,2,311.56,343.88,0.43,86
ORD-11771,2023-03-24,Furniture,Chairs,South,Delayed - Transit,5,383.45,514.34,0.47,95
ORD-11772,2023-10-28,Electronics,Computers,South,On-Time,2,96.13,224.8,0.0,29
ORD-11773,2023-10-19,Electronics,Audio,West,Delayed - Customs,4,178.71,200.35,0.58,141
ORD-11774,2023-09-23,Electronics,Computers,West,On-Time,2,274.12,554.66,0.05,21
ORD-11775,2023-05-03,Apparel,Footwear,East,Delayed - Transit,3,97.32,115.12,0.05,77
ORD-11776,2023-11-05,Furniture,Chairs,South,On-Time,4,249.37,268.63,0.37,95
ORD-11777,2023-12-10,Electronics,Accessories,East,On-Time,3,109.78,184.57,0.05,21
ORD-11778,2023-12-08,Apparel,Footwear,South,On-Time,3,192.2,452.01,0.0,30
ORD-11779,2023-07-26,Furniture,Chairs,West,Delayed - Transit,5,273.6,347.11,0.52,160
ORD-11780,2023-03-10,Furniture,Desks,West,On-Time,3,167.0,205.76,0.45,143
ORD-11781,2023-11-09,Furniture,Desks,East,On-Time,1,275.33,360.76,0.46,139
ORD-11782,2023-11-26,Apparel,Pants,West,On-Time,5,159.67,292.57,0.0,25
ORD-11783,2023-08-17,Electronics,Accessories,North,On-Time,4,250.71,535.03,0.0,17
ORD-11784,2023-02-01,Furniture,Chairs,South,On-Time,3,390.98,468.42,0.49,137
ORD-11785,2023-09-09,Apparel,Pants,South,On-Time,4,333.53,658.53,0.0,49
ORD-11786,2023-11-03,Furniture,Tables,South,On-Time,2,391.01,432.24,0.45,138
ORD-11787,2023-08-26,Furniture,Tables,South,On-Time,4,238.06,278.95,0.41,127
ORD-11788,2023-05-28,Electronics,Accessories,South,On-Time,1,293.87,689.94,0.05,27
ORD-11789,2023-05-21,Electronics,Computers,East,On-Time,3,324.71,527.36,0.05,21
ORD-11790,2023-06-26,Furniture,Chairs,South,Delayed - Transit,5,101.97,122.41,0.39,95
ORD-11791,2023-09-15,Electronics,Accessories,South,On-Time,3,204.2,443.29,0.05,16
ORD-11792,2023-07-11,Apparel,Shirts,South,On-Time,4,119.63,266.04,0.05,39
ORD-11793,2023-01-09,Furniture,Chairs,East,On-Time,5,142.99,153.69,0.58,94
ORD-11794,2023-06-24,Apparel,Footwear,North,On-Time,5,295.2,617.66,0.05,26
ORD-11795,2023-01-03,Furniture,Tables,North,On-Time,1,154.68,195.28,0.57,120
ORD-11796,2023-06-13,Furniture,Tables,North,Delayed - Customs,4,173.81,193.32,0.53,109
ORD-11797,2023-01-17,Furniture,Desks,North,On-Time,5,169.13,225.42,0.37,124
ORD-11798,2023-01-03,Furniture,Chairs,North,On-Time,5,348.3,444.94,0.6,97
ORD-11799,2023-11-08,Apparel,Pants,East,On-Time,3,380.04,632.04,0.05,32
ORD-11800,2023-03-20,Furniture,Tables,South,On-Time,3,288.68,380.49,0.37,129
ORD-11801,2023-10-12,Electronics,Accessories,South,On-Time,5,246.63,417.22,0.0,14
ORD-11802,2023-06-07,Electronics,Audio,North,On-Time,2,282.19,614.05,0.05,30
ORD-11803,2023-11-05,Electronics,Accessories,East,Delayed - Customs,4,220.03,267.77,0.58,129
ORD-11804,2023-04-27,Furniture,Desks,East,On-Time,2,375.65,437.86,0.05,83
ORD-11805,2023-03-25,Electronics,Accessories,South,On-Time,2,132.65,281.13,0.05,45
ORD-11806,2023-07-17,Furniture,Chairs,East,On-Time,5,311.6,415.24,0.55,101
ORD-11807,2023-04-14,Electronics,Accessories,East,On-Time,2,170.65,326.89,0.05,22
ORD-11808,2023-11-23,Furniture,Chairs,West,On-Time,5,294.2,338.35,0.4,124
ORD-11809,2023-04-29,Electronics,Accessories,West,On-Time,1,273.7,543.04,0.05,31
ORD-11810,2023-05-05,Apparel,Footwear,East,Delayed - Transit,3,398.42,431.43,0.59,114
ORD-11811,2023-09-20,Furniture,Chairs,East,Delayed - Transit,2,246.14,291.84,0.51,155
ORD-11812,2023-01-30,Apparel,Shirts,East,Delayed - Customs,1,363.14,444.1,0.0,66
ORD-11813,2023-01-22,Electronics,Accessories,East,On-Time,4,391.08,827.65,0.05,39
ORD-11814,2023-11-02,Electronics,Audio,West,Delayed - Transit,2,362.73,416.67,0.49,164
ORD-11815,2023-04-27,Electronics,Audio,East,On-Time,2,316.52,587.91,0.05,29
ORD-11816,2023-01-22,Apparel,Shirts,West,On-Time,5,334.34,777.43,0.0,50
ORD-11817,2023-09-01,Electronics,Accessories,West,On-Time,5,23.04,40.46,0.05,32
ORD-11818,2023-12-19,Electronics,Accessories,South,On-Time,5,58.43,104.33,0.0,43
ORD-11819,2023-07-11,Furniture,Tables,West,On-Time,5,264.6,303.94,0.43,106
ORD-11820,2023-02-11,Apparel,Shirts,West,On-Time,4,194.11,337.14,0.05,40
ORD-11821,2023-04-28,Apparel,Pants,South,On-Time,1,334.16,717.85,0.05,19
ORD-11822,2023-03-08,Apparel,Footwear,North,Delayed - Transit,5,41.98,51.83,0.49,88
ORD-11823,2023-08-20,Electronics,Audio,West,Delayed - Customs,3,105.85,124.4,0.5,134
ORD-11824,2023-08-13,Furniture,Chairs,East,Delayed - Transit,4,157.3,207.56,0.05,85
ORD-11825,2023-11-13,Furniture,Desks,North,On-Time,4,342.01,360.91,0.48,118
ORD-11826,2023-08-28,Electronics,Computers,West,On-Time,5,364.26,792.75,0.05,16
ORD-11827,2023-08-26,Furniture,Tables,East,On-Time,3,88.23,113.57,0.62,101
ORD-11828,2023-01-26,Apparel,Shirts,West,On-Time,2,137.83,239.33,0.0,36
ORD-11829,2023-07-21,Furniture,Chairs,South,On-Time,2,44.83,51.27,0.05,63
ORD-11830,2023-07-21,Apparel,Footwear,South,On-Time,2,202.49,348.61,0.05,25
ORD-11831,2023-10-12,Furniture,Desks,East,On-Time,3,229.81,285.36,0.35,88
ORD-11832,2023-11-13,Furniture,Chairs,North,Delayed - Transit,1,204.45,243.57,0.48,119
ORD-11833,2023-09-05,Furniture,Chairs,South,On-Time,3,245.92,267.27,0.46,111
ORD-11834,2023-01-15,Apparel,Pants,South,On-Time,4,298.52,667.91,0.0,30
ORD-11835,2023-05-29,Apparel,Shirts,West,On-Time,2,48.05,98.04,0.0,19
ORD-11836,2023-02-15,Apparel,Pants,West,On-Time,2,225.13,524.58,0.05,37
ORD-11837,2023-08-08,Furniture,Chairs,West,Delayed - Transit,1,362.9,470.6,0.6,133
ORD-11838,2023-06-30,Electronics,Computers,West,Delayed - Transit,5,306.75,396.2,0.5,138
ORD-11839,2023-07-30,Electronics,Audio,West,Delayed - Transit,1,181.39,231.91,0.48,113
ORD-11840,2023-06-11,Electronics,Computers,South,On-Time,4,360.14,772.38,0.05,7
ORD-11841,2023-01-03,Electronics,Accessories,South,On-Time,5,157.69,330.65,0.05,35
ORD-11842,2023-05-04,Apparel,Footwear,North,Delayed - Transit,1,191.73,210.66,0.55,107
ORD-11843,2023-02-05,Electronics,Accessories,South,On-Time,2,143.3,242.5,0.0,1
ORD-11844,2023-05-28,Furniture,Chairs,South,On-Time,2,236.66,269.46,0.45,139
ORD-11845,2023-07-10,Electronics,Audio,East,On-Time,2,111.12,199.71,0.0,27
ORD-11846,2023-08-13,Electronics,Audio,North,Delayed - Customs,5,226.26,293.34,0.62,121
ORD-11847,2023-02-05,Furniture,Chairs,South,Delayed - Customs,5,161.03,199.46,0.36,115
ORD-11848,2023-09-22,Furniture,Desks,South,On-Time,2,219.74,257.23,0.43,105
ORD-11849,2023-02-21,Electronics,Accessories,East,On-Time,4,389.0,636.97,0.0,18
ORD-11850,2023-10-23,Apparel,Pants,South,On-Time,1,306.15,698.75,0.05,23
ORD-11851,2023-11-09,Electronics,Accessories,East,On-Time,1,286.86,633.58,0.05,26
ORD-11852,2023-08-09,Furniture,Tables,North,On-Time,3,306.6,392.31,0.36,124
ORD-11853,2023-01-08,Furniture,Tables,West,On-Time,4,201.87,226.02,0.39,91
ORD-11854,2023-06-02,Furniture,Chairs,South,On-Time,4,31.71,36.61,0.63,120
ORD-11855,2023-10-30,Electronics,Audio,South,On-Time,4,293.1,648.02,0.0,29
ORD-11856,2023-07-14,Apparel,Pants,South,On-Time,5,86.12,203.48,0.0,11
ORD-11857,2023-12-07,Apparel,Shirts,West,Delayed - Customs,3,388.72,441.14,0.37,92
ORD-11858,2023-05-28,Electronics,Accessories,South,On-Time,5,146.68,273.91,0.05,24
ORD-11859,2023-03-26,Apparel,Shirts,West,On-Time,4,86.06,159.88,0.0,28
ORD-11860,2023-10-02,Apparel,,South,On-Time,4,146.18,262.89,0.05,23
ORD-11861,2023-11-21,Furniture,Chairs,East,On-Time,4,214.4,258.87,0.35,94
ORD-11862,2023-12-21,Apparel,Footwear,North,On-Time,4,175.13,324.31,0.0,40
ORD-11863,2023-06-29,Electronics,Accessories,North,On-Time,1,257.79,530.31,0.05,33
ORD-11864,2023-06-30,Electronics,Audio,South,On-Time,5,91.67,216.49,0.0,33
ORD-11865,2023-04-08,Apparel,Pants,North,On-Time,4,200.6,407.93,0.0,10
ORD-11866,2023-12-23,Electronics,Audio,North,On-Time,3,102.28,212.82,0.0,31
ORD-11867,2023-04-24,Apparel,Pants,West,On-Time,1,278.47,639.83,0.05,42
ORD-11868,2023-05-22,Furniture,Desks,South,On-Time,5,287.2,309.62,0.46,120
ORD-11869,2023-02-27,Apparel,Pants,East,On-Time,2,46.31,103.07,0.0,9
ORD-11870,2023-06-17,Electronics,Audio,South,On-Time,3,374.32,827.2,0.0,48
ORD-11871,2023-03-05,Apparel,Shirts,North,On-Time,3,275.2,655.08,0.0,49
ORD-11872,2023-08-18,Apparel,Shirts,South,On-Time,1,359.8,644.41,0.0,70
ORD-11873,2023-11-13,Furniture,Chairs,South,Delayed - Customs,3,19.21,20.92,0.0,73
ORD-11874,2023-12-17,Apparel,Shirts,East,On-Time,2,146.35,240.41,0.0,22
ORD-11875,2023-10-25,Apparel,Shirts,East,On-Time,5,277.92,560.2,0.0,11
ORD-11876,2023-10-07,Electronics,Audio,West,On-Time,4,304.98,528.8,0.0,17
ORD-11877,2023-03-01,Furniture,Tables,South,Delayed - Transit,3,62.89,80.98,0.05,78
ORD-11878,2023-11-26,Furniture,Desks,South,On-Time,1,107.82,122.9,0.5,101
ORD-11879,2023-10-21,Electronics,Computers,North,Delayed - Transit,2,352.8,376.23,0.49,127
ORD-11880,2023-03-25,Apparel,Pants,East,On-Time,1,279.93,465.87,0.0,37
ORD-11881,2023-05-27,Electronics,Audio,West,On-Time,4,193.5,341.21,0.0,18
ORD-11882,2023-05-04,Apparel,Pants,South,On-Time,5,313.22,633.57,0.05,22
ORD-11883,2023-08-02,Furniture,Chairs,West,On-Time,5,373.92,414.23,0.37,112
ORD-11884,2023-03-13,Electronics,Audio,North,On-Time,1,24.96,41.81,0.05,34
ORD-11885,2023-03-12,Furniture,Chairs,South,On-Time,3,100.26,120.64,0.6,114
ORD-11886,2023-06-06,Furniture,Desks,East,Delayed - Transit,5,46.44,58.58,0.61,140
ORD-11887,2023-09-25,Electronics,Audio,West,On-Time,4,253.9,511.95,0.0,29
ORD-11888,2023-05-28,Furniture,Chairs,South,On-Time,2,56.0,59.66,0.62,134
ORD-11889,2023-09-02,Furniture,Desks,East,Delayed - Customs,2,176.64,186.9,0.62,144
ORD-11890,2023-02-26,Furniture,Chairs,South,Delayed - Transit,5,246.23,265.4,0.61,132
ORD-11891,2023-08-10,Electronics,Computers,West,On-Time,1,101.16,199.52,0.05,11
ORD-11892,2023-11-18,Electronics,Audio,West,On-Time,1,187.26,335.08,0.0,43
ORD-11893,2023-10-11,Furniture,Desks,North,On-Time,2,356.36,443.06,0.57,160
ORD-11894,2023-12-31,Electronics,Accessories,North,On-Time,4,20.57,36.44,0.0,28
ORD-11895,2023-10-17,Furniture,Tables,East,On-Time,3,389.34,487.21,0.6,129
ORD-11896,2023-08-15,Electronics,Audio,East,On-Time,3,273.3,592.04,0.0,25
ORD-11897,2023-05-12,Electronics,Audio,West,On-Time,4,312.48,642.75,0.05,32
ORD-11898,2023-07-23,Apparel,Shirts,East,Delayed - Transit,1,388.64,502.59,0.56,166
ORD-11899,2023-04-23,Apparel,Shirts,East,Delayed - Transit,5,106.86,132.68,0.36,93
ORD-11900,2023-02-10,Furniture,,East,Delayed - Customs,5,205.16,265.87,0.53,165
ORD-11901,2023-03-24,Furniture,Desks,West,Delayed - Transit,4,67.27,74.83,0.37,86
ORD-11902,2023-09-16,Furniture,Desks,South,Delayed - Customs,5,190.6,228.8,0.57,124
ORD-11903,2023-09-11,Furniture,Tables,East,On-Time,2,308.88,385.85,0.43,87
ORD-11904,2023-05-10,Furniture,Tables,North,On-Time,2,395.99,427.68,0.05,82
ORD-11905,2023-12-08,Apparel,Footwear,North,On-Time,4,166.12,267.09,0.05,62
ORD-11906,2023-08-12,Apparel,Shirts,East,On-Time,3,125.39,226.58,0.0,15
ORD-11907,2023-10-15,Apparel,Pants,South,On-Time,5,285.54,605.99,0.0,25
ORD-11908,2023-06-22,Apparel,Footwear,East,On-Time,1,258.27,604.82,0.0,19
ORD-11909,2023-09-29,Furniture,Chairs,North,Delayed - Customs,3,105.55,115.38,0.54,162
ORD-11910,2023-11-03,Furniture,Chairs,North,Delayed - Transit,1,84.1,90.74,0.49,121
ORD-11911,2023-06-21,Electronics,Accessories,East,Delayed - Customs,5,112.73,143.88,0.39,110
ORD-11912,2023-04-25,Furniture,Tables,North,Delayed - Transit,1,25.54,27.92,0.58,130
ORD-11913,2023-04-28,Apparel,Shirts,South,On-Time,4,361.95,617.79,0.0,36
ORD-11914,2023-11-06,Furniture,Desks,East,On-Time,5,381.61,507.62,0.53,143
ORD-11915,2023-11-15,Furniture,Tables,West,On-Time,5,160.91,205.13,0.52,88
ORD-11916,2023-07-26,Electronics,Computers,East,On-Time,2,75.32,142.18,0.05,14
ORD-11917,2023-07-14,Apparel,Pants,North,On-Time,3,253.53,411.92,0.05,28
ORD-11918,2023-06-04,Apparel,Pants,South,On-Time,3,134.41,297.26,0.0,22
ORD-11919,2023-07-20,Apparel,Shirts,East,On-Time,3,275.85,559.98,0.05,41
ORD-11920,2023-05-01,Electronics,Audio,North,On-Time,5,144.19,231.58,0.0,21
ORD-11921,2023-07-20,Electronics,Accessories,West,On-Time,1,227.98,453.71,0.05,39
ORD-11922,2023-02-25,Furniture,Desks,West,On-Time,3,219.92,255.18,0.59,140
ORD-11923,2023-05-19,Furniture,Chairs,West,On-Time,5,359.5,421.24,0.05,82
ORD-11924,2023-11-14,Apparel,Pants,South,On-Time,1,215.84,421.77,0.05,33
ORD-11925,2023-06-23,Furniture,Desks,North,On-Time,2,74.97,84.27,0.0,82
ORD-11926,2023-01-17,Electronics,Audio,West,On-Time,4,275.55,616.93,0.05,29
ORD-11927,2023-08-24,Electronics,Computers,East,Delayed - Customs,2,269.45,359.52,0.44,161
ORD-11928,2023-03-29,Apparel,Shirts,West,On-Time,4,94.16,217.06,0.05,31
ORD-11929,2023-10-20,Apparel,Pants,West,On-Time,3,202.06,405.21,0.05,25
ORD-11930,2023-01-15,Furniture,Desks,North,Delayed - Transit,5,124.25,154.93,0.62,106
ORD-11931,2023-03-22,Electronics,Computers,East,Delayed - Transit,1,294.01,352.57,0.05,72
ORD-11932,2023-08-20,Electronics,Computers,East,On-Time,1,286.59,671.46,0.0,15
ORD-11933,2023-10-04,Electronics,Accessories,East,On-Time,2,70.37,132.78,0.0,8
ORD-11934,2023-07-05,Electronics,Computers,West,Delayed - Customs,1,170.48,219.1,0.49,88
ORD-11935,2023-01-30,Electronics,Audio,North,Delayed - Customs,2,306.49,365.63,0.0,59
ORD-11936,2023-09-25,Electronics,Computers,East,On-Time,3,73.99,135.89,0.05,31
ORD-11937,2023-09-27,Apparel,Footwear,South,On-Time,3,167.6,400.95,0.05,62
ORD-11938,2023-04-01,Apparel,Pants,North,On-Time,3,192.76,363.43,0.0,24
ORD-11939,2023-02-24,Electronics,Audio,West,Delayed - Transit,1,319.37,401.22,0.61,147
ORD-11940,2023-06-27,Apparel,Footwear,South,On-Time,2,150.56,251.24,0.05,35
ORD-11941,2023-09-27,Apparel,Shirts,West,On-Time,4,139.91,250.1,0.05,24
ORD-11942,2023-02-15,Furniture,Tables,North,On-Time,5,156.12,197.52,0.51,121
ORD-11943,2023-02-25,Furniture,Tables,North,On-Time,4,114.72,152.79,0.39,96
ORD-11944,2023-02-14,Furniture,Desks,North,On-Time,2,174.15,195.86,0.52,109
ORD-11945,2023-04-29,Furniture,Desks,North,Delayed - Transit,2,188.95,241.25,0.47,89
ORD-11946,2023-08-17,Electronics,Computers,East,Delayed - Transit,4,396.74,462.81,0.0,62
ORD-11947,2023-06-21,Furniture,Chairs,North,On-Time,5,268.11,355.79,0.36,126
ORD-11948,2023-06-20,Apparel,Footwear,South,On-Time,5,216.52,411.69,0.0,26
ORD-11949,2023-01-02,Electronics,Audio,West,Delayed - Customs,5,116.32,132.07,0.64,146
ORD-11950,2023-03-05,Apparel,Footwear,North,On-Time,2,59.56,132.03,0.0,30
ORD-11951,2023-10-18,Electronics,Computers,East,On-Time,3,32.78,57.35,0.0,10
ORD-11952,2023-12-26,Electronics,Accessories,West,On-Time,4,288.49,530.55,0.0,27
ORD-11953,2023-07-13,Electronics,Computers,West,On-Time,1,97.83,224.49,0.0,36
ORD-11954,2023-05-14,Electronics,Audio,North,On-Time,2,275.38,535.15,0.05,47
ORD-11955,2023-04-09,Electronics,Accessories,East,Delayed - Customs,2,246.22,327.09,0.54,110
ORD-11956,2023-12-10,Electronics,Accessories,South,On-Time,5,60.36,140.17,0.05,20
ORD-11957,2023-01-12,Furniture,Desks,South,On-Time,1,215.06,258.44,0.57,121
ORD-11958,2023-04-15,Apparel,Shirts,West,On-Time,1,301.38,649.58,0.05,43
ORD-11959,2023-07-04,Electronics,Accessories,East,On-Time,4,309.97,522.92,0.05,22
ORD-11960,2023-01-02,Electronics,Computers,South,On-Time,2,226.63,528.58,0.0,30
ORD-11961,2023-07-24,Electronics,Accessories,North,Delayed - Customs,3,132.07,177.92,0.52,143
ORD-11962,2023-01-31,Apparel,Footwear,East,Delayed - Transit,1,365.26,465.28,0.39,116
ORD-11963,2023-09-02,Electronics,Accessories,West,On-Time,4,354.46,827.22,0.05,30
ORD-11964,2023-06-23,Apparel,Shirts,North,Delayed - Transit,2,82.55,107.92,0.47,110
ORD-11965,2023-04-23,Apparel,Pants,East,Delayed - Customs,3,78.62,101.74,0.37,105
ORD-11966,2023-04-16,Furniture,Chairs,East,Delayed - Customs,4,41.82,50.2,0.55,195
ORD-11967,2023-01-09,Furniture,Chairs,South,On-Time,1,263.69,281.89,0.38,99
ORD-11968,2023-10-31,Electronics,Computers,South,Delayed - Transit,1,324.36,369.35,0.54,144
ORD-11969,2023-04-29,Electronics,Computers,East,Delayed - Transit,4,324.56,353.66,0.41,106
ORD-11970,2023-04-05,Electronics,Audio,South,On-Time,2,383.18,917.41,0.0,12
ORD-11971,2023-11-24,Electronics,Computers,East,Delayed - Transit,5,192.63,233.99,0.42,86
ORD-11972,2023-06-30,Apparel,Pants,West,Delayed - Transit,2,134.48,142.96,0.0,77
ORD-11973,2023-07-31,Apparel,Shirts,West,Delayed - Transit,3,108.52,131.98,0.46,96
ORD-11974,2023-06-11,Furniture,Chairs,South,On-Time,2,44.71,57.68,0.46,133
ORD-11975,2023-06-23,Apparel,Footwear,East,On-Time,3,35.67,67.1,0.05,48
ORD-11976,2023-12-16,Electronics,Computers,West,On-Time,4,384.96,784.88,0.0,35
ORD-11977,2023-05-22,Electronics,Accessories,North,On-Time,4,312.1,595.36,0.0,33
ORD-11978,2023-01-12,Apparel,Shirts,South,Delayed - Customs,4,387.74,480.03,0.39,116
ORD-11979,2023-04-03,Furniture,Tables,North,On-Time,3,394.69,420.86,0.51,154
ORD-11980,2023-09-25,Furniture,Desks,South,On-Time,4,149.7,162.26,0.4,116
ORD-11981,2023-05-14,Apparel,Footwear,East,On-Time,2,302.79,698.01,0.05,45
ORD-11982,2023-04-14,Apparel,Pants,South,On-Time,5,102.84,191.61,0.0,18
ORD-11983,2023-10-21,Electronics,Audio,East,On-Time,3,76.02,175.96,0.05,16
ORD-11984,2023-05-04,Furniture,Desks,East,On-Time,3,318.67,407.86,0.44,131
ORD-11985,2023-04-07,Electronics,Accessories,West,On-Time,4,17.41,29.19,0.0,23
ORD-11986,2023-02-28,Electronics,Accessories,North,On-Time,3,175.69,301.5,0.0,25
ORD-11987,2023-04-13,Apparel,Footwear,North,On-Time,5,327.98,643.72,0.05,24
ORD-11988,2023-11-19,Furniture,Chairs,North,Delayed - Transit,1,164.81,173.85,0.53,98
ORD-11989,2023-12-18,Apparel,Footwear,North,Delayed - Transit,5,148.88,195.46,0.05,67
ORD-11990,2023-06-23,Apparel,Footwear,West,On-Time,4,115.53,275.38,0.0,30
ORD-11991,2023-12-20,Electronics,Audio,East,On-Time,5,42.06,68.08,0.05,24
ORD-11992,2023-02-08,Furniture,Desks,West,On-Time,4,103.14,113.01,0.62,101
ORD-11993,2023-07-12,Electronics,Audio,South,On-Time,1,342.98,794.68,0.0,5
ORD-11994,2023-06-08,Apparel,Shirts,West,On-Time,4,377.5,851.01,0.05,22
ORD-11995,2023-02-04,Electronics,Audio,West,On-Time,5,302.97,682.86,0.0,23
ORD-11996,2023-06-07,Electronics,Computers,East,On-Time,2,99.57,216.31,0.05,17
ORD-11997,2023-03-15,Apparel,Shirts,West,On-Time,5,364.91,816.77,0.0,13
ORD-11998,2023-06-22,Apparel,Pants,North,On-Time,3,377.06,631.41,0.05,48
ORD-11999,2023-11-08,Apparel,Shirts,South,On-Time,2,91.75,164.67,0.05,26
ORD-12000,2023-01-08,Furniture,Chairs,West,On-Time,3,118.18,156.78,0.37,132
ORD-12001,2023-04-10,Apparel,Footwear,North,On-Time,1,226.59,463.48,0.05,39
ORD-12002,2023-09-23,Furniture,Chairs,South,On-Time,1,278.54,310.76,0.45,142
ORD-12003,2023-01-14,Furniture,Desks,East,On-Time,5,189.49,214.66,0.38,97
ORD-12004,2023-01-25,Electronics,Computers,South,On-Time,5,101.12,209.12,0.05,27
ORD-12005,2023-05-27,Apparel,,East,Delayed - Transit,2,191.74,236.97,0.44,106
ORD-12006,2023-06-28,Furniture,Tables,North,On-Time,3,148.01,177.2,0.05,78
ORD-12007,2023-12-26,Electronics,Accessories,North,On-Time,4,297.15,661.95,0.05,27
ORD-12008,2023-06-06,Electronics,Accessories,South,On-Time,1,245.91,582.42,0.0,18
ORD-12009,2023-12-05,Furniture,Chairs,West,On-Time,4,29.02,37.59,0.56,117
ORD-12010,2023-01-04,Electronics,,South,On-Time,2,376.01,699.83,0.0,16
ORD-12011,2023-08-05,Electronics,Computers,South,On-Time,4,89.12,170.75,0.0,35
ORD-12012,2023-04-18,Electronics,Accessories,East,On-Time,1,370.83,788.39,0.05,52
ORD-12013,2023-11-13,Apparel,Shirts,East,Delayed - Transit,1,269.94,323.07,0.43,118
ORD-12014,2023-05-10,Furniture,Tables,North,On-Time,5,203.85,267.12,0.62,134
ORD-12015,2023-04-28,Electronics,Audio,South,Delayed - Transit,5,18.38,21.58,0.58,109
ORD-12016,2023-06-28,Electronics,Computers,South,On-Time,4,315.43,582.11,0.05,51
ORD-12017,2023-06-15,Electronics,Computers,South,On-Time,1,43.87,78.77,0.05,22
ORD-12018,2023-07-12,Apparel,Shirts,West,Delayed - Transit,2,287.46,357.96,0.49,118
ORD-12019,2023-06-15,Apparel,Pants,North,On-Time,1,266.02,515.3,0.05,42
ORD-12020,2023-04-28,Furniture,Desks,South,Delayed - Transit,3,209.3,277.43,0.42,107
ORD-12021,2023-04-01,Furniture,Chairs,West,On-Time,2,313.29,389.56,0.0,78
ORD-12022,2023-11-21,Apparel,Pants,South,On-Time,5,61.88,126.62,0.05,15
ORD-12023,2023-01-31,Electronics,Audio,North,On-Time,1,128.45,253.66,0.05,52
ORD-12024,2023-12-18,Electronics,Accessories,West,On-Time,2,322.85,615.3,0.0,23
ORD-12025,2023-06-16,Apparel,Footwear,South,On-Time,2,180.92,430.87,0.05,30
ORD-12026,2023-06-05,Furniture,Chairs,West,Delayed - Transit,5,159.42,175.97,0.37,107
ORD-12027,2023-01-21,Electronics,Audio,East,On-Time,4,233.54,483.97,0.0,44
ORD-12028,2023-04-27,Apparel,Footwear,West,On-Time,1,157.62,281.04,0.0,52
ORD-12029,2023-05-04,Furniture,Chairs,West,On-Time,3,41.71,53.98,0.37,97
ORD-12030,2023-10-21,Apparel,,South,On-Time,1,319.72,748.4,0.05,11
ORD-12031,2023-09-29,Furniture,Desks,East,On-Time,3,61.59,75.85,0.37,124
ORD-12032,2023-04-04,Furniture,,South,On-Time,5,294.82,329.67,0.36,116
ORD-12033,2023-12-03,Electronics,Computers,West,Delayed - Transit,5,273.59,312.92,0.36,137
ORD-12034,2023-04-12,Electronics,Computers,East,On-Time,5,322.17,631.84,0.05,26
ORD-12035,2023-02-08,Furniture,Desks,South,On-Time,2,327.72,354.3,0.42,133
ORD-12036,2023-03-29,Electronics,Audio,East,On-Time,3,293.29,599.62,0.05,36
ORD-12037,2023-06-18,Apparel,Pants,North,On-Time,2,277.57,641.95,0.05,29
ORD-12038,2023-11-06,Furniture,Desks,East,On-Time,4,294.15,384.16,0.0,82
ORD-12039,2023-01-02,Electronics,Computers,West,On-Time,2,114.29,212.33,0.0,11
ORD-12040,2023-12-03,Apparel,Pants,North,On-Time,5,126.69,303.55,0.05,15
ORD-12041,2023-03-17,Electronics,Accessories,South,On-Time,4,363.45,667.55,0.0,13
ORD-12042,2023-12-03,Apparel,Shirts,East,On-Time,1,140.4,250.15,0.05,24
ORD-12043,2023-01-25,Apparel,Shirts,South,On-Time,5,233.13,389.34,0.0,50
ORD-12044,2023-12-23,Electronics,Accessories,South,On-Time,3,368.44,791.92,0.05,17
ORD-12045,2023-08-04,Electronics,Accessories,West,On-Time,4,192.38,359.3,0.0,26
ORD-12046,2023-04-27,Electronics,Accessories,North,On-Time,1,138.18,244.45,0.05,33
ORD-12047,2023-03-15,Electronics,Audio,West,Delayed - Transit,5,63.97,79.11,0.0,49
ORD-12048,2023-07-09,Furniture,,South,On-Time,5,100.72,114.27,0.0,72
ORD-12049,2023-12-28,Apparel,Shirts,West,On-Time,3,55.03,92.46,0.0,19
ORD-12050,2023-11-16,Apparel,Shirts,South,Delayed - Transit,5,358.42,392.91,0.48,91
ORD-12051,2023-09-03,Apparel,Footwear,North,On-Time,2,388.44,780.42,0.0,39
ORD-12052,2023-09-13,Electronics,Computers,West,On-Time,1,281.83,505.48,0.0,34
ORD-12053,2023-02-10,Furniture,Tables,North,On-Time,3,21.71,28.51,0.57,114
ORD-12054,2023-08-31,Electronics,Accessories,East,On-Time,5,101.95,177.17,0.0,19
ORD-12055,2023-07-25,Apparel,Shirts,North,On-Time,4,214.17,383.19,0.0,21
ORD-12056,2023-02-28,Apparel,Footwear,East,On-Time,4,51.57,105.58,0.05,41
ORD-12057,2023-08-23,Furniture,Desks,West,Delayed - Customs,4,59.44,72.02,0.61,153
ORD-12058,2023-02-12,Apparel,Shirts,East,On-Time,1,123.21,265.16,0.0,22
ORD-12059,2023-06-03,Electronics,Accessories,West,On-Time,5,351.66,613.68,0.05,4
ORD-12060,2023-05-16,Apparel,Footwear,West,On-Time,3,356.92,783.45,0.0,10
ORD-12061,2023-07-05,Electronics,Audio,North,On-Time,1,257.11,558.61,0.05,16
ORD-12062,2023-02-06,Furniture,Tables,North,On-Time,3,265.06,290.76,0.47,110
ORD-12063,2023-06-07,Furniture,Chairs,West,On-Time,1,212.18,274.88,0.51,135
ORD-12064,2023-11-10,Electronics,Computers,East,On-Time,5,198.02,466.31,0.05,33
ORD-12065,2023-12-30,Furniture,Desks,North,On-Time,4,229.4,282.23,0.57,103
ORD-12066,2023-09-01,Furniture,Chairs,North,On-Time,5,118.52,148.67,0.56,124
ORD-12067,2023-03-19,Apparel,Footwear,West,On-Time,4,30.89,69.06,0.0,13
ORD-12068,2023-01-04,Apparel,Shirts,North,Delayed - Customs,2,203.3,267.7,0.37,129
ORD-12069,2023-10-30,Apparel,Footwear,South,On-Time,1,172.26,383.02,0.0,29
ORD-12070,2023-09-19,Apparel,Pants,North,Delayed - Transit,5,190.93,251.67,0.36,151
ORD-12071,2023-04-14,Apparel,Shirts,West,On-Time,1,281.71,458.92,0.05,20
ORD-12072,2023-02-15,Apparel,Pants,East,On-Time,1,67.38,138.42,0.05,30
ORD-12073,2023-09-16,Apparel,Pants,West,On-Time,5,232.04,518.1,0.05,26
ORD-12074,2023-07-24,Furniture,Tables,South,Delayed - Transit,3,253.26,303.67,0.51,89
ORD-12075,2023-05-06,Electronics,Accessories,South,On-Time,1,43.27,98.03,0.0,34
ORD-12076,2023-01-13,Apparel,Shirts,South,On-Time,4,196.5,428.96,0.0,29
ORD-12077,2023-01-14,Apparel,Pants,West,On-Time,1,285.44,467.22,0.05,36
ORD-12078,2023-06-29,Furniture,Tables,East,On-Time,2,358.11,443.45,0.45,104
ORD-12079,2023-04-14,Apparel,Footwear,East,On-Time,1,184.17,352.66,0.0,40
ORD-12080,2023-01-27,Electronics,Audio,East,On-Time,2,54.17,118.79,0.05,16
ORD-12081,2023-03-24,Furniture,Desks,East,On-Time,5,360.26,467.74,0.41,95
ORD-12082,2023-07-17,Apparel,Shirts,East,On-Time,2,87.1,143.16,0.05,1
ORD-12083,2023-04-16,Furniture,Chairs,South,On-Time,4,357.47,469.23,0.56,102
ORD-12084,2023-08-24,Apparel,Pants,North,On-Time,5,367.54,745.72,0.05,29
ORD-12085,2023-10-29,Electronics,Audio,West,On-Time,2,131.06,220.41,0.05,21
ORD-12086,2023-05-12,Apparel,Footwear,West,On-Time,4,379.81,804.51,0.0,16
ORD-12087,2023-09-07,Electronics,Computers,East,On-Time,1,67.4,154.15,0.05,74
ORD-12088,2023-04-21,Electronics,Audio,West,On-Time,1,62.78,131.74,0.0,30
ORD-12089,2023-03-15,Apparel,Shirts,West,On-Time,4,76.85,182.36,0.0,33
ORD-12090,2023-04-18,Apparel,Footwear,North,On-Time,4,101.62,166.35,0.05,45
ORD-12091,2023-08-27,Furniture,Desks,South,On-Time,1,200.28,214.5,0.49,108
ORD-12092,2023-10-13,Apparel,Pants,South,On-Time,4,180.0,294.71,0.05,4
ORD-12093,2023-10-20,Furniture,Tables,South,On-Time,3,261.57,284.04,0.6,114
ORD-12094,2023-05-15,Apparel,,North,Delayed - Customs,2,362.41,410.84,0.39,151
ORD-12095,2023-10-30,Apparel,Footwear,East,On-Time,3,44.09,100.71,0.05,30
ORD-12096,2023-01-05,Furniture,Chairs,South,On-Time,5,396.1,451.21,0.43,100
ORD-12097,2023-01-27,Apparel,Pants,North,On-Time,4,241.07,492.54,0.05,31
ORD-12098,2023-10-19,Apparel,Pants,West,On-Time,4,91.54,217.23,0.05,34
ORD-12099,2023-04-25,Furniture,Chairs,West,On-Time,1,295.68,322.1,0.5,88
ORD-12100,2023-08-02,Apparel,Pants,South,On-Time,5,325.93,623.27,0.05,32
ORD-12101,2023-10-14,Electronics,Audio,West,On-Time,5,383.21,704.62,0.0,21
ORD-12102,2023-12-11,Apparel,Shirts,West,Delayed - Transit,5,202.52,248.24,0.56,103
ORD-12103,2023-07-29,Apparel,Pants,West,On-Time,2,319.39,629.84,0.0,12
ORD-12104,2023-07-04,Electronics,Accessories,North,On-Time,3,312.76,661.72,0.05,27
ORD-12105,2023-06-01,Electronics,Computers,West,On-Time,3,261.63,444.12,0.0,34
ORD-12106,2023-01-19,Apparel,Pants,East,Delayed - Customs,5,155.6,168.71,0.42,115
ORD-12107,2023-05-07,Apparel,Pants,South,Delayed - Customs,1,164.12,221.17,0.62,129
ORD-12108,2023-07-01,Electronics,Audio,South,On-Time,5,178.38,407.48,0.05,31
ORD-12109,2023-07-15,Furniture,Chairs,East,On-Time,5,120.72,156.45,0.62,147
ORD-12110,2023-09-26,Furniture,Tables,North,Delayed - Transit,2,33.9,39.16,0.62,120
ORD-12111,2023-05-27,Electronics,Computers,East,On-Time,3,341.44,549.68,0.0,35
ORD-12112,2023-05-13,Furniture,Chairs,South,On-Time,4,329.63,365.3,0.36,129
ORD-12113,2023-10-23,Apparel,Shirts,West,On-Time,3,202.32,455.18,0.05,40
ORD-12114,2023-07-10,Apparel,Pants,North,Delayed - Customs,1,363.84,433.4,0.57,115
ORD-12115,2023-06-06,Apparel,Pants,East,Delayed - Transit,5,247.19,270.12,0.56,116
ORD-12116,2023-12-05,Furniture,Chairs,North,On-Time,4,41.8,44.67,0.0,83
ORD-12117,2023-04-11,Electronics,Computers,South,On-Time,2,357.89,846.45,0.05,29
ORD-12118,2023-03-11,Electronics,Computers,South,On-Time,5,58.62,115.29,0.0,25
ORD-12119,2023-06-06,Electronics,Accessories,South,On-Time,4,124.3,268.12,0.0,61
ORD-12120,2023-04-11,Apparel,Footwear,West,Delayed - Transit,3,284.76,344.03,0.54,107
ORD-12121,2023-12-09,Electronics,Audio,South,On-Time,1,356.01,656.85,0.05,31
ORD-12122,2023-09-13,Furniture,Desks,West,On-Time,5,129.42,143.15,0.58,94
ORD-12123,2023-08-01,Apparel,Footwear,West,On-Time,3,198.16,441.11,0.0,40
ORD-12124,2023-08-23,Electronics,Audio,West,On-Time,1,312.77,645.74,0.0,40
ORD-12125,2023-01-05,Electronics,Audio,West,On-Time,3,174.19,396.63,0.0,26
ORD-12126,2023-07-05,Electronics,Computers,South,On-Time,5,220.97,427.51,0.05,20
ORD-12127,2023-11-20,Furniture,Desks,South,On-Time,4,255.85,271.06,0.46,109
ORD-12128,2023-05-09,Furniture,Desks,West,On-Time,2,87.58,116.3,0.37,112
ORD-12129,2023-01-10,Apparel,Shirts,West,On-Time,4,220.51,363.92,0.05,27
ORD-12130,2023-02-04,Apparel,,North,On-Time,1,142.77,282.02,0.05,43
ORD-12131,2023-05-08,Electronics,Accessories,North,On-Time,4,340.41,578.42,0.05,27
ORD-12132,2023-03-25,Apparel,Shirts,West,On-Time,3,141.86,291.8,0.0,29
ORD-12133,2023-02-11,Apparel,Pants,South,Delayed - Transit,1,121.32,131.58,0.52,118
ORD-12134,2023-10-08,Furniture,Chairs,East,On-Time,1,364.35,479.04,0.39,130
ORD-12135,2023-08-03,Furniture,Chairs,East,On-Time,4,184.32,201.27,0.47,88
ORD-12136,2023-11-01,Apparel,Shirts,East,Delayed - Transit,5,222.11,261.57,0.46,95
ORD-12137,2023-05-22,Furniture,Desks,East,On-Time,3,112.98,146.92,0.43,95
ORD-12138,2023-06-02,Furniture,Tables,South,On-Time,4,16.82,21.67,0.51,120
ORD-12139,2023-03-31,Apparel,Pants,South,Delayed - Customs,2,299.23,328.35,0.54,103
ORD-12140,2023-06-14,Apparel,Pants,South,On-Time,1,205.43,470.28,0.0,1
ORD-12141,2023-03-26,Electronics,Audio,West,On-Time,5,249.09,451.88,0.0,37
ORD-12142,2023-05-19,Apparel,Shirts,East,Delayed - Customs,2,209.83,271.49,0.4,111
ORD-12143,2023-12-03,Electronics,Accessories,South,On-Time,3,369.83,677.03,0.05,39
ORD-12144,2023-04-28,Furniture,Tables,South,Delayed - Customs,5,205.24,256.27,0.62,110
ORD-12145,2023-08-24,Furniture,Tables,South,On-Time,1,201.88,236.59,0.51,95
ORD-12146,2023-10-31,Apparel,Pants,West,On-Time,2,168.71,299.02,0.05,41
ORD-12147,2023-12-25,Apparel,Shirts,East,Delayed - Customs,5,148.98,183.89,0.61,124
ORD-12148,2023-12-20,Apparel,Shirts,East,On-Time,3,355.85,772.43,0.0,44
ORD-12149,2023-06-30,Electronics,Accessories,West,Delayed - Transit,4,161.62,207.3,0.5,137
ORD-12150,2023-03-21,Apparel,Pants,West,Delayed - Customs,3,328.19,380.19,0.61,86
ORD-12151,2023-12-24,Apparel,Footwear,West,On-Time,3,261.52,584.25,0.0,35
ORD-12152,2023-05-12,Electronics,Audio,West,On-Time,4,275.45,470.09,0.0,19
ORD-12153,2023-02-24,Apparel,Footwear,West,Delayed - Transit,5,240.99,260.42,0.48,109
ORD-12154,2023-11-03,Apparel,,North,On-Time,2,26.43,49.41,0.05,32
ORD-12155,2023-05-29,Furniture,Chairs,South,On-Time,1,393.8,450.08,0.37,154
ORD-12156,2023-05-16,Furniture,Tables,North,On-Time,5,257.37,346.24,0.64,117
ORD-12157,2023-07-19,Electronics,Computers,North,On-Time,1,230.94,478.31,0.0,3
ORD-12158,2023-02-22,Furniture,Chairs,West,On-Time,4,239.25,272.11,0.53,103
ORD-12159,2023-03-19,Apparel,Shirts,West,On-Time,2,317.02,715.29,0.0,22
ORD-12160,2023-02-13,Apparel,Shirts,West,On-Time,2,139.6,325.75,0.0,42
ORD-12161,2023-03-20,Furniture,Chairs,North,Delayed - Customs,4,336.0,428.32,0.41,89
ORD-12162,2023-06-23,Apparel,Footwear,West,On-Time,3,375.11,759.44,0.0,33
ORD-12163,2023-09-18,Apparel,Shirts,South,On-Time,1,333.06,737.47,0.05,32
ORD-12164,2023-10-07,Furniture,Tables,South,On-Time,3,57.25,61.82,0.42,114
ORD-12165,2023-06-09,Electronics,Computers,West,On-Time,3,353.07,630.55,0.05,28
ORD-12166,2023-11-18,Apparel,Shirts,West,On-Time,5,158.63,259.06,0.0,28
ORD-12167,2023-09-22,Furniture,Chairs,South,Delayed - Transit,1,124.25,151.23,0.39,94
ORD-12168,2023-07-04,Apparel,Pants,North,On-Time,1,111.82,234.65,0.0,30
ORD-12169,2023-01-12,Furniture,Desks,West,Delayed - Customs,3,296.62,374.57,0.43,107
ORD-12170,2023-10-30,Furniture,Tables,East,Delayed - Customs,5,88.3,97.27,0.6,110
ORD-12171,2023-05-02,Apparel,Footwear,East,On-Time,4,120.04,251.39,0.05,36
ORD-12172,2023-05-01,Apparel,Footwear,West,On-Time,3,63.67,114.89,0.0,30
ORD-12173,2023-04-29,Apparel,Shirts,East,On-Time,2,213.89,394.12,0.05,9
ORD-12174,2023-08-19,Electronics,Accessories,South,Delayed - Customs,2,27.01,32.99,0.45,149
ORD-12175,2023-11-09,Apparel,Footwear,South,Delayed - Transit,3,191.04,213.97,0.53,99
ORD-12176,2023-02-19,Apparel,Shirts,South,On-Time,4,145.86,240.2,0.0,16
ORD-12177,2023-10-12,Apparel,Shirts,South,On-Time,5,94.39,155.96,0.0,39
ORD-12178,2023-04-20,Apparel,Footwear,East,On-Time,4,209.17,435.17,0.05,39
ORD-12179,2023-03-24,Apparel,Footwear,South,Delayed - Customs,5,345.68,458.82,0.44,108
ORD-12180,2023-04-17,Electronics,Audio,West,On-Time,1,98.05,224.67,0.05,30
ORD-12181,2023-09-26,Furniture,Tables,East,Delayed - Transit,5,49.93,61.85,0.0,68
ORD-12182,2023-08-28,Electronics,Computers,West,Delayed - Customs,2,326.88,411.79,0.49,124
ORD-12183,2023-03-24,Electronics,Computers,South,On-Time,4,386.79,656.76,0.0,39
ORD-12184,2023-08-18,Furniture,Desks,West,Delayed - Customs,3,54.5,60.06,0.53,135
ORD-12185,2023-08-09,Electronics,Audio,East,On-Time,5,280.36,469.77,0.0,34
ORD-12186,2023-10-09,Furniture,Chairs,South,Delayed - Customs,5,298.8,334.52,0.42,145
ORD-12187,2023-12-07,Apparel,Footwear,North,On-Time,5,131.74,245.76,0.0,30
ORD-12188,2023-07-03,Electronics,Computers,East,On-Time,4,385.85,672.47,0.05,20
ORD-12189,2023-10-27,Apparel,Pants,East,Delayed - Customs,1,393.65,423.41,0.05,68
ORD-12190,2023-02-01,Electronics,Accessories,North,Delayed - Transit,5,126.29,135.09,0.5,131
ORD-12191,2023-11-09,Electronics,Accessories,South,On-Time,3,195.03,438.37,0.05,17
ORD-12192,2023-05-13,Electronics,Accessories,West,On-Time,2,171.0,369.92,0.0,35
ORD-12193,2023-01-27,Furniture,Tables,West,On-Time,1,251.28,281.73,0.38,137
ORD-12194,2023-05-13,Apparel,Footwear,North,Delayed - Customs,1,151.85,202.29,0.53,177
ORD-12195,2023-05-22,Electronics,Audio,South,On-Time,1,228.94,435.99,0.05,26
ORD-12196,2023-01-09,Apparel,Footwear,West,On-Time,3,32.66,59.53,0.0,34
ORD-12197,2023-05-19,Apparel,Pants,West,On-Time,2,328.96,638.82,0.0,19
ORD-12198,2023-07-07,Apparel,Pants,South,Delayed - Customs,3,217.08,230.6,0.42,119
ORD-12199,2023-12-06,Apparel,Shirts,South,On-Time,1,123.68,217.0,0.0,14
ORD-12200,2023-06-06,Apparel,Shirts,North,Delayed - Customs,5,352.46,412.87,0.45,132
ORD-12201,2023-06-27,Apparel,Shirts,North,On-Time,5,49.29,100.47,0.0,44
ORD-12202,2023-09-30,Apparel,Footwear,North,Delayed - Transit,4,310.06,339.35,0.36,120
ORD-12203,2023-12-16,Apparel,Pants,North,On-Time,4,243.42,510.09,0.05,13
ORD-12204,2023-05-13,Furniture,Chairs,East,Delayed - Customs,5,276.68,322.82,0.49,144
ORD-12205,2023-04-13,Apparel,Footwear,East,On-Time,1,289.7,607.54,0.0,31
ORD-12206,2023-08-16,Electronics,Audio,East,On-Time,2,39.56,74.74,0.0,33
ORD-12207,2023-09-03,Electronics,Audio,South,On-Time,2,117.03,222.36,0.0,60
ORD-12208,2023-12-15,Electronics,Computers,West,On-Time,3,398.91,851.73,0.05,7
ORD-12209,2023-12-09,Electronics,Accessories,West,On-Time,5,77.25,143.29,0.0,35
ORD-12210,2023-07-02,Apparel,Pants,West,On-Time,5,383.86,740.97,0.0,39
ORD-12211,2023-05-22,Furniture,Tables,South,On-Time,1,355.44,430.47,0.36,94
ORD-12212,2023-12-20,Electronics,Accessories,East,On-Time,4,171.15,287.79,0.05,36
ORD-12213,2023-07-06,Electronics,Audio,North,On-Time,2,123.36,198.71,0.05,24
ORD-12214,2023-08-28,Furniture,Tables,East,On-Time,5,345.68,437.49,0.43,113
ORD-12215,2023-07-25,Electronics,Computers,West,On-Time,2,88.32,155.41,0.0,24
ORD-12216,2023-12-03,Electronics,Audio,East,Delayed - Customs,1,336.45,440.91,0.48,131
ORD-12217,2023-02-04,Furniture,Tables,North,On-Time,4,232.73,282.9,0.62,101
ORD-12218,2023-11-05,Electronics,Computers,South,On-Time,3,240.5,463.58,0.05,14
ORD-12219,2023-11-02,Electronics,Accessories,West,On-Time,5,289.87,500.7,0.0,23
ORD-12220,2023-08-01,Apparel,Pants,South,On-Time,5,130.72,261.73,0.05,38
ORD-12221,2023-11-05,Apparel,Shirts,East,On-Time,3,395.82,728.37,0.05,47
ORD-12222,2023-12-23,Furniture,Desks,South,On-Time,2,16.76,21.18,0.0,74
ORD-12223,2023-11-16,Electronics,,West,On-Time,1,345.41,653.45,0.0,23
ORD-12224,2023-03-13,Apparel,Footwear,South,On-Time,2,88.48,163.45,0.0,37
ORD-12225,2023-05-31,Furniture,Desks,West,On-Time,2,393.59,513.21,0.61,102
ORD-12226,2023-05-04,Electronics,Computers,West,Delayed - Customs,2,240.63,290.34,0.65,92
ORD-12227,2023-08-29,Furniture,Desks,East,On-Time,5,242.58,325.06,0.42,100
ORD-12228,2023-03-07,Electronics,Accessories,East,On-Time,4,60.38,134.84,0.0,49
ORD-12229,2023-10-03,Electronics,Accessories,South,On-Time,3,371.48,830.88,0.0,41
ORD-12230,2023-07-17,Furniture,Chairs,East,On-Time,1,139.05,181.21,0.36,111
ORD-12231,2023-01-30,Apparel,Shirts,West,On-Time,5,173.93,346.43,0.0,12
ORD-12232,2023-05-05,Apparel,Pants,West,Delayed - Transit,5,57.8,71.13,0.0,40
ORD-12233,2023-03-19,Electronics,Computers,North,On-Time,3,64.96,154.55,0.0,33
ORD-12234,2023-07-31,Apparel,Shirts,West,On-Time,2,239.28,387.8,0.05,39
ORD-12235,2023-06-08,Apparel,Shirts,East,On-Time,4,174.62,358.45,0.0,30
ORD-12236,2023-12-22,Furniture,Desks,South,On-Time,1,207.6,257.82,0.6,126
ORD-12237,2023-04-16,Apparel,Pants,East,Delayed - Customs,5,149.83,194.85,0.53,155
ORD-12238,2023-01-23,Electronics,Accessories,East,On-Time,2,125.64,293.42,0.0,42
ORD-12239,2023-03-19,Furniture,Desks,South,Delayed - Transit,5,97.82,106.64,0.5,124
ORD-12240,2023-07-16,Furniture,Tables,North,On-Time,2,184.65,196.35,0.05,53
ORD-12241,2023-04-30,Electronics,Accessories,West,On-Time,1,317.63,680.66,0.0,31
ORD-12242,2023-02-17,Furniture,Tables,North,On-Time,4,394.39,485.54,0.52,100
ORD-12243,2023-10-14,Apparel,Pants,South,On-Time,1,268.19,618.84,0.05,12
ORD-12244,2023-12-30,Apparel,Pants,West,On-Time,1,209.47,379.0,0.0,47
ORD-12245,2023-06-12,Electronics,Computers,East,On-Time,2,121.08,270.94,0.0,38
ORD-12246,2023-07-24,Apparel,,West,On-Time,2,250.1,474.36,0.0,26
ORD-12247,2023-01-23,Electronics,Computers,South,On-Time,3,223.03,472.45,0.05,34
ORD-12248,2023-06-15,Apparel,Pants,West,On-Time,1,45.46,86.54,0.05,39
ORD-12249,2023-06-26,Electronics,Accessories,West,Delayed - Transit,2,79.56,99.4,0.61,105
ORD-12250,2023-02-11,Apparel,Shirts,West,Delayed - Customs,4,325.04,352.13,0.37,109
ORD-12251,2023-11-25,Furniture,Chairs,North,On-Time,1,384.09,471.34,0.05,80
ORD-12252,2023-04-03,Apparel,Shirts,West,On-Time,3,171.79,337.11,0.05,28
ORD-12253,2023-01-08,Furniture,Chairs,South,On-Time,5,334.64,355.86,0.51,117
ORD-12254,2023-11-26,Furniture,Tables,North,Delayed - Transit,4,348.32,417.35,0.45,137
ORD-12255,2023-06-20,Electronics,Computers,South,On-Time,3,40.6,96.34,0.0,12
ORD-12256,2023-11-19,Electronics,Accessories,South,Delayed - Transit,1,47.89,63.75,0.0,79
ORD-12257,2023-10-15,Furniture,Tables,West,On-Time,4,370.63,401.88,0.46,138
ORD-12258,2023-06-21,Apparel,Pants,North,On-Time,4,119.55,250.02,0.05,31
ORD-12259,2023-04-15,Apparel,Pants,North,On-Time,3,60.45,130.12,0.05,42
ORD-12260,2023-08-28,Electronics,Computers,South,Delayed - Transit,4,223.67,246.04,0.56,123
ORD-12261,2023-03-11,Electronics,Accessories,East,On-Time,3,210.06,484.57,0.05,34
ORD-12262,2023-09-09,Electronics,Accessories,West,On-Time,2,150.1,283.25,0.0,35
ORD-12263,2023-12-09,Electronics,Computers,North,Delayed - Transit,4,212.79,275.64,0.47,130
ORD-12264,2023-02-12,Electronics,Computers,North,On-Time,1,196.43,416.38,0.0,11
ORD-12265,2023-03-29,Furniture,Tables,North,On-Time,5,326.49,414.79,0.59,87
ORD-12266,2023-08-29,Electronics,Audio,West,Delayed - Transit,4,219.96,243.44,0.43,103
ORD-12267,2023-09-18,Electronics,Accessories,West,On-Time,1,55.08,96.18,0.0,16
ORD-12268,2023-10-21,Apparel,Footwear,West,On-Time,5,377.41,842.65,0.0,10
ORD-12269,2023-02-20,Apparel,Shirts,North,On-Time,1,199.36,470.65,0.0,30
ORD-12270,2023-04-15,Apparel,Footwear,South,On-Time,4,190.6,314.78,0.05,47
ORD-12271,2023-08-08,Apparel,Shirts,West,On-Time,3,238.73,435.68,0.05,30
ORD-12272,2023-09-24,Electronics,Audio,West,On-Time,3,225.07,450.18,0.05,38
ORD-12273,2023-09-01,Electronics,Audio,North,On-Time,3,399.94,662.99,0.0,43
ORD-12274,2023-02-23,Apparel,Pants,West,On-Time,2,125.46,290.77,0.0,54
ORD-12275,2023-02-15,Apparel,Pants,South,On-Time,4,299.59,500.15,0.05,37
ORD-12276,2023-09-19,Furniture,Tables,North,On-Time,2,89.08,96.42,0.52,104
ORD-12277,2023-02-23,Furniture,Desks,West,On-Time,3,342.17,425.58,0.54,89
ORD-12278,2023-07-10,Apparel,Pants,West,Delayed - Transit,1,311.96,413.66,0.48,123
ORD-12279,2023-10-10,Apparel,Footwear,East,On-Time,1,273.22,639.39,0.05,32
ORD-12280,2023-07-15,Furniture,Chairs,East,Delayed - Transit,3,356.19,408.14,0.53,105
ORD-12281,2023-11-25,Furniture,Chairs,North,Delayed - Transit,5,136.9,166.89,0.55,128
ORD-12282,2023-04-11,Electronics,Accessories,West,On-Time,4,355.4,634.9,0.0,41
ORD-12283,2023-08-13,Electronics,Audio,North,On-Time,4,267.06,430.75,0.0,21
ORD-12284,2023-10-11,Apparel,Shirts,South,On-Time,1,123.97,262.89,0.05,25
ORD-12285,2023-06-25,Apparel,Shirts,West,On-Time,1,270.49,631.82,0.05,42
ORD-12286,2023-05-21,Electronics,Computers,East,Delayed - Transit,1,297.01,360.83,0.36,130
ORD-12287,2023-06-07,Apparel,Shirts,South,Delayed - Transit,5,181.44,212.84,0.58,122
ORD-12288,2023-08-28,Apparel,Footwear,East,On-Time,1,63.85,138.85,0.0,17
ORD-12289,2023-01-30,Electronics,Accessories,South,On-Time,2,328.29,726.01,0.05,15
ORD-12290,2023-02-01,Furniture,Tables,South,On-Time,4,391.84,419.97,0.65,138
ORD-12291,2023-06-04,Furniture,Tables,East,On-Time,4,390.79,434.17,0.05,39
ORD-12292,2023-01-01,Apparel,Pants,West,On-Time,5,365.46,754.59,0.0,7
ORD-12293,2023-07-03,Electronics,Audio,West,On-Time,5,223.81,373.23,0.05,43
ORD-12294,2023-03-27,Electronics,Audio,East,On-Time,5,99.2,209.43,0.05,25
ORD-12295,2023-02-09,Apparel,Footwear,North,On-Time,1,71.04,122.9,0.05,20
ORD-12296,2023-03-15,Electronics,Computers,East,On-Time,3,57.59,117.21,0.0,43
ORD-12297,2023-04-23,Apparel,Shirts,South,On-Time,4,148.06,254.03,0.05,31
ORD-12298,2023-05-11,Furniture,Tables,South,On-Time,5,27.16,31.38,0.47,98
ORD-12299,2023-08-23,Apparel,Footwear,South,On-Time,5,190.8,385.68,0.05,31
ORD-12300,2023-02-04,Apparel,Pants,South,On-Time,1,180.81,329.95,0.05,32
ORD-12301,2023-02-21,Furniture,Tables,North,On-Time,5,102.56,134.01,0.47,129
ORD-12302,2023-01-01,Electronics,Accessories,South,On-Time,4,311.34,506.5,0.0,7
ORD-12303,2023-10-14,Apparel,Pants,South,On-Time,3,321.32,664.71,0.0,30
ORD-12304,2023-05-27,Apparel,Footwear,North,On-Time,1,284.87,521.71,0.0,38
ORD-12305,2023-04-09,Apparel,Pants,East,On-Time,5,320.16,751.32,0.0,39
ORD-12306,2023-09-11,Apparel,Shirts,South,Delayed - Customs,4,262.83,277.74,0.0,83
ORD-12307,2023-07-05,Apparel,Shirts,North,Delayed - Customs,4,209.74,248.06,0.39,136
ORD-12308,2023-08-22,Apparel,Footwear,South,Delayed - Customs,3,188.51,252.86,0.56,106
ORD-12309,2023-07-21,Apparel,Shirts,West,On-Time,3,73.91,168.04,0.05,14
ORD-12310,2023-04-22,Apparel,Footwear,South,Delayed - Transit,3,245.06,287.11,0.39,91
ORD-12311,2023-08-29,Furniture,Desks,North,On-Time,5,219.03,268.16,0.62,101
ORD-12312,2023-10-09,Apparel,Shirts,East,On-Time,4,357.82,670.64,0.05,51
ORD-12313,2023-08-22,Apparel,Shirts,East,Delayed - Transit,3,146.07,156.16,0.36,114
ORD-12314,2023-11-08,Apparel,Footwear,West,On-Time,2,391.55,636.71,0.0,8
ORD-12315,2023-09-20,Electronics,Computers,West,On-Time,4,172.3,384.35,0.0,36
ORD-12316,2023-04-21,Electronics,Accessories,South,Delayed - Transit,1,295.21,334.69,0.51,162
ORD-12317,2023-12-14,Electronics,Computers,West,On-Time,1,378.07,817.02,0.05,43
ORD-12318,2023-02-07,Furniture,Desks,South,On-Time,3,332.03,370.53,0.53,124
ORD-12319,2023-11-13,Furniture,Tables,East,On-Time,2,184.41,242.29,0.61,108
ORD-12320,2023-02-24,Furniture,Chairs,North,On-Time,4,221.31,250.45,0.56,86
ORD-12321,2023-01-13,Furniture,Desks,West,On-Time,5,351.6,440.61,0.53,101
ORD-12322,2023-11-20,Electronics,Computers,South,On-Time,2,109.19,227.45,0.05,28
ORD-12323,2023-10-27,Electronics,Computers,West,Delayed - Customs,4,321.72,424.96,0.5,118
ORD-12324,2023-04-06,Apparel,Footwear,North,On-Time,3,230.81,492.17,0.05,14
ORD-12325,2023-01-07,Apparel,Pants,South,On-Time,4,303.96,641.94,0.0,23
ORD-12326,2023-10-10,Apparel,Pants,East,On-Time,3,281.75,672.18,0.0,33
ORD-12327,2023-07-31,Electronics,Audio,North,On-Time,5,280.62,492.78,0.05,11
ORD-12328,2023-02-27,Apparel,Footwear,South,Delayed - Transit,3,141.44,163.77,0.56,132
ORD-12329,2023-04-14,Apparel,Shirts,East,Delayed - Transit,5,152.66,171.2,0.49,113
ORD-12330,2023-10-21,Electronics,Audio,East,On-Time,2,326.58,769.87,0.05,19
ORD-12331,2023-04-28,Apparel,Pants,South,On-Time,4,80.1,148.05,0.0,19
ORD-12332,2023-08-21,Electronics,Audio,South,On-Time,2,85.98,190.65,0.05,23
ORD-12333,2023-12-19,Apparel,Pants,West,On-Time,1,155.61,329.32,0.05,26
ORD-12334,2023-10-31,Furniture,Chairs,West,Delayed - Customs,3,97.05,128.01,0.64,136
ORD-12335,2023-10-02,Electronics,Audio,North,On-Time,5,113.71,204.68,0.05,42
ORD-12336,2023-09-17,Furniture,Chairs,North,On-Time,5,248.15,298.89,0.47,134
ORD-12337,2023-05-12,Apparel,Shirts,South,On-Time,3,291.23,560.67,0.0,15
ORD-12338,2023-02-07,Apparel,Shirts,West,On-Time,4,248.53,539.33,0.05,38
ORD-12339,2023-10-31,Furniture,Tables,South,On-Time,2,66.23,80.12,0.58,142
ORD-12340,2023-07-23,Apparel,Footwear,South,On-Time,4,54.09,122.24,0.0,52
ORD-12341,2023-05-22,Apparel,Footwear,West,Delayed - Transit,5,386.98,492.51,0.49,166
ORD-12342,2023-04-29,Apparel,Pants,West,Delayed - Transit,1,252.98,270.47,0.52,135
ORD-12343,2023-08-10,Apparel,Pants,West,On-Time,1,376.33,816.62,0.05,29
ORD-12344,2023-04-16,Apparel,Shirts,South,On-Time,5,375.69,838.45,0.0,51
ORD-12345,2023-06-26,Electronics,Audio,East,Delayed - Customs,1,207.36,237.5,0.0,84
ORD-12346,2023-01-01,Apparel,Pants,West,Delayed - Customs,1,267.1,297.73,0.62,150
ORD-12347,2023-04-14,Electronics,Computers,West,Delayed - Transit,3,52.96,67.48,0.62,96
ORD-12348,2023-02-20,Apparel,Shirts,East,On-Time,1,143.67,280.19,0.0,37
ORD-12349,2023-02-28,Furniture,Chairs,North,Delayed - Customs,2,398.21,459.93,0.48,148
ORD-12350,2023-04-11,Electronics,Computers,East,Delayed - Customs,5,225.11,257.42,0.63,86
ORD-12351,2023-02-23,Apparel,Footwear,South,On-Time,1,228.98,380.51,0.05,26
ORD-12352,2023-05-03,Apparel,Pants,East,On-Time,1,378.82,872.91,0.05,30
ORD-12353,2023-03-29,Furniture,Tables,West,Delayed - Transit,2,196.82,214.14,0.36,96
ORD-12354,2023-10-06,Apparel,Pants,North,On-Time,1,197.96,386.52,0.05,21
ORD-12355,2023-07-23,Furniture,Chairs,West,On-Time,2,85.55,105.64,0.5,121
ORD-12356,2023-05-07,Furniture,Chairs,North,Delayed - Customs,2,295.42,351.67,0.0,69
ORD-12357,2023-12-17,Apparel,Footwear,East,On-Time,4,375.27,701.48,0.05,25
ORD-12358,2023-04-21,Electronics,Accessories,North,On-Time,2,39.79,95.0,0.05,14
ORD-12359,2023-10-05,Electronics,Audio,North,On-Time,4,142.41,321.06,0.0,25
ORD-12360,2023-10-08,Apparel,Footwear,West,On-Time,1,249.2,502.29,0.0,32
ORD-12361,2023-12-11,Apparel,Footwear,South,On-Time,1,67.96,122.67,0.0,44
ORD-12362,2023-08-24,Apparel,Shirts,North,Delayed - Customs,1,353.0,378.03,0.38,132
ORD-12363,2023-11-30,Apparel,Pants,West,On-Time,2,141.74,237.47,0.05,19
ORD-12364,2023-01-10,Apparel,Footwear,South,Delayed - Transit,1,16.32,21.32,0.63,108
ORD-12365,2023-12-31,Furniture,Tables,South,On-Time,1,183.02,245.86,0.41,101
ORD-12366,2023-09-05,Electronics,Computers,East,On-Time,3,310.81,521.97,0.0,24
ORD-12367,2023-08-18,Electronics,Computers,West,On-Time,2,96.92,219.09,0.0,37
ORD-12368,2023-06-09,Apparel,Footwear,West,On-Time,5,192.74,336.82,0.05,33
ORD-12369,2023-09-27,Apparel,Pants,South,Delayed - Transit,1,77.39,84.36,0.0,70
ORD-12370,2023-10-25,Furniture,Chairs,West,On-Time,3,89.52,100.16,0.45,119
ORD-12371,2023-07-17,Furniture,,North,Delayed - Transit,1,231.74,244.57,0.54,123
ORD-12372,2023-06-08,Apparel,Pants,East,Delayed - Customs,3,134.69,147.93,0.4,129
ORD-12373,2023-04-03,Electronics,Audio,South,Delayed - Customs,4,227.38,277.12,0.47,102
ORD-12374,2023-06-21,Apparel,Pants,East,On-Time,5,59.4,123.9,0.0,49
ORD-12375,2023-10-10,Furniture,Tables,East,Delayed - Transit,1,82.74,96.7,0.55,119
ORD-12376,2023-01-07,Apparel,Footwear,East,Delayed - Customs,2,265.73,312.78,0.36,132
ORD-12377,2023-10-31,Electronics,Computers,North,On-Time,4,373.76,832.58,0.0,25
ORD-12378,2023-01-30,Electronics,,North,On-Time,3,61.04,114.55,0.05,54
ORD-12379,2023-12-30,Electronics,Accessories,South,Delayed - Transit,4,113.09,141.79,0.39,96
ORD-12380,2023-11-16,Furniture,Desks,South,Delayed - Customs,5,102.6,108.53,0.54,117
ORD-12381,2023-11-01,Electronics,Computers,South,On-Time,5,67.37,143.12,0.0,32
ORD-12382,2023-11-07,Apparel,Shirts,East,On-Time,1,395.16,681.61,0.0,40
ORD-12383,2023-06-24,Apparel,Pants,South,On-Time,2,118.22,236.72,0.0,3
ORD-12384,2023-08-23,Electronics,Accessories,West,Delayed - Transit,2,311.51,378.59,0.52,134
ORD-12385,2023-07-13,Electronics,Computers,East,Delayed - Transit,3,137.53,169.12,0.47,113
ORD-12386,2023-06-11,Apparel,Footwear,South,On-Time,2,78.18,155.08,0.05,32
ORD-12387,2023-11-03,Electronics,Audio,West,On-Time,5,340.68,581.89,0.0,22
ORD-12388,2023-11-09,Electronics,Computers,East,On-Time,5,283.77,589.62,0.0,15
ORD-12389,2023-12-10,Furniture,Chairs,North,On-Time,1,191.6,218.87,0.05,85
ORD-12390,2023-11-15,Apparel,Pants,South,Delayed - Transit,4,270.71,352.7,0.42,132
ORD-12391,2023-05-24,Furniture,Chairs,East,On-Time,5,296.25,362.08,0.64,130
ORD-12392,2023-05-03,Apparel,Pants,North,Delayed - Transit,3,80.15,98.02,0.62,130
ORD-12393,2023-03-15,Apparel,Pants,West,On-Time,4,363.33,842.23,0.0,28
ORD-12394,2023-07-27,Electronics,Computers,South,On-Time,2,135.38,224.95,0.05,19
ORD-12395,2023-07-09,Furniture,Chairs,East,On-Time,4,257.43,271.99,0.54,142
ORD-12396,2023-05-01,Apparel,Shirts,East,On-Time,5,195.88,448.15,0.0,18
ORD-12397,2023-01-29,Furniture,Desks,North,On-Time,3,114.03,132.33,0.53,128
ORD-12398,2023-04-16,Electronics,Audio,North,On-Time,3,230.46,462.42,0.05,37
ORD-12399,2023-02-27,Apparel,Shirts,South,On-Time,1,197.48,419.86,0.0,18
ORD-12400,2023-01-30,Apparel,Footwear,West,On-Time,2,157.75,278.54,0.05,20
ORD-12401,2023-10-22,Furniture,Chairs,East,On-Time,5,252.27,273.59,0.59,105
ORD-12402,2023-05-17,Furniture,Desks,West,Delayed - Transit,2,391.43,513.44,0.47,148
ORD-12403,2023-07-06,Furniture,Desks,West,On-Time,3,339.04,413.76,0.48,150
ORD-12404,2023-09-15,Apparel,Footwear,West,Delayed - Customs,4,90.97,101.82,0.41,127
ORD-12405,2023-09-17,Furniture,Desks,West,On-Time,1,95.29,124.62,0.53,146
ORD-12406,2023-05-14,Furniture,Tables,South,On-Time,3,365.86,439.05,0.37,104
ORD-12407,2023-01-14,Apparel,Shirts,South,On-Time,2,248.34,520.32,0.0,38
ORD-12408,2023-11-11,Furniture,Tables,West,Delayed - Customs,3,48.21,58.05,0.57,90
ORD-12409,2023-01-19,Electronics,Accessories,East,On-Time,1,126.79,245.53,0.0,32
ORD-12410,2023-01-02,Electronics,Accessories,South,On-Time,1,272.75,461.22,0.05,39
ORD-12411,2023-04-07,Electronics,Accessories,North,On-Time,3,143.41,262.91,0.0,21
ORD-12412,2023-12-14,Apparel,Shirts,South,On-Time,4,32.04,76.1,0.0,39
ORD-12413,2023-10-08,Electronics,Computers,North,On-Time,3,198.82,442.34,0.0,37
ORD-12414,2023-02-12,Furniture,Tables,South,On-Time,1,70.76,85.13,0.53,139
ORD-12415,2023-06-17,Electronics,Computers,South,Delayed - Transit,5,66.17,81.09,0.05,78
ORD-12416,2023-02-06,Apparel,Shirts,West,On-Time,3,193.04,386.58,0.0,4
ORD-12417,2023-06-11,Furniture,Chairs,South,Delayed - Transit,1,369.05,442.71,0.41,126
ORD-12418,2023-10-21,Electronics,Computers,North,On-Time,4,159.51,267.56,0.0,53
ORD-12419,2023-06-09,Electronics,Accessories,North,On-Time,1,212.81,471.3,0.05,20
ORD-12420,2023-10-28,Electronics,Computers,South,On-Time,4,258.27,420.41,0.0,46
ORD-12421,2023-01-14,Apparel,Shirts,South,On-Time,3,376.03,899.49,0.05,16
ORD-12422,2023-09-17,Apparel,Pants,South,On-Time,3,69.64,135.13,0.0,37
ORD-12423,2023-07-10,Electronics,Audio,North,On-Time,3,391.71,818.3,0.05,34
ORD-12424,2023-10-10,Furniture,Tables,East,On-Time,4,84.29,93.98,0.4,156
ORD-12425,2023-03-31,Electronics,Computers,North,On-Time,3,248.7,584.32,0.05,27
ORD-12426,2023-10-12,Apparel,Footwear,East,On-Time,1,101.05,164.2,0.05,41
ORD-12427,2023-09-26,Electronics,Accessories,East,On-Time,5,317.5,637.52,0.0,27
ORD-12428,2023-01-30,Apparel,Pants,East,On-Time,1,171.84,409.12,0.0,40
ORD-12429,2023-06-02,Electronics,Audio,East,On-Time,2,161.67,310.64,0.0,21
ORD-12430,2023-06-09,Apparel,Footwear,South,Delayed - Transit,1,235.15,307.18,0.55,99
ORD-12431,2023-03-20,Apparel,Footwear,East,On-Time,1,161.7,320.84,0.0,32
ORD-12432,2023-08-10,Electronics,Accessories,South,On-Time,4,146.2,303.22,0.0,29
ORD-12433,2023-04-02,Apparel,Footwear,West,On-Time,3,291.0,560.02,0.05,2
ORD-12434,2023-03-24,Electronics,Audio,West,On-Time,2,303.17,517.61,0.0,50
ORD-12435,2023-03-10,Electronics,Accessories,East,On-Time,4,283.87,581.62,0.0,39
ORD-12436,2023-03-28,Apparel,Pants,East,On-Time,2,95.78,179.37,0.0,34
ORD-12437,2023-07-22,Apparel,Footwear,East,Delayed - Transit,5,244.65,316.0,0.46,122
ORD-12438,2023-09-06,Electronics,Audio,East,Delayed - Customs,3,372.44,407.9,0.61,121
ORD-12439,2023-10-26,Electronics,Accessories,North,On-Time,1,16.8,38.43,0.0,16
ORD-12440,2023-03-02,Electronics,Computers,West,Delayed - Transit,2,93.9,125.83,0.42,107
ORD-12441,2023-09-13,Apparel,Pants,North,On-Time,2,51.68,109.13,0.05,30
ORD-12442,2023-06-19,Apparel,Pants,East,On-Time,2,278.2,628.47,0.05,29
ORD-12443,2023-01-12,Apparel,Pants,West,Delayed - Customs,2,253.19,340.11,0.05,66
ORD-12444,2023-08-19,Furniture,Tables,East,On-Time,2,228.59,241.88,0.39,115
ORD-12445,2023-01-19,Furniture,Tables,North,On-Time,3,293.03,353.38,0.44,119
ORD-12446,2023-11-23,Electronics,Accessories,West,On-Time,2,108.76,228.2,0.05,27
ORD-12447,2023-09-28,Furniture,Tables,East,On-Time,5,231.93,250.49,0.6,140
ORD-12448,2023-12-08,Furniture,Tables,North,On-Time,2,168.9,208.61,0.5,89
ORD-12449,2023-06-27,Electronics,Accessories,West,On-Time,4,33.47,77.56,0.0,23
ORD-12450,2023-10-11,Furniture,Chairs,East,On-Time,5,332.3,396.92,0.37,137
ORD-12451,2023-12-21,Furniture,Chairs,East,Delayed - Customs,3,350.68,369.17,0.49,150
ORD-12452,2023-08-01,Furniture,Tables,South,On-Time,1,278.62,313.43,0.0,63
ORD-12453,2023-05-29,Furniture,Tables,South,On-Time,4,354.4,431.93,0.53,126
ORD-12454,2023-06-16,Apparel,Shirts,North,On-Time,1,205.16,394.16,0.05,57
ORD-12455,2023-11-21,Electronics,Audio,West,On-Time,2,127.62,297.62,0.05,9
ORD-12456,2023-04-14,Apparel,Shirts,South,Delayed - Customs,5,316.14,332.32,0.05,82
ORD-12457,2023-01-21,Electronics,Audio,North,Delayed - Transit,4,220.26,270.33,0.05,80
ORD-12458,2023-04-25,Electronics,Computers,West,Delayed - Transit,5,227.91,267.62,0.51,107
ORD-12459,2023-02-23,Furniture,Chairs,South,On-Time,1,218.4,244.35,0.0,49
ORD-12460,2023-09-10,Apparel,Footwear,North,On-Time,4,343.23,554.94,0.0,29
ORD-12461,2023-04-16,Furniture,Desks,East,On-Time,5,125.52,168.24,0.41,95
ORD-12462,2023-08-06,Apparel,Pants,South,On-Time,2,179.23,341.19,0.05,11
ORD-12463,2023-07-03,Apparel,Pants,West,Delayed - Customs,4,294.57,332.52,0.44,115
ORD-12464,2023-10-22,Apparel,Pants,North,Delayed - Transit,4,257.46,335.12,0.35,99
ORD-12465,2023-04-17,Apparel,Pants,East,On-Time,5,273.28,611.15,0.05,17
ORD-12466,2023-03-16,Furniture,Tables,West,Delayed - Transit,1,22.66,27.86,0.5,101
ORD-12467,2023-12-13,Apparel,Pants,North,Delayed - Customs,1,51.19,67.52,0.37,142
ORD-12468,2023-03-10,Apparel,Footwear,North,On-Time,3,141.38,333.65,0.0,40
ORD-12469,2023-04-13,Apparel,Footwear,East,On-Time,3,92.2,183.28,0.05,37
ORD-12470,2023-11-08,Furniture,Chairs,West,Delayed - Transit,1,99.91,133.11,0.4,109
ORD-12471,2023-01-12,Apparel,Footwear,North,On-Time,4,56.9,131.95,0.0,20
ORD-12472,2023-07-29,Apparel,Footwear,South,On-Time,5,261.95,548.76,0.0,34
ORD-12473,2023-06-11,Furniture,Tables,North,On-Time,2,18.41,24.73,0.61,146
ORD-12474,2023-09-29,Apparel,Footwear,West,On-Time,2,106.31,252.72,0.0,43
ORD-12475,2023-06-01,Apparel,Pants,West,On-Time,1,306.94,504.63,0.0,20
ORD-12476,2023-02-25,Electronics,Computers,West,On-Time,2,147.46,349.98,0.05,21
ORD-12477,2023-06-24,Apparel,Shirts,North,On-Time,1,196.78,385.81,0.0,30
ORD-12478,2023-03-15,Furniture,Tables,North,On-Time,1,213.38,262.49,0.46,152
ORD-12479,2023-12-11,Electronics,Computers,South,On-Time,2,288.4,681.51,0.0,33
ORD-12480,2023-04-17,Electronics,Computers,North,On-Time,1,177.89,342.87,0.0,16
ORD-12481,2023-10-11,Apparel,Footwear,North,On-Time,4,310.8,613.87,0.0,25
ORD-12482,2023-06-12,Furniture,Desks,South,On-Time,5,66.35,77.19,0.43,136
ORD-12483,2023-04-17,Electronics,Accessories,South,On-Time,3,197.51,412.36,0.0,34
ORD-12484,2023-08-03,Electronics,Accessories,East,On-Time,2,93.9,177.84,0.05,24
ORD-12485,2023-05-11,Apparel,Footwear,South,On-Time,4,192.64,430.53,0.0,20
ORD-12486,2023-09-26,Apparel,Footwear,East,On-Time,3,398.44,936.85,0.05,39
ORD-12487,2023-09-10,Electronics,Computers,East,On-Time,5,111.42,210.37,0.05,9
ORD-12488,2023-04-07,Electronics,Audio,South,On-Time,1,80.87,170.0,0.0,36
ORD-12489,2023-02-26,Furniture,Desks,South,On-Time,4,162.01,212.71,0.57,130
ORD-12490,2023-01-29,Electronics,,South,On-Time,2,76.77,124.55,0.0,33
ORD-12491,2023-11-21,Electronics,Computers,South,On-Time,3,162.62,279.56,0.0,17
ORD-12492,2023-05-29,Apparel,Shirts,South,Delayed - Transit,3,343.45,362.4,0.47,118
ORD-12493,2023-01-17,Furniture,Chairs,East,On-Time,5,395.41,477.11,0.56,112
ORD-12494,2023-10-31,Electronics,,North,Delayed - Customs,3,157.42,203.17,0.54,127
ORD-12495,2023-01-23,Apparel,Footwear,West,Delayed - Transit,4,79.78,84.31,0.0,82
ORD-12496,2023-01-26,Electronics,Accessories,East,On-Time,2,58.91,98.21,0.05,18
ORD-12497,2023-06-23,Furniture,Chairs,East,On-Time,1,363.99,382.96,0.43,138
ORD-12498,2023-10-26,Furniture,Chairs,South,On-Time,3,237.71,280.08,0.5,110
ORD-12499,2023-09-12,Electronics,Accessories,South,On-Time,1,262.41,557.6,0.05,21
ORD-12500,2023-12-03,Electronics,Audio,South,Delayed - Transit,1,258.23,295.5,0.43,144
ORD-12501,2023-03-14,Electronics,Accessories,East,On-Time,2,272.57,628.22,0.05,23
ORD-12502,2023-06-20,Electronics,Accessories,West,On-Time,5,30.44,73.02,0.0,19
ORD-12503,2023-02-02,Apparel,Footwear,West,On-Time,2,125.49,276.75,0.0,43
ORD-12504,2023-08-06,Electronics,Audio,East,On-Time,2,47.8,112.08,0.0,18
ORD-12505,2023-07-18,Apparel,Pants,North,Delayed - Customs,1,245.81,330.47,0.46,153
ORD-12506,2023-11-15,Furniture,Desks,East,On-Time,1,90.05,98.1,0.36,90
ORD-12507,2023-03-09,Apparel,Footwear,West,On-Time,1,188.36,417.74,0.0,21
ORD-12508,2023-11-01,Electronics,Accessories,East,On-Time,1,349.27,745.14,0.05,39
ORD-12509,2023-11-02,Furniture,Tables,South,On-Time,1,358.35,413.77,0.52,138
ORD-12510,2023-05-12,Furniture,Desks,North,On-Time,1,232.49,245.11,0.56,134
ORD-12511,2023-05-19,Apparel,Footwear,North,On-Time,1,123.99,218.86,0.0,19
ORD-12512,2023-02-08,Electronics,Audio,North,On-Time,3,326.27,567.53,0.0,44
ORD-12513,2023-09-23,Furniture,Chairs,South,On-Time,2,331.85,364.71,0.49,99
ORD-12514,2023-05-13,Electronics,Computers,West,On-Time,4,121.69,195.85,0.05,36
ORD-12515,2023-06-12,Electronics,Audio,West,On-Time,3,112.84,254.9,0.05,30
ORD-12516,2023-10-20,Apparel,Footwear,North,On-Time,2,263.06,476.77,0.0,43
ORD-12517,2023-09-29,Electronics,Computers,East,On-Time,2,38.02,81.94,0.05,37
ORD-12518,2023-07-21,Electronics,Computers,East,On-Time,1,231.38,464.72,0.05,27
ORD-12519,2023-07-16,Electronics,Audio,South,On-Time,5,350.83,606.6,0.0,32
ORD-12520,2023-01-03,Furniture,Tables,North,On-Time,2,89.77,114.38,0.48,146
ORD-12521,2023-01-06,Electronics,Computers,West,On-Time,5,18.85,39.46,0.0,34
ORD-12522,2023-05-30,Electronics,Computers,East,Delayed - Transit,5,295.37,337.69,0.39,127
ORD-12523,2023-04-19,Furniture,Chairs,East,On-Time,5,303.05,370.96,0.49,159
ORD-12524,2023-04-07,Furniture,Desks,East,On-Time,4,397.27,493.9,0.0,79
ORD-12525,2023-07-12,Apparel,Shirts,North,On-Time,2,166.25,364.04,0.0,19
ORD-12526,2023-04-01,Electronics,Computers,West,On-Time,3,250.01,561.0,0.05,27
ORD-12527,2023-04-27,Electronics,Computers,East,On-Time,5,234.59,411.42,0.05,44
ORD-12528,2023-03-11,Furniture,Tables,East,On-Time,1,119.73,154.87,0.0,78
ORD-12529,2023-05-13,Electronics,Accessories,South,Delayed - Customs,2,327.61,398.06,0.57,97
ORD-12530,2023-07-29,Furniture,Tables,East,On-Time,2,308.17,354.88,0.38,86
ORD-12531,2023-06-20,Furniture,Chairs,South,On-Time,5,37.75,41.36,0.35,103
ORD-12532,2023-11-29,Furniture,Desks,South,Delayed - Customs,1,161.29,212.91,0.54,87
ORD-12533,2023-04-08,Apparel,Pants,East,On-Time,5,340.44,636.61,0.0,11
ORD-12534,2023-07-31,Furniture,Desks,North,On-Time,1,49.75,57.15,0.05,85
ORD-12535,2023-03-14,Furniture,Chairs,South,Delayed - Transit,2,58.96,66.36,0.63,141
ORD-12536,2023-10-14,Electronics,Audio,North,Delayed - Transit,5,153.24,179.48,0.57,123
ORD-12537,2023-08-05,Furniture,Desks,East,On-Time,4,359.63,421.4,0.38,123
ORD-12538,2023-01-10,Electronics,Computers,West,On-Time,5,241.63,497.84,0.05,25
ORD-12539,2023-09-03,Furniture,Desks,East,On-Time,3,65.37,86.33,0.61,106
ORD-12540,2023-07-20,Furniture,Tables,East,Delayed - Transit,3,384.42,441.85,0.44,100
ORD-12541,2023-10-22,Electronics,Audio,South,Delayed - Transit,3,171.91,215.44,0.37,112
ORD-12542,2023-09-14,Furniture,,East,On-Time,4,357.96,377.61,0.54,92
ORD-12543,2023-08-21,Furniture,Desks,East,Delayed - Transit,5,110.74,120.93,0.57,146
ORD-12544,2023-10-21,Apparel,Shirts,East,On-Time,1,208.0,455.91,0.05,20
ORD-12545,2023-12-15,Electronics,Computers,East,On-Time,5,53.59,100.77,0.05,32
ORD-12546,2023-03-30,Electronics,Audio,North,On-Time,2,28.34,47.89,0.05,49
ORD-12547,2023-02-09,Electronics,Computers,West,On-Time,2,319.17,755.58,0.0,40
ORD-12548,2023-09-27,Apparel,Shirts,West,Delayed - Customs,3,331.1,413.08,0.46,120
ORD-12549,2023-08-30,Electronics,Computers,North,On-Time,4,260.51,503.53,0.0,36
ORD-12550,2023-05-07,Electronics,Audio,South,On-Time,1,178.31,346.29,0.0,51
ORD-12551,2023-11-12,Electronics,Audio,East,Delayed - Customs,3,90.25,101.25,0.61,88
ORD-12552,2023-05-13,Furniture,Chairs,West,On-Time,3,145.67,153.8,0.61,157
ORD-12553,2023-12-29,Apparel,Pants,North,On-Time,4,154.49,351.77,0.0,27
ORD-12554,2023-04-11,Furniture,Tables,West,On-Time,2,385.89,472.43,0.64,106
ORD-12555,2023-01-02,Electronics,Audio,South,On-Time,1,157.47,296.28,0.0,40
ORD-12556,2023-12-11,Electronics,Accessories,West,On-Time,2,358.82,756.88,0.05,37
ORD-12557,2023-11-16,Apparel,Pants,South,On-Time,5,190.07,342.55,0.0,22
ORD-12558,2023-03-03,Electronics,Computers,South,On-Time,5,31.11,68.93,0.05,39
ORD-12559,2023-05-12,Electronics,Computers,South,On-Time,5,207.4,454.74,0.0,39
ORD-12560,2023-09-10,Furniture,Tables,North,On-Time,2,359.14,395.33,0.0,68
ORD-12561,2023-01-10,Furniture,Tables,North,On-Time,5,185.13,247.72,0.57,131
ORD-12562,2023-06-22,Apparel,Footwear,North,On-Time,2,130.62,255.44,0.05,45
ORD-12563,2023-08-10,Electronics,Accessories,West,On-Time,3,363.51,854.6,0.0,40
ORD-12564,2023-06-01,Electronics,Audio,North,On-Time,2,226.82,436.03,0.05,27
ORD-12565,2023-09-01,Electronics,Accessories,West,On-Time,2,259.95,592.06,0.0,60
ORD-12566,2023-01-11,Furniture,Desks,West,On-Time,1,34.89,39.66,0.57,88
ORD-12567,2023-10-26,Electronics,Accessories,North,On-Time,2,243.14,563.94,0.05,42
ORD-12568,2023-12-27,Electronics,Accessories,West,On-Time,5,231.98,540.36,0.0,44
ORD-12569,2023-08-26,Apparel,Pants,South,Delayed - Transit,3,182.64,227.53,0.47,150
ORD-12570,2023-05-28,Apparel,Footwear,North,On-Time,3,265.36,517.52,0.05,20
ORD-12571,2023-01-04,Furniture,Chairs,East,Delayed - Customs,3,211.85,254.01,0.48,96
ORD-12572,2023-11-13,Apparel,Shirts,West,On-Time,4,204.67,369.95,0.05,19
ORD-12573,2023-10-01,Furniture,Chairs,North,On-Time,5,324.86,373.41,0.49,138
ORD-12574,2023-12-03,Apparel,Pants,East,Delayed - Transit,2,200.92,232.07,0.38,141
ORD-12575,2023-01-18,Apparel,Pants,North,On-Time,3,390.9,776.31,0.05,10
ORD-12576,2023-05-19,Apparel,Footwear,West,On-Time,1,277.51,465.96,0.05,12
ORD-12577,2023-01-03,Furniture,Desks,South,Delayed - Customs,5,278.39,304.1,0.47,167
ORD-12578,2023-04-19,Electronics,Audio,East,On-Time,4,386.03,801.12,0.0,20
ORD-12579,2023-11-06,Furniture,Tables,West,On-Time,3,340.88,378.56,0.35,86
ORD-12580,2023-12-05,Electronics,Computers,East,On-Time,4,273.23,552.86,0.05,32
ORD-12581,2023-10-06,Furniture,Chairs,North,On-Time,5,184.06,200.54,0.58,124
ORD-12582,2023-11-28,Apparel,Footwear,South,On-Time,5,330.46,744.46,0.0,30
ORD-12583,2023-06-18,Electronics,Audio,West,Delayed - Transit,5,397.26,491.45,0.49,88
ORD-12584,2023-08-09,Electronics,Accessories,West,Delayed - Transit,2,170.89,188.88,0.54,89
ORD-12585,2023-05-19,Apparel,,East,Delayed - Customs,4,128.73,138.15,0.48,92
ORD-12586,2023-07-27,Electronics,Accessories,North,On-Time,1,17.26,29.56,0.0,31
ORD-12587,2023-08-26,Furniture,Desks,South,Delayed - Customs,4,182.36,215.76,0.46,199
ORD-12588,2023-07-12,Apparel,Shirts,South,On-Time,3,289.07,612.93,0.05,33
ORD-12589,2023-05-21,Furniture,Chairs,East,Delayed - Customs,5,159.16,213.14,0.55,127
ORD-12590,2023-11-29,Electronics,Accessories,North,On-Time,5,238.07,495.0,0.05,30
ORD-12591,2023-08-24,Apparel,Pants,East,On-Time,4,149.24,343.21,0.05,38
ORD-12592,2023-04-24,Furniture,Desks,West,On-Time,5,241.76,322.45,0.64,127
ORD-12593,2023-02-01,Electronics,Accessories,West,On-Time,1,289.91,594.96,0.05,23
ORD-12594,2023-10-07,Electronics,Accessories,West,On-Time,3,275.61,470.03,0.05,29
ORD-12595,2023-12-30,Apparel,Pants,North,On-Time,5,365.6,709.91,0.0,37
ORD-12596,2023-09-10,Furniture,Chairs,East,Delayed - Customs,5,27.27,28.88,0.36,118
ORD-12597,2023-01-27,Furniture,Desks,West,On-Time,3,377.52,418.53,0.55,120
ORD-12598,2023-08-22,Furniture,Tables,East,On-Time,4,348.59,434.35,0.36,111
ORD-12599,2023-07-17,Furniture,Desks,South,On-Time,2,357.89,393.79,0.05,48
ORD-12600,2023-12-14,Electronics,Audio,North,Delayed - Transit,1,49.56,54.1,0.36,103
ORD-12601,2023-05-01,Electronics,Audio,West,On-Time,1,110.24,225.44,0.05,38
ORD-12602,2023-10-15,Apparel,Pants,North,On-Time,5,202.54,335.85,0.05,32
ORD-12603,2023-11-02,Electronics,Audio,West,Delayed - Customs,5,172.18,190.77,0.36,129
ORD-12604,2023-01-03,Electronics,Accessories,South,Delayed - Transit,1,222.64,267.66,0.64,108
ORD-12605,2023-06-19,Apparel,Footwear,North,On-Time,2,60.33,124.65,0.05,45
ORD-12606,2023-07-19,Electronics,Computers,South,On-Time,1,284.49,512.42,0.0,35
ORD-12607,2023-09-05,Furniture,Tables,South,On-Time,3,166.98,185.66,0.49,116
ORD-12608,2023-02-16,Electronics,Audio,North,On-Time,2,51.33,100.08,0.0,47
ORD-12609,2023-06-03,Apparel,Pants,South,On-Time,5,24.65,49.71,0.0,32
ORD-12610,2023-11-16,Electronics,Audio,East,On-Time,3,139.38,228.6,0.05,25
ORD-12611,2023-08-29,Furniture,Tables,West,On-Time,1,141.72,170.57,0.39,100
ORD-12612,2023-04-19,Furniture,Chairs,South,On-Time,4,144.45,164.33,0.49,117
ORD-12613,2023-12-29,Electronics,Computers,East,Delayed - Transit,3,116.34,148.21,0.0,77
ORD-12614,2023-03-28,Apparel,Shirts,North,On-Time,4,313.47,695.07,0.0,30
ORD-12615,2023-05-03,Electronics,Audio,North,On-Time,4,178.77,374.08,0.0,31
ORD-12616,2023-11-24,Electronics,,East,On-Time,3,264.9,487.4,0.0,17
ORD-12617,2023-08-07,Furniture,Tables,East,Delayed - Customs,3,393.83,522.08,0.58,140
ORD-12618,2023-09-19,Apparel,Shirts,West,Delayed - Transit,1,51.88,62.28,0.55,108
ORD-12619,2023-08-11,Electronics,Computers,South,On-Time,4,261.52,548.76,0.0,62
ORD-12620,2023-07-09,Apparel,Shirts,East,Delayed - Transit,3,370.7,416.97,0.61,129
ORD-12621,2023-08-24,Apparel,,East,On-Time,4,305.83,721.45,0.05,34
ORD-12622,2023-12-16,Apparel,Footwear,South,On-Time,5,275.33,582.7,0.0,6
ORD-12623,2023-06-25,Electronics,Computers,West,On-Time,1,130.85,224.4,0.05,35
ORD-12624,2023-03-21,Electronics,Accessories,West,Delayed - Customs,5,342.6,363.56,0.63,116
ORD-12625,2023-02-21,Electronics,Accessories,East,On-Time,5,109.87,184.9,0.0,25
ORD-12626,2023-12-17,Apparel,Footwear,South,On-Time,3,283.06,489.85,0.0,8
ORD-12627,2023-08-28,Apparel,,East,On-Time,2,159.69,304.66,0.05,17
ORD-12628,2023-02-07,Apparel,Shirts,North,Delayed - Transit,5,266.96,291.6,0.61,136
ORD-12629,2023-06-04,Electronics,Computers,North,Delayed - Customs,5,87.81,110.92,0.54,90
ORD-12630,2023-01-05,Electronics,Computers,South,On-Time,1,290.6,576.82,0.0,32
ORD-12631,2023-11-23,Electronics,,South,On-Time,1,151.97,326.57,0.0,20
ORD-12632,2023-10-06,Furniture,Desks,North,On-Time,1,66.43,74.56,0.05,69
ORD-12633,2023-06-20,Apparel,Footwear,North,On-Time,4,278.62,514.04,0.0,28
ORD-12634,2023-02-12,Electronics,Accessories,West,Delayed - Transit,1,269.31,346.91,0.53,110
ORD-12635,2023-07-02,Electronics,Computers,North,On-Time,1,65.68,134.96,0.05,32
ORD-12636,2023-07-16,Electronics,Accessories,West,Delayed - Transit,2,204.48,220.06,0.46,122
ORD-12637,2023-10-07,Electronics,Computers,North,On-Time,5,256.52,579.43,0.0,28
ORD-12638,2023-09-21,Furniture,Chairs,North,On-Time,5,89.36,111.27,0.56,149
ORD-12639,2023-07-04,Apparel,Footwear,East,On-Time,3,50.46,87.71,0.05,25
ORD-12640,2023-01-24,Furniture,Desks,South,Delayed - Transit,5,115.46,154.2,0.4,146
ORD-12641,2023-04-11,Electronics,Computers,East,On-Time,2,119.39,225.61,0.0,41
ORD-12642,2023-09-08,Electronics,Audio,West,On-Time,4,91.28,201.06,0.05,42
ORD-12643,2023-01-16,Furniture,Chairs,East,On-Time,4,175.35,214.07,0.39,148
ORD-12644,2023-11-10,Electronics,Accessories,South,On-Time,2,176.35,411.69,0.05,32
ORD-12645,2023-10-23,Apparel,Pants,East,On-Time,5,338.05,737.35,0.0,28
ORD-12646,2023-02-14,Furniture,Chairs,West,On-Time,4,270.62,285.79,0.42,117
ORD-12647,2023-04-08,Furniture,Desks,East,On-Time,3,48.74,58.32,0.52,115
ORD-12648,2023-08-12,Furniture,Tables,North,Delayed - Transit,4,356.12,431.99,0.43,147
ORD-12649,2023-10-28,Electronics,,South,On-Time,5,71.82,131.36,0.0,47
ORD-12650,2023-05-31,Electronics,Computers,North,On-Time,4,91.51,167.47,0.0,39
ORD-12651,2023-04-01,Electronics,Computers,North,Delayed - Customs,3,321.39,365.58,0.51,112
ORD-12652,2023-04-04,Furniture,Tables,West,Delayed - Customs,3,181.64,207.41,0.57,148
ORD-12653,2023-10-22,Electronics,Accessories,South,On-Time,5,363.23,798.36,0.05,36
ORD-12654,2023-09-16,Furniture,Chairs,West,On-Time,2,41.18,53.82,0.05,68
ORD-12655,2023-11-26,Electronics,Audio,West,On-Time,3,193.05,377.54,0.0,27
ORD-12656,2023-12-24,Electronics,Audio,West,On-Time,4,274.66,533.82,0.0,31
ORD-12657,2023-03-14,Furniture,Desks,North,Delayed - Customs,3,187.49,207.53,0.4,133
ORD-12658,2023-01-30,Electronics,Computers,South,On-Time,5,183.74,402.86,0.05,32
ORD-12659,2023-11-13,Electronics,Audio,West,On-Time,2,226.83,451.93,0.0,21
ORD-12660,2023-03-11,Apparel,Pants,South,On-Time,2,263.51,626.64,0.0,26
ORD-12661,2023-08-15,Furniture,Desks,South,Delayed - Customs,2,146.25,161.01,0.57,108
ORD-12662,2023-11-24,Furniture,Desks,West,On-Time,3,184.98,223.59,0.39,110
ORD-12663,2023-01-30,Apparel,Pants,North,On-Time,3,372.34,888.44,0.0,44
ORD-12664,2023-02-03,Furniture,Desks,West,Delayed - Customs,3,33.51,37.49,0.64,132
ORD-12665,2023-01-25,Furniture,Chairs,North,On-Time,2,187.61,200.32,0.62,96
ORD-12666,2023-08-01,Electronics,Accessories,East,Delayed - Transit,3,153.66,186.05,0.55,111
ORD-12667,2023-09-26,Electronics,Computers,East,On-Time,3,393.48,862.76,0.05,12
ORD-12668,2023-10-19,Furniture,Chairs,West,On-Time,5,158.32,204.47,0.05,67
ORD-12669,2023-10-27,Furniture,Chairs,West,Delayed - Customs,2,179.17,220.49,0.45,124
ORD-12670,2023-06-14,Electronics,Computers,South,On-Time,4,40.06,93.46,0.05,52
ORD-12671,2023-05-04,Apparel,Footwear,East,On-Time,1,184.67,350.15,0.0,24
ORD-12672,2023-04-13,Electronics,Computers,North,On-Time,5,373.18,662.1,0.0,10
ORD-12673,2023-01-25,Apparel,Pants,South,On-Time,3,177.0,397.89,0.0,47
ORD-12674,2023-08-30,Furniture,Tables,West,On-Time,1,35.74,43.45,0.64,122
ORD-12675,2023-11-01,Electronics,Audio,North,On-Time,5,392.37,787.45,0.05,35
ORD-12676,2023-11-18,Electronics,Accessories,West,On-Time,1,117.95,252.88,0.05,46
ORD-12677,2023-05-22,Furniture,Tables,East,On-Time,3,264.69,280.59,0.0,68
ORD-12678,2023-04-10,Apparel,Shirts,South,On-Time,1,148.35,242.06,0.0,38
ORD-12679,2023-04-12,Apparel,Pants,South,On-Time,2,346.09,616.72,0.0,27
ORD-12680,2023-01-09,Apparel,Footwear,South,On-Time,3,70.74,160.06,0.05,37
ORD-12681,2023-11-14,Furniture,Desks,South,On-Time,5,318.62,384.58,0.52,132
ORD-12682,2023-11-08,Furniture,Chairs,South,On-Time,2,135.38,167.24,0.64,98
ORD-12683,2023-08-09,Apparel,Shirts,South,Delayed - Customs,2,364.12,411.52,0.47,92
ORD-12684,2023-10-21,Electronics,Computers,West,On-Time,4,373.91,715.38,0.0,32
ORD-12685,2023-04-18,Furniture,Tables,East,On-Time,3,209.53,271.53,0.42,103
ORD-12686,2023-04-01,Furniture,Tables,West,On-Time,5,45.17,48.06,0.51,109
ORD-12687,2023-09-25,Electronics,Computers,North,Delayed - Customs,1,95.03,121.87,0.41,92
ORD-12688,2023-06-10,Apparel,Footwear,West,On-Time,5,303.94,656.34,0.05,26
ORD-12689,2023-12-17,Furniture,Chairs,North,On-Time,2,91.87,121.78,0.4,128
ORD-12690,2023-11-06,Furniture,Desks,North,On-Time,1,16.19,21.21,0.49,121
ORD-12691,2023-07-18,Electronics,Audio,South,On-Time,1,205.42,434.11,0.05,41
ORD-12692,2023-01-20,Apparel,Footwear,East,On-Time,3,263.72,486.45,0.05,44
ORD-12693,2023-05-01,Electronics,Computers,West,On-Time,5,257.09,531.94,0.0,54
ORD-12694,2023-01-08,Furniture,Chairs,South,On-Time,5,257.62,310.31,0.44,112
ORD-12695,2023-08-17,Furniture,Chairs,South,On-Time,3,197.68,258.05,0.48,124
ORD-12696,2023-02-25,Apparel,Shirts,South,On-Time,4,179.05,307.07,0.0,8
ORD-12697,2023-07-12,Apparel,Footwear,West,On-Time,1,244.9,431.82,0.05,48
ORD-12698,2023-05-30,Furniture,Desks,West,Delayed - Customs,1,83.97,97.93,0.0,68
ORD-12699,2023-11-06,Apparel,Shirts,South,On-Time,4,94.76,205.04,0.0,34
ORD-12700,2023-04-27,Electronics,Accessories,North,On-Time,2,360.23,583.79,0.0,28
ORD-12701,2023-02-24,Furniture,Tables,South,On-Time,2,107.87,142.56,0.52,136
ORD-12702,2023-10-07,Electronics,Audio,West,On-Time,5,165.49,384.02,0.05,32
ORD-12703,2023-06-29,Electronics,Audio,West,On-Time,1,113.71,228.43,0.05,9
ORD-12704,2023-07-10,Electronics,Computers,West,On-Time,4,41.29,69.98,0.0,12
ORD-12705,2023-05-14,Furniture,Desks,South,On-Time,1,280.0,356.66,0.63,113
ORD-12706,2023-03-23,Apparel,Pants,South,Delayed - Customs,3,245.48,305.68,0.53,104
ORD-12707,2023-07-31,Furniture,Desks,West,On-Time,2,268.89,350.65,0.51,126
ORD-12708,2023-02-09,Electronics,Audio,South,On-Time,1,369.46,719.29,0.0,25
ORD-12709,2023-01-31,Apparel,Pants,East,On-Time,1,42.0,95.25,0.0,20
ORD-12710,2023-02-14,Furniture,Chairs,South,On-Time,1,239.07,275.29,0.5,105
ORD-12711,2023-05-21,Apparel,Pants,East,Delayed - Transit,2,301.76,370.09,0.05,83
ORD-12712,2023-05-30,Electronics,Computers,West,On-Time,1,325.09,760.97,0.05,43
ORD-12713,2023-10-09,Electronics,,South,On-Time,2,367.37,770.22,0.05,27
ORD-12714,2023-06-06,Apparel,Pants,South,On-Time,5,227.28,385.42,0.05,8
ORD-12715,2023-05-27,Electronics,Accessories,South,On-Time,3,33.06,79.07,0.0,20
ORD-12716,2023-07-07,Furniture,Desks,South,Delayed - Customs,3,89.66,97.36,0.6,144
ORD-12717,2023-03-07,Furniture,Chairs,South,On-Time,4,84.81,108.21,0.62,124
ORD-12718,2023-11-29,Electronics,Audio,East,On-Time,2,298.11,625.47,0.0,26
ORD-12719,2023-06-21,Furniture,Chairs,North,On-Time,5,236.09,266.69,0.44,106
ORD-12720,2023-05-19,Furniture,Chairs,North,On-Time,2,282.32,366.87,0.65,110
ORD-12721,2023-12-16,Electronics,Accessories,North,Delayed - Customs,3,71.55,93.2,0.55,165
ORD-12722,2023-12-02,Furniture,Tables,West,Delayed - Transit,2,331.91,420.57,0.42,114
ORD-12723,2023-07-08,Electronics,Computers,West,Delayed - Transit,2,352.94,389.3,0.6,136
ORD-12724,2023-08-30,Furniture,Desks,South,On-Time,4,238.92,270.86,0.05,50
ORD-12725,2023-01-25,Furniture,Chairs,West,On-Time,5,52.07,62.92,0.54,158
ORD-12726,2023-02-16,Furniture,Tables,East,On-Time,4,368.79,465.09,0.41,108
ORD-12727,2023-03-04,Furniture,Tables,South,On-Time,5,120.92,153.86,0.6,104
ORD-12728,2023-12-13,Apparel,Pants,West,On-Time,1,327.06,534.39,0.05,22
ORD-12729,2023-05-09,Furniture,Desks,North,Delayed - Transit,4,274.15,339.65,0.61,118
ORD-12730,2023-04-13,Electronics,Accessories,North,On-Time,1,173.47,363.55,0.0,31
ORD-12731,2023-02-26,Furniture,Desks,East,On-Time,3,22.53,27.49,0.0,70
ORD-12732,2023-02-06,Apparel,Footwear,North,Delayed - Transit,1,189.74,213.61,0.56,136
ORD-12733,2023-07-25,Furniture,Chairs,North,Delayed - Customs,5,157.14,212.04,0.55,135
ORD-12734,2023-09-22,Furniture,,West,Delayed - Transit,4,50.35,64.39,0.48,98
ORD-12735,2023-05-06,Apparel,Footwear,South,On-Time,1,86.51,206.1,0.0,22
ORD-12736,2023-02-19,Electronics,Computers,South,On-Time,1,304.37,495.81,0.05,28
ORD-12737,2023-09-14,Apparel,Footwear,North,On-Time,4,105.64,214.62,0.05,6
ORD-12738,2023-09-09,Apparel,Shirts,North,On-Time,4,163.39,269.74,0.05,28
ORD-12739,2023-03-28,Electronics,Audio,North,On-Time,1,33.43,73.11,0.0,35
ORD-12740,2023-06-15,Electronics,Computers,West,On-Time,5,121.27,197.37,0.0,23
ORD-12741,2023-02-21,Electronics,Computers,East,On-Time,5,127.99,289.74,0.05,26
ORD-12742,2023-01-29,Furniture,,North,On-Time,4,241.51,324.95,0.63,116
ORD-12743,2023-07-15,Electronics,Audio,South,Delayed - Transit,2,172.96,181.73,0.47,93
ORD-12744,2023-04-30,Furniture,Tables,North,On-Time,4,313.71,346.28,0.36,96
ORD-12745,2023-09-29,Apparel,Shirts,North,On-Time,2,107.91,255.09,0.0,28
ORD-12746,2023-08-12,Apparel,Footwear,North,On-Time,5,181.95,429.31,0.05,26
ORD-12747,2023-03-08,Electronics,Computers,West,Delayed - Transit,5,123.26,163.18,0.6,115
ORD-12748,2023-02-01,Furniture,Desks,North,Delayed - Transit,4,200.28,261.62,0.05,84
ORD-12749,2023-09-08,Electronics,Computers,West,On-Time,1,310.3,518.25,0.05,25
ORD-12750,2023-10-21,Apparel,Footwear,East,On-Time,4,53.67,102.13,0.05,25
ORD-12751,2023-07-16,Apparel,Pants,East,Delayed - Customs,4,392.24,441.11,0.49,104
ORD-12752,2023-09-14,Apparel,Footwear,North,On-Time,4,139.71,310.48,0.0,23
ORD-12753,2023-09-25,Apparel,Pants,North,On-Time,1,389.27,727.47,0.05,50
ORD-12754,2023-04-07,Furniture,Tables,North,Delayed - Transit,3,72.87,83.95,0.51,90
ORD-12755,2023-05-11,Electronics,Audio,East,On-Time,3,341.06,695.03,0.0,29
ORD-12756,2023-09-12,Apparel,Shirts,South,Delayed - Customs,5,300.37,341.77,0.44,125
ORD-12757,2023-07-03,Apparel,Pants,South,On-Time,2,116.79,187.96,0.0,17
ORD-12758,2023-05-06,Apparel,Footwear,East,On-Time,2,237.42,478.84,0.0,43
ORD-12759,2023-04-22,Apparel,Pants,East,On-Time,2,146.12,320.32,0.05,35
ORD-12760,2023-11-22,Furniture,Chairs,North,On-Time,5,140.34,186.6,0.51,97
ORD-12761,2023-03-19,Electronics,Accessories,East,On-Time,4,180.7,420.72,0.0,56
ORD-12762,2023-10-09,Furniture,Desks,North,On-Time,5,352.75,386.27,0.55,168
ORD-12763,2023-07-22,Furniture,Desks,North,On-Time,3,297.24,399.49,0.05,75
ORD-12764,2023-03-10,Apparel,Shirts,North,Delayed - Transit,5,245.57,283.81,0.46,118
ORD-12765,2023-08-04,Furniture,Tables,West,On-Time,3,57.79,74.47,0.6,121
ORD-12766,2023-08-12,Apparel,Shirts,West,On-Time,4,281.92,521.07,0.0,25
ORD-12767,2023-12-26,Apparel,Pants,North,Delayed - Transit,3,261.25,316.81,0.37,156
ORD-12768,2023-08-31,Electronics,Computers,East,On-Time,5,190.51,347.15,0.0,29
ORD-12769,2023-01-30,Electronics,Computers,West,Delayed - Customs,2,153.16,204.51,0.36,130
ORD-12770,2023-11-02,Electronics,Audio,East,On-Time,2,60.12,139.05,0.05,30
ORD-12771,2023-12-13,Furniture,Chairs,North,On-Time,2,372.22,437.79,0.48,120
ORD-12772,2023-02-10,Furniture,Desks,South,On-Time,4,15.2,18.03,0.41,122
ORD-12773,2023-05-30,Apparel,Shirts,South,On-Time,5,129.84,276.82,0.0,33
ORD-12774,2023-12-01,Electronics,Computers,West,Delayed - Transit,3,296.85,362.8,0.55,117
ORD-12775,2023-08-16,Apparel,Footwear,North,On-Time,3,372.87,785.73,0.05,27
ORD-12776,2023-07-22,Apparel,Shirts,East,On-Time,2,24.24,39.01,0.05,15
ORD-12777,2023-01-27,Apparel,Shirts,West,On-Time,5,379.79,709.53,0.0,43
ORD-12778,2023-07-16,Furniture,Desks,North,Delayed - Customs,2,293.78,376.07,0.38,101
ORD-12779,2023-03-28,Furniture,Tables,West,On-Time,5,69.09,74.31,0.57,141
ORD-12780,2023-12-24,Furniture,Tables,West,On-Time,3,263.74,333.4,0.42,148
ORD-12781,2023-09-21,Electronics,Accessories,South,On-Time,4,158.71,362.43,0.05,27
ORD-12782,2023-10-30,Furniture,Chairs,West,On-Time,3,329.79,441.79,0.5,113
ORD-12783,2023-12-10,Apparel,Footwear,East,Delayed - Customs,1,338.71,415.43,0.62,116
ORD-12784,2023-10-21,Furniture,Tables,East,On-Time,4,219.49,267.23,0.0,78
ORD-12785,2023-09-22,Apparel,Pants,East,On-Time,4,57.37,116.3,0.05,2
ORD-12786,2023-01-13,Electronics,Audio,South,Delayed - Customs,2,271.97,337.8,0.55,88
ORD-12787,2023-09-23,Electronics,Audio,North,Delayed - Customs,2,360.19,470.49,0.42,131
ORD-12788,2023-06-30,Electronics,Accessories,South,On-Time,3,130.94,304.49,0.05,10
ORD-12789,2023-08-26,Apparel,Footwear,North,On-Time,2,67.26,146.78,0.05,24
ORD-12790,2023-05-22,Furniture,Chairs,South,Delayed - Transit,2,200.72,220.51,0.39,117
ORD-12791,2023-11-30,Electronics,Accessories,East,On-Time,4,231.83,453.84,0.0,66
ORD-12792,2023-06-22,Electronics,Audio,South,Delayed - Transit,1,252.87,332.99,0.38,97
ORD-12793,2023-10-14,Electronics,Accessories,South,On-Time,2,79.36,166.61,0.0,41
ORD-12794,2023-02-16,Electronics,Computers,West,On-Time,1,87.17,179.97,0.05,24
ORD-12795,2023-07-16,Electronics,Accessories,West,On-Time,1,115.14,219.33,0.05,7
ORD-12796,2023-12-15,Apparel,Footwear,North,Delayed - Customs,4,282.86,343.25,0.45,124
ORD-12797,2023-01-29,Electronics,Accessories,West,On-Time,4,385.35,917.78,0.0,21
ORD-12798,2023-04-03,Apparel,Shirts,North,Delayed - Customs,1,162.19,176.85,0.05,71
ORD-12799,2023-03-19,Electronics,Computers,West,Delayed - Customs,1,355.72,434.91,0.48,115
ORD-12800,2023-05-21,Furniture,Chairs,North,Delayed - Transit,1,160.78,203.38,0.6,120
ORD-12801,2023-06-07,Furniture,Chairs,South,On-Time,5,340.01,454.43,0.05,82
ORD-12802,2023-02-09,Electronics,Computers,East,Delayed - Transit,2,106.02,135.18,0.36,95
ORD-12803,2023-12-31,Electronics,Audio,East,On-Time,2,252.74,586.06,0.05,25
ORD-12804,2023-05-18,Electronics,Computers,South,On-Time,1,219.25,411.81,0.05,23
ORD-12805,2023-02-22,Electronics,Audio,South,On-Time,4,257.58,569.1,0.05,38
ORD-12806,2023-04-28,Electronics,Audio,East,On-Time,3,355.13,680.43,0.05,24
ORD-12807,2023-10-19,Apparel,Footwear,West,Delayed - Customs,3,65.99,88.24,0.05,84
ORD-12808,2023-05-01,Electronics,Accessories,West,Delayed - Transit,1,69.63,86.12,0.54,148
ORD-12809,2023-08-19,Furniture,Desks,East,On-Time,3,226.64,262.33,0.59,125
ORD-12810,2023-11-24,Electronics,Computers,North,On-Time,4,270.17,570.35,0.0,8
ORD-12811,2023-10-15,Electronics,Accessories,North,On-Time,3,69.66,115.53,0.0,31
ORD-12812,2023-11-07,Apparel,Shirts,East,Delayed - Transit,2,345.99,448.97,0.61,95
ORD-12813,2023-02-21,Furniture,Desks,East,On-Time,3,138.97,165.47,0.35,146
ORD-12814,2023-12-23,Furniture,Desks,South,On-Time,2,222.03,280.33,0.52,134
ORD-12815,2023-04-17,Electronics,Accessories,North,On-Time,2,87.13,166.64,0.05,11
ORD-12816,2023-08-20,Electronics,Computers,South,Delayed - Transit,1,297.8,382.25,0.51,115
ORD-12817,2023-02-20,Electronics,Audio,North,On-Time,5,34.49,58.11,0.05,33
ORD-12818,2023-07-28,Apparel,Footwear,North,On-Time,5,88.27,202.8,0.05,1
ORD-12819,2023-05-15,Furniture,Desks,West,Delayed - Transit,5,243.02,301.06,0.6,100
ORD-12820,2023-10-05,Apparel,Footwear,North,On-Time,3,160.03,309.34,0.05,28
ORD-12821,2023-10-20,Electronics,Computers,South,On-Time,4,57.39,116.17,0.05,20
ORD-12822,2023-12-17,Apparel,Pants,East,On-Time,3,25.32,42.95,0.0,33
ORD-12823,2023-12-16,Apparel,Footwear,East,Delayed - Customs,4,297.3,319.33,0.63,110
ORD-12824,2023-03-22,Furniture,Tables,South,On-Time,5,152.65,188.77,0.6,140
ORD-12825,2023-06-02,Furniture,Tables,East,Delayed - Customs,4,205.95,217.89,0.45,117
ORD-12826,2023-05-15,Electronics,Audio,West,Delayed - Customs,5,317.85,354.82,0.58,140
ORD-12827,2023-11-01,Furniture,Tables,East,On-Time,4,173.64,185.64,0.62,89
ORD-12828,2023-05-03,Electronics,Computers,North,On-Time,5,161.5,294.58,0.0,1
ORD-12829,2023-10-19,Apparel,Footwear,West,Delayed - Transit,5,64.61,82.86,0.59,179
ORD-12830,2023-03-22,Apparel,Pants,South,Delayed - Transit,3,226.98,254.02,0.4,91
ORD-12831,2023-07-20,Apparel,Footwear,South,On-Time,1,228.66,541.62,0.05,33
ORD-12832,2023-11-20,Apparel,,North,On-Time,3,320.95,534.19,0.0,38
ORD-12833,2023-05-15,Furniture,Tables,East,Delayed - Transit,2,340.15,391.2,0.05,74
ORD-12834,2023-12-26,Electronics,Computers,West,On-Time,4,296.41,660.15,0.05,20
ORD-12835,2023-11-06,Furniture,Chairs,West,On-Time,4,147.78,169.53,0.64,119
ORD-12836,2023-05-22,Electronics,Computers,North,On-Time,1,376.53,815.15,0.05,31
ORD-12837,2023-08-13,Furniture,Desks,East,On-Time,4,120.86,135.85,0.53,102
ORD-12838,2023-05-10,Electronics,Computers,West,On-Time,4,146.46,270.39,0.05,23
ORD-12839,2023-05-29,Furniture,Desks,East,On-Time,2,176.04,202.66,0.39,118
ORD-12840,2023-07-15,Furniture,Chairs,East,On-Time,1,165.08,206.85,0.57,121
ORD-12841,2023-06-23,Electronics,Accessories,North,On-Time,2,362.52,784.11,0.0,1
ORD-12842,2023-05-21,Furniture,Tables,East,On-Time,2,163.77,188.69,0.49,92
ORD-12843,2023-07-01,Electronics,Audio,North,Delayed - Customs,1,254.48,341.06,0.65,117
ORD-12844,2023-10-07,Apparel,Shirts,West,Delayed - Customs,5,265.79,315.98,0.62,122
ORD-12845,2023-12-04,Electronics,Accessories,West,Delayed - Transit,2,254.94,336.8,0.54,140
ORD-12846,2023-08-19,Furniture,Tables,West,On-Time,5,105.04,110.94,0.56,115
ORD-12847,2023-08-29,Electronics,Computers,East,On-Time,5,363.52,866.98,0.05,22
ORD-12848,2023-10-27,Electronics,Accessories,East,On-Time,3,47.85,89.15,0.0,16
ORD-12849,2023-11-19,Apparel,Pants,South,Delayed - Customs,1,237.22,290.19,0.52,152
ORD-12850,2023-10-18,Apparel,Pants,South,On-Time,4,42.44,70.89,0.0,53
ORD-12851,2023-11-26,Electronics,Accessories,East,Delayed - Transit,2,196.69,255.74,0.35,130
ORD-12852,2023-08-25,Electronics,Accessories,North,On-Time,3,71.43,147.82,0.0,13
ORD-12853,2023-04-10,Apparel,Footwear,North,On-Time,1,48.62,89.4,0.0,25
ORD-12854,2023-07-31,Apparel,Footwear,South,On-Time,4,97.84,234.68,0.05,22
ORD-12855,2023-07-02,Furniture,Chairs,North,On-Time,5,361.6,478.82,0.43,110
ORD-12856,2023-10-17,Apparel,Pants,South,On-Time,3,66.08,118.04,0.0,13
ORD-12857,2023-09-27,Furniture,Desks,West,Delayed - Transit,1,134.1,179.45,0.51,105
ORD-12858,2023-10-28,Apparel,Pants,East,On-Time,1,356.15,734.23,0.05,35
ORD-12859,2023-08-06,Furniture,Tables,South,On-Time,2,196.54,253.7,0.46,108
ORD-12860,2023-02-16,Electronics,Audio,East,On-Time,4,176.15,389.62,0.0,23
ORD-12861,2023-07-23,Electronics,Audio,South,On-Time,1,181.32,297.79,0.05,9
ORD-12862,2023-02-21,Apparel,Footwear,West,On-Time,3,327.44,591.93,0.0,29
ORD-12863,2023-05-16,Electronics,Audio,East,On-Time,2,377.13,870.66,0.05,23
ORD-12864,2023-11-11,Apparel,Pants,East,On-Time,5,184.06,356.91,0.05,51
ORD-12865,2023-07-22,Electronics,,South,On-Time,2,64.19,130.03,0.0,33
ORD-12866,2023-07-06,Apparel,Pants,East,Delayed - Customs,1,393.55,462.72,0.5,89
ORD-12867,2023-03-06,Furniture,Tables,West,On-Time,5,68.26,83.07,0.61,140
ORD-12868,2023-09-02,Furniture,Desks,West,Delayed - Transit,2,64.11,73.95,0.63,122
ORD-12869,2023-02-22,Furniture,Chairs,South,Delayed - Customs,5,219.03,278.8,0.44,117
ORD-12870,2023-08-26,Apparel,Shirts,East,On-Time,5,39.62,75.14,0.05,1
ORD-12871,2023-10-29,Furniture,Desks,South,On-Time,3,44.52,51.97,0.64,129
ORD-12872,2023-07-21,Electronics,Computers,South,On-Time,3,389.86,683.11,0.05,40
ORD-12873,2023-06-30,Furniture,Chairs,East,Delayed - Transit,4,261.25,286.58,0.45,166
ORD-12874,2023-08-06,Apparel,Pants,East,On-Time,5,83.2,192.41,0.0,37
ORD-12875,2023-09-29,Apparel,Pants,South,On-Time,5,268.47,616.57,0.05,12
ORD-12876,2023-08-07,Furniture,Tables,West,On-Time,1,171.9,221.98,0.46,141
ORD-12877,2023-02-05,Apparel,Shirts,North,Delayed - Transit,3,383.72,460.84,0.36,117
ORD-12878,2023-03-14,Furniture,Chairs,South,Delayed - Transit,3,226.42,259.73,0.47,116
ORD-12879,2023-05-04,Furniture,Chairs,West,On-Time,3,115.34,148.07,0.4,131
ORD-12880,2023-02-19,Electronics,Computers,North,On-Time,1,25.2,55.78,0.0,24
ORD-12881,2023-11-12,Apparel,Footwear,North,On-Time,3,305.23,537.71,0.05,25
ORD-12882,2023-04-08,Electronics,Accessories,North,On-Time,5,18.87,32.54,0.0,27
ORD-12883,2023-11-03,Apparel,Pants,West,On-Time,3,219.21,360.31,0.05,24
ORD-12884,2023-08-22,Apparel,Shirts,West,On-Time,3,225.43,387.23,0.05,24
ORD-12885,2023-11-05,Apparel,Footwear,West,Delayed - Transit,3,178.07,194.23,0.54,110
ORD-12886,2023-02-22,Furniture,Tables,East,On-Time,1,314.3,336.07,0.61,102
ORD-12887,2023-03-09,Electronics,Computers,South,On-Time,3,107.5,213.75,0.05,10
ORD-12888,2023-08-24,Electronics,Accessories,East,On-Time,3,384.81,836.59,0.0,40
ORD-12889,2023-03-05,Furniture,Desks,West,On-Time,2,178.99,193.59,0.58,133
ORD-12890,2023-07-18,Electronics,Audio,East,On-Time,4,16.59,36.77,0.05,32
ORD-12891,2023-08-03,Apparel,Pants,South,Delayed - Transit,2,266.87,328.32,0.55,142
ORD-12892,2023-05-26,Apparel,Footwear,East,On-Time,1,129.44,296.69,0.0,36
ORD-12893,2023-07-05,Apparel,Pants,South,On-Time,3,50.25,80.62,0.0,34
ORD-12894,2023-02-18,Electronics,Computers,South,Delayed - Transit,3,307.25,372.64,0.41,107
ORD-12895,2023-10-11,Electronics,Accessories,North,Delayed - Customs,1,231.37,255.33,0.38,156
ORD-12896,2023-08-07,Electronics,,North,On-Time,1,274.13,509.44,0.05,29
ORD-12897,2023-06-11,Apparel,Footwear,South,On-Time,5,42.3,84.68,0.05,37
ORD-12898,2023-08-06,Furniture,Chairs,North,On-Time,2,350.54,415.79,0.64,109
ORD-12899,2023-03-29,Apparel,Footwear,West,On-Time,1,169.89,308.59,0.0,45
ORD-12900,2023-01-04,Electronics,Audio,East,On-Time,4,104.35,239.14,0.0,40
ORD-12901,2023-09-02,Furniture,Desks,East,Delayed - Transit,1,306.48,376.63,0.39,92
ORD-12902,2023-06-23,Electronics,Audio,East,On-Time,1,264.38,434.07,0.0,42
ORD-12903,2023-01-06,Apparel,Footwear,North,On-Time,4,111.9,196.61,0.05,52
ORD-12904,2023-11-26,Furniture,Tables,West,On-Time,1,334.84,358.68,0.58,126
ORD-12905,2023-12-01,Electronics,Accessories,North,On-Time,5,164.34,280.92,0.0,34
ORD-12906,2023-09-15,Electronics,Computers,East,On-Time,4,351.3,658.12,0.05,41
ORD-12907,2023-10-02,Furniture,Tables,East,On-Time,3,126.62,153.22,0.4,117
ORD-12908,2023-03-15,Furniture,Chairs,North,On-Time,5,305.7,406.57,0.56,106
ORD-12909,2023-01-22,Furniture,Chairs,North,On-Time,2,297.97,333.29,0.59,149
ORD-12910,2023-03-31,Apparel,Footwear,East,On-Time,3,378.79,844.42,0.05,36
ORD-12911,2023-08-07,Apparel,Shirts,West,On-Time,2,208.48,359.09,0.0,18
ORD-12912,2023-03-01,Apparel,Shirts,East,On-Time,4,112.08,182.84,0.0,55
ORD-12913,2023-05-22,Apparel,Shirts,East,On-Time,4,199.17,436.8,0.05,35
ORD-12914,2023-04-30,Electronics,Accessories,North,Delayed - Transit,1,333.14,366.01,0.38,116
ORD-12915,2023-10-26,Apparel,Shirts,North,On-Time,2,118.24,244.49,0.05,36
ORD-12916,2023-12-05,Apparel,Pants,West,Delayed - Transit,2,17.95,20.44,0.05,71
ORD-12917,2023-01-16,Apparel,Pants,South,Delayed - Transit,4,270.16,334.32,0.43,106
ORD-12918,2023-04-12,Electronics,Computers,East,On-Time,4,70.49,134.7,0.05,37
ORD-12919,2023-09-09,Electronics,Computers,North,On-Time,5,20.36,33.44,0.05,30
ORD-12920,2023-12-21,Apparel,Shirts,North,On-Time,1,106.71,215.12,0.0,13
ORD-12921,2023-11-01,Furniture,Chairs,West,On-Time,4,164.73,211.28,0.39,126
ORD-12922,2023-07-10,Apparel,Footwear,West,Delayed - Transit,3,144.26,172.01,0.38,117
ORD-12923,2023-04-10,Electronics,Accessories,North,On-Time,1,20.75,43.52,0.05,27
ORD-12924,2023-12-17,Apparel,Pants,North,On-Time,4,59.81,112.1,0.0,49
ORD-12925,2023-08-25,Furniture,Tables,South,On-Time,5,106.66,128.59,0.56,138
ORD-12926,2023-07-27,Electronics,Accessories,South,On-Time,3,48.09,83.73,0.05,27
ORD-12927,2023-11-12,Apparel,Footwear,East,Delayed - Transit,1,190.85,245.75,0.6,87
ORD-12928,2023-04-29,Apparel,Pants,North,On-Time,3,121.71,278.74,0.0,23
ORD-12929,2023-05-13,Electronics,Audio,North,On-Time,2,297.36,490.45,0.0,47
ORD-12930,2023-11-29,Electronics,Accessories,West,On-Time,4,248.5,573.04,0.05,38
ORD-12931,2023-06-18,Electronics,Computers,North,On-Time,5,83.63,138.94,0.05,51
ORD-12932,2023-01-14,Furniture,Desks,South,On-Time,3,135.06,166.17,0.57,136
ORD-12933,2023-12-10,Apparel,Footwear,North,On-Time,2,167.48,342.89,0.05,18
ORD-12934,2023-10-08,Apparel,Pants,East,Delayed - Customs,5,375.2,478.06,0.63,116
ORD-12935,2023-02-16,Furniture,Desks,South,On-Time,5,310.41,409.52,0.62,140
ORD-12936,2023-03-17,Furniture,Desks,North,Delayed - Customs,2,70.28,82.89,0.61,121
ORD-12937,2023-01-20,Electronics,Computers,West,Delayed - Transit,1,58.0,65.45,0.46,115
ORD-12938,2023-03-09,Electronics,Accessories,South,On-Time,3,226.65,423.77,0.0,68
ORD-12939,2023-05-07,Electronics,Audio,North,On-Time,4,71.28,164.84,0.0,40
ORD-12940,2023-12-07,Furniture,Tables,West,Delayed - Transit,1,356.19,462.47,0.63,129
ORD-12941,2023-06-26,Apparel,Pants,South,On-Time,3,188.28,324.22,0.05,48
ORD-12942,2023-02-14,Electronics,Audio,South,On-Time,3,105.78,209.9,0.0,38
ORD-12943,2023-10-12,Electronics,Computers,East,On-Time,2,381.53,899.42,0.0,43
ORD-12944,2023-08-08,Furniture,Desks,West,Delayed - Transit,4,58.92,70.74,0.05,72
ORD-12945,2023-06-21,Furniture,Chairs,North,On-Time,3,115.01,138.7,0.05,85
ORD-12946,2023-05-09,Apparel,Shirts,South,Delayed - Transit,3,41.78,54.62,0.0,82
ORD-12947,2023-08-05,Furniture,Tables,South,On-Time,4,42.33,48.05,0.54,99
ORD-12948,2023-03-22,Apparel,Pants,East,On-Time,2,398.22,859.83,0.0,46
ORD-12949,2023-06-01,Apparel,Pants,East,On-Time,2,138.34,234.33,0.05,40
ORD-12950,2023-12-18,Apparel,Shirts,South,On-Time,1,206.36,347.25,0.0,29
ORD-12951,2023-06-30,Apparel,Pants,West,On-Time,4,103.39,245.63,0.05,25
ORD-12952,2023-11-22,Apparel,Footwear,North,On-Time,5,76.51,151.52,0.0,28
ORD-12953,2023-08-02,Furniture,Chairs,South,Delayed - Customs,3,116.44,153.11,0.46,113
ORD-12954,2023-12-10,Furniture,Tables,West,On-Time,3,344.68,382.04,0.53,100
ORD-12955,2023-11-17,Electronics,Audio,East,On-Time,1,197.5,401.16,0.05,39
ORD-12956,2023-11-29,Furniture,Desks,South,On-Time,1,200.1,220.67,0.39,125
ORD-12957,2023-11-22,Electronics,Audio,East,On-Time,5,123.48,238.23,0.05,17
ORD-12958,2023-12-21,Apparel,Pants,North,On-Time,2,48.89,97.54,0.05,50
ORD-12959,2023-09-17,Furniture,Tables,East,On-Time,4,132.98,169.78,0.49,102
ORD-12960,2023-09-15,Apparel,Pants,South,On-Time,5,309.27,680.83,0.05,53
ORD-12961,2023-06-08,Apparel,Footwear,North,On-Time,5,334.66,624.64,0.05,42
ORD-12962,2023-03-19,Electronics,Accessories,South,On-Time,5,86.01,189.37,0.0,29
ORD-12963,2023-09-08,Apparel,Pants,West,On-Time,5,107.02,219.13,0.05,25
ORD-12964,2023-03-31,Furniture,Tables,North,Delayed - Transit,3,358.85,407.02,0.57,93
ORD-12965,2023-07-08,Furniture,Tables,South,On-Time,1,383.98,479.26,0.6,102
ORD-12966,2023-08-29,Electronics,Computers,North,On-Time,1,275.47,639.17,0.05,26
ORD-12967,2023-08-09,Apparel,Pants,East,On-Time,2,103.3,239.15,0.0,27
ORD-12968,2023-02-22,Furniture,Desks,West,On-Time,1,238.06,301.04,0.0,61
ORD-12969,2023-03-17,Furniture,Chairs,South,Delayed - Transit,1,54.91,68.34,0.05,83
ORD-12970,2023-01-20,Electronics,Accessories,East,On-Time,3,148.22,296.73,0.0,31
ORD-12971,2023-09-23,Electronics,Audio,North,On-Time,2,288.05,667.13,0.05,32
ORD-12972,2023-01-16,Electronics,Audio,South,Delayed - Transit,1,380.95,483.01,0.57,120
ORD-12973,2023-01-31,Electronics,Computers,East,On-Time,2,367.99,752.8,0.05,46
ORD-12974,2023-08-26,Electronics,Accessories,South,On-Time,2,131.12,270.53,0.05,32
ORD-12975,2023-09-30,Furniture,Tables,South,Delayed - Customs,1,126.77,167.91,0.54,129
ORD-12976,2023-10-02,Apparel,Pants,South,On-Time,2,18.87,32.86,0.05,68
ORD-12977,2023-04-16,Electronics,Computers,East,On-Time,5,303.59,658.56,0.0,31
ORD-12978,2023-10-10,Electronics,Audio,North,On-Time,5,212.44,404.13,0.05,56
ORD-12979,2023-02-03,Apparel,Footwear,West,Delayed - Customs,3,206.91,255.12,0.55,154
ORD-12980,2023-10-05,Furniture,Tables,East,On-Time,4,215.86,260.93,0.47,116
ORD-12981,2023-06-18,Apparel,Pants,West,On-Time,5,327.11,671.2,0.0,20
ORD-12982,2023-08-23,Furniture,Tables,West,On-Time,5,146.14,172.61,0.61,124
ORD-12983,2023-05-09,Apparel,Pants,West,On-Time,4,80.0,169.83,0.0,26
ORD-12984,2023-02-17,Electronics,Audio,North,On-Time,1,344.35,658.4,0.05,20
ORD-12985,2023-12-04,Electronics,Audio,North,On-Time,3,131.81,237.95,0.05,29
ORD-12986,2023-01-23,Furniture,Chairs,North,On-Time,3,258.7,311.48,0.53,118
ORD-12987,2023-01-28,Electronics,Computers,South,On-Time,5,56.49,103.22,0.0,19
ORD-12988,2023-12-05,Furniture,Chairs,South,On-Time,4,293.48,383.71,0.43,98
ORD-12989,2023-12-20,Furniture,Chairs,South,On-Time,3,116.3,127.49,0.43,134
ORD-12990,2023-10-20,Apparel,Pants,East,On-Time,4,84.52,155.35,0.0,32
ORD-12991,2023-05-23,Electronics,Computers,North,On-Time,5,302.96,640.95,0.0,8
ORD-12992,2023-06-03,Electronics,Accessories,East,On-Time,5,35.09,75.77,0.05,31
ORD-12993,2023-07-19,Apparel,Shirts,East,On-Time,2,258.4,557.03,0.0,35
ORD-12994,2023-10-27,Furniture,Chairs,South,On-Time,1,278.47,296.32,0.46,92
ORD-12995,2023-09-06,Apparel,Shirts,North,On-Time,3,182.56,299.29,0.0,34
ORD-12996,2023-05-18,Apparel,Footwear,West,Delayed - Transit,1,97.03,129.28,0.0,85
ORD-12997,2023-10-03,Apparel,Shirts,East,On-Time,3,118.47,268.62,0.0,26
ORD-12998,2023-10-31,Furniture,Chairs,East,Delayed - Transit,3,295.53,393.56,0.59,178
ORD-12999,2023-10-07,Furniture,Desks,South,Delayed - Transit,4,344.93,403.54,0.05,82
ORD-13000,2023-10-20,Apparel,Shirts,East,Delayed - Transit,4,171.84,190.67,0.53,133
ORD-13001,2023-09-19,Furniture,Chairs,South,Delayed - Customs,3,106.83,130.15,0.0,59
ORD-13002,2023-12-09,Electronics,Audio,East,On-Time,3,325.16,581.69,0.0,40
ORD-13003,2023-10-13,Apparel,Shirts,West,On-Time,5,219.85,506.52,0.0,32
ORD-13004,2023-03-19,Furniture,Desks,West,On-Time,1,105.8,123.14,0.36,131
ORD-13005,2023-11-22,Electronics,Computers,West,On-Time,1,179.82,338.53,0.0,26
ORD-13006,2023-09-05,Electronics,Computers,North,On-Time,2,59.17,110.53,0.0,14
ORD-13007,2023-11-15,Electronics,Accessories,South,On-Time,1,287.66,499.92,0.05,14
ORD-13008,2023-04-13,Electronics,Computers,East,Delayed - Transit,5,360.28,431.89,0.6,92
ORD-13009,2023-12-14,Furniture,Chairs,North,On-Time,3,155.55,169.28,0.42,103
ORD-13010,2023-11-24,Apparel,Footwear,West,Delayed - Customs,1,120.57,134.34,0.53,148
ORD-13011,2023-07-06,Apparel,Pants,West,On-Time,2,19.3,41.44,0.0,38
ORD-13012,2023-04-16,Electronics,Computers,South,On-Time,5,41.04,80.65,0.05,14
ORD-13013,2023-04-14,Apparel,Pants,North,On-Time,4,332.59,723.01,0.05,29
ORD-13014,2023-11-12,Apparel,Pants,South,On-Time,1,135.49,218.6,0.05,5
ORD-13015,2023-02-09,Electronics,Computers,West,On-Time,3,264.85,571.55,0.05,15
ORD-13016,2023-11-09,Electronics,Audio,West,Delayed - Customs,4,304.43,334.18,0.5,95
ORD-13017,2023-06-14,Furniture,Chairs,East,On-Time,2,100.91,111.88,0.64,126
ORD-13018,2023-07-21,Furniture,Chairs,North,On-Time,3,306.86,398.58,0.56,117
ORD-13019,2023-06-29,Apparel,Footwear,West,On-Time,4,126.27,283.45,0.05,34
ORD-13020,2023-11-29,Furniture,Tables,North,On-Time,3,261.99,283.25,0.6,138
ORD-13021,2023-07-02,Apparel,Pants,North,On-Time,4,280.0,633.99,0.0,34
ORD-13022,2023-02-20,Electronics,Accessories,West,On-Time,1,233.99,495.34,0.0,5
ORD-13023,2023-06-24,Furniture,Desks,South,On-Time,3,55.29,67.12,0.41,127
ORD-13024,2023-12-24,Electronics,Computers,East,On-Time,1,78.78,130.73,0.0,14
ORD-13025,2023-12-04,Apparel,Shirts,East,Delayed - Transit,1,91.65,112.28,0.61,130
ORD-13026,2023-06-01,Furniture,Desks,West,On-Time,3,370.14,495.87,0.48,117
ORD-13027,2023-03-18,Apparel,Shirts,North,Delayed - Customs,1,310.13,412.95,0.05,83
ORD-13028,2023-01-07,Furniture,Desks,South,On-Time,5,188.81,246.52,0.38,97
ORD-13029,2023-02-23,Electronics,Audio,North,Delayed - Customs,1,39.99,44.04,0.56,136
ORD-13030,2023-12-27,Furniture,Tables,West,On-Time,1,295.73,352.9,0.62,120
ORD-13031,2023-05-16,Furniture,,North,On-Time,4,396.71,456.29,0.47,132
ORD-13032,2023-09-02,Electronics,Accessories,South,On-Time,1,338.74,673.58,0.0,21
ORD-13033,2023-08-16,Furniture,Desks,West,On-Time,4,94.11,102.99,0.63,121
ORD-13034,2023-06-17,Furniture,Chairs,North,On-Time,5,117.8,132.68,0.4,109
ORD-13035,2023-07-13,Electronics,Computers,South,On-Time,3,132.82,259.4,0.0,40
ORD-13036,2023-08-06,Apparel,Shirts,West,On-Time,3,391.7,831.61,0.0,49
ORD-13037,2023-07-30,Apparel,Footwear,West,On-Time,5,252.02,441.03,0.05,43
ORD-13038,2023-02-17,Apparel,Footwear,East,On-Time,1,393.75,829.59,0.05,28
ORD-13039,2023-05-17,Apparel,,East,On-Time,5,149.91,244.75,0.0,38
ORD-13040,2023-08-21,Apparel,Pants,North,Delayed - Transit,2,89.91,109.19,0.53,158
ORD-13041,2023-06-23,Electronics,Computers,West,On-Time,4,304.02,539.07,0.05,40
ORD-13042,2023-08-30,Electronics,Computers,North,Delayed - Transit,2,280.75,366.51,0.41,129
ORD-13043,2023-03-21,Apparel,Shirts,West,On-Time,3,91.45,189.62,0.05,43
ORD-13044,2023-03-21,Furniture,Desks,West,On-Time,4,362.63,386.84,0.53,160
ORD-13045,2023-05-30,Electronics,Audio,South,Delayed - Customs,5,210.64,235.56,0.62,110
ORD-13046,2023-09-06,Apparel,Shirts,South,On-Time,2,92.44,172.84,0.05,28
ORD-13047,2023-08-20,Furniture,Tables,West,On-Time,5,118.72,137.19,0.42,175
ORD-13048,2023-01-29,Electronics,Computers,East,On-Time,5,258.98,556.67,0.05,43
ORD-13049,2023-07-21,Apparel,Pants,South,On-Time,5,302.17,600.58,0.05,38
ORD-13050,2023-12-27,Furniture,Chairs,West,Delayed - Transit,5,177.13,213.34,0.59,140
ORD-13051,2023-03-25,Apparel,Footwear,West,On-Time,3,311.15,579.39,0.05,28
ORD-13052,2023-06-22,Electronics,Accessories,South,On-Time,1,380.19,639.6,0.05,27
ORD-13053,2023-05-13,Apparel,Shirts,West,On-Time,5,340.01,802.34,0.05,30
ORD-13054,2023-07-08,Furniture,Chairs,West,On-Time,2,63.51,81.0,0.53,107
ORD-13055,2023-07-12,Furniture,Desks,North,On-Time,2,228.5,249.27,0.52,108
ORD-13056,2023-11-30,Furniture,Chairs,South,Delayed - Transit,3,389.62,426.25,0.39,118
ORD-13057,2023-12-31,Furniture,Desks,South,Delayed - Customs,5,286.2,345.93,0.37,121
ORD-13058,2023-12-22,Electronics,,North,On-Time,1,83.52,171.76,0.05,30
ORD-13059,2023-11-29,Electronics,Accessories,South,On-Time,5,368.32,620.47,0.05,17
ORD-13060,2023-09-26,Furniture,Desks,South,On-Time,1,395.11,465.28,0.05,80
ORD-13061,2023-11-14,Apparel,,North,On-Time,2,396.37,681.13,0.05,21
ORD-13062,2023-10-26,Apparel,Pants,East,On-Time,5,15.84,28.66,0.0,48
ORD-13063,2023-01-02,Furniture,Chairs,South,Delayed - Customs,3,269.23,317.28,0.6,130
ORD-13064,2023-05-03,Furniture,Tables,South,On-Time,1,351.35,391.14,0.05,84
ORD-13065,2023-05-06,Apparel,Footwear,East,Delayed - Customs,3,73.13,87.56,0.0,83
ORD-13066,2023-09-27,Electronics,Accessories,South,On-Time,4,76.21,126.67,0.0,17
ORD-13067,2023-12-09,Furniture,Tables,East,On-Time,4,318.51,396.47,0.61,124
ORD-13068,2023-11-07,Furniture,Desks,East,Delayed - Transit,4,335.39,427.2,0.58,124
ORD-13069,2023-02-05,Electronics,Accessories,North,Delayed - Transit,3,368.31,413.28,0.51,135
ORD-13070,2023-12-06,Apparel,Shirts,North,On-Time,2,361.66,640.01,0.0,30
ORD-13071,2023-08-20,Furniture,Desks,North,On-Time,1,260.13,282.57,0.65,100
ORD-13072,2023-05-03,Furniture,Desks,South,Delayed - Customs,3,198.07,252.62,0.47,168
ORD-13073,2023-07-07,Electronics,Audio,West,On-Time,5,294.64,633.89,0.0,46
ORD-13074,2023-12-14,Electronics,Accessories,West,On-Time,4,227.09,376.96,0.0,38
ORD-13075,2023-09-28,Electronics,Audio,West,On-Time,4,307.54,592.04,0.0,17
ORD-13076,2023-07-10,Furniture,Chairs,West,On-Time,3,68.01,80.69,0.46,121
ORD-13077,2023-06-16,Furniture,Tables,East,On-Time,1,44.6,55.27,0.05,81
ORD-13078,2023-05-07,Furniture,Chairs,South,On-Time,2,67.33,74.24,0.51,152
ORD-13079,2023-04-28,Apparel,Footwear,East,On-Time,1,181.89,333.67,0.05,29
ORD-13080,2023-10-03,Electronics,Computers,North,On-Time,5,172.93,298.37,0.0,47
ORD-13081,2023-07-26,Electronics,Accessories,East,Delayed - Customs,5,45.39,58.45,0.54,114
ORD-13082,2023-03-28,Furniture,Tables,South,On-Time,3,395.89,494.71,0.64,111
ORD-13083,2023-10-15,Apparel,Footwear,North,On-Time,1,23.07,48.65,0.05,20
ORD-13084,2023-09-11,Furniture,Desks,West,Delayed - Customs,5,274.51,315.33,0.53,117
ORD-13085,2023-05-18,Furniture,Chairs,East,On-Time,2,392.31,465.47,0.56,146
ORD-13086,2023-09-17,Furniture,Tables,North,On-Time,4,44.13,49.01,0.0,74
ORD-13087,2023-06-05,Electronics,Accessories,South,On-Time,3,328.32,613.24,0.05,13
ORD-13088,2023-07-13,Furniture,Desks,North,On-Time,5,326.99,348.23,0.59,92
ORD-13089,2023-12-22,Furniture,Desks,West,Delayed - Transit,4,206.56,247.43,0.48,122
ORD-13090,2023-04-17,Furniture,Tables,North,On-Time,2,269.88,330.37,0.47,125
ORD-13091,2023-06-22,Electronics,Computers,West,On-Time,1,264.97,558.79,0.0,31
ORD-13092,2023-02-01,Electronics,Audio,South,Delayed - Customs,3,219.76,266.96,0.48,146
ORD-13093,2023-02-23,Apparel,Footwear,South,On-Time,1,313.55,688.29,0.05,41
ORD-13094,2023-12-10,Apparel,Shirts,East,On-Time,3,146.28,287.7,0.05,22
ORD-13095,2023-08-10,Apparel,Footwear,West,On-Time,4,142.53,283.15,0.05,22
ORD-13096,2023-02-11,Apparel,Shirts,South,On-Time,4,183.76,376.37,0.05,27
ORD-13097,2023-09-12,Furniture,Desks,East,On-Time,2,353.17,442.14,0.37,151
ORD-13098,2023-11-11,Furniture,Chairs,East,On-Time,4,263.08,315.71,0.42,116
ORD-13099,2023-03-08,Electronics,Audio,East,Delayed - Transit,2,218.03,231.68,0.51,134
ORD-13100,2023-12-16,Apparel,Pants,East,On-Time,4,20.25,40.71,0.05,35
ORD-13101,2023-10-13,Electronics,Computers,West,On-Time,2,233.24,412.65,0.05,26
ORD-13102,2023-11-14,Apparel,Shirts,West,On-Time,3,19.97,45.12,0.0,29
ORD-13103,2023-01-15,Furniture,Desks,South,On-Time,2,77.42,94.11,0.55,116
ORD-13104,2023-05-06,Furniture,Desks,South,On-Time,1,146.35,172.62,0.52,130
ORD-13105,2023-01-11,Furniture,Chairs,East,On-Time,4,59.99,64.11,0.5,138
ORD-13106,2023-08-12,Furniture,Chairs,East,On-Time,5,193.96,235.91,0.58,135
ORD-13107,2023-08-15,Apparel,Footwear,South,On-Time,4,286.25,541.44,0.0,31
ORD-13108,2023-05-07,Apparel,Footwear,West,On-Time,1,31.51,64.69,0.05,4
ORD-13109,2023-09-06,Furniture,Desks,East,Delayed - Customs,1,238.34,283.12,0.44,156
ORD-13110,2023-05-29,Electronics,Accessories,North,On-Time,5,148.05,326.17,0.05,45
ORD-13111,2023-10-19,Furniture,Chairs,West,Delayed - Customs,2,26.91,30.32,0.64,110
ORD-13112,2023-11-10,Electronics,Accessories,West,On-Time,3,375.76,601.66,0.05,25
ORD-13113,2023-11-14,Apparel,Pants,East,On-Time,3,188.7,385.86,0.05,49
ORD-13114,2023-04-15,Electronics,Accessories,South,On-Time,4,145.11,324.53,0.0,31
ORD-13115,2023-03-02,Apparel,Shirts,South,Delayed - Transit,3,112.56,136.73,0.54,105
ORD-13116,2023-07-25,Furniture,Desks,East,On-Time,2,356.68,415.93,0.64,156
ORD-13117,2023-06-10,Electronics,Computers,North,On-Time,2,245.6,467.87,0.0,36
ORD-13118,2023-12-18,Furniture,Chairs,North,On-Time,3,26.8,29.9,0.47,101
ORD-13119,2023-11-19,Apparel,Footwear,West,On-Time,3,17.03,37.11,0.05,2
ORD-13120,2023-11-30,Furniture,Tables,South,On-Time,4,164.13,205.98,0.37,109
ORD-13121,2023-09-10,Apparel,Pants,North,On-Time,3,323.91,687.31,0.05,32
ORD-13122,2023-04-01,Furniture,Chairs,East,On-Time,1,165.46,200.56,0.58,98
ORD-13123,2023-07-16,Electronics,Audio,East,On-Time,4,67.07,143.55,0.0,19
ORD-13124,2023-01-06,Furniture,Tables,East,Delayed - Transit,4,30.74,35.68,0.47,129
ORD-13125,2023-10-18,Apparel,Pants,South,Delayed - Transit,4,303.24,367.44,0.46,113
ORD-13126,2023-01-27,Apparel,Pants,East,On-Time,5,83.33,161.79,0.0,39
ORD-13127,2023-04-23,Apparel,Shirts,North,On-Time,2,308.68,570.87,0.05,23
ORD-13128,2023-07-22,Electronics,Audio,West,Delayed - Transit,4,399.14,438.44,0.0,71
ORD-13129,2023-04-30,Apparel,Pants,East,On-Time,5,107.69,246.11,0.0,47
ORD-13130,2023-02-12,Electronics,Computers,South,On-Time,5,97.0,178.1,0.0,39
ORD-13131,2023-08-08,Apparel,Shirts,East,On-Time,5,297.02,652.41,0.0,48
ORD-13132,2023-07-19,Apparel,Footwear,West,On-Time,1,151.61,315.28,0.05,49
ORD-13133,2023-12-18,Apparel,Pants,South,Delayed - Transit,3,353.05,434.27,0.0,82
ORD-13134,2023-01-27,Furniture,Desks,East,Delayed - Transit,5,331.8,436.28,0.49,124
ORD-13135,2023-03-06,Furniture,Chairs,South,On-Time,3,216.09,283.47,0.36,93
ORD-13136,2023-08-18,Apparel,,West,On-Time,3,394.78,856.51,0.0,6
ORD-13137,2023-05-28,Electronics,Accessories,East,On-Time,5,69.4,159.73,0.05,44
ORD-13138,2023-03-06,Furniture,Tables,West,On-Time,2,374.99,489.34,0.0,81
ORD-13139,2023-07-10,Furniture,Desks,North,On-Time,5,86.51,108.45,0.47,142
ORD-13140,2023-11-10,Electronics,Accessories,North,On-Time,4,332.84,592.71,0.05,32
ORD-13141,2023-08-30,Electronics,Computers,North,On-Time,5,188.23,403.56,0.05,33
ORD-13142,2023-01-01,Furniture,Tables,West,Delayed - Transit,4,383.87,458.49,0.51,111
ORD-13143,2023-08-31,Furniture,Desks,West,On-Time,1,135.6,145.22,0.5,100
ORD-13144,2023-01-31,Electronics,Computers,East,On-Time,2,144.14,339.04,0.0,26
ORD-13145,2023-05-17,Apparel,Pants,South,On-Time,3,343.24,656.94,0.0,1
ORD-13146,2023-06-21,Electronics,Accessories,East,On-Time,3,315.95,518.91,0.0,29
ORD-13147,2023-11-13,Furniture,Desks,South,On-Time,3,370.74,435.14,0.47,119
ORD-13148,2023-07-23,Apparel,Shirts,East,On-Time,5,225.68,378.2,0.0,43
ORD-13149,2023-11-13,Apparel,Pants,North,On-Time,5,387.53,700.5,0.0,26
ORD-13150,2023-07-17,Electronics,Audio,South,On-Time,4,214.64,383.41,0.05,18
ORD-13151,2023-11-25,Furniture,Chairs,South,On-Time,5,86.24,105.08,0.4,86
ORD-13152,2023-11-01,Electronics,Accessories,South,Delayed - Customs,4,90.05,117.97,0.05,83
ORD-13153,2023-10-13,Apparel,Pants,South,On-Time,3,41.91,74.1,0.0,43
ORD-13154,2023-06-15,Electronics,Computers,West,On-Time,2,101.99,214.66,0.05,40
ORD-13155,2023-10-28,Apparel,Shirts,East,On-Time,3,203.09,334.12,0.05,22
ORD-13156,2023-06-14,Electronics,Audio,East,On-Time,4,128.49,305.32,0.0,22
ORD-13157,2023-06-07,Electronics,Computers,North,On-Time,1,119.27,225.85,0.05,36
ORD-13158,2023-05-09,Apparel,Footwear,South,On-Time,5,319.45,705.87,0.0,37
ORD-13159,2023-07-07,Furniture,Tables,North,On-Time,2,380.18,446.3,0.44,119
ORD-13160,2023-03-30,Apparel,Shirts,East,On-Time,1,361.7,756.49,0.0,25
ORD-13161,2023-01-27,Furniture,Desks,West,Delayed - Transit,5,316.78,336.96,0.05,83
ORD-13162,2023-05-16,Apparel,Pants,East,On-Time,2,306.14,559.01,0.0,37
ORD-13163,2023-11-18,Furniture,Desks,South,On-Time,2,195.8,248.89,0.5,94
ORD-13164,2023-07-25,Electronics,Accessories,North,On-Time,1,129.99,221.39,0.0,20
ORD-13165,2023-10-18,Furniture,Chairs,East,On-Time,4,201.9,217.18,0.58,186
ORD-13166,2023-10-17,Apparel,Shirts,North,Delayed - Customs,4,315.8,368.76,0.65,124
ORD-13167,2023-01-05,Apparel,Shirts,East,On-Time,5,332.52,582.74,0.05,52
ORD-13168,2023-04-25,Furniture,Chairs,South,On-Time,4,333.73,445.1,0.45,87
ORD-13169,2023-11-19,Furniture,Desks,East,Delayed - Transit,2,87.79,111.83,0.49,131
ORD-13170,2023-02-12,Apparel,Pants,West,On-Time,4,38.95,66.04,0.0,41
ORD-13171,2023-05-04,Electronics,Accessories,West,On-Time,4,242.17,558.49,0.05,22
ORD-13172,2023-03-02,Apparel,Shirts,South,On-Time,2,108.53,255.76,0.0,44
ORD-13173,2023-06-02,Electronics,Computers,East,On-Time,1,58.48,123.91,0.0,57
ORD-13174,2023-07-04,Furniture,Chairs,East,On-Time,3,23.09,26.28,0.05,81
ORD-13175,2023-12-01,Furniture,Desks,West,On-Time,3,132.18,144.51,0.48,98
ORD-13176,2023-01-04,Furniture,Chairs,East,Delayed - Transit,3,156.82,174.81,0.56,121
ORD-13177,2023-05-30,Electronics,Computers,West,Delayed - Transit,2,181.74,231.52,0.46,95
ORD-13178,2023-05-22,Electronics,Accessories,East,On-Time,2,122.01,198.33,0.05,34
ORD-13179,2023-12-15,Furniture,Chairs,North,On-Time,2,198.27,223.86,0.56,131
ORD-13180,2023-04-07,Furniture,Desks,South,On-Time,2,353.0,465.99,0.39,87
ORD-13181,2023-09-21,Apparel,Pants,North,Delayed - Transit,1,86.86,111.4,0.5,95
ORD-13182,2023-09-22,Electronics,Computers,North,On-Time,4,225.17,467.83,0.0,12
ORD-13183,2023-04-02,Furniture,Tables,South,On-Time,5,268.89,289.67,0.58,141
ORD-13184,2023-11-05,Apparel,Shirts,South,On-Time,4,67.39,155.63,0.0,12
ORD-13185,2023-04-23,Furniture,Chairs,East,On-Time,3,81.27,87.01,0.51,128
ORD-13186,2023-01-17,Furniture,Tables,East,Delayed - Customs,4,184.76,228.51,0.61,144
ORD-13187,2023-09-17,Furniture,Desks,South,On-Time,4,281.6,342.9,0.43,133
ORD-13188,2023-11-17,Furniture,Desks,North,On-Time,1,247.62,266.36,0.64,159
ORD-13189,2023-11-08,Apparel,Shirts,West,Delayed - Customs,2,240.05,282.77,0.61,118
ORD-13190,2023-01-08,Furniture,Chairs,North,On-Time,3,90.35,113.26,0.5,161
ORD-13191,2023-07-17,Electronics,Accessories,East,On-Time,2,371.54,736.13,0.0,32
ORD-13192,2023-03-16,Electronics,Computers,East,On-Time,1,304.57,554.59,0.05,32
ORD-13193,2023-01-20,Electronics,Computers,South,Delayed - Transit,4,390.7,420.72,0.54,99
ORD-13194,2023-06-28,Furniture,Chairs,East,Delayed - Customs,1,398.88,508.86,0.45,134
ORD-13195,2023-02-07,Apparel,Pants,East,Delayed - Customs,5,181.2,194.56,0.55,113
ORD-13196,2023-05-29,Electronics,Accessories,South,On-Time,2,301.79,692.85,0.05,54
ORD-13197,2023-03-19,Furniture,Chairs,South,On-Time,1,162.97,175.83,0.51,147
ORD-13198,2023-05-15,Apparel,Pants,West,On-Time,3,208.64,405.87,0.0,25
ORD-13199,2023-03-16,Electronics,Audio,South,On-Time,5,297.49,484.51,0.05,25
ORD-13200,2023-05-27,Electronics,Accessories,North,On-Time,3,222.24,365.03,0.05,19
ORD-13201,2023-03-13,Apparel,,North,On-Time,4,47.59,112.72,0.0,42
ORD-13202,2023-07-12,Furniture,Chairs,West,Delayed - Transit,5,132.07,151.37,0.62,114
ORD-13203,2023-08-31,Apparel,Pants,West,On-Time,1,328.15,711.99,0.05,29
ORD-13204,2023-04-27,Apparel,Footwear,West,Delayed - Customs,3,347.27,417.76,0.45,114
ORD-13205,2023-04-11,Electronics,Audio,East,On-Time,5,31.4,69.17,0.0,16
ORD-13206,2023-08-16,Apparel,Pants,West,On-Time,1,173.55,299.65,0.0,1
ORD-13207,2023-09-16,Electronics,Audio,North,On-Time,4,331.69,772.65,0.05,33
ORD-13208,2023-02-03,Electronics,Computers,West,On-Time,4,28.68,58.32,0.0,23
ORD-13209,2023-02-22,Furniture,Desks,North,On-Time,2,266.99,303.15,0.44,100
ORD-13210,2023-05-31,Electronics,Computers,East,On-Time,1,329.63,757.07,0.0,29
ORD-13211,2023-09-15,Furniture,Desks,South,On-Time,3,232.84,293.2,0.53,139
ORD-13212,2023-05-11,Electronics,Computers,West,On-Time,1,343.4,614.61,0.0,37
ORD-13213,2023-12-27,Electronics,Computers,West,Delayed - Transit,4,105.43,122.78,0.51,119
ORD-13214,2023-01-16,Electronics,Computers,South,Delayed - Customs,5,114.52,121.81,0.63,111
ORD-13215,2023-01-16,Electronics,Accessories,West,On-Time,5,303.49,694.17,0.0,25
ORD-13216,2023-06-28,Apparel,Shirts,South,On-Time,1,138.53,266.64,0.05,20
ORD-13217,2023-03-02,Apparel,Shirts,South,Delayed - Transit,1,94.37,115.12,0.39,122
ORD-13218,2023-03-21,Apparel,Pants,West,On-Time,2,170.84,320.41,0.0,42
ORD-13219,2023-06-11,Furniture,Desks,South,On-Time,5,229.6,302.38,0.55,133
ORD-13220,2023-01-20,Apparel,Footwear,East,On-Time,4,343.28,639.15,0.05,19
ORD-13221,2023-03-22,Furniture,Desks,East,On-Time,4,334.3,449.35,0.54,125
ORD-13222,2023-06-11,Furniture,Chairs,East,On-Time,5,138.76,164.36,0.0,74
ORD-13223,2023-03-11,Furniture,Chairs,North,On-Time,4,169.23,224.79,0.54,118
ORD-13224,2023-03-11,Electronics,Accessories,West,On-Time,1,107.19,247.94,0.0,33
ORD-13225,2023-04-05,Apparel,Shirts,South,On-Time,5,228.51,384.49,0.05,26
ORD-13226,2023-06-03,Electronics,Accessories,South,On-Time,3,160.83,267.17,0.0,31
ORD-13227,2023-11-21,Furniture,,East,Delayed - Customs,2,55.79,60.75,0.5,101
ORD-13228,2023-12-22,Furniture,Chairs,North,On-Time,2,233.67,260.93,0.42,104
ORD-13229,2023-08-20,Electronics,Accessories,East,On-Time,3,347.53,619.96,0.0,42
ORD-13230,2023-08-01,Apparel,Pants,East,On-Time,5,247.3,513.32,0.05,24
ORD-13231,2023-01-10,Apparel,Shirts,East,On-Time,4,215.99,452.4,0.05,38
ORD-13232,2023-04-11,Apparel,Shirts,South,Delayed - Transit,4,61.43,75.31,0.05,77
ORD-13233,2023-12-02,Electronics,Computers,West,On-Time,4,156.76,347.01,0.05,32
ORD-13234,2023-03-19,Electronics,Accessories,East,On-Time,2,148.1,331.22,0.0,21
ORD-13235,2023-06-22,Electronics,Accessories,North,On-Time,1,90.05,155.78,0.0,23
ORD-13236,2023-11-21,Apparel,Footwear,East,On-Time,4,138.22,302.94,0.0,37
ORD-13237,2023-01-23,Electronics,Audio,East,On-Time,5,116.96,262.82,0.05,26
ORD-13238,2023-06-02,Electronics,Audio,North,On-Time,4,34.17,70.84,0.05,29
ORD-13239,2023-02-22,Apparel,Footwear,West,On-Time,1,242.39,560.1,0.05,43
ORD-13240,2023-06-15,Apparel,Footwear,North,Delayed - Customs,3,393.13,515.89,0.38,171
ORD-13241,2023-06-16,Apparel,Footwear,East,On-Time,1,138.37,290.21,0.05,19
ORD-13242,2023-10-03,Apparel,Shirts,South,On-Time,2,138.38,277.96,0.05,26
ORD-13243,2023-08-07,Electronics,Accessories,North,On-Time,4,45.48,108.02,0.05,11
ORD-13244,2023-08-30,Apparel,Shirts,North,Delayed - Customs,2,395.68,430.2,0.41,166
ORD-13245,2023-08-26,Apparel,Shirts,East,On-Time,5,303.86,532.57,0.05,42
ORD-13246,2023-02-17,Electronics,Audio,East,On-Time,5,159.25,302.99,0.05,19
ORD-13247,2023-05-01,Apparel,Pants,East,On-Time,5,387.95,788.1,0.0,23
ORD-13248,2023-01-15,Apparel,Footwear,North,On-Time,2,254.3,449.57,0.0,26
ORD-13249,2023-02-16,Electronics,Accessories,East,On-Time,1,50.68,85.7,0.0,32
ORD-13250,2023-09-15,Electronics,Audio,West,Delayed - Transit,1,351.03,471.14,0.42,106
ORD-13251,2023-12-04,Apparel,Footwear,East,Delayed - Customs,1,339.49,457.6,0.58,108
ORD-13252,2023-09-01,Apparel,Pants,West,On-Time,5,291.92,500.72,0.05,22
ORD-13253,2023-08-16,Apparel,Shirts,North,On-Time,2,119.78,230.4,0.05,30
ORD-13254,2023-07-16,Apparel,Shirts,West,On-Time,5,233.7,508.21,0.0,28
ORD-13255,2023-09-11,Electronics,Computers,East,Delayed - Transit,5,255.45,318.62,0.0,81
ORD-13256,2023-10-12,Electronics,Accessories,South,On-Time,1,277.55,589.11,0.05,16
ORD-13257,2023-03-09,Furniture,Tables,East,On-Time,3,266.73,308.45,0.42,113
ORD-13258,2023-03-17,Apparel,Pants,West,On-Time,4,66.11,140.97,0.05,13
ORD-13259,2023-12-25,Electronics,Audio,North,On-Time,1,128.93,254.93,0.05,19
ORD-13260,2023-05-23,Electronics,Audio,East,Delayed - Transit,3,291.2,391.38,0.05,69
ORD-13261,2023-07-30,Furniture,Chairs,West,Delayed - Customs,4,148.37,174.96,0.49,120
ORD-13262,2023-11-14,Apparel,Footwear,South,On-Time,5,319.8,592.41,0.0,47
ORD-13263,2023-10-23,Apparel,Shirts,South,On-Time,2,50.14,81.22,0.05,36
ORD-13264,2023-04-13,Apparel,Shirts,West,On-Time,1,333.08,747.88,0.05,36
ORD-13265,2023-03-17,Furniture,Desks,East,On-Time,4,298.99,328.98,0.0,72
ORD-13266,2023-07-25,Electronics,Audio,East,On-Time,5,26.3,48.19,0.05,14
ORD-13267,2023-03-21,Furniture,Tables,North,On-Time,1,287.22,334.93,0.56,96
ORD-13268,2023-03-25,Electronics,Accessories,North,On-Time,3,283.4,612.99,0.05,9
ORD-13269,2023-06-05,Electronics,Accessories,South,Delayed - Transit,1,185.36,219.71,0.59,122
ORD-13270,2023-12-27,Apparel,Pants,North,On-Time,2,65.31,131.82,0.0,39
ORD-13271,2023-02-12,Furniture,Desks,North,On-Time,2,89.01,108.03,0.36,114
ORD-13272,2023-04-10,Apparel,Pants,North,On-Time,1,296.87,619.26,0.05,37
ORD-13273,2023-12-19,Furniture,Desks,West,On-Time,2,210.91,252.89,0.47,137
ORD-13274,2023-09-23,Apparel,,West,On-Time,2,326.35,722.9,0.05,3
ORD-13275,2023-04-23,Apparel,Pants,West,Delayed - Customs,2,303.15,388.17,0.05,79
ORD-13276,2023-05-21,Electronics,Computers,East,Delayed - Customs,4,88.29,102.51,0.44,126
ORD-13277,2023-08-13,Apparel,Shirts,East,On-Time,2,226.57,385.9,0.0,20
ORD-13278,2023-10-18,Electronics,Computers,South,On-Time,4,68.98,145.06,0.0,22
ORD-13279,2023-06-22,Furniture,Chairs,East,On-Time,2,115.39,126.44,0.0,84
ORD-13280,2023-07-15,Apparel,Footwear,East,On-Time,5,122.8,254.8,0.0,11
ORD-13281,2023-03-22,Apparel,Footwear,South,Delayed - Transit,1,210.42,275.96,0.51,151
ORD-13282,2023-11-27,Apparel,Shirts,North,Delayed - Transit,5,292.93,343.61,0.56,113
ORD-13283,2023-04-13,Furniture,Desks,North,Delayed - Transit,2,394.01,453.71,0.39,140
ORD-13284,2023-01-22,Apparel,Pants,East,On-Time,3,282.32,490.13,0.05,22
ORD-13285,2023-06-17,Electronics,Audio,South,On-Time,5,265.46,551.12,0.05,44
ORD-13286,2023-06-26,Furniture,Tables,South,On-Time,3,201.07,216.64,0.64,158
ORD-13287,2023-09-06,Furniture,Chairs,North,On-Time,2,302.52,329.93,0.0,63
ORD-13288,2023-08-14,Electronics,Computers,South,On-Time,1,206.44,464.95,0.05,19
ORD-13289,2023-10-10,Furniture,Chairs,East,On-Time,4,293.99,310.65,0.37,115
ORD-13290,2023-02-23,Furniture,Tables,South,On-Time,4,178.3,222.12,0.05,78
ORD-13291,2023-08-07,Furniture,Tables,East,On-Time,4,21.01,26.27,0.0,83
ORD-13292,2023-12-17,Furniture,Desks,East,On-Time,4,71.74,80.19,0.0,60
ORD-13293,2023-11-26,Electronics,Computers,North,On-Time,5,178.4,401.2,0.05,39
ORD-13294,2023-10-15,Apparel,Pants,East,On-Time,4,57.04,112.98,0.05,22
ORD-13295,2023-11-10,Apparel,Footwear,South,On-Time,1,74.26,147.6,0.05,20
ORD-13296,2023-09-11,Furniture,Tables,West,On-Time,3,144.38,176.37,0.0,83
ORD-13297,2023-01-11,Electronics,Audio,West,On-Time,5,286.34,640.41,0.05,17
ORD-13298,2023-11-23,Electronics,,North,On-Time,3,338.46,683.84,0.05,31
ORD-13299,2023-08-29,Electronics,Audio,South,On-Time,5,115.54,257.69,0.05,29
ORD-13300,2023-08-19,Electronics,Computers,West,On-Time,4,286.91,570.45,0.0,37
ORD-13301,2023-12-06,Electronics,Audio,East,On-Time,1,381.55,684.9,0.05,14
ORD-13302,2023-09-25,Furniture,Tables,South,On-Time,5,57.92,64.53,0.0,65
ORD-13303,2023-08-21,Apparel,Shirts,North,Delayed - Transit,5,345.68,384.54,0.56,141
ORD-13304,2023-08-23,Furniture,Desks,South,On-Time,5,312.04,342.06,0.57,113
ORD-13305,2023-10-10,Apparel,Shirts,North,On-Time,4,320.85,640.33,0.05,28
ORD-13306,2023-08-16,Electronics,Accessories,North,On-Time,5,167.44,273.55,0.0,33
ORD-13307,2023-07-12,Furniture,Desks,North,On-Time,4,392.43,488.44,0.38,87
ORD-13308,2023-01-17,Furniture,Chairs,South,On-Time,3,362.03,480.9,0.44,152
ORD-13309,2023-12-22,Electronics,Computers,West,On-Time,3,63.35,104.77,0.0,21
ORD-13310,2023-05-02,Furniture,Chairs,South,On-Time,3,382.68,444.27,0.5,93
ORD-13311,2023-03-08,Electronics,Accessories,West,Delayed - Customs,5,234.76,285.75,0.36,99
ORD-13312,2023-07-10,Apparel,Shirts,North,On-Time,1,125.03,258.11,0.0,36
ORD-13313,2023-04-14,Furniture,Tables,West,On-Time,2,268.28,294.65,0.63,101
ORD-13314,2023-06-28,Apparel,Pants,West,On-Time,2,319.71,547.35,0.05,22
ORD-13315,2023-03-17,Electronics,Accessories,West,Delayed - Customs,2,57.68,73.49,0.47,96
ORD-13316,2023-03-05,Apparel,Footwear,North,On-Time,5,286.79,623.63,0.0,24
ORD-13317,2023-09-15,Electronics,Accessories,North,On-Time,4,372.81,891.99,0.0,28
ORD-13318,2023-04-30,Electronics,Computers,East,Delayed - Customs,1,387.79,417.14,0.63,132
ORD-13319,2023-01-19,Electronics,Accessories,North,On-Time,2,71.26,130.36,0.0,43
ORD-13320,2023-11-08,Furniture,Chairs,South,On-Time,2,358.39,380.04,0.55,101
ORD-13321,2023-08-17,Electronics,Computers,South,On-Time,3,203.77,352.92,0.05,43
ORD-13322,2023-08-27,Furniture,Tables,North,On-Time,3,110.04,119.53,0.46,93
ORD-13323,2023-09-25,Apparel,Shirts,East,On-Time,5,231.54,380.04,0.05,24
ORD-13324,2023-06-10,Electronics,Computers,North,On-Time,4,327.17,644.3,0.0,21
ORD-13325,2023-01-03,Electronics,Computers,East,On-Time,2,24.17,53.91,0.0,40
ORD-13326,2023-08-26,Furniture,Desks,North,On-Time,2,84.76,102.73,0.44,150
ORD-13327,2023-06-17,Furniture,Chairs,North,On-Time,4,70.26,74.1,0.63,118
ORD-13328,2023-08-28,Apparel,Pants,South,On-Time,4,86.73,163.91,0.05,21
ORD-13329,2023-02-02,Furniture,Tables,West,On-Time,4,216.15,254.79,0.37,114
ORD-13330,2023-05-10,Electronics,Computers,East,On-Time,1,29.03,62.15,0.0,11
ORD-13331,2023-07-14,Furniture,Chairs,North,Delayed - Customs,1,234.68,298.23,0.46,153
ORD-13332,2023-07-26,Apparel,Footwear,South,On-Time,3,330.12,560.47,0.0,38
ORD-13333,2023-06-21,Apparel,Pants,South,Delayed - Transit,2,239.1,272.84,0.43,117
ORD-13334,2023-04-15,Apparel,Footwear,West,On-Time,3,262.97,506.29,0.05,48
ORD-13335,2023-09-18,Furniture,Desks,North,On-Time,2,290.89,355.23,0.4,114
ORD-13336,2023-04-05,Electronics,Accessories,West,On-Time,1,247.51,500.57,0.05,29
ORD-13337,2023-01-03,Apparel,Shirts,South,On-Time,2,173.94,301.86,0.0,2
ORD-13338,2023-09-24,Apparel,Footwear,East,On-Time,2,377.75,718.67,0.05,43
ORD-13339,2023-04-07,Furniture,Tables,South,On-Time,5,123.4,164.27,0.56,108
ORD-13340,2023-03-23,Apparel,Pants,East,On-Time,5,373.69,885.94,0.0,44
ORD-13341,2023-02-02,Electronics,Accessories,North,On-Time,1,243.43,502.08,0.0,9
ORD-13342,2023-02-13,Furniture,Tables,North,On-Time,3,229.21,297.07,0.61,129
ORD-13343,2023-07-02,Electronics,Audio,East,On-Time,1,329.24,547.39,0.0,23
ORD-13344,2023-08-25,Apparel,Footwear,West,Delayed - Customs,2,202.01,239.15,0.05,75
ORD-13345,2023-05-20,Apparel,Pants,East,On-Time,4,386.79,715.14,0.05,40
ORD-13346,2023-09-11,Electronics,Computers,South,Delayed - Transit,4,160.41,199.8,0.62,91
ORD-13347,2023-09-29,Apparel,Footwear,South,On-Time,3,382.19,818.31,0.0,25
ORD-13348,2023-02-20,Apparel,Shirts,South,On-Time,3,119.51,192.24,0.0,29
ORD-13349,2023-07-15,Apparel,Shirts,East,On-Time,5,352.84,704.58,0.05,21
ORD-13350,2023-05-13,Furniture,Desks,East,On-Time,1,87.71,95.79,0.47,159
ORD-13351,2023-05-13,Apparel,Shirts,South,On-Time,3,369.97,740.93,0.05,13
ORD-13352,2023-04-04,Furniture,Desks,South,On-Time,5,395.29,498.95,0.61,106
ORD-13353,2023-02-08,Furniture,Tables,West,On-Time,1,43.55,52.24,0.57,102
ORD-13354,2023-07-03,Electronics,Computers,East,Delayed - Customs,5,193.03,252.14,0.65,131
ORD-13355,2023-08-27,Furniture,Tables,North,On-Time,3,157.56,199.62,0.49,123
ORD-13356,2023-04-12,Apparel,Shirts,South,Delayed - Customs,4,24.04,30.2,0.44,131
ORD-13357,2023-12-11,Furniture,Tables,South,On-Time,1,126.93,134.15,0.63,107
ORD-13358,2023-11-19,Furniture,,North,On-Time,2,329.28,400.0,0.45,108
ORD-13359,2023-04-07,Furniture,Chairs,West,On-Time,1,290.22,334.92,0.4,107
ORD-13360,2023-05-19,Electronics,Accessories,South,On-Time,4,52.86,97.78,0.0,27
ORD-13361,2023-12-18,Apparel,Footwear,West,On-Time,3,159.01,324.19,0.05,18
ORD-13362,2023-03-01,Furniture,Desks,West,On-Time,2,143.08,154.83,0.62,87
ORD-13363,2023-07-08,Furniture,Chairs,East,Delayed - Customs,5,271.28,344.81,0.64,100
ORD-13364,2023-03-28,Apparel,Shirts,North,Delayed - Transit,2,385.05,468.25,0.44,111
ORD-13365,2023-03-18,Furniture,Tables,South,Delayed - Customs,5,283.01,327.58,0.0,75
ORD-13366,2023-04-12,Furniture,Tables,East,On-Time,4,299.21,401.69,0.56,106
ORD-13367,2023-02-06,Electronics,Computers,East,Delayed - Transit,3,196.41,225.17,0.37,86
ORD-13368,2023-03-25,Apparel,Shirts,West,On-Time,3,217.87,514.61,0.0,25
ORD-13369,2023-08-08,Apparel,Pants,South,On-Time,4,287.96,542.4,0.05,33
ORD-13370,2023-04-01,Electronics,Audio,East,Delayed - Transit,3,55.73,70.68,0.0,65
ORD-13371,2023-08-07,Apparel,Pants,East,On-Time,1,61.84,105.34,0.0,19
ORD-13372,2023-08-09,Apparel,Shirts,South,On-Time,1,342.77,747.19,0.05,41
ORD-13373,2023-10-06,Electronics,Computers,South,Delayed - Customs,1,346.82,456.6,0.56,126
ORD-13374,2023-12-03,Furniture,Tables,South,Delayed - Transit,2,252.28,332.14,0.42,132
ORD-13375,2023-07-29,Apparel,Footwear,West,On-Time,2,323.42,705.42,0.05,25
ORD-13376,2023-02-15,Furniture,Desks,East,Delayed - Customs,2,233.08,265.55,0.52,90
ORD-13377,2023-03-09,Electronics,Computers,East,On-Time,5,163.73,379.61,0.05,35
ORD-13378,2023-08-15,Furniture,Desks,North,On-Time,1,363.75,402.26,0.62,95
ORD-13379,2023-10-09,Electronics,Computers,West,Delayed - Customs,5,53.48,63.14,0.37,133
ORD-13380,2023-05-02,Electronics,Accessories,South,On-Time,3,234.17,438.93,0.0,37
ORD-13381,2023-07-06,Furniture,Desks,South,On-Time,4,162.39,209.17,0.53,100
ORD-13382,2023-09-14,Apparel,Pants,East,On-Time,5,281.3,658.5,0.05,20
ORD-13383,2023-01-03,Furniture,Chairs,South,On-Time,3,380.82,446.75,0.35,120
ORD-13384,2023-09-27,Apparel,Shirts,East,On-Time,3,399.06,687.55,0.0,29
ORD-13385,2023-04-23,Electronics,Audio,North,Delayed - Transit,1,227.56,291.51,0.61,165
ORD-13386,2023-06-29,Apparel,Shirts,South,On-Time,4,179.32,402.81,0.0,53
ORD-13387,2023-12-28,Electronics,Accessories,East,On-Time,2,120.13,259.77,0.0,31
ORD-13388,2023-08-30,Apparel,Shirts,East,On-Time,3,54.48,95.51,0.0,32
ORD-13389,2023-04-10,Apparel,Shirts,West,Delayed - Customs,4,317.09,405.79,0.35,86
ORD-13390,2023-04-18,Electronics,Accessories,South,On-Time,1,31.36,73.73,0.0,16
ORD-13391,2023-03-12,Furniture,Desks,East,Delayed - Customs,2,35.5,41.25,0.05,81
ORD-13392,2023-03-04,Furniture,Chairs,South,On-Time,4,378.3,438.53,0.64,98
ORD-13393,2023-10-16,Apparel,Pants,North,Delayed - Transit,2,265.73,299.67,0.51,132
ORD-13394,2023-05-07,Furniture,Chairs,West,Delayed - Transit,3,368.76,396.05,0.51,107
ORD-13395,2023-05-29,Electronics,Accessories,East,Delayed - Transit,2,264.54,342.85,0.5,145
ORD-13396,2023-06-22,Apparel,Pants,East,On-Time,3,247.12,508.44,0.05,23
ORD-13397,2023-01-13,Electronics,Accessories,North,Delayed - Customs,4,167.63,216.25,0.58,102
ORD-13398,2023-03-21,Furniture,Tables,West,On-Time,3,206.02,277.63,0.5,150
ORD-13399,2023-05-10,Furniture,Desks,North,On-Time,5,204.06,256.5,0.42,133
ORD-13400,2023-08-18,Apparel,Shirts,West,Delayed - Transit,4,384.16,428.67,0.49,103
ORD-13401,2023-05-10,Electronics,Audio,North,On-Time,5,228.62,440.9,0.05,8
ORD-13402,2023-03-18,Apparel,Shirts,West,Delayed - Transit,4,140.63,170.09,0.57,141
ORD-13403,2023-04-22,Electronics,Audio,North,On-Time,5,343.63,820.3,0.0,30
ORD-13404,2023-09-04,Electronics,Audio,North,Delayed - Customs,2,259.55,325.91,0.35,94
ORD-13405,2023-08-09,Apparel,Pants,South,Delayed - Transit,3,211.62,256.64,0.05,52
ORD-13406,2023-05-20,Apparel,,West,Delayed - Transit,4,159.14,175.87,0.44,104
ORD-13407,2023-06-05,Furniture,Chairs,North,On-Time,4,252.07,274.02,0.4,133
ORD-13408,2023-11-09,Apparel,Footwear,North,On-Time,1,66.12,148.65,0.05,38
ORD-13409,2023-01-29,Electronics,Audio,South,On-Time,5,376.26,669.47,0.0,42
ORD-13410,2023-06-26,Electronics,Computers,East,Delayed - Customs,1,44.76,55.33,0.5,125
ORD-13411,2023-10-19,Furniture,Chairs,East,On-Time,4,250.21,308.03,0.0,73
ORD-13412,2023-07-24,Electronics,Audio,South,On-Time,3,52.62,110.55,0.0,45
ORD-13413,2023-08-30,Apparel,Pants,West,On-Time,4,328.0,769.66,0.0,41
ORD-13414,2023-01-27,Apparel,Footwear,West,On-Time,5,80.35,142.3,0.05,14
ORD-13415,2023-08-04,Furniture,Chairs,East,On-Time,5,338.59,446.08,0.39,109
ORD-13416,2023-01-09,Furniture,Tables,South,On-Time,4,214.57,274.46,0.48,137
ORD-13417,2023-02-27,Furniture,Chairs,East,On-Time,4,187.69,207.94,0.6,109
ORD-13418,2023-12-30,Electronics,Audio,North,On-Time,4,64.32,146.21,0.05,34
ORD-13419,2023-01-28,Furniture,Chairs,East,On-Time,3,133.33,167.33,0.64,106
ORD-13420,2023-10-17,Furniture,,North,On-Time,5,266.35,284.89,0.41,139
ORD-13421,2023-01-15,Apparel,Pants,North,Delayed - Transit,2,191.59,205.87,0.62,130
ORD-13422,2023-02-02,Apparel,Pants,South,Delayed - Customs,1,215.23,274.96,0.43,141
ORD-13423,2023-03-31,Electronics,Audio,South,Delayed - Transit,2,367.59,476.92,0.63,107
ORD-13424,2023-02-14,Electronics,Accessories,East,Delayed - Customs,2,72.34,86.01,0.42,126
ORD-13425,2023-05-30,Apparel,Shirts,North,On-Time,4,381.09,742.46,0.05,53
ORD-13426,2023-10-01,Electronics,Accessories,East,On-Time,5,368.68,631.92,0.0,11
ORD-13427,2023-03-05,Furniture,Chairs,East,Delayed - Transit,5,164.54,189.44,0.39,115
ORD-13428,2023-07-13,Electronics,Audio,West,On-Time,4,252.03,407.8,0.0,28
ORD-13429,2023-01-09,Electronics,Accessories,West,On-Time,4,377.36,881.02,0.0,42
ORD-13430,2023-09-19,Electronics,Accessories,South,On-Time,2,112.18,264.95,0.05,23
ORD-13431,2023-07-15,Furniture,,North,On-Time,2,27.06,29.32,0.45,141
ORD-13432,2023-07-19,Apparel,Pants,West,Delayed - Transit,4,56.0,73.75,0.47,124
ORD-13433,2023-05-25,Furniture,Tables,East,Delayed - Transit,3,297.45,341.63,0.54,95
ORD-13434,2023-08-30,Furniture,,West,Delayed - Customs,4,351.11,423.34,0.62,143
ORD-13435,2023-06-26,Apparel,Shirts,South,On-Time,4,38.74,76.91,0.0,44
ORD-13436,2023-02-08,Electronics,Audio,East,On-Time,5,166.92,369.22,0.0,30
ORD-13437,2023-02-18,Apparel,Shirts,South,On-Time,5,141.23,303.46,0.05,53
ORD-13438,2023-04-16,Apparel,Footwear,East,Delayed - Transit,3,369.31,485.81,0.64,112
ORD-13439,2023-01-23,Apparel,Shirts,East,On-Time,1,134.36,282.15,0.0,21
ORD-13440,2023-11-27,Furniture,Desks,West,On-Time,2,225.7,286.3,0.48,93
ORD-13441,2023-01-17,Furniture,Desks,East,Delayed - Transit,5,274.58,318.17,0.56,122
ORD-13442,2023-04-21,Furniture,Tables,South,On-Time,3,16.05,18.5,0.63,90
ORD-13443,2023-09-04,Electronics,Accessories,North,On-Time,2,388.84,699.84,0.05,41
ORD-13444,2023-08-29,Furniture,Tables,West,Delayed - Transit,2,62.03,80.65,0.48,91
ORD-13445,2023-10-13,Apparel,Footwear,East,On-Time,4,323.07,556.73,0.0,29
ORD-13446,2023-05-25,Apparel,Pants,North,On-Time,5,48.19,86.59,0.0,18
ORD-13447,2023-10-21,Apparel,Pants,East,On-Time,4,259.81,452.95,0.05,30
ORD-13448,2023-10-30,Furniture,Desks,East,On-Time,2,172.36,206.5,0.4,94
ORD-13449,2023-05-17,Apparel,Pants,West,On-Time,1,34.98,71.27,0.0,21
ORD-13450,2023-05-22,Apparel,Pants,East,On-Time,5,298.12,566.63,0.0,12
ORD-13451,2023-03-23,Furniture,Desks,West,On-Time,2,54.42,60.73,0.54,126
ORD-13452,2023-01-12,Electronics,Audio,South,On-Time,2,40.66,79.5,0.0,55
ORD-13453,2023-04-13,Electronics,Computers,South,On-Time,4,348.25,647.45,0.05,42
ORD-13454,2023-09-12,Electronics,Audio,East,Delayed - Customs,2,388.51,512.28,0.39,102
ORD-13455,2023-10-12,Apparel,Shirts,North,On-Time,5,149.01,356.83,0.05,20
ORD-13456,2023-05-04,Electronics,Audio,West,On-Time,5,355.49,610.26,0.0,44
ORD-13457,2023-06-02,Furniture,Chairs,East,On-Time,2,169.93,186.99,0.45,109
ORD-13458,2023-05-13,Furniture,Tables,East,On-Time,1,135.64,163.46,0.59,106
ORD-13459,2023-01-08,Apparel,Shirts,North,On-Time,5,202.93,474.1,0.05,32
ORD-13460,2023-02-16,Apparel,Shirts,South,Delayed - Transit,4,298.12,338.33,0.05,80
ORD-13461,2023-07-23,Furniture,Desks,South,On-Time,4,172.2,182.15,0.05,68
ORD-13462,2023-07-15,Apparel,Shirts,South,On-Time,1,379.79,618.83,0.05,15
ORD-13463,2023-07-10,Furniture,Chairs,East,On-Time,1,337.48,395.24,0.51,103
ORD-13464,2023-05-08,Apparel,Shirts,West,On-Time,1,386.25,623.28,0.0,53
ORD-13465,2023-07-15,Furniture,Desks,South,On-Time,3,358.31,406.88,0.37,106
ORD-13466,2023-05-11,Furniture,Tables,South,On-Time,3,280.83,311.26,0.35,104
ORD-13467,2023-12-31,Electronics,Accessories,West,On-Time,4,99.85,205.49,0.0,17
ORD-13468,2023-10-10,Electronics,Accessories,East,On-Time,5,363.26,639.81,0.0,23
ORD-13469,2023-08-15,Apparel,Shirts,South,On-Time,2,396.48,932.48,0.0,44
ORD-13470,2023-08-06,Furniture,Chairs,West,On-Time,4,74.6,96.24,0.46,89
ORD-13471,2023-03-18,Apparel,Footwear,North,On-Time,3,304.33,532.61,0.05,33
ORD-13472,2023-12-11,Apparel,Footwear,East,On-Time,1,318.56,711.98,0.0,32
ORD-13473,2023-08-22,Furniture,Tables,North,On-Time,3,296.94,393.52,0.05,63
ORD-13474,2023-08-29,Electronics,Computers,East,On-Time,4,232.16,389.43,0.0,37
ORD-13475,2023-06-05,Furniture,Chairs,North,On-Time,4,112.95,146.56,0.05,75
ORD-13476,2023-10-30,Electronics,Accessories,South,On-Time,1,45.92,106.43,0.0,24
ORD-13477,2023-06-07,Furniture,Desks,North,On-Time,4,385.34,412.42,0.64,114
ORD-13478,2023-02-08,Furniture,Tables,North,On-Time,1,147.52,193.53,0.46,129
ORD-13479,2023-12-31,Electronics,Audio,North,On-Time,5,336.02,663.81,0.0,40
ORD-13480,2023-09-04,Apparel,Footwear,East,Delayed - Customs,2,41.25,55.67,0.58,140
ORD-13481,2023-09-30,Electronics,Accessories,West,On-Time,5,343.37,550.8,0.0,26
ORD-13482,2023-04-16,Apparel,Pants,South,On-Time,2,46.1,96.16,0.05,23
ORD-13483,2023-02-02,Apparel,Footwear,South,On-Time,1,180.14,429.74,0.05,26
ORD-13484,2023-12-23,Electronics,Audio,South,Delayed - Transit,4,349.53,444.29,0.59,105
ORD-13485,2023-12-03,Apparel,Shirts,North,On-Time,4,156.38,275.39,0.05,45
ORD-13486,2023-08-08,Furniture,Desks,South,On-Time,1,176.67,207.86,0.54,92
ORD-13487,2023-10-12,Furniture,Tables,South,Delayed - Customs,2,273.64,325.09,0.48,121
ORD-13488,2023-12-13,Electronics,Computers,East,Delayed - Transit,1,305.78,383.08,0.36,91
ORD-13489,2023-05-11,Furniture,Tables,West,On-Time,4,195.86,233.92,0.54,116
ORD-13490,2023-09-01,Electronics,Audio,South,On-Time,5,19.53,44.2,0.0,57
ORD-13491,2023-08-31,Electronics,Computers,South,On-Time,1,23.29,55.21,0.05,42
ORD-13492,2023-08-05,Apparel,Shirts,East,On-Time,5,238.66,527.94,0.05,20
ORD-13493,2023-09-27,Furniture,Chairs,West,Delayed - Customs,5,312.4,355.74,0.05,62
ORD-13494,2023-05-07,Apparel,Shirts,West,Delayed - Customs,3,209.31,219.99,0.51,122
ORD-13495,2023-07-22,Apparel,Pants,North,On-Time,5,376.61,691.03,0.05,8
ORD-13496,2023-01-03,Apparel,Pants,East,Delayed - Customs,5,172.63,207.95,0.57,111
ORD-13497,2023-07-28,Apparel,Shirts,North,On-Time,3,108.72,184.84,0.05,32
ORD-13498,2023-04-03,Electronics,Audio,North,On-Time,5,382.33,700.82,0.0,45
ORD-13499,2023-12-11,Electronics,Accessories,North,On-Time,5,321.82,515.86,0.05,23
ORD-13500,2023-05-16,Furniture,Chairs,West,On-Time,4,135.22,163.97,0.0,72
ORD-13501,2023-02-06,Furniture,,West,On-Time,4,240.68,308.15,0.36,128
ORD-13502,2023-01-09,Apparel,Pants,East,On-Time,2,282.44,579.97,0.0,49
ORD-13503,2023-09-10,Electronics,Computers,North,Delayed - Transit,5,295.8,396.55,0.49,130
ORD-13504,2023-02-14,Electronics,Audio,South,Delayed - Customs,4,174.45,186.68,0.0,74
ORD-13505,2023-11-17,Apparel,,South,On-Time,4,337.23,740.51,0.05,29
ORD-13506,2023-03-24,Furniture,Desks,North,On-Time,4,235.58,303.38,0.63,90
ORD-13507,2023-12-09,Furniture,Chairs,West,On-Time,5,344.66,460.91,0.42,112
ORD-13508,2023-03-15,Apparel,Shirts,East,On-Time,5,325.36,685.25,0.0,12
ORD-13509,2023-01-19,Apparel,Shirts,East,On-Time,2,305.35,533.26,0.05,10
ORD-13510,2023-03-12,Furniture,Chairs,East,On-Time,3,47.09,52.71,0.58,117
ORD-13511,2023-10-07,Apparel,Pants,South,Delayed - Customs,4,164.72,199.02,0.6,103
ORD-13512,2023-12-15,Furniture,Chairs,North,On-Time,5,220.86,259.9,0.46,87
ORD-13513,2023-02-22,Apparel,Shirts,North,Delayed - Transit,1,388.24,453.12,0.39,114
ORD-13514,2023-11-29,Furniture,Desks,East,Delayed - Transit,5,142.36,161.16,0.0,70
ORD-13515,2023-06-08,Furniture,Desks,West,On-Time,1,267.59,328.53,0.35,97
ORD-13516,2023-10-19,Electronics,Audio,South,Delayed - Customs,5,171.51,225.15,0.37,130
ORD-13517,2023-08-20,Apparel,Shirts,South,On-Time,4,358.13,673.47,0.0,31
ORD-13518,2023-04-20,Furniture,Chairs,South,Delayed - Transit,3,345.77,407.21,0.05,83
ORD-13519,2023-07-10,Electronics,Accessories,East,On-Time,3,148.46,267.82,0.0,28
ORD-13520,2023-10-29,Electronics,Computers,West,On-Time,1,224.77,364.21,0.0,30
ORD-13521,2023-07-15,Apparel,Shirts,South,On-Time,2,124.65,211.47,0.05,24
ORD-13522,2023-08-20,Electronics,Accessories,West,On-Time,5,187.5,333.88,0.0,26
ORD-13523,2023-03-12,Furniture,Desks,North,Delayed - Transit,2,183.03,197.99,0.47,123
ORD-13524,2023-09-08,Furniture,Chairs,East,On-Time,3,152.2,178.66,0.44,153
ORD-13525,2023-10-08,Apparel,Footwear,East,On-Time,3,238.71,422.53,0.0,42
ORD-13526,2023-08-24,Electronics,Accessories,North,On-Time,3,137.59,322.15,0.05,25
ORD-13527,2023-05-11,Electronics,Audio,North,On-Time,2,178.87,288.45,0.0,34
ORD-13528,2023-02-10,Electronics,Audio,East,On-Time,1,105.14,200.29,0.0,15
ORD-13529,2023-09-13,Furniture,Chairs,North,Delayed - Transit,2,135.04,170.94,0.61,119
ORD-13530,2023-04-13,Electronics,Accessories,South,On-Time,2,350.25,839.94,0.05,17
ORD-13531,2023-10-17,Electronics,Computers,East,On-Time,5,263.79,629.04,0.05,16
ORD-13532,2023-11-09,Apparel,,West,On-Time,4,50.36,112.89,0.05,21
ORD-13533,2023-03-23,Furniture,Desks,East,Delayed - Transit,2,220.17,268.47,0.0,84
ORD-13534,2023-10-10,Electronics,Audio,East,On-Time,3,49.89,86.75,0.0,15
ORD-13535,2023-04-04,Apparel,Pants,South,On-Time,3,347.58,587.64,0.05,19
ORD-13536,2023-02-11,Apparel,Pants,East,On-Time,1,103.57,216.64,0.0,26
ORD-13537,2023-11-21,Electronics,Audio,West,Delayed - Transit,4,61.84,71.87,0.55,159
ORD-13538,2023-12-22,Furniture,Chairs,South,On-Time,3,38.47,50.25,0.39,167
ORD-13539,2023-04-20,Electronics,Computers,West,On-Time,2,130.36,245.03,0.0,32
ORD-13540,2023-05-03,Apparel,Shirts,North,On-Time,3,347.46,712.74,0.0,28
ORD-13541,2023-04-18,Electronics,Accessories,East,On-Time,4,208.65,351.47,0.0,18
ORD-13542,2023-01-28,Furniture,Desks,South,On-Time,3,52.48,65.57,0.6,110
ORD-13543,2023-05-09,Furniture,Chairs,East,On-Time,4,113.66,129.17,0.39,131
ORD-13544,2023-03-08,Electronics,Accessories,South,On-Time,5,303.84,614.54,0.05,21
ORD-13545,2023-03-22,Furniture,Tables,North,On-Time,4,34.98,43.4,0.5,164
ORD-13546,2023-12-26,Furniture,Chairs,East,On-Time,5,244.16,317.95,0.46,140
ORD-13547,2023-02-28,Apparel,Pants,South,Delayed - Transit,3,244.74,281.35,0.63,165
ORD-13548,2023-09-21,Furniture,Chairs,East,On-Time,1,375.86,477.45,0.46,122
ORD-13549,2023-12-19,Electronics,Computers,East,On-Time,3,311.98,744.64,0.05,20
ORD-13550,2023-06-20,Apparel,Footwear,East,Delayed - Transit,5,82.22,92.13,0.59,123
ORD-13551,2023-06-23,Electronics,,West,On-Time,5,276.02,469.15,0.05,41
ORD-13552,2023-12-06,Apparel,Shirts,South,On-Time,1,203.63,348.44,0.0,29
ORD-13553,2023-05-17,Apparel,Pants,South,On-Time,4,356.91,780.28,0.05,23
ORD-13554,2023-06-28,Furniture,Desks,South,On-Time,5,312.65,343.19,0.54,139
ORD-13555,2023-05-23,Furniture,Desks,West,On-Time,4,61.21,69.64,0.63,108
ORD-13556,2023-08-03,Furniture,Tables,North,Delayed - Customs,2,322.5,364.68,0.6,147
ORD-13557,2023-02-16,Apparel,Pants,South,On-Time,2,340.1,756.74,0.0,33
ORD-13558,2023-10-14,Electronics,Accessories,South,Delayed - Transit,4,94.57,101.42,0.05,65
ORD-13559,2023-09-09,Apparel,Shirts,South,On-Time,3,365.52,655.85,0.0,33
ORD-13560,2023-01-02,Apparel,Footwear,West,Delayed - Customs,4,104.08,120.13,0.0,65
ORD-13561,2023-03-18,Furniture,Desks,North,On-Time,2,283.32,362.84,0.59,114
ORD-13562,2023-05-31,Apparel,Footwear,North,On-Time,2,350.41,610.3,0.05,22
ORD-13563,2023-03-29,Furniture,Chairs,North,On-Time,4,379.23,474.49,0.43,145
ORD-13564,2023-11-08,Electronics,Accessories,North,Delayed - Customs,4,280.57,348.98,0.39,93
ORD-13565,2023-06-07,Electronics,Accessories,South,Delayed - Customs,3,137.85,145.43,0.05,84
ORD-13566,2023-12-30,Furniture,Tables,South,Delayed - Transit,1,208.45,238.82,0.55,109
ORD-13567,2023-10-30,Electronics,Accessories,South,On-Time,1,106.92,182.75,0.0,31
ORD-13568,2023-12-12,Apparel,Pants,North,Delayed - Transit,4,83.15,105.32,0.0,64
ORD-13569,2023-11-09,Electronics,Audio,South,On-Time,3,146.91,243.52,0.05,38
ORD-13570,2023-04-22,Electronics,Audio,North,Delayed - Customs,4,331.02,348.67,0.38,119
ORD-13571,2023-04-30,Apparel,Footwear,South,On-Time,1,347.66,825.1,0.05,45
ORD-13572,2023-06-19,Furniture,Desks,West,On-Time,4,39.63,42.25,0.55,156
ORD-13573,2023-07-04,Apparel,Shirts,North,Delayed - Transit,3,178.1,189.46,0.51,130
ORD-13574,2023-09-09,Furniture,Desks,East,Delayed - Transit,2,36.47,42.51,0.6,110
ORD-13575,2023-04-29,Furniture,Desks,East,Delayed - Customs,4,127.55,149.09,0.61,138
ORD-13576,2023-02-11,Furniture,Desks,North,On-Time,5,204.56,254.51,0.6,106
ORD-13577,2023-12-06,Electronics,Computers,West,Delayed - Transit,1,212.28,281.88,0.6,114
ORD-13578,2023-10-12,Apparel,Shirts,West,On-Time,4,387.25,652.23,0.05,34
ORD-13579,2023-06-14,Apparel,Pants,West,On-Time,4,123.51,213.59,0.0,39
ORD-13580,2023-05-13,Apparel,Shirts,South,On-Time,5,331.2,541.18,0.0,27
ORD-13581,2023-07-20,Apparel,Footwear,West,On-Time,3,398.7,853.17,0.05,23
ORD-13582,2023-01-04,Apparel,Footwear,South,On-Time,1,168.63,291.52,0.05,40
ORD-13583,2023-03-13,Furniture,Desks,East,On-Time,1,116.66,136.74,0.38,155
ORD-13584,2023-06-21,Electronics,Audio,North,On-Time,4,227.23,425.21,0.0,41
ORD-13585,2023-11-17,Furniture,Desks,South,Delayed - Transit,3,267.37,297.61,0.38,112
ORD-13586,2023-07-06,Furniture,,South,On-Time,2,337.21,357.4,0.58,109
ORD-13587,2023-10-14,Electronics,Accessories,West,On-Time,3,376.54,712.44,0.0,24
ORD-13588,2023-06-19,Apparel,Shirts,East,On-Time,3,272.11,517.93,0.0,31
ORD-13589,2023-05-12,Electronics,Audio,West,Delayed - Transit,2,335.06,423.81,0.4,102
ORD-13590,2023-05-29,Furniture,Desks,South,On-Time,4,91.51,111.55,0.38,131
ORD-13591,2023-04-17,Furniture,Desks,South,Delayed - Transit,4,310.31,394.83,0.52,132
ORD-13592,2023-08-07,Apparel,Pants,West,On-Time,4,297.58,604.17,0.05,6
ORD-13593,2023-03-22,Furniture,Desks,East,On-Time,5,70.44,74.77,0.05,83
ORD-13594,2023-04-14,Apparel,Pants,South,Delayed - Customs,1,380.88,409.6,0.58,142
ORD-13595,2023-03-07,Apparel,Footwear,South,On-Time,2,69.13,131.73,0.0,31
ORD-13596,2023-08-11,Furniture,Desks,East,Delayed - Transit,5,18.2,22.05,0.59,108
ORD-13597,2023-08-15,Apparel,Shirts,North,Delayed - Transit,4,204.56,233.33,0.5,96
ORD-13598,2023-06-11,Apparel,Footwear,South,On-Time,5,247.8,592.21,0.05,35
ORD-13599,2023-08-06,Electronics,Accessories,North,On-Time,5,388.87,710.61,0.05,44
ORD-13600,2023-06-27,Apparel,Shirts,East,On-Time,3,192.34,366.62,0.0,37
ORD-13601,2023-02-18,Furniture,Tables,East,On-Time,1,361.3,402.78,0.39,115
ORD-13602,2023-11-11,Apparel,Shirts,South,Delayed - Transit,5,71.21,87.5,0.49,106
ORD-13603,2023-08-02,Furniture,Chairs,West,On-Time,2,88.83,117.68,0.54,116
ORD-13604,2023-10-25,Furniture,Tables,North,On-Time,3,199.89,227.91,0.38,129
ORD-13605,2023-05-18,Apparel,Pants,East,On-Time,2,395.56,782.49,0.05,21
ORD-13606,2023-12-25,Apparel,Pants,North,Delayed - Customs,3,260.5,323.01,0.53,96
ORD-13607,2023-10-21,Electronics,Computers,West,Delayed - Customs,5,205.35,232.1,0.65,135
ORD-13608,2023-11-15,Electronics,Audio,West,On-Time,4,309.72,668.68,0.0,28
ORD-13609,2023-03-23,Apparel,Footwear,South,Delayed - Customs,3,280.87,355.73,0.63,101
ORD-13610,2023-12-25,Electronics,Audio,East,Delayed - Customs,1,255.1,288.18,0.4,135
ORD-13611,2023-03-20,Furniture,Tables,East,On-Time,3,285.54,374.39,0.49,132
ORD-13612,2023-06-16,Furniture,Desks,West,On-Time,1,250.06,336.72,0.62,124
ORD-13613,2023-10-22,Apparel,Pants,East,On-Time,2,24.28,43.81,0.05,45
ORD-13614,2023-04-29,Electronics,Accessories,West,On-Time,5,141.76,331.57,0.05,54
ORD-13615,2023-06-25,Apparel,Shirts,East,Delayed - Transit,1,285.54,382.66,0.48,110
ORD-13616,2023-06-27,Electronics,Accessories,West,On-Time,3,106.59,184.68,0.05,21
ORD-13617,2023-11-30,Furniture,Chairs,North,On-Time,3,194.63,251.47,0.52,102
ORD-13618,2023-11-19,Apparel,,North,On-Time,3,257.86,493.17,0.05,41
ORD-13619,2023-06-06,Furniture,,North,Delayed - Transit,4,168.15,211.2,0.05,82
ORD-13620,2023-04-14,Furniture,Chairs,East,On-Time,1,314.09,406.71,0.39,156
ORD-13621,2023-02-23,Electronics,Audio,West,On-Time,5,178.47,370.37,0.0,19
ORD-13622,2023-10-27,Electronics,Audio,West,On-Time,1,135.72,297.51,0.05,26
ORD-13623,2023-10-19,Apparel,Shirts,North,On-Time,2,32.58,66.52,0.0,10
ORD-13624,2023-12-16,Furniture,Desks,East,Delayed - Customs,2,334.09,368.24,0.49,126
ORD-13625,2023-10-19,Apparel,Pants,East,On-Time,4,219.96,519.19,0.0,30
ORD-13626,2023-03-01,Electronics,Audio,West,On-Time,3,23.45,55.48,0.05,19
ORD-13627,2023-07-09,Furniture,Desks,South,On-Time,2,288.04,370.46,0.48,132
ORD-13628,2023-05-11,Electronics,Accessories,East,On-Time,2,368.15,770.96,0.05,37
ORD-13629,2023-09-09,Electronics,Audio,West,Delayed - Transit,5,75.88,84.9,0.46,110
ORD-13630,2023-09-20,Apparel,Pants,East,On-Time,3,247.81,557.15,0.05,16
ORD-13631,2023-09-27,Electronics,Accessories,East,On-Time,5,293.5,602.21,0.05,15
ORD-13632,2023-10-18,Electronics,Computers,East,On-Time,1,55.39,123.67,0.0,1
ORD-13633,2023-10-12,Furniture,Chairs,West,On-Time,3,29.86,37.72,0.36,139
ORD-13634,2023-07-22,Apparel,Footwear,East,On-Time,5,109.49,248.82,0.0,34
ORD-13635,2023-02-08,Apparel,Footwear,North,On-Time,5,95.27,186.59,0.05,33
ORD-13636,2023-12-29,Apparel,Footwear,East,Delayed - Customs,4,241.92,321.68,0.65,112
ORD-13637,2023-02-08,Electronics,Computers,East,Delayed - Transit,1,337.9,424.39,0.0,84
ORD-13638,2023-06-07,Apparel,Shirts,South,On-Time,5,307.27,608.1,0.0,34
ORD-13639,2023-04-16,Furniture,Chairs,South,On-Time,1,344.48,398.79,0.41,138
ORD-13640,2023-03-29,Electronics,Computers,South,On-Time,3,216.92,520.59,0.05,24
ORD-13641,2023-02-21,Electronics,Audio,East,Delayed - Customs,1,244.09,319.51,0.47,142
ORD-13642,2023-07-26,Electronics,Accessories,East,On-Time,3,53.69,96.52,0.05,47
ORD-13643,2023-10-19,Electronics,Audio,West,On-Time,3,198.36,337.23,0.05,18
ORD-13644,2023-10-20,Furniture,Desks,North,On-Time,1,80.67,102.22,0.41,122
ORD-13645,2023-09-13,Furniture,Desks,North,On-Time,1,200.5,214.36,0.41,105
ORD-13646,2023-12-07,Furniture,Tables,South,On-Time,3,294.18,316.02,0.41,110
ORD-13647,2023-06-28,Apparel,Pants,West,On-Time,4,237.28,526.05,0.0,29
ORD-13648,2023-02-23,Apparel,,North,Delayed - Customs,5,202.07,271.97,0.52,154
ORD-13649,2023-02-17,Electronics,Computers,West,On-Time,2,171.48,284.33,0.05,10
ORD-13650,2023-10-23,Electronics,Audio,East,On-Time,1,82.19,145.37,0.0,24
ORD-13651,2023-09-28,Furniture,Desks,South,Delayed - Customs,3,226.15,283.5,0.57,117
ORD-13652,2023-05-20,Furniture,Chairs,West,Delayed - Transit,2,315.97,338.52,0.0,61
ORD-13653,2023-01-08,Electronics,Accessories,South,On-Time,5,283.33,490.27,0.0,11
ORD-13654,2023-07-08,Furniture,Tables,East,On-Time,3,388.28,508.82,0.05,80
ORD-13655,2023-11-01,Furniture,Tables,North,On-Time,4,396.8,483.25,0.54,114
ORD-13656,2023-07-27,Apparel,Pants,South,Delayed - Customs,4,287.39,321.86,0.46,117
ORD-13657,2023-10-02,Electronics,Audio,East,On-Time,5,60.6,109.82,0.05,27
ORD-13658,2023-02-22,Furniture,Desks,North,On-Time,3,237.01,317.52,0.47,102
ORD-13659,2023-02-24,Furniture,Desks,East,On-Time,4,290.66,306.49,0.57,127
ORD-13660,2023-08-04,Electronics,Audio,North,On-Time,1,352.95,695.46,0.05,23
ORD-13661,2023-11-10,Apparel,Pants,West,Delayed - Transit,2,233.24,258.48,0.6,117
ORD-13662,2023-10-24,Furniture,Desks,West,On-Time,3,320.64,432.18,0.51,125
ORD-13663,2023-02-18,Furniture,Chairs,North,On-Time,4,129.06,160.36,0.36,174
ORD-13664,2023-03-27,Furniture,Desks,South,On-Time,2,55.14,66.85,0.5,90
ORD-13665,2023-11-17,Electronics,Audio,North,On-Time,1,162.33,276.34,0.05,17
ORD-13666,2023-08-16,Apparel,Shirts,North,On-Time,5,229.72,527.5,0.0,32
ORD-13667,2023-01-11,Apparel,Pants,North,On-Time,1,69.68,161.02,0.05,35
ORD-13668,2023-03-19,Apparel,Pants,East,On-Time,1,278.67,566.62,0.0,7
ORD-13669,2023-02-15,Apparel,Footwear,South,On-Time,5,266.2,622.64,0.05,29
ORD-13670,2023-09-11,Apparel,Footwear,South,Delayed - Transit,2,85.37,99.81,0.37,107
ORD-13671,2023-01-14,Electronics,Accessories,West,On-Time,1,245.27,534.44,0.0,17
ORD-13672,2023-01-08,Electronics,Accessories,West,On-Time,3,214.62,383.93,0.05,41
ORD-13673,2023-01-19,Electronics,Accessories,West,On-Time,1,334.73,770.69,0.0,61
ORD-13674,2023-07-20,Electronics,Accessories,West,Delayed - Customs,3,136.67,167.51,0.45,122
ORD-13675,2023-12-14,Electronics,Computers,East,On-Time,5,297.18,659.33,0.0,32
ORD-13676,2023-11-27,Electronics,Audio,South,On-Time,5,89.67,208.8,0.05,26
ORD-13677,2023-07-13,Electronics,Computers,East,On-Time,1,353.16,717.33,0.0,26
ORD-13678,2023-11-26,Apparel,Shirts,South,On-Time,4,114.4,199.93,0.0,41
ORD-13679,2023-02-23,Apparel,Footwear,East,On-Time,5,303.69,581.65,0.05,36
ORD-13680,2023-04-03,Electronics,Audio,East,Delayed - Transit,1,124.51,148.91,0.55,113
ORD-13681,2023-04-23,Apparel,Footwear,South,On-Time,5,92.64,184.93,0.05,46
ORD-13682,2023-06-05,Apparel,Shirts,North,On-Time,3,170.7,382.07,0.0,33
ORD-13683,2023-03-23,Furniture,Tables,North,On-Time,2,243.96,281.41,0.46,114
ORD-13684,2023-06-13,Apparel,Shirts,North,Delayed - Customs,2,109.25,117.0,0.6,130
ORD-13685,2023-11-17,Electronics,Computers,West,On-Time,4,90.92,161.36,0.0,40
ORD-13686,2023-06-24,Apparel,Shirts,East,Delayed - Customs,1,216.53,275.61,0.56,145
ORD-13687,2023-07-25,Apparel,Pants,West,On-Time,5,331.81,593.81,0.0,21
ORD-13688,2023-12-08,Electronics,Computers,East,On-Time,4,73.81,166.34,0.05,26
ORD-13689,2023-01-19,Electronics,Audio,West,On-Time,5,324.87,630.6,0.0,16
ORD-13690,2023-08-05,Electronics,Audio,South,On-Time,4,276.9,443.08,0.05,43
ORD-13691,2023-04-16,Apparel,Pants,North,On-Time,1,260.6,589.48,0.0,24
ORD-13692,2023-12-13,Furniture,Tables,West,On-Time,3,334.59,385.54,0.45,120
ORD-13693,2023-10-10,Electronics,Computers,North,Delayed - Customs,1,68.83,85.46,0.42,111
ORD-13694,2023-08-03,Furniture,Chairs,South,Delayed - Customs,4,385.63,435.12,0.52,111
ORD-13695,2023-10-13,Furniture,Chairs,North,On-Time,5,350.27,383.69,0.62,129
ORD-13696,2023-04-02,Furniture,,South,On-Time,5,165.57,193.72,0.57,128
ORD-13697,2023-04-26,Furniture,Chairs,West,On-Time,5,69.83,73.41,0.62,129
ORD-13698,2023-03-27,Furniture,Tables,West,On-Time,3,210.75,278.36,0.42,109
ORD-13699,2023-08-03,Furniture,Chairs,West,On-Time,5,219.5,279.51,0.47,102
ORD-13700,2023-06-15,Apparel,Pants,North,Delayed - Customs,1,287.38,341.9,0.55,165
ORD-13701,2023-06-05,Furniture,Desks,East,On-Time,3,305.47,372.3,0.45,109
ORD-13702,2023-01-11,Apparel,Shirts,South,On-Time,2,398.56,902.42,0.05,27
ORD-13703,2023-06-18,Apparel,Pants,North,Delayed - Transit,4,141.63,171.11,0.4,139
ORD-13704,2023-03-01,Furniture,Tables,West,On-Time,1,293.15,324.37,0.54,99
ORD-13705,2023-01-28,Furniture,Tables,North,Delayed - Transit,2,215.63,283.42,0.62,144
ORD-13706,2023-03-08,Furniture,Desks,North,On-Time,1,90.52,98.34,0.6,89
ORD-13707,2023-02-15,Apparel,Footwear,East,Delayed - Customs,3,108.92,119.68,0.39,144
ORD-13708,2023-12-29,Apparel,Shirts,East,On-Time,3,272.96,519.83,0.05,42
ORD-13709,2023-07-19,Apparel,Footwear,East,Delayed - Transit,3,263.16,351.48,0.41,116
ORD-13710,2023-10-22,Furniture,Tables,West,On-Time,2,358.24,408.38,0.62,95
ORD-13711,2023-02-05,Electronics,,West,On-Time,3,85.15,149.77,0.05,18
ORD-13712,2023-01-09,Furniture,Tables,West,Delayed - Customs,5,213.33,242.89,0.41,150
ORD-13713,2023-09-11,Furniture,Tables,South,On-Time,5,165.05,200.15,0.4,122
ORD-13714,2023-03-28,Electronics,Audio,North,On-Time,2,153.35,248.55,0.05,8
ORD-13715,2023-07-19,Apparel,Shirts,East,Delayed - Customs,3,330.7,404.6,0.05,84
ORD-13716,2023-08-10,Furniture,Tables,South,Delayed - Transit,5,54.36,67.7,0.64,105
ORD-13717,2023-04-03,Furniture,Tables,North,On-Time,1,291.7,381.16,0.0,75
ORD-13718,2023-09-06,Furniture,Chairs,North,On-Time,1,241.61,297.46,0.0,63
ORD-13719,2023-04-30,Furniture,Tables,North,On-Time,4,221.28,264.38,0.05,69
ORD-13720,2023-09-18,Furniture,Tables,East,Delayed - Customs,1,382.43,447.47,0.43,114
ORD-13721,2023-07-12,Electronics,Computers,East,Delayed - Customs,4,182.16,214.66,0.47,97
ORD-13722,2023-08-26,Apparel,,West,On-Time,3,97.33,221.44,0.0,44
ORD-13723,2023-01-06,Electronics,Computers,North,On-Time,5,399.65,700.44,0.05,24
ORD-13724,2023-07-18,Apparel,Footwear,West,On-Time,2,102.87,165.24,0.0,20
ORD-13725,2023-04-08,Electronics,Audio,East,On-Time,2,130.94,242.7,0.0,21
ORD-13726,2023-02-02,Furniture,Chairs,West,On-Time,5,39.73,43.18,0.52,97
ORD-13727,2023-06-08,Apparel,Footwear,South,Delayed - Transit,1,345.4,454.47,0.05,45
ORD-13728,2023-05-21,Electronics,Accessories,West,On-Time,4,91.97,215.11,0.05,31
ORD-13729,2023-07-02,Furniture,Tables,South,On-Time,3,37.41,44.91,0.42,103
ORD-13730,2023-08-01,Furniture,Desks,North,On-Time,2,194.43,250.66,0.37,133
ORD-13731,2023-11-02,Apparel,Footwear,North,On-Time,3,21.66,34.71,0.0,36
ORD-13732,2023-12-30,Furniture,Chairs,North,On-Time,2,267.29,310.09,0.53,132
ORD-13733,2023-08-31,Apparel,Pants,North,Delayed - Transit,1,234.25,311.45,0.63,145
ORD-13734,2023-07-26,Furniture,Chairs,East,On-Time,5,385.95,438.76,0.58,133
ORD-13735,2023-07-23,Electronics,Computers,East,Delayed - Customs,5,27.04,30.03,0.64,121
ORD-13736,2023-01-22,Furniture,Chairs,South,On-Time,2,69.62,87.36,0.53,93
ORD-13737,2023-02-20,Apparel,Shirts,South,On-Time,3,313.54,657.1,0.05,38
ORD-13738,2023-03-03,Electronics,Audio,East,On-Time,4,52.92,123.55,0.0,34
ORD-13739,2023-12-14,Apparel,Pants,West,On-Time,4,95.15,226.02,0.05,22
ORD-13740,2023-12-21,Electronics,Accessories,North,On-Time,3,92.28,194.69,0.0,41
ORD-13741,2023-10-14,Furniture,Desks,South,On-Time,5,258.55,333.87,0.62,124
ORD-13742,2023-12-06,Furniture,Tables,South,Delayed - Customs,3,178.97,221.47,0.63,95
ORD-13743,2023-03-12,Furniture,Tables,East,On-Time,4,293.98,362.61,0.52,118
ORD-13744,2023-11-29,Apparel,Shirts,West,On-Time,5,149.65,337.5,0.05,29
ORD-13745,2023-12-18,Electronics,Accessories,South,On-Time,1,84.47,175.68,0.0,17
ORD-13746,2023-02-08,Electronics,Computers,East,On-Time,5,44.8,80.26,0.0,18
ORD-13747,2023-02-14,Furniture,Desks,North,On-Time,5,106.01,132.24,0.6,101
ORD-13748,2023-08-08,Electronics,Audio,North,On-Time,1,345.92,678.94,0.05,30
ORD-13749,2023-10-07,Furniture,,South,On-Time,3,18.5,23.05,0.39,127
ORD-13750,2023-09-28,Apparel,Pants,North,On-Time,3,87.62,173.87,0.05,42
ORD-13751,2023-10-26,Electronics,Audio,East,Delayed - Transit,3,162.41,188.94,0.6,98
ORD-13752,2023-11-17,Furniture,Desks,North,On-Time,3,290.87,380.44,0.54,97
ORD-13753,2023-12-25,Electronics,Audio,West,On-Time,5,208.0,484.39,0.05,15
ORD-13754,2023-12-02,Electronics,Accessories,East,On-Time,2,196.99,337.3,0.0,20
ORD-13755,2023-11-26,Electronics,Computers,North,On-Time,2,396.66,927.56,0.0,21
ORD-13756,2023-02-15,Furniture,Tables,North,On-Time,3,82.2,103.17,0.43,113
ORD-13757,2023-07-30,Electronics,Accessories,North,On-Time,2,51.89,90.55,0.0,22
ORD-13758,2023-10-27,Furniture,Tables,South,Delayed - Transit,3,118.01,135.81,0.36,150
ORD-13759,2023-09-30,Apparel,Shirts,West,On-Time,3,72.37,118.01,0.05,27
ORD-13760,2023-12-25,Furniture,Desks,South,On-Time,5,68.11,89.51,0.62,120
ORD-13761,2023-02-17,Apparel,Footwear,East,On-Time,5,177.48,347.36,0.0,24
ORD-13762,2023-12-10,Apparel,Pants,North,On-Time,4,139.59,319.12,0.0,24
ORD-13763,2023-12-20,Electronics,Accessories,South,On-Time,3,305.74,644.15,0.05,55
ORD-13764,2023-10-10,Furniture,Tables,West,Delayed - Transit,4,161.41,172.98,0.05,75
ORD-13765,2023-04-04,Electronics,Accessories,North,On-Time,5,227.54,442.66,0.05,53
ORD-13766,2023-04-21,Apparel,Shirts,North,On-Time,2,176.7,363.88,0.0,13
ORD-13767,2023-03-26,Furniture,Chairs,North,On-Time,5,57.68,67.73,0.48,129
ORD-13768,2023-07-13,Electronics,Computers,South,On-Time,4,224.62,503.36,0.0,24
ORD-13769,2023-03-06,Electronics,Computers,South,On-Time,5,104.13,205.82,0.0,16
ORD-13770,2023-10-12,Furniture,Desks,East,Delayed - Customs,4,337.42,422.5,0.47,124
ORD-13771,2023-05-09,Apparel,Shirts,West,On-Time,2,29.95,64.54,0.05,10
ORD-13772,2023-04-11,Furniture,Desks,South,Delayed - Transit,5,239.97,288.63,0.63,126
ORD-13773,2023-02-26,Furniture,Chairs,West,On-Time,5,328.27,408.86,0.05,72
ORD-13774,2023-12-27,Apparel,Shirts,North,Delayed - Transit,4,80.8,96.1,0.38,108
ORD-13775,2023-02-04,Furniture,Chairs,West,On-Time,1,120.11,162.08,0.6,137
ORD-13776,2023-05-02,Apparel,Shirts,North,On-Time,3,143.35,308.27,0.05,27
ORD-13777,2023-02-26,Electronics,Audio,South,On-Time,1,92.1,148.22,0.0,29
ORD-13778,2023-08-17,Furniture,Chairs,West,On-Time,1,271.73,350.39,0.52,111
ORD-13779,2023-01-08,Electronics,Computers,West,Delayed - Transit,3,145.64,185.27,0.51,109
ORD-13780,2023-11-16,Furniture,Desks,North,On-Time,5,334.47,426.24,0.39,143
ORD-13781,2023-07-17,Electronics,Audio,East,On-Time,5,280.99,548.97,0.05,46
ORD-13782,2023-05-29,Electronics,Computers,East,Delayed - Transit,2,132.14,162.21,0.52,155
ORD-13783,2023-08-18,Electronics,Accessories,South,Delayed - Transit,3,313.71,384.3,0.44,125
ORD-13784,2023-12-23,Electronics,Accessories,East,Delayed - Transit,3,191.15,202.52,0.42,99
ORD-13785,2023-02-16,Electronics,Accessories,East,On-Time,4,55.02,118.13,0.0,18
ORD-13786,2023-08-19,Electronics,Audio,East,On-Time,3,335.77,753.85,0.05,30
ORD-13787,2023-08-07,Furniture,Chairs,North,Delayed - Transit,1,284.13,355.55,0.4,152
ORD-13788,2023-02-19,Furniture,Tables,South,Delayed - Transit,4,247.61,333.21,0.43,123
ORD-13789,2023-05-03,Electronics,Accessories,South,On-Time,2,93.47,201.94,0.0,15
ORD-13790,2023-09-13,Apparel,Pants,North,On-Time,5,221.44,415.95,0.05,9
ORD-13791,2023-04-23,Furniture,Chairs,West,Delayed - Customs,3,118.76,135.09,0.43,95
ORD-13792,2023-07-09,Electronics,Audio,South,On-Time,4,301.79,684.34,0.0,30
ORD-13793,2023-04-05,Electronics,Accessories,South,On-Time,4,398.5,735.49,0.05,14
ORD-13794,2023-04-08,Apparel,Footwear,East,On-Time,2,104.99,239.81,0.05,22
ORD-13795,2023-03-29,Furniture,Chairs,South,On-Time,2,36.8,41.91,0.49,92
ORD-13796,2023-03-03,Furniture,Tables,North,Delayed - Customs,5,169.93,221.64,0.38,116
ORD-13797,2023-04-14,Electronics,Accessories,East,On-Time,3,382.87,642.19,0.05,18
ORD-13798,2023-03-03,Furniture,Tables,West,On-Time,3,128.3,141.99,0.0,78
ORD-13799,2023-10-22,Electronics,Computers,East,On-Time,3,100.66,194.06,0.05,38
ORD-13800,2023-09-06,Furniture,Desks,North,Delayed - Customs,5,386.13,453.22,0.36,156
ORD-13801,2023-12-07,Apparel,Shirts,North,On-Time,1,61.97,111.56,0.0,16
ORD-13802,2023-12-01,Electronics,Audio,North,On-Time,3,364.54,846.49,0.0,34
ORD-13803,2023-06-08,Furniture,Chairs,East,On-Time,3,62.05,74.76,0.39,143
ORD-13804,2023-11-06,Electronics,Accessories,West,Delayed - Transit,2,269.87,315.23,0.05,84
ORD-13805,2023-08-24,Apparel,Footwear,West,On-Time,5,190.79,417.23,0.05,23
ORD-13806,2023-12-31,Furniture,Tables,West,On-Time,3,108.92,128.22,0.54,121
ORD-13807,2023-05-01,Furniture,Desks,South,On-Time,4,218.3,267.16,0.58,129
ORD-13808,2023-12-21,Apparel,Footwear,East,On-Time,5,192.77,422.75,0.05,21
ORD-13809,2023-01-28,Furniture,Chairs,North,On-Time,1,218.38,267.03,0.45,106
ORD-13810,2023-04-16,Furniture,Chairs,West,On-Time,3,38.3,49.91,0.47,117
ORD-13811,2023-11-18,Electronics,Computers,North,Delayed - Customs,3,191.66,212.1,0.54,135
ORD-13812,2023-12-05,Furniture,Tables,North,On-Time,4,330.23,431.93,0.37,127
ORD-13813,2023-03-13,Apparel,Shirts,South,On-Time,3,150.19,342.72,0.05,23
ORD-13814,2023-12-08,Furniture,Tables,East,On-Time,4,106.7,136.05,0.0,65
ORD-13815,2023-07-21,Apparel,Footwear,South,Delayed - Transit,1,45.16,49.43,0.05,80
ORD-13816,2023-05-18,Furniture,Tables,East,Delayed - Transit,3,257.34,321.67,0.37,143
ORD-13817,2023-04-09,Furniture,Chairs,East,On-Time,4,98.05,118.29,0.48,95
ORD-13818,2023-06-30,Furniture,Tables,South,On-Time,1,354.83,397.7,0.05,76
ORD-13819,2023-05-27,Apparel,Shirts,West,On-Time,1,386.43,675.59,0.0,27
ORD-13820,2023-01-29,Electronics,Accessories,South,On-Time,2,33.09,57.7,0.0,19
ORD-13821,2023-12-20,Furniture,Chairs,West,Delayed - Transit,5,146.98,167.46,0.41,116
ORD-13822,2023-11-08,Furniture,Desks,East,On-Time,5,295.79,334.58,0.5,118
ORD-13823,2023-12-01,Electronics,Audio,South,Delayed - Customs,1,125.21,136.4,0.39,111
ORD-13824,2023-07-13,Apparel,Pants,West,On-Time,5,226.02,403.94,0.0,19
ORD-13825,2023-09-23,Electronics,Accessories,East,On-Time,2,194.5,379.43,0.05,25
ORD-13826,2023-08-05,Furniture,Chairs,East,On-Time,1,105.94,123.45,0.36,172
ORD-13827,2023-12-21,Electronics,Audio,West,Delayed - Customs,1,286.03,375.29,0.45,88
ORD-13828,2023-02-04,Apparel,Pants,West,On-Time,4,347.41,585.8,0.0,16
ORD-13829,2023-12-20,Electronics,Accessories,East,On-Time,3,186.3,444.31,0.0,37
ORD-13830,2023-07-19,Apparel,Pants,South,Delayed - Transit,1,243.3,320.64,0.05,81
ORD-13831,2023-04-13,Apparel,Pants,North,On-Time,4,150.34,281.31,0.0,38
ORD-13832,2023-03-15,Furniture,Tables,North,Delayed - Customs,2,367.37,429.78,0.6,118
ORD-13833,2023-08-24,Apparel,Footwear,West,On-Time,5,257.4,615.96,0.0,35
ORD-13834,2023-01-05,Furniture,Chairs,East,Delayed - Transit,3,309.23,331.6,0.64,110
ORD-13835,2023-08-27,Furniture,Tables,West,On-Time,5,394.08,424.87,0.05,74
ORD-13836,2023-07-19,Apparel,Footwear,North,On-Time,2,110.91,221.39,0.05,45
ORD-13837,2023-02-08,Furniture,Desks,West,On-Time,1,326.54,430.19,0.55,94
ORD-13838,2023-06-07,Apparel,Pants,North,On-Time,3,385.07,740.47,0.05,38
ORD-13839,2023-03-06,Electronics,Accessories,West,On-Time,2,67.38,146.58,0.0,19
ORD-13840,2023-10-17,Electronics,Accessories,South,On-Time,1,256.5,466.99,0.0,28
ORD-13841,2023-10-31,Apparel,Pants,North,On-Time,2,245.14,439.57,0.05,26
ORD-13842,2023-04-21,Apparel,Shirts,North,On-Time,2,357.0,677.68,0.05,31
ORD-13843,2023-01-29,Electronics,Accessories,South,On-Time,4,299.76,623.95,0.05,29
ORD-13844,2023-12-16,Furniture,Chairs,North,On-Time,3,342.37,372.69,0.53,127
ORD-13845,2023-10-30,Furniture,Chairs,North,On-Time,5,169.55,211.74,0.5,145
ORD-13846,2023-02-20,Electronics,Computers,North,Delayed - Transit,4,47.47,50.8,0.6,128
ORD-13847,2023-11-07,Electronics,Audio,South,Delayed - Transit,1,112.89,122.97,0.58,89
ORD-13848,2023-06-07,Electronics,Audio,South,On-Time,4,111.99,249.56,0.05,50
ORD-13849,2023-09-21,Apparel,Footwear,South,On-Time,4,354.49,567.91,0.0,39
ORD-13850,2023-11-17,Furniture,Tables,South,On-Time,1,285.18,319.26,0.44,148
ORD-13851,2023-01-20,Apparel,Footwear,North,Delayed - Transit,1,99.39,128.95,0.65,95
ORD-13852,2023-09-29,Electronics,Accessories,North,Delayed - Transit,2,398.11,493.85,0.47,126
ORD-13853,2023-10-16,Apparel,Shirts,West,On-Time,1,340.56,718.87,0.0,22
ORD-13854,2023-06-23,Furniture,Desks,West,On-Time,4,55.7,65.96,0.0,75
ORD-13855,2023-03-09,Furniture,Desks,South,On-Time,4,94.02,111.93,0.47,93
ORD-13856,2023-03-17,Electronics,,South,Delayed - Transit,1,305.35,368.56,0.42,87
ORD-13857,2023-10-05,Apparel,Pants,West,Delayed - Transit,4,372.61,491.12,0.0,84
ORD-13858,2023-12-26,Electronics,Computers,South,On-Time,3,163.06,376.99,0.05,29
ORD-13859,2023-05-31,Electronics,Computers,North,On-Time,2,266.62,498.28,0.05,36
ORD-13860,2023-04-21,Electronics,Accessories,East,Delayed - Transit,2,361.01,440.21,0.0,78
ORD-13861,2023-10-24,Apparel,Pants,West,On-Time,5,127.13,298.98,0.0,33
ORD-13862,2023-01-18,Furniture,Desks,North,Delayed - Customs,4,109.42,114.91,0.05,85
ORD-13863,2023-05-21,Apparel,Shirts,North,On-Time,2,134.63,292.19,0.0,52
ORD-13864,2023-05-25,Electronics,Audio,North,Delayed - Transit,2,340.68,417.87,0.38,159
ORD-13865,2023-02-18,Electronics,Computers,East,On-Time,5,181.36,392.12,0.05,30
ORD-13866,2023-03-29,Furniture,Chairs,East,On-Time,4,21.89,28.05,0.55,141
ORD-13867,2023-08-17,Electronics,Computers,West,On-Time,4,344.06,750.37,0.0,36
ORD-13868,2023-11-29,Apparel,Pants,West,On-Time,4,217.77,466.13,0.0,22
ORD-13869,2023-04-23,Electronics,Audio,East,On-Time,2,288.37,476.35,0.05,28
ORD-13870,2023-12-09,Electronics,Computers,West,Delayed - Customs,3,63.67,70.95,0.56,141
ORD-13871,2023-06-29,Furniture,Tables,West,On-Time,4,397.67,460.22,0.5,128
ORD-13872,2023-08-25,Apparel,Footwear,West,On-Time,4,326.39,769.78,0.05,29
ORD-13873,2023-11-26,Electronics,Computers,South,On-Time,1,183.84,431.68,0.05,25
ORD-13874,2023-01-13,Electronics,Audio,North,On-Time,4,361.85,764.3,0.05,29
ORD-13875,2023-05-09,Furniture,Tables,South,On-Time,2,116.72,147.38,0.46,103
ORD-13876,2023-01-12,Electronics,Accessories,North,On-Time,1,329.31,638.04,0.05,29
ORD-13877,2023-12-30,Furniture,Chairs,West,On-Time,1,192.0,233.95,0.5,146
ORD-13878,2023-12-08,Furniture,Tables,West,On-Time,5,211.89,249.12,0.42,96
ORD-13879,2023-07-07,Electronics,Audio,West,On-Time,5,215.4,393.21,0.0,19
ORD-13880,2023-10-15,Electronics,Audio,South,Delayed - Customs,3,284.12,320.6,0.0,76
ORD-13881,2023-08-26,Electronics,Accessories,West,Delayed - Customs,1,68.56,84.37,0.52,141
ORD-13882,2023-10-19,Electronics,Accessories,East,Delayed - Customs,3,333.55,425.13,0.05,83
ORD-13883,2023-04-06,Electronics,Accessories,South,On-Time,4,279.82,656.28,0.05,26
ORD-13884,2023-06-05,Electronics,Computers,West,On-Time,5,99.8,185.82,0.05,19
ORD-13885,2023-05-04,Electronics,Computers,South,Delayed - Transit,4,176.67,191.0,0.46,99
ORD-13886,2023-11-30,Apparel,Footwear,West,On-Time,2,110.96,194.87,0.05,36
ORD-13887,2023-01-01,Furniture,Chairs,South,On-Time,3,386.89,507.95,0.37,124
ORD-13888,2023-05-10,Furniture,Tables,South,On-Time,2,256.36,290.38,0.36,117
ORD-13889,2023-07-08,Electronics,,West,On-Time,4,278.14,447.34,0.0,47
ORD-13890,2023-06-12,Furniture,Tables,South,Delayed - Transit,2,135.35,170.3,0.62,99
ORD-13891,2023-07-14,Apparel,Shirts,South,On-Time,4,211.03,383.48,0.0,20
ORD-13892,2023-10-20,Electronics,Computers,South,On-Time,4,264.93,507.81,0.0,19
ORD-13893,2023-11-16,Electronics,Computers,West,On-Time,4,379.92,788.13,0.0,21
ORD-13894,2023-07-21,Furniture,Desks,East,On-Time,3,292.19,387.04,0.52,121
ORD-13895,2023-05-14,Apparel,Pants,East,On-Time,1,90.26,168.8,0.0,22
ORD-13896,2023-01-17,Electronics,Audio,West,On-Time,5,395.63,774.38,0.05,38
ORD-13897,2023-03-05,Electronics,Audio,West,On-Time,1,110.52,255.66,0.0,35
ORD-13898,2023-07-27,Furniture,Tables,West,Delayed - Customs,5,255.33,307.28,0.42,90
ORD-13899,2023-10-13,Apparel,Shirts,South,On-Time,1,332.56,630.69,0.0,12
ORD-13900,2023-05-26,Electronics,Audio,North,On-Time,3,270.8,640.97,0.0,26
ORD-13901,2023-08-28,Furniture,Desks,East,Delayed - Transit,5,335.91,451.38,0.48,137
ORD-13902,2023-06-28,Furniture,Tables,East,On-Time,1,84.65,89.62,0.58,96
ORD-13903,2023-07-03,Electronics,Computers,South,On-Time,1,394.51,931.28,0.0,26
ORD-13904,2023-03-05,Apparel,Pants,North,On-Time,4,309.25,609.36,0.05,55
ORD-13905,2023-08-29,Furniture,Chairs,West,On-Time,5,363.86,401.69,0.62,105
ORD-13906,2023-04-03,Furniture,Tables,West,On-Time,3,240.37,309.55,0.38,165
ORD-13907,2023-03-11,Electronics,Computers,North,On-Time,3,297.11,535.94,0.05,18
ORD-13908,2023-08-11,Electronics,Accessories,West,On-Time,2,42.97,77.26,0.05,29
ORD-13909,2023-12-20,Apparel,Pants,East,On-Time,5,17.42,35.06,0.05,2
ORD-13910,2023-04-14,Furniture,Chairs,East,Delayed - Transit,1,210.09,234.2,0.57,123
ORD-13911,2023-06-14,Electronics,Accessories,West,On-Time,5,352.97,739.19,0.05,48
ORD-13912,2023-02-22,Electronics,Computers,South,Delayed - Customs,1,35.47,38.82,0.6,112
ORD-13913,2023-03-23,Furniture,Desks,West,Delayed - Transit,3,266.42,331.77,0.53,120
ORD-13914,2023-02-15,Apparel,Footwear,West,On-Time,1,131.53,313.63,0.0,33
ORD-13915,2023-06-14,Furniture,Desks,North,On-Time,3,260.07,294.67,0.42,100
ORD-13916,2023-03-28,Furniture,Desks,North,Delayed - Customs,1,328.71,415.95,0.43,93
ORD-13917,2023-11-16,Furniture,Tables,North,Delayed - Customs,4,392.81,511.87,0.49,122
ORD-13918,2023-08-16,Apparel,Footwear,North,On-Time,2,170.44,401.52,0.0,20
ORD-13919,2023-07-23,Furniture,Tables,North,On-Time,2,345.95,426.73,0.0,72
ORD-13920,2023-05-12,Electronics,Accessories,North,On-Time,5,31.05,68.44,0.0,30
ORD-13921,2023-10-02,Apparel,Footwear,West,Delayed - Customs,5,209.24,276.21,0.62,129
ORD-13922,2023-05-13,Apparel,Shirts,West,Delayed - Customs,4,217.22,261.91,0.44,126
ORD-13923,2023-08-23,Furniture,Chairs,South,On-Time,2,318.77,427.45,0.42,107
ORD-13924,2023-03-23,Furniture,Desks,South,On-Time,2,28.57,30.91,0.39,110
ORD-13925,2023-02-15,Apparel,Shirts,East,On-Time,5,284.94,659.97,0.05,47
ORD-13926,2023-12-20,Furniture,Chairs,South,Delayed - Transit,4,293.95,395.65,0.05,85
ORD-13927,2023-12-25,Furniture,Tables,East,On-Time,2,153.45,203.57,0.65,108
ORD-13928,2023-04-19,Furniture,Desks,West,Delayed - Transit,3,253.1,319.63,0.49,116
ORD-13929,2023-09-15,Electronics,Accessories,East,On-Time,5,95.14,196.43,0.05,18
ORD-13930,2023-05-11,Electronics,Computers,South,On-Time,4,316.14,711.53,0.0,24
ORD-13931,2023-08-18,Electronics,Audio,East,Delayed - Transit,2,105.8,138.16,0.57,121
ORD-13932,2023-05-23,Furniture,Chairs,South,Delayed - Transit,4,335.84,359.78,0.44,115
ORD-13933,2023-11-09,Electronics,Audio,East,On-Time,2,309.41,661.95,0.0,25
ORD-13934,2023-08-11,Electronics,Audio,North,On-Time,2,295.72,708.03,0.0,41
ORD-13935,2023-03-27,Electronics,Computers,South,Delayed - Transit,3,43.08,50.22,0.52,103
ORD-13936,2023-06-02,Electronics,Computers,East,On-Time,4,235.52,492.13,0.05,24
ORD-13937,2023-04-08,Electronics,Computers,North,On-Time,2,279.97,483.0,0.05,41
ORD-13938,2023-07-14,Electronics,Accessories,West,On-Time,5,312.28,690.83,0.0,18
ORD-13939,2023-10-26,Electronics,Audio,North,On-Time,5,45.49,80.1,0.05,28
ORD-13940,2023-04-11,Electronics,Computers,South,On-Time,4,77.9,143.33,0.05,25
ORD-13941,2023-12-11,Electronics,Computers,North,On-Time,4,102.38,174.78,0.0,22
ORD-13942,2023-06-17,Apparel,Footwear,North,Delayed - Customs,4,110.71,134.08,0.05,61
ORD-13943,2023-07-25,Furniture,Chairs,South,Delayed - Transit,5,394.18,449.62,0.54,113
ORD-13944,2023-10-01,Furniture,Desks,West,On-Time,3,175.12,222.05,0.38,117
ORD-13945,2023-03-28,Furniture,Tables,South,Delayed - Transit,3,152.56,170.72,0.41,103
ORD-13946,2023-08-28,Furniture,Chairs,South,On-Time,2,221.43,254.55,0.6,163
ORD-13947,2023-07-21,Apparel,Footwear,West,Delayed - Transit,2,398.35,470.48,0.48,112
ORD-13948,2023-05-30,Furniture,Chairs,East,Delayed - Transit,2,96.3,120.02,0.0,72
ORD-13949,2023-08-24,Furniture,Desks,North,On-Time,2,208.71,249.35,0.61,94
ORD-13950,2023-03-17,Apparel,Shirts,East,Delayed - Transit,1,159.75,201.35,0.36,135
ORD-13951,2023-05-22,Apparel,Pants,East,Delayed - Customs,1,335.58,375.27,0.36,138
ORD-13952,2023-03-18,Apparel,Footwear,South,On-Time,3,377.63,894.88,0.05,23
ORD-13953,2023-11-30,Apparel,Shirts,South,On-Time,2,113.51,227.72,0.0,35
ORD-13954,2023-07-04,Furniture,Tables,North,On-Time,3,53.53,60.15,0.5,96
ORD-13955,2023-06-05,Furniture,Tables,North,On-Time,3,116.23,132.9,0.62,104
ORD-13956,2023-04-04,Electronics,Computers,East,On-Time,2,69.74,166.18,0.05,15
ORD-13957,2023-03-23,Apparel,Pants,East,On-Time,1,299.37,518.29,0.05,32
ORD-13958,2023-03-24,Furniture,Tables,East,Delayed - Customs,2,204.72,237.85,0.43,146
ORD-13959,2023-06-24,Apparel,Footwear,West,On-Time,4,311.19,740.51,0.0,15
ORD-13960,2023-04-12,Furniture,Chairs,South,On-Time,4,248.12,279.15,0.58,90
ORD-13961,2023-05-27,Furniture,Desks,East,Delayed - Transit,3,152.59,172.9,0.0,80
ORD-13962,2023-06-05,Furniture,Desks,South,On-Time,3,55.06,63.59,0.59,125
ORD-13963,2023-04-14,Electronics,Audio,North,On-Time,4,171.91,374.49,0.0,33
ORD-13964,2023-12-01,Furniture,Chairs,West,On-Time,4,270.57,290.79,0.46,98
ORD-13965,2023-09-25,Apparel,,West,On-Time,1,85.64,177.1,0.0,20
ORD-13966,2023-12-28,Electronics,Accessories,North,On-Time,5,278.2,642.54,0.0,48
ORD-13967,2023-06-03,Electronics,Audio,North,On-Time,2,139.57,292.62,0.0,21
ORD-13968,2023-03-14,Apparel,Pants,West,On-Time,1,66.01,141.29,0.05,54
ORD-13969,2023-08-01,Furniture,Tables,West,Delayed - Customs,1,237.4,250.32,0.49,107
ORD-13970,2023-03-24,Electronics,Audio,West,On-Time,1,338.45,779.34,0.0,29
ORD-13971,2023-11-29,Apparel,Pants,North,On-Time,3,51.45,88.57,0.0,49
ORD-13972,2023-04-09,Electronics,Computers,West,On-Time,2,192.62,423.43,0.05,24
ORD-13973,2023-01-06,Apparel,Footwear,South,On-Time,5,264.06,535.48,0.0,46
ORD-13974,2023-10-15,Furniture,Tables,West,On-Time,4,132.07,172.76,0.36,117
ORD-13975,2023-07-28,Furniture,Chairs,South,Delayed - Transit,3,135.61,161.77,0.5,117
ORD-13976,2023-11-25,Furniture,Chairs,North,On-Time,1,369.91,427.1,0.4,133
ORD-13977,2023-06-18,Electronics,Accessories,East,On-Time,4,145.79,298.35,0.0,59
ORD-13978,2023-10-09,Electronics,Accessories,East,On-Time,4,265.98,559.72,0.05,40
ORD-13979,2023-12-09,Electronics,Computers,South,On-Time,4,100.51,238.23,0.05,21
ORD-13980,2023-08-25,Electronics,Audio,North,On-Time,5,66.94,113.49,0.05,39
ORD-13981,2023-09-23,Electronics,Audio,South,On-Time,2,200.79,326.32,0.05,29
ORD-13982,2023-06-23,Furniture,Desks,South,On-Time,4,67.95,87.29,0.56,114
ORD-13983,2023-06-03,Apparel,Pants,South,On-Time,3,322.77,774.19,0.05,25
ORD-13984,2023-12-01,Furniture,Chairs,South,On-Time,3,261.18,291.61,0.5,132
ORD-13985,2023-07-15,Furniture,Desks,North,On-Time,3,178.83,197.59,0.0,85
ORD-13986,2023-01-06,Apparel,Shirts,North,On-Time,2,288.66,526.73,0.05,33
ORD-13987,2023-02-24,Electronics,Accessories,East,On-Time,2,161.82,331.61,0.0,24
ORD-13988,2023-08-18,Electronics,Computers,North,Delayed - Transit,1,205.87,239.57,0.6,107
ORD-13989,2023-07-31,Electronics,Accessories,North,On-Time,3,178.16,419.52,0.05,26
ORD-13990,2023-08-16,Electronics,Audio,North,On-Time,2,290.58,640.65,0.0,15
ORD-13991,2023-08-24,Apparel,Pants,East,On-Time,5,132.95,218.51,0.05,38
ORD-13992,2023-12-23,Apparel,Shirts,South,On-Time,4,88.28,201.27,0.0,24
ORD-13993,2023-11-06,Furniture,Tables,North,On-Time,5,100.84,133.68,0.61,92
ORD-13994,2023-04-28,Electronics,Computers,South,Delayed - Customs,1,202.5,232.68,0.38,134
ORD-13995,2023-06-17,Electronics,Computers,East,On-Time,3,181.35,374.63,0.05,15
ORD-13996,2023-09-16,Electronics,Computers,North,On-Time,2,114.58,265.44,0.05,27
ORD-13997,2023-05-04,Furniture,Desks,South,On-Time,1,331.32,433.75,0.44,105
ORD-13998,2023-04-16,Apparel,Shirts,South,Delayed - Transit,3,390.41,460.61,0.6,123
ORD-13999,2023-09-21,Electronics,Accessories,East,On-Time,4,391.13,932.43,0.0,48
ORD-14000,2023-04-01,Apparel,Footwear,West,On-Time,4,193.27,462.5,0.0,23
ORD-14001,2023-02-26,Apparel,Footwear,East,On-Time,3,63.52,138.65,0.0,46
ORD-14002,2023-02-09,Furniture,Desks,East,On-Time,2,389.98,514.29,0.42,98
ORD-14003,2023-05-24,Apparel,Shirts,South,On-Time,2,203.48,367.91,0.0,22
ORD-14004,2023-04-19,Apparel,Shirts,West,On-Time,3,83.84,183.27,0.0,43
ORD-14005,2023-03-30,Furniture,Tables,South,On-Time,3,242.94,306.65,0.55,120
ORD-14006,2023-03-30,Furniture,Desks,East,Delayed - Customs,1,126.08,153.94,0.0,72
ORD-14007,2023-02-15,Electronics,Computers,South,On-Time,4,144.98,296.65,0.0,33
ORD-14008,2023-01-06,Apparel,Pants,West,On-Time,1,331.11,752.06,0.05,42
ORD-14009,2023-08-19,Electronics,Audio,East,On-Time,2,134.31,287.77,0.0,18
ORD-14010,2023-04-14,Electronics,Accessories,West,Delayed - Customs,3,281.76,314.2,0.52,138
ORD-14011,2023-05-01,Electronics,Audio,North,Delayed - Transit,3,307.15,349.0,0.46,97
ORD-14012,2023-11-18,Apparel,Shirts,South,On-Time,1,64.27,106.55,0.05,27
ORD-14013,2023-07-07,Electronics,Accessories,East,On-Time,5,142.78,314.71,0.05,35
ORD-14014,2023-09-20,Electronics,,East,On-Time,2,143.61,321.21,0.0,1
ORD-14015,2023-03-12,Electronics,Audio,West,Delayed - Customs,3,330.94,356.09,0.39,160
ORD-14016,2023-01-14,Electronics,Audio,West,On-Time,3,394.16,778.22,0.0,28
ORD-14017,2023-05-11,Apparel,Footwear,East,On-Time,5,205.47,364.58,0.0,22
ORD-14018,2023-08-01,Furniture,Tables,East,On-Time,5,222.39,244.17,0.44,123
ORD-14019,2023-04-07,Furniture,Chairs,South,On-Time,5,145.76,156.16,0.62,88
ORD-14020,2023-12-24,Furniture,Chairs,South,On-Time,1,222.6,250.99,0.38,144
ORD-14021,2023-02-24,Electronics,Audio,South,On-Time,5,185.92,389.46,0.05,26
ORD-14022,2023-11-09,Electronics,Accessories,South,On-Time,5,330.09,551.23,0.0,10
ORD-14023,2023-12-18,Electronics,Computers,East,On-Time,2,319.89,764.57,0.05,26
ORD-14024,2023-05-10,Furniture,Chairs,North,Delayed - Customs,2,22.2,23.83,0.5,125
ORD-14025,2023-05-21,Electronics,Accessories,North,Delayed - Transit,5,266.19,293.11,0.5,97
ORD-14026,2023-10-14,Furniture,Desks,South,On-Time,1,307.71,400.31,0.46,125
ORD-14027,2023-04-22,Apparel,Shirts,South,Delayed - Transit,2,318.61,386.21,0.64,146
ORD-14028,2023-12-05,Electronics,Accessories,West,On-Time,5,194.15,330.11,0.05,24
ORD-14029,2023-10-20,Electronics,Accessories,North,On-Time,5,138.16,293.7,0.0,31
ORD-14030,2023-09-14,Apparel,Footwear,South,On-Time,2,132.19,288.66,0.05,27
ORD-14031,2023-01-24,Apparel,Pants,South,On-Time,5,147.94,313.09,0.05,36
ORD-14032,2023-05-11,Apparel,Pants,North,Delayed - Transit,3,158.85,195.24,0.45,118
ORD-14033,2023-01-16,Furniture,Desks,South,On-Time,3,113.62,139.22,0.58,132
ORD-14034,2023-02-11,Furniture,Tables,West,On-Time,1,281.42,346.09,0.46,142
ORD-14035,2023-02-08,Apparel,Shirts,West,On-Time,3,103.96,220.98,0.05,28
ORD-14036,2023-10-11,Furniture,Tables,North,Delayed - Transit,5,317.12,344.47,0.51,117
ORD-14037,2023-07-17,Furniture,Tables,South,On-Time,5,186.01,196.13,0.53,122
ORD-14038,2023-01-15,Electronics,Audio,South,On-Time,1,205.37,464.96,0.0,45
ORD-14039,2023-06-06,Electronics,Audio,West,On-Time,3,311.62,672.0,0.05,32
ORD-14040,2023-05-23,Electronics,Accessories,South,On-Time,3,214.47,355.39,0.05,39
ORD-14041,2023-06-28,Electronics,Audio,South,On-Time,4,339.57,616.48,0.05,27
ORD-14042,2023-10-11,Furniture,Tables,West,Delayed - Transit,3,300.61,353.13,0.47,111
ORD-14043,2023-12-29,Furniture,Tables,East,Delayed - Customs,2,68.56,84.44,0.44,115
ORD-14044,2023-06-21,Electronics,Audio,West,On-Time,5,246.76,477.66,0.05,45
ORD-14045,2023-12-25,Furniture,Tables,West,On-Time,3,208.16,242.61,0.56,99
ORD-14046,2023-07-02,Furniture,Tables,North,On-Time,3,276.57,336.3,0.05,80
ORD-14047,2023-10-09,Apparel,Pants,South,On-Time,1,21.3,35.99,0.0,35
ORD-14048,2023-06-06,Electronics,Accessories,North,On-Time,5,357.34,698.74,0.0,17
ORD-14049,2023-12-03,Apparel,Pants,West,On-Time,3,172.63,398.72,0.05,39
ORD-14050,2023-10-04,Furniture,Chairs,South,Delayed - Transit,1,217.68,266.82,0.57,109
ORD-14051,2023-08-29,Apparel,Pants,East,Delayed - Customs,4,138.56,158.64,0.48,117
ORD-14052,2023-04-27,Furniture,Tables,West,Delayed - Transit,2,246.2,330.06,0.41,99
ORD-14053,2023-05-19,Apparel,,South,On-Time,2,184.38,423.67,0.0,26
ORD-14054,2023-06-21,Furniture,Chairs,North,On-Time,1,37.68,44.56,0.39,124
ORD-14055,2023-12-12,Furniture,Chairs,East,On-Time,1,208.63,261.54,0.62,90
ORD-14056,2023-07-16,Electronics,Audio,South,Delayed - Transit,3,245.26,280.66,0.05,81
ORD-14057,2023-04-30,Apparel,Pants,West,On-Time,4,223.57,409.93,0.05,30
ORD-14058,2023-05-23,Furniture,Desks,East,Delayed - Transit,1,101.56,124.16,0.43,126
ORD-14059,2023-08-28,Apparel,Pants,West,On-Time,5,202.62,468.65,0.05,40
ORD-14060,2023-05-19,Electronics,Audio,East,On-Time,1,87.2,191.06,0.0,52
ORD-14061,2023-02-22,Apparel,Shirts,West,On-Time,3,128.16,291.75,0.05,22
ORD-14062,2023-07-30,Electronics,Accessories,South,On-Time,2,94.94,216.51,0.0,22
ORD-14063,2023-02-16,Electronics,Audio,North,On-Time,4,121.06,198.48,0.05,15
ORD-14064,2023-04-16,Apparel,Shirts,East,On-Time,5,307.43,590.77,0.05,34
ORD-14065,2023-11-23,Apparel,Footwear,South,On-Time,5,291.25,562.64,0.0,34
ORD-14066,2023-10-22,Apparel,Footwear,East,On-Time,2,218.68,507.34,0.0,59
ORD-14067,2023-07-18,Electronics,Accessories,West,On-Time,4,375.21,860.83,0.0,24
ORD-14068,2023-05-26,Electronics,Audio,South,On-Time,3,311.48,636.92,0.0,65
ORD-14069,2023-09-10,Electronics,Accessories,West,On-Time,5,145.68,284.2,0.0,21
ORD-14070,2023-01-13,Apparel,Shirts,North,On-Time,4,275.33,584.68,0.05,48
ORD-14071,2023-02-12,Electronics,Computers,North,Delayed - Transit,1,304.05,333.56,0.57,113
ORD-14072,2023-12-04,Electronics,Accessories,East,On-Time,2,335.05,586.85,0.05,15
ORD-14073,2023-09-24,Apparel,Pants,East,On-Time,3,23.9,54.11,0.0,21
ORD-14074,2023-10-27,Electronics,Computers,South,On-Time,1,259.69,447.19,0.05,24
ORD-14075,2023-08-20,Furniture,Desks,South,On-Time,1,168.73,222.12,0.0,73
ORD-14076,2023-06-16,Furniture,Desks,South,Delayed - Transit,3,39.62,46.5,0.63,86
ORD-14077,2023-08-13,Apparel,,South,On-Time,4,215.99,438.93,0.0,36
ORD-14078,2023-05-07,Apparel,Shirts,South,Delayed - Transit,5,238.96,318.96,0.63,106
ORD-14079,2023-02-19,Furniture,Desks,South,Delayed - Transit,5,125.59,142.83,0.58,98
ORD-14080,2023-07-19,Furniture,Tables,West,Delayed - Customs,4,65.78,69.22,0.0,79
ORD-14081,2023-02-01,Apparel,Shirts,North,On-Time,5,208.28,438.12,0.05,21
ORD-14082,2023-05-02,Furniture,Desks,West,On-Time,1,17.21,22.53,0.59,104
ORD-14083,2023-03-19,Electronics,Accessories,South,On-Time,2,336.33,695.89,0.05,33
ORD-14084,2023-07-18,Furniture,Chairs,West,On-Time,3,150.83,195.71,0.59,138
ORD-14085,2023-04-07,Furniture,Desks,West,On-Time,4,248.69,305.57,0.52,156
ORD-14086,2023-09-07,Apparel,Pants,East,On-Time,2,251.36,405.31,0.0,27
ORD-14087,2023-01-15,Furniture,Desks,West,On-Time,3,233.57,259.97,0.57,88
ORD-14088,2023-03-13,Furniture,Desks,North,On-Time,2,320.08,409.07,0.51,177
ORD-14089,2023-05-25,Electronics,Computers,South,On-Time,2,186.56,350.02,0.0,18
ORD-14090,2023-08-12,Apparel,Shirts,West,On-Time,2,376.89,639.62,0.05,14
ORD-14091,2023-12-23,Electronics,Audio,South,On-Time,3,148.23,309.34,0.0,30
ORD-14092,2023-07-21,Furniture,Tables,South,On-Time,5,40.11,53.12,0.0,85
ORD-14093,2023-06-05,Apparel,Shirts,South,On-Time,2,375.87,766.34,0.05,6
ORD-14094,2023-07-01,Apparel,Footwear,South,On-Time,3,171.89,294.75,0.05,19
ORD-14095,2023-06-10,Apparel,Pants,West,On-Time,2,295.14,580.96,0.0,24
ORD-14096,2023-05-30,Apparel,Shirts,West,On-Time,2,54.32,125.35,0.0,57
ORD-14097,2023-05-01,Furniture,Chairs,East,Delayed - Customs,2,213.58,226.61,0.52,98
ORD-14098,2023-09-09,Electronics,Accessories,West,On-Time,2,205.39,373.47,0.05,24
ORD-14099,2023-09-15,Furniture,,West,On-Time,5,104.76,136.16,0.51,108
ORD-14100,2023-07-12,Furniture,Tables,East,On-Time,1,169.26,222.6,0.62,126
ORD-14101,2023-04-26,Furniture,Chairs,North,On-Time,3,131.11,144.95,0.65,95
ORD-14102,2023-12-29,Apparel,Footwear,South,Delayed - Transit,5,205.61,258.7,0.45,86
ORD-14103,2023-07-27,Electronics,Audio,South,Delayed - Transit,4,93.37,110.16,0.0,68
ORD-14104,2023-05-14,Furniture,Desks,South,On-Time,3,399.61,526.56,0.61,107
ORD-14105,2023-05-25,Electronics,Accessories,West,On-Time,5,48.93,98.44,0.0,56
ORD-14106,2023-09-30,Furniture,,North,On-Time,4,315.9,418.48,0.55,110
ORD-14107,2023-06-09,Furniture,Desks,West,Delayed - Customs,4,374.2,478.24,0.05,76
ORD-14108,2023-06-08,Electronics,Computers,East,On-Time,5,375.58,895.28,0.0,37
ORD-14109,2023-07-29,Apparel,Footwear,East,On-Time,2,282.14,671.58,0.05,24
ORD-14110,2023-05-07,Apparel,Shirts,West,On-Time,2,354.86,678.82,0.0,31
ORD-14111,2023-06-22,Apparel,Footwear,South,On-Time,4,286.39,681.32,0.0,14
ORD-14112,2023-08-13,Electronics,Accessories,West,On-Time,3,217.17,401.65,0.05,45
ORD-14113,2023-09-05,Apparel,Footwear,West,On-Time,1,320.57,606.3,0.0,26
ORD-14114,2023-10-25,Electronics,Computers,North,Delayed - Transit,5,300.41,388.83,0.39,130
ORD-14115,2023-10-18,Furniture,Chairs,South,Delayed - Transit,2,139.62,183.68,0.41,88
ORD-14116,2023-09-08,Apparel,Pants,South,On-Time,2,296.09,510.37,0.05,15
ORD-14117,2023-06-10,Electronics,Accessories,East,On-Time,4,377.27,808.35,0.0,38
ORD-14118,2023-02-21,Electronics,Computers,West,On-Time,1,313.89,540.15,0.0,41
ORD-14119,2023-05-13,Electronics,Audio,West,On-Time,4,215.09,470.36,0.05,23
ORD-14120,2023-06-03,Electronics,Audio,West,On-Time,4,22.94,51.65,0.0,13
ORD-14121,2023-07-05,Furniture,Desks,East,On-Time,2,366.7,393.44,0.62,103
ORD-14122,2023-11-03,Electronics,Accessories,South,On-Time,5,86.69,204.24,0.0,21
ORD-14123,2023-10-19,Apparel,Pants,North,Delayed - Customs,3,58.82,71.74,0.38,115
ORD-14124,2023-12-07,Furniture,Tables,East,On-Time,4,202.24,256.29,0.44,114
ORD-14125,2023-09-17,Furniture,Desks,East,On-Time,1,368.06,476.23,0.6,112
ORD-14126,2023-11-11,Apparel,Shirts,West,On-Time,1,244.06,445.34,0.05,34
ORD-14127,2023-01-05,Furniture,Tables,East,On-Time,2,171.89,207.38,0.58,122
ORD-14128,2023-05-25,Apparel,Pants,North,On-Time,5,182.08,355.58,0.05,33
ORD-14129,2023-08-25,Electronics,,South,On-Time,4,47.06,87.05,0.05,40
ORD-14130,2023-10-11,Electronics,Audio,West,Delayed - Customs,5,315.55,375.34,0.54,155
ORD-14131,2023-03-16,Electronics,Computers,West,On-Time,4,83.64,182.83,0.0,27
ORD-14132,2023-02-20,Electronics,Accessories,East,On-Time,3,98.91,204.73,0.05,17
ORD-14133,2023-12-16,Apparel,Footwear,South,On-Time,1,214.88,504.06,0.05,29
ORD-14134,2023-01-02,Apparel,Shirts,West,On-Time,2,295.1,642.09,0.05,23
ORD-14135,2023-06-24,Furniture,Tables,South,On-Time,1,70.51,82.5,0.4,131
ORD-14136,2023-05-19,Furniture,Chairs,West,On-Time,2,319.01,341.63,0.54,101
ORD-14137,2023-02-16,Apparel,Footwear,East,On-Time,4,296.94,555.84,0.0,22
ORD-14138,2023-09-11,Apparel,Footwear,West,On-Time,3,294.66,666.17,0.0,20
ORD-14139,2023-02-20,Electronics,Computers,West,On-Time,5,183.64,322.48,0.05,3
ORD-14140,2023-09-30,Furniture,,East,On-Time,2,102.54,121.25,0.05,55
ORD-14141,2023-07-06,Electronics,Audio,South,On-Time,5,370.35,652.76,0.0,22
ORD-14142,2023-04-18,Furniture,Desks,West,On-Time,4,192.72,213.86,0.46,150
ORD-14143,2023-11-07,Furniture,Desks,East,On-Time,2,188.62,224.71,0.36,110
ORD-14144,2023-03-03,Electronics,Accessories,West,On-Time,1,267.19,633.9,0.0,49
ORD-14145,2023-09-26,Apparel,Footwear,West,On-Time,2,57.95,95.78,0.05,33
ORD-14146,2023-11-18,Furniture,Chairs,East,On-Time,3,348.39,436.96,0.63,116
ORD-14147,2023-01-20,Electronics,Computers,North,On-Time,1,330.78,591.44,0.05,42
ORD-14148,2023-01-30,Electronics,Audio,West,On-Time,4,336.12,661.31,0.0,1
ORD-14149,2023-08-10,Electronics,Accessories,East,On-Time,5,66.31,146.49,0.0,42
ORD-14150,2023-03-01,Furniture,Chairs,North,Delayed - Transit,5,126.78,147.34,0.65,106
ORD-14151,2023-12-31,Electronics,Computers,North,Delayed - Customs,2,241.49,298.59,0.36,130
ORD-14152,2023-09-01,Apparel,Shirts,North,On-Time,4,291.09,537.28,0.0,46
ORD-14153,2023-03-27,Electronics,Audio,South,Delayed - Transit,3,257.13,306.12,0.64,91
ORD-14154,2023-06-27,Apparel,Footwear,North,Delayed - Transit,5,370.61,442.22,0.45,107
ORD-14155,2023-11-10,Furniture,Tables,South,Delayed - Customs,4,151.9,195.07,0.61,97
ORD-14156,2023-07-05,Apparel,Footwear,East,On-Time,1,351.99,832.12,0.0,24
ORD-14157,2023-01-20,Electronics,Computers,South,Delayed - Transit,2,76.21,85.28,0.37,98
ORD-14158,2023-06-07,Electronics,Accessories,North,On-Time,1,174.21,361.08,0.05,61
ORD-14159,2023-07-15,Furniture,Tables,North,On-Time,3,385.67,434.12,0.05,73
ORD-14160,2023-04-04,Furniture,Desks,East,On-Time,5,209.54,221.51,0.43,103
ORD-14161,2023-10-15,Electronics,Computers,North,On-Time,5,276.27,508.41,0.0,27
ORD-14162,2023-11-11,Electronics,Accessories,West,On-Time,5,149.72,269.96,0.0,34
ORD-14163,2023-09-21,Apparel,Shirts,East,Delayed - Customs,3,164.69,202.96,0.37,158
ORD-14164,2023-09-30,Electronics,Computers,East,On-Time,2,141.09,258.95,0.0,35
ORD-14165,2023-04-03,Apparel,Footwear,North,On-Time,1,35.55,76.86,0.05,38
ORD-14166,2023-05-31,Apparel,Footwear,East,Delayed - Customs,1,314.57,360.63,0.52,153
ORD-14167,2023-10-01,Apparel,Shirts,West,On-Time,3,344.91,789.39,0.0,54
ORD-14168,2023-10-20,Apparel,Footwear,South,On-Time,2,194.03,411.14,0.0,20
ORD-14169,2023-03-23,Apparel,Pants,North,Delayed - Customs,1,81.12,105.8,0.43,96
ORD-14170,2023-08-29,Electronics,Computers,North,On-Time,1,133.65,268.79,0.0,40
ORD-14171,2023-09-08,Electronics,Audio,South,On-Time,1,228.14,469.75,0.05,34
ORD-14172,2023-05-06,Furniture,Tables,South,On-Time,1,180.46,213.68,0.63,130
ORD-14173,2023-06-30,Electronics,Accessories,West,On-Time,1,377.69,654.78,0.0,14
ORD-14174,2023-12-01,Electronics,Accessories,East,On-Time,1,175.38,330.44,0.05,31
ORD-14175,2023-12-02,Furniture,Desks,North,On-Time,3,39.36,46.66,0.54,110
ORD-14176,2023-03-28,Apparel,Pants,North,On-Time,4,251.07,505.0,0.05,18
ORD-14177,2023-05-16,Apparel,Footwear,West,On-Time,4,302.95,487.88,0.05,34
ORD-14178,2023-11-02,Apparel,Shirts,West,On-Time,3,390.51,922.39,0.0,41
ORD-14179,2023-01-07,Furniture,Tables,West,On-Time,4,180.35,209.0,0.49,135
ORD-14180,2023-05-22,Furniture,Tables,South,Delayed - Customs,2,235.87,257.13,0.59,90
ORD-14181,2023-02-13,Electronics,Accessories,East,On-Time,4,195.59,414.31,0.05,33
ORD-14182,2023-06-08,Electronics,Accessories,South,Delayed - Transit,5,26.19,28.58,0.57,110
ORD-14183,2023-02-13,Apparel,Pants,West,Delayed - Customs,3,262.78,287.14,0.62,94
ORD-14184,2023-11-23,Apparel,Footwear,North,On-Time,4,292.79,570.26,0.05,15
ORD-14185,2023-10-04,Apparel,Pants,East,On-Time,3,360.61,787.65,0.05,18
ORD-14186,2023-05-15,Furniture,Tables,South,On-Time,1,276.54,315.2,0.35,98
ORD-14187,2023-05-24,Electronics,Audio,West,On-Time,3,373.38,715.62,0.0,22
ORD-14188,2023-09-11,Apparel,Pants,North,Delayed - Transit,5,131.5,144.95,0.42,110
ORD-14189,2023-03-24,Furniture,Chairs,South,Delayed - Transit,2,241.54,257.54,0.6,123
ORD-14190,2023-10-06,Apparel,Footwear,North,On-Time,3,292.5,637.27,0.05,47
ORD-14191,2023-01-20,Furniture,Desks,North,On-Time,3,52.37,66.94,0.55,144
ORD-14192,2023-09-09,Furniture,,South,On-Time,4,314.95,423.4,0.51,97
ORD-14193,2023-04-10,Furniture,Tables,South,On-Time,5,198.12,243.1,0.4,117
ORD-14194,2023-06-27,Electronics,Computers,North,Delayed - Transit,4,390.04,459.43,0.44,127
ORD-14195,2023-07-07,Furniture,Desks,South,On-Time,4,93.38,100.43,0.47,107
ORD-14196,2023-01-05,Apparel,Footwear,South,On-Time,3,111.97,234.45,0.0,34
ORD-14197,2023-07-20,Apparel,Shirts,South,On-Time,4,96.05,174.5,0.05,39
ORD-14198,2023-06-16,Furniture,Chairs,West,On-Time,4,154.33,176.96,0.36,103
ORD-14199,2023-12-06,Apparel,Shirts,South,Delayed - Transit,1,235.8,291.29,0.6,126
ORD-14200,2023-01-24,Furniture,,South,On-Time,4,339.42,397.99,0.0,78
ORD-14201,2023-08-24,Furniture,Desks,West,On-Time,5,204.08,237.1,0.38,96
ORD-14202,2023-05-11,Furniture,Tables,West,Delayed - Transit,5,42.51,46.23,0.6,110
ORD-14203,2023-08-14,Apparel,Shirts,West,On-Time,2,137.76,255.75,0.0,13
ORD-14204,2023-12-19,Apparel,Shirts,West,On-Time,2,120.6,262.63,0.0,25
ORD-14205,2023-09-09,Apparel,Footwear,West,On-Time,1,298.22,512.04,0.0,52
ORD-14206,2023-01-29,Furniture,Desks,West,On-Time,2,289.63,359.92,0.41,122
ORD-14207,2023-06-21,Apparel,Footwear,North,On-Time,1,142.74,309.6,0.0,22
ORD-14208,2023-01-29,Electronics,Accessories,East,On-Time,3,258.83,561.72,0.0,45
ORD-14209,2023-10-28,Furniture,Chairs,West,On-Time,3,143.86,168.86,0.44,112
ORD-14210,2023-03-12,Electronics,Accessories,East,Delayed - Transit,3,213.12,275.3,0.43,139
ORD-14211,2023-03-13,Furniture,Chairs,East,On-Time,5,221.24,295.26,0.52,115
ORD-14212,2023-09-19,Furniture,Chairs,East,Delayed - Transit,4,214.21,231.86,0.6,144
ORD-14213,2023-07-12,Apparel,Footwear,North,On-Time,3,225.88,522.79,0.0,27
ORD-14214,2023-09-18,Electronics,Computers,North,Delayed - Transit,4,265.67,306.49,0.55,144
ORD-14215,2023-12-24,Electronics,Accessories,West,On-Time,3,258.17,456.14,0.05,45
ORD-14216,2023-03-07,Apparel,Footwear,North,Delayed - Transit,5,369.58,419.08,0.38,112
ORD-14217,2023-02-08,Electronics,Accessories,North,On-Time,1,392.1,679.95,0.05,17
ORD-14218,2023-05-15,Apparel,Pants,West,On-Time,3,387.77,814.25,0.0,40
ORD-14219,2023-04-09,Electronics,Computers,South,Delayed - Transit,3,38.49,45.22,0.52,110
ORD-14220,2023-10-01,Electronics,Computers,South,Delayed - Transit,2,333.21,398.62,0.51,137
ORD-14221,2023-12-24,Apparel,Footwear,East,Delayed - Transit,2,326.08,387.72,0.48,133
ORD-14222,2023-10-25,Electronics,Accessories,North,On-Time,3,373.45,858.75,0.05,27
ORD-14223,2023-07-19,Electronics,Accessories,North,On-Time,2,94.71,213.04,0.0,20
ORD-14224,2023-01-21,Apparel,Pants,West,Delayed - Customs,2,331.84,427.61,0.46,87
ORD-14225,2023-08-29,Furniture,Desks,East,On-Time,1,226.28,242.59,0.52,119
ORD-14226,2023-01-27,Apparel,Shirts,West,On-Time,5,157.02,266.45,0.0,22
ORD-14227,2023-03-10,Electronics,Audio,South,Delayed - Transit,3,330.83,429.69,0.62,123
ORD-14228,2023-06-24,Apparel,Shirts,East,On-Time,1,317.61,585.46,0.05,28
ORD-14229,2023-01-16,Apparel,Pants,North,On-Time,5,385.16,741.98,0.0,33
ORD-14230,2023-02-24,Apparel,Footwear,South,On-Time,1,30.61,53.69,0.0,61
ORD-14231,2023-05-22,Apparel,Footwear,East,On-Time,2,233.56,491.62,0.0,24
ORD-14232,2023-09-08,Electronics,Audio,East,On-Time,5,321.34,648.12,0.0,28
ORD-14233,2023-09-06,Electronics,Computers,West,On-Time,2,227.25,457.69,0.05,32
ORD-14234,2023-03-03,Apparel,Footwear,West,On-Time,3,177.08,421.89,0.0,25
ORD-14235,2023-08-06,Apparel,Footwear,West,Delayed - Transit,2,316.53,343.08,0.45,99
ORD-14236,2023-01-14,Furniture,Chairs,South,Delayed - Customs,5,362.44,482.35,0.38,92
ORD-14237,2023-11-07,Apparel,Shirts,South,Delayed - Transit,5,252.81,292.84,0.05,62
ORD-14238,2023-05-04,Apparel,Shirts,East,On-Time,3,181.1,424.18,0.05,56
ORD-14239,2023-06-10,Apparel,Footwear,West,On-Time,3,135.02,216.85,0.05,30
ORD-14240,2023-12-11,Apparel,,East,On-Time,4,140.73,254.47,0.0,47
ORD-14241,2023-01-04,Electronics,Audio,South,On-Time,1,102.16,189.59,0.05,44
ORD-14242,2023-06-25,Furniture,Chairs,North,Delayed - Transit,3,241.58,271.37,0.05,51
ORD-14243,2023-08-28,Apparel,Shirts,South,On-Time,2,277.39,451.7,0.05,52
ORD-14244,2023-09-06,Furniture,Desks,East,Delayed - Transit,3,65.33,78.85,0.46,137
ORD-14245,2023-03-10,Furniture,Desks,South,On-Time,3,71.72,89.28,0.59,129
ORD-14246,2023-04-09,Apparel,Footwear,North,Delayed - Customs,5,295.08,334.58,0.64,136
ORD-14247,2023-11-02,Apparel,Pants,East,On-Time,3,239.97,547.49,0.0,15
ORD-14248,2023-08-29,Furniture,Desks,West,On-Time,2,215.77,239.12,0.49,135
ORD-14249,2023-11-27,Electronics,Computers,East,Delayed - Transit,1,396.5,463.34,0.52,96
ORD-14250,2023-04-07,Furniture,Tables,West,Delayed - Transit,2,267.43,315.19,0.0,83
ORD-14251,2023-08-13,Apparel,Pants,South,On-Time,3,48.63,89.88,0.05,31
ORD-14252,2023-12-01,Apparel,Footwear,South,On-Time,4,248.27,416.25,0.0,24
ORD-14253,2023-02-14,Apparel,,North,Delayed - Transit,5,347.6,449.56,0.36,133
ORD-14254,2023-12-10,Electronics,Accessories,North,On-Time,1,337.53,654.65,0.0,25
ORD-14255,2023-06-07,Electronics,Audio,West,Delayed - Transit,1,348.6,434.48,0.5,120
ORD-14256,2023-01-05,Electronics,Accessories,South,On-Time,5,192.29,370.12,0.0,37
ORD-14257,2023-08-28,Furniture,Tables,East,Delayed - Transit,2,304.53,336.95,0.54,105
ORD-14258,2023-07-27,Furniture,Tables,East,On-Time,5,55.52,69.34,0.62,136
ORD-14259,2023-08-30,Electronics,Computers,East,On-Time,5,384.17,906.9,0.05,26
ORD-14260,2023-09-01,Furniture,Tables,East,On-Time,5,183.69,237.37,0.35,126
ORD-14261,2023-09-04,Electronics,Audio,East,On-Time,3,262.87,571.76,0.05,44
ORD-14262,2023-01-07,Apparel,Pants,East,Delayed - Customs,4,34.32,43.26,0.5,150
ORD-14263,2023-01-04,Apparel,Shirts,East,Delayed - Customs,5,214.75,249.02,0.6,102
ORD-14264,2023-12-09,Apparel,Pants,South,Delayed - Transit,2,89.23,102.58,0.41,125
ORD-14265,2023-05-15,Apparel,Footwear,South,Delayed - Transit,1,82.25,94.78,0.61,93
ORD-14266,2023-06-03,Electronics,Computers,South,Delayed - Transit,2,298.33,379.21,0.48,122
ORD-14267,2023-11-06,Furniture,Chairs,North,On-Time,1,265.45,311.82,0.53,143
ORD-14268,2023-06-28,Furniture,Chairs,North,Delayed - Customs,1,104.06,126.26,0.43,117
ORD-14269,2023-06-22,Furniture,Tables,South,On-Time,5,157.81,181.17,0.38,137
ORD-14270,2023-05-11,Electronics,Accessories,South,Delayed - Transit,4,42.51,49.2,0.35,131
ORD-14271,2023-06-15,Furniture,Desks,East,On-Time,3,337.67,425.96,0.05,82
ORD-14272,2023-05-16,Electronics,Computers,North,On-Time,1,157.39,368.97,0.0,24
ORD-14273,2023-08-30,Furniture,Chairs,South,On-Time,3,212.97,240.39,0.62,124
ORD-14274,2023-08-25,Furniture,Tables,East,On-Time,3,379.94,399.37,0.63,157
ORD-14275,2023-09-29,Electronics,Accessories,South,Delayed - Customs,3,25.65,27.63,0.64,116
ORD-14276,2023-05-03,Electronics,Accessories,West,On-Time,1,302.51,633.22,0.0,35
ORD-14277,2023-04-29,Apparel,Pants,West,On-Time,4,123.7,220.11,0.05,31
ORD-14278,2023-12-09,Electronics,Computers,West,On-Time,4,133.5,245.88,0.0,30
ORD-14279,2023-12-26,Electronics,Accessories,East,On-Time,1,145.18,262.63,0.05,47
ORD-14280,2023-04-19,Electronics,Computers,North,On-Time,5,398.82,727.63,0.05,22
ORD-14281,2023-12-28,Apparel,Pants,North,Delayed - Customs,5,125.66,145.05,0.36,111
ORD-14282,2023-06-13,Furniture,Tables,North,On-Time,5,337.5,397.12,0.41,109
ORD-14283,2023-12-27,Furniture,Chairs,South,On-Time,4,389.34,481.94,0.37,145
ORD-14284,2023-12-01,Apparel,Shirts,North,On-Time,5,122.64,196.23,0.0,38
ORD-14285,2023-04-26,Electronics,Computers,North,On-Time,2,245.93,462.27,0.05,14
ORD-14286,2023-08-02,Furniture,Desks,North,On-Time,1,309.48,332.77,0.63,122
ORD-14287,2023-12-30,Electronics,Accessories,North,On-Time,2,268.73,485.88,0.0,27
ORD-14288,2023-03-30,Electronics,Audio,West,On-Time,1,375.31,617.35,0.05,35
ORD-14289,2023-07-28,Electronics,Audio,West,On-Time,3,171.8,408.3,0.05,34
ORD-14290,2023-07-25,Furniture,Tables,South,Delayed - Customs,2,188.96,233.9,0.54,139
ORD-14291,2023-10-02,Apparel,Shirts,West,On-Time,3,236.88,471.85,0.0,28
ORD-14292,2023-05-14,Electronics,Accessories,South,On-Time,5,348.78,757.97,0.05,47
ORD-14293,2023-11-17,Electronics,Computers,West,On-Time,5,76.21,148.32,0.05,23
ORD-14294,2023-08-03,Furniture,Tables,East,On-Time,1,169.42,214.57,0.55,97
ORD-14295,2023-01-19,Furniture,Tables,West,On-Time,2,395.92,438.54,0.49,107
ORD-14296,2023-11-01,Furniture,Chairs,South,On-Time,2,368.87,491.14,0.44,147
ORD-14297,2023-06-30,Electronics,Accessories,North,On-Time,4,217.14,479.85,0.0,30
ORD-14298,2023-06-18,Apparel,Pants,West,On-Time,2,336.07,597.96,0.0,23
ORD-14299,2023-10-20,Electronics,Audio,North,Delayed - Transit,5,248.01,327.76,0.47,92
ORD-14300,2023-07-04,Furniture,Desks,East,Delayed - Customs,1,397.07,495.94,0.59,97
ORD-14301,2023-12-12,Furniture,Desks,South,On-Time,4,187.46,216.52,0.45,139
ORD-14302,2023-09-24,Electronics,Computers,North,On-Time,3,57.81,97.29,0.0,25
ORD-14303,2023-08-27,Apparel,Shirts,North,On-Time,3,154.31,331.99,0.05,14
ORD-14304,2023-02-21,Electronics,Accessories,West,Delayed - Transit,5,288.25,348.18,0.42,119
ORD-14305,2023-10-21,Electronics,Audio,South,On-Time,5,231.94,539.1,0.05,34
ORD-14306,2023-02-11,Electronics,Audio,West,On-Time,4,223.78,495.43,0.05,40
ORD-14307,2023-08-18,Apparel,Shirts,South,On-Time,4,303.56,523.32,0.0,41
ORD-14308,2023-03-10,Furniture,Desks,South,On-Time,3,346.63,465.14,0.64,104
ORD-14309,2023-03-26,Apparel,Footwear,West,On-Time,4,253.29,483.41,0.05,47
ORD-14310,2023-06-18,Furniture,Chairs,East,On-Time,2,353.19,408.56,0.41,135
ORD-14311,2023-09-24,Apparel,Footwear,East,On-Time,2,44.18,98.0,0.05,17
ORD-14312,2023-07-13,Apparel,Footwear,East,On-Time,1,251.73,550.4,0.05,36
ORD-14313,2023-03-29,Apparel,Pants,North,Delayed - Transit,1,52.16,60.15,0.43,120
ORD-14314,2023-01-01,Furniture,Chairs,North,On-Time,1,248.1,319.29,0.44,117
ORD-14315,2023-12-13,Apparel,Pants,West,On-Time,3,223.88,532.34,0.0,26
ORD-14316,2023-05-21,Electronics,Audio,South,On-Time,3,198.97,350.22,0.05,28
ORD-14317,2023-08-18,Electronics,Computers,North,On-Time,5,97.45,191.39,0.05,29
ORD-14318,2023-02-09,Furniture,Tables,East,On-Time,2,393.93,425.89,0.43,106
ORD-14319,2023-08-09,Furniture,Desks,South,On-Time,4,175.59,187.1,0.43,129
ORD-14320,2023-01-13,Apparel,Footwear,North,On-Time,4,24.22,50.28,0.0,46
ORD-14321,2023-01-28,Apparel,Pants,South,On-Time,1,176.88,394.71,0.0,18
ORD-14322,2023-12-05,Electronics,Accessories,East,On-Time,1,328.15,684.73,0.0,53
ORD-14323,2023-10-23,Apparel,Pants,West,On-Time,4,249.83,537.54,0.05,28
ORD-14324,2023-08-15,Electronics,Audio,South,Delayed - Transit,5,113.4,129.78,0.36,87
ORD-14325,2023-09-23,Electronics,Computers,East,On-Time,5,177.62,291.6,0.0,28
ORD-14326,2023-06-02,Furniture,Chairs,South,Delayed - Transit,1,125.85,156.13,0.0,84
ORD-14327,2023-09-09,Apparel,Shirts,South,On-Time,1,314.88,654.04,0.0,21
ORD-14328,2023-04-20,Electronics,Accessories,East,On-Time,4,212.31,455.99,0.05,28
ORD-14329,2023-12-03,Furniture,Desks,East,On-Time,2,359.2,431.73,0.53,92
ORD-14330,2023-02-28,Electronics,Audio,West,Delayed - Transit,1,183.32,208.58,0.37,104
ORD-14331,2023-01-08,Electronics,Accessories,West,Delayed - Transit,3,86.41,91.19,0.59,101
ORD-14332,2023-10-30,Furniture,Chairs,North,On-Time,4,163.9,207.85,0.0,71
ORD-14333,2023-03-25,Furniture,Tables,South,On-Time,1,279.1,346.43,0.57,97
ORD-14334,2023-08-30,Furniture,Tables,West,On-Time,4,282.9,371.9,0.05,83
ORD-14335,2023-03-22,Electronics,Computers,South,Delayed - Customs,4,319.77,371.53,0.37,105
ORD-14336,2023-05-31,Furniture,Tables,South,Delayed - Customs,1,354.82,375.07,0.51,146
ORD-14337,2023-05-09,Electronics,Accessories,East,On-Time,2,258.86,584.05,0.0,44
ORD-14338,2023-07-30,Furniture,Desks,East,On-Time,2,396.9,526.0,0.43,149
ORD-14339,2023-12-20,Furniture,Tables,West,Delayed - Transit,1,221.86,241.43,0.54,129
ORD-14340,2023-12-31,Furniture,Chairs,North,On-Time,3,252.82,311.65,0.56,118
ORD-14341,2023-12-23,Furniture,Chairs,East,Delayed - Customs,1,198.8,248.92,0.5,105
ORD-14342,2023-05-22,Furniture,Chairs,North,On-Time,1,353.65,449.3,0.47,131
ORD-14343,2023-07-26,Furniture,Chairs,West,On-Time,3,20.74,26.06,0.61,140
ORD-14344,2023-12-10,Electronics,Computers,South,Delayed - Transit,4,27.23,34.55,0.36,101
ORD-14345,2023-07-13,Electronics,Computers,West,On-Time,1,128.16,219.44,0.0,40
ORD-14346,2023-08-12,Apparel,Shirts,North,On-Time,3,393.06,892.16,0.0,8
ORD-14347,2023-10-01,Apparel,Footwear,North,On-Time,2,361.34,651.68,0.0,23
ORD-14348,2023-05-11,Electronics,Computers,South,On-Time,2,210.58,503.31,0.05,22
ORD-14349,2023-02-17,Electronics,Accessories,North,On-Time,5,355.75,740.79,0.0,47
ORD-14350,2023-01-15,Electronics,Audio,West,On-Time,4,176.28,305.7,0.05,41
ORD-14351,2023-07-18,Electronics,Accessories,South,On-Time,4,321.36,640.89,0.05,42
ORD-14352,2023-06-22,Electronics,Accessories,East,Delayed - Transit,4,36.45,48.55,0.0,82
ORD-14353,2023-04-27,Apparel,Footwear,North,Delayed - Transit,3,369.01,498.13,0.0,69
ORD-14354,2023-02-05,Electronics,,East,On-Time,1,311.69,656.05,0.0,28
ORD-14355,2023-08-06,Electronics,,South,On-Time,3,160.91,298.35,0.0,37
ORD-14356,2023-05-15,Apparel,Pants,North,On-Time,3,71.29,128.07,0.05,30
ORD-14357,2023-04-15,Furniture,Desks,North,Delayed - Transit,2,242.32,281.97,0.63,126
ORD-14358,2023-10-03,Furniture,Tables,West,On-Time,2,356.18,454.72,0.38,117
ORD-14359,2023-06-29,Electronics,Accessories,North,On-Time,5,166.04,280.84,0.05,22
ORD-14360,2023-07-17,Apparel,Footwear,North,Delayed - Transit,4,373.29,487.99,0.45,139
ORD-14361,2023-02-21,Furniture,Desks,East,On-Time,1,398.15,472.69,0.55,117
ORD-14362,2023-10-17,Furniture,Chairs,South,Delayed - Customs,5,127.75,155.28,0.4,151
ORD-14363,2023-09-08,Furniture,Desks,North,Delayed - Transit,1,139.68,151.68,0.41,156
ORD-14364,2023-10-19,Furniture,Tables,South,On-Time,5,387.26,495.42,0.53,150
ORD-14365,2023-03-24,Furniture,Tables,West,On-Time,5,132.61,160.91,0.47,139
ORD-14366,2023-02-14,Apparel,Footwear,North,Delayed - Transit,5,123.07,143.84,0.55,104
ORD-14367,2023-11-09,Electronics,Computers,East,Delayed - Transit,4,284.19,317.16,0.52,118
ORD-14368,2023-10-24,Furniture,Chairs,South,On-Time,3,235.41,267.41,0.0,84
ORD-14369,2023-09-07,Furniture,Chairs,East,Delayed - Transit,2,246.34,266.28,0.61,145
ORD-14370,2023-01-16,Apparel,Footwear,West,On-Time,4,143.0,321.71,0.05,14
ORD-14371,2023-01-21,Electronics,Audio,East,On-Time,4,121.64,280.68,0.05,41
ORD-14372,2023-11-29,Furniture,Desks,South,Delayed - Customs,5,119.95,160.9,0.35,99
ORD-14373,2023-05-21,Apparel,Shirts,North,On-Time,1,370.04,696.2,0.05,23
ORD-14374,2023-04-22,Electronics,Computers,South,On-Time,3,101.83,165.43,0.05,40
ORD-14375,2023-06-14,Furniture,Desks,South,On-Time,1,142.03,168.4,0.52,123
ORD-14376,2023-08-16,Furniture,Tables,East,Delayed - Transit,1,374.39,446.76,0.54,90
ORD-14377,2023-09-03,Furniture,Desks,North,On-Time,5,128.8,151.77,0.55,106
ORD-14378,2023-09-15,Furniture,Chairs,South,On-Time,4,315.94,383.2,0.62,104
ORD-14379,2023-02-17,Furniture,Tables,South,On-Time,2,378.93,442.73,0.45,133
ORD-14380,2023-10-05,Apparel,Shirts,West,On-Time,5,51.65,87.72,0.05,23
ORD-14381,2023-01-20,Furniture,Chairs,West,On-Time,1,75.79,98.02,0.5,113
ORD-14382,2023-07-14,Electronics,Accessories,South,Delayed - Customs,1,85.72,108.06,0.63,114
ORD-14383,2023-07-01,Apparel,Pants,East,On-Time,2,351.83,600.61,0.0,38
ORD-14384,2023-02-04,Furniture,Tables,South,On-Time,3,216.79,232.51,0.65,101
ORD-14385,2023-01-22,Apparel,Footwear,North,On-Time,5,112.88,263.11,0.05,35
ORD-14386,2023-05-05,Apparel,Shirts,West,On-Time,2,138.29,268.23,0.0,42
ORD-14387,2023-05-10,Electronics,Accessories,South,On-Time,5,85.8,163.57,0.0,31
ORD-14388,2023-06-04,Apparel,Footwear,North,On-Time,5,183.12,372.32,0.0,24
ORD-14389,2023-12-01,Furniture,Chairs,North,On-Time,2,109.77,129.17,0.57,95
ORD-14390,2023-04-16,Electronics,Audio,North,On-Time,3,383.02,616.26,0.05,14
ORD-14391,2023-05-22,Electronics,Computers,East,On-Time,1,199.4,366.38,0.05,32
ORD-14392,2023-06-18,Apparel,Footwear,East,Delayed - Transit,4,281.29,316.94,0.51,148
ORD-14393,2023-01-25,Apparel,Pants,North,On-Time,2,314.05,607.19,0.0,24
ORD-14394,2023-12-08,Furniture,Desks,North,On-Time,3,200.54,239.08,0.63,107
ORD-14395,2023-03-15,Electronics,Computers,South,Delayed - Customs,2,354.65,451.96,0.44,153
ORD-14396,2023-07-22,Electronics,Computers,South,On-Time,2,256.99,517.94,0.0,41
ORD-14397,2023-05-28,Furniture,Chairs,North,On-Time,2,61.92,66.48,0.58,155
ORD-14398,2023-08-13,Furniture,Chairs,South,On-Time,1,260.81,311.65,0.48,137
ORD-14399,2023-07-25,Electronics,Audio,North,On-Time,3,230.08,467.47,0.05,30
ORD-14400,2023-05-25,Apparel,Footwear,East,On-Time,4,92.86,197.67,0.0,11
ORD-14401,2023-03-20,Apparel,Pants,East,On-Time,3,369.98,837.08,0.05,34
ORD-14402,2023-01-20,Furniture,Tables,West,On-Time,4,40.85,52.44,0.4,145
ORD-14403,2023-02-24,Apparel,Shirts,East,On-Time,3,34.44,60.24,0.0,21
ORD-14404,2023-06-30,Electronics,Audio,South,On-Time,2,49.89,88.67,0.05,28
ORD-14405,2023-06-04,Furniture,Tables,East,On-Time,4,174.27,234.02,0.42,150
ORD-14406,2023-10-31,Electronics,Audio,East,On-Time,5,236.79,514.95,0.05,24
ORD-14407,2023-06-18,Electronics,Accessories,South,On-Time,3,310.33,594.89,0.05,39
ORD-14408,2023-06-05,Furniture,Chairs,East,On-Time,5,370.53,444.69,0.6,144
ORD-14409,2023-07-17,Apparel,Footwear,North,On-Time,3,222.86,440.79,0.05,14
ORD-14410,2023-03-04,Electronics,Accessories,East,On-Time,5,44.65,98.84,0.0,20
ORD-14411,2023-01-12,Apparel,Footwear,South,Delayed - Transit,2,237.98,271.65,0.6,154
ORD-14412,2023-04-26,Furniture,,North,On-Time,1,390.0,423.59,0.53,95
ORD-14413,2023-05-06,Electronics,Audio,West,Delayed - Customs,1,135.11,152.03,0.41,105
ORD-14414,2023-02-02,Furniture,Tables,North,On-Time,4,221.01,245.49,0.0,74
ORD-14415,2023-04-13,Electronics,Computers,West,On-Time,1,117.6,240.39,0.05,55
ORD-14416,2023-11-18,Apparel,Pants,East,On-Time,4,147.68,263.59,0.0,31
ORD-14417,2023-01-27,Apparel,Shirts,West,On-Time,1,181.35,415.93,0.05,25
ORD-14418,2023-11-18,Apparel,Shirts,South,On-Time,4,350.17,567.34,0.0,43
ORD-14419,2023-09-12,Electronics,Audio,East,On-Time,2,329.69,583.82,0.0,33
ORD-14420,2023-05-13,Electronics,Accessories,North,On-Time,1,327.83,568.14,0.0,34
ORD-14421,2023-03-19,Electronics,Accessories,East,Delayed - Transit,1,70.67,79.72,0.5,101
ORD-14422,2023-08-22,Furniture,Desks,South,On-Time,3,122.78,135.82,0.5,130
ORD-14423,2023-10-04,Apparel,Footwear,South,On-Time,4,76.06,133.1,0.05,28
ORD-14424,2023-06-02,Apparel,Pants,East,On-Time,2,310.93,704.3,0.0,21
ORD-14425,2023-03-29,Apparel,Shirts,South,On-Time,3,17.93,33.26,0.0,41
ORD-14426,2023-10-21,Furniture,Desks,South,On-Time,1,340.26,427.52,0.0,73
ORD-14427,2023-10-13,Electronics,Computers,West,On-Time,1,252.96,556.98,0.0,45
ORD-14428,2023-06-10,Electronics,Accessories,North,On-Time,1,251.72,543.09,0.0,45
ORD-14429,2023-08-02,Electronics,Accessories,North,On-Time,5,29.54,49.06,0.05,52
ORD-14430,2023-07-27,Furniture,Chairs,North,On-Time,3,390.77,505.31,0.45,110
ORD-14431,2023-02-03,Electronics,Accessories,South,On-Time,4,261.42,481.67,0.0,45
ORD-14432,2023-06-20,Apparel,Footwear,North,Delayed - Customs,3,315.33,350.64,0.51,102
ORD-14433,2023-08-09,Apparel,Pants,North,Delayed - Customs,5,124.49,164.42,0.43,92
ORD-14434,2023-06-02,Apparel,Shirts,West,On-Time,4,182.67,413.55,0.0,46
ORD-14435,2023-10-15,Apparel,Footwear,East,On-Time,2,191.08,448.87,0.05,15
ORD-14436,2023-06-06,Electronics,Computers,North,On-Time,5,361.23,657.94,0.05,25
ORD-14437,2023-08-23,Apparel,Shirts,North,On-Time,2,58.3,115.01,0.0,9
ORD-14438,2023-03-15,Electronics,Accessories,North,On-Time,4,363.54,824.33,0.05,14
ORD-14439,2023-05-29,Apparel,Footwear,East,Delayed - Transit,1,105.98,116.48,0.42,141
ORD-14440,2023-01-23,Apparel,Footwear,North,On-Time,2,176.52,292.2,0.05,33
ORD-14441,2023-10-05,Electronics,Computers,West,On-Time,1,286.23,584.68,0.0,19
ORD-14442,2023-09-25,Apparel,Shirts,South,On-Time,5,338.68,606.86,0.05,19
ORD-14443,2023-02-14,Furniture,Chairs,East,On-Time,1,316.87,391.16,0.05,68
ORD-14444,2023-12-06,Furniture,Tables,East,On-Time,2,184.58,204.87,0.61,117
ORD-14445,2023-08-27,Electronics,Computers,South,On-Time,5,57.11,113.24,0.05,43
ORD-14446,2023-11-25,Electronics,Computers,North,Delayed - Transit,2,196.69,256.93,0.47,145
ORD-14447,2023-01-01,Furniture,Chairs,South,On-Time,2,393.32,483.48,0.61,99
ORD-14448,2023-03-19,Furniture,Desks,West,Delayed - Transit,5,342.86,421.56,0.54,170
ORD-14449,2023-03-22,Electronics,Computers,South,On-Time,4,126.24,228.7,0.0,46
ORD-14450,2023-04-14,Apparel,,South,Delayed - Transit,4,74.44,98.3,0.61,113
ORD-14451,2023-09-01,Apparel,Shirts,South,On-Time,5,340.34,777.8,0.05,31
ORD-14452,2023-03-28,Furniture,Chairs,North,On-Time,1,231.8,271.27,0.6,127
ORD-14453,2023-07-19,Furniture,Desks,North,On-Time,1,43.4,54.22,0.63,136
ORD-14454,2023-05-20,Furniture,Desks,West,On-Time,5,224.63,276.35,0.59,101
ORD-14455,2023-08-23,Apparel,Footwear,West,Delayed - Transit,1,91.4,106.07,0.56,90
ORD-14456,2023-05-04,Electronics,Computers,North,On-Time,1,281.2,523.88,0.05,24
ORD-14457,2023-10-21,Furniture,Desks,South,On-Time,1,34.2,37.17,0.53,88
ORD-14458,2023-06-29,Apparel,Footwear,North,On-Time,2,335.75,716.69,0.05,33
ORD-14459,2023-01-05,Electronics,Audio,East,On-Time,2,119.41,243.6,0.05,60
ORD-14460,2023-11-07,Electronics,Audio,East,On-Time,1,80.67,133.0,0.05,48
ORD-14461,2023-01-24,Electronics,Accessories,West,On-Time,4,233.86,388.87,0.0,20
ORD-14462,2023-11-02,Electronics,Audio,South,On-Time,2,315.15,541.83,0.0,38
ORD-14463,2023-06-06,Apparel,Pants,North,On-Time,3,332.12,610.86,0.0,32
ORD-14464,2023-10-12,Electronics,Computers,South,On-Time,1,230.6,537.75,0.0,31
ORD-14465,2023-05-25,Apparel,Footwear,West,On-Time,4,63.8,149.65,0.05,41
ORD-14466,2023-03-30,Apparel,Shirts,North,On-Time,5,395.45,699.74,0.0,8
ORD-14467,2023-09-21,Electronics,Accessories,South,On-Time,4,248.62,468.86,0.0,26
ORD-14468,2023-08-05,Furniture,Chairs,South,On-Time,5,87.84,110.39,0.63,121
ORD-14469,2023-10-16,Apparel,Footwear,East,On-Time,3,50.95,107.65,0.0,21
ORD-14470,2023-06-26,Electronics,Audio,North,Delayed - Transit,4,263.96,341.05,0.63,116
ORD-14471,2023-06-08,Furniture,Chairs,East,On-Time,4,395.24,421.96,0.49,98
ORD-14472,2023-06-26,Furniture,Desks,North,On-Time,1,274.4,291.9,0.6,126
ORD-14473,2023-01-22,Apparel,Shirts,East,On-Time,4,317.52,649.34,0.05,27
ORD-14474,2023-07-15,Electronics,Accessories,South,On-Time,4,230.21,446.28,0.05,37
ORD-14475,2023-11-03,Electronics,Computers,South,On-Time,1,240.8,549.45,0.0,51
ORD-14476,2023-05-14,Electronics,Audio,South,On-Time,5,30.24,53.27,0.05,1
ORD-14477,2023-09-18,Electronics,Computers,East,On-Time,4,119.73,192.87,0.05,35
ORD-14478,2023-04-20,Electronics,Accessories,West,On-Time,1,32.06,57.05,0.0,36
ORD-14479,2023-02-16,Furniture,Tables,West,On-Time,5,219.04,289.75,0.36,164
ORD-14480,2023-03-31,Furniture,Tables,East,On-Time,4,193.33,253.2,0.61,104
ORD-14481,2023-07-03,Furniture,Tables,East,Delayed - Customs,4,93.31,123.32,0.45,102
ORD-14482,2023-05-07,Apparel,Shirts,North,On-Time,4,55.93,126.25,0.0,31
ORD-14483,2023-04-18,Apparel,Footwear,South,On-Time,3,228.13,392.19,0.0,13
ORD-14484,2023-01-01,Electronics,Accessories,East,On-Time,1,55.62,131.57,0.05,39
ORD-14485,2023-05-10,Furniture,Desks,North,On-Time,3,167.49,190.06,0.05,74
ORD-14486,2023-11-11,Electronics,Computers,West,On-Time,3,276.58,454.73,0.0,21
ORD-14487,2023-05-09,Furniture,Chairs,North,Delayed - Transit,4,96.88,103.75,0.39,108
ORD-14488,2023-08-16,Electronics,Accessories,North,On-Time,3,341.07,803.27,0.05,13
ORD-14489,2023-05-16,Electronics,Computers,South,Delayed - Transit,1,172.04,206.0,0.47,99
ORD-14490,2023-05-10,Furniture,Desks,West,Delayed - Transit,2,235.71,284.21,0.62,134
ORD-14491,2023-12-16,Apparel,Footwear,North,Delayed - Transit,2,386.95,421.7,0.05,68
ORD-14492,2023-05-19,Furniture,Desks,East,On-Time,2,150.76,179.64,0.57,97
ORD-14493,2023-07-27,Furniture,Tables,South,On-Time,1,296.84,371.91,0.48,126
ORD-14494,2023-03-16,Apparel,Footwear,East,On-Time,4,134.14,275.15,0.05,21
ORD-14495,2023-09-27,Apparel,Shirts,North,Delayed - Customs,5,335.47,399.17,0.58,97
ORD-14496,2023-09-01,Electronics,Computers,North,On-Time,3,223.89,499.84,0.05,20
ORD-14497,2023-11-08,Furniture,Chairs,South,On-Time,4,96.37,103.66,0.63,101
ORD-14498,2023-08-03,Furniture,Chairs,West,Delayed - Transit,3,361.62,384.65,0.52,132
ORD-14499,2023-12-17,Furniture,Tables,East,Delayed - Transit,2,45.88,54.47,0.42,113
ORD-14500,2023-02-05,Electronics,Audio,South,On-Time,3,144.8,322.23,0.0,4
ORD-14501,2023-02-04,Apparel,Footwear,East,On-Time,5,382.05,766.26,0.0,36
ORD-14502,2023-10-12,Apparel,Pants,North,On-Time,4,304.91,695.27,0.0,55
ORD-14503,2023-12-27,Apparel,,South,On-Time,2,208.47,341.56,0.0,33
ORD-14504,2023-03-26,Electronics,Computers,North,On-Time,1,322.67,738.97,0.0,21
ORD-14505,2023-03-07,Furniture,Chairs,West,On-Time,1,317.44,339.7,0.39,134
ORD-14506,2023-05-27,Furniture,Desks,South,On-Time,1,356.09,479.67,0.38,101
ORD-14507,2023-09-10,Furniture,Desks,West,Delayed - Transit,5,132.84,149.25,0.39,129
ORD-14508,2023-06-09,Electronics,Accessories,West,On-Time,2,269.44,472.44,0.0,34
ORD-14509,2023-12-06,Furniture,Chairs,West,On-Time,4,46.56,62.19,0.47,124
ORD-14510,2023-05-16,Electronics,Computers,West,On-Time,5,27.25,44.6,0.0,43
ORD-14511,2023-03-07,Apparel,Shirts,South,Delayed - Transit,3,241.39,278.97,0.54,170
ORD-14512,2023-01-18,Furniture,Chairs,West,On-Time,2,241.46,283.75,0.65,129
ORD-14513,2023-03-29,Furniture,Desks,West,On-Time,2,210.55,224.41,0.0,69
ORD-14514,2023-06-19,Electronics,Audio,East,On-Time,2,279.32,599.49,0.0,21
ORD-14515,2023-10-11,Electronics,Audio,North,On-Time,1,204.57,467.81,0.05,21
ORD-14516,2023-12-19,Furniture,Desks,East,On-Time,3,356.66,467.04,0.37,96
ORD-14517,2023-03-21,Electronics,Computers,West,On-Time,3,266.32,481.23,0.0,29
ORD-14518,2023-06-06,Apparel,Footwear,South,On-Time,3,155.92,344.89,0.0,41
ORD-14519,2023-12-15,Furniture,Chairs,North,On-Time,3,79.39,89.18,0.46,112
ORD-14520,2023-02-20,Apparel,Shirts,South,On-Time,3,386.76,633.01,0.05,3
ORD-14521,2023-05-15,Furniture,Desks,North,Delayed - Customs,5,115.67,122.99,0.55,103
ORD-14522,2023-12-19,Electronics,Accessories,South,On-Time,4,322.26,554.25,0.05,36
ORD-14523,2023-10-30,Furniture,Chairs,South,On-Time,1,300.02,377.41,0.55,144
ORD-14524,2023-08-01,Furniture,Tables,West,On-Time,5,36.95,46.59,0.45,144
ORD-14525,2023-02-18,Electronics,Audio,East,On-Time,1,39.29,78.67,0.05,34
ORD-14526,2023-03-12,Electronics,Accessories,North,Delayed - Transit,4,191.85,222.13,0.45,100
ORD-14527,2023-11-16,Apparel,Shirts,East,On-Time,1,135.96,252.07,0.0,33
ORD-14528,2023-10-07,Electronics,Computers,North,On-Time,2,375.48,810.44,0.05,23
ORD-14529,2023-10-14,Apparel,Footwear,South,On-Time,5,335.08,614.31,0.05,44
ORD-14530,2023-07-06,Electronics,Audio,South,On-Time,3,319.03,658.24,0.0,28
ORD-14531,2023-12-24,Electronics,Audio,East,On-Time,1,355.61,667.08,0.0,2
ORD-14532,2023-11-04,Furniture,Tables,South,On-Time,2,307.49,387.43,0.61,96
ORD-14533,2023-10-11,Apparel,Footwear,North,On-Time,4,150.72,310.28,0.0,32
ORD-14534,2023-06-22,Furniture,Tables,North,On-Time,2,179.58,225.05,0.46,111
ORD-14535,2023-12-17,Furniture,Desks,East,On-Time,5,75.89,101.5,0.61,133
ORD-14536,2023-07-11,Furniture,Chairs,West,Delayed - Customs,1,248.76,279.52,0.47,103
ORD-14537,2023-08-17,Electronics,Audio,East,Delayed - Customs,4,305.82,373.55,0.05,85
ORD-14538,2023-11-21,Furniture,Chairs,West,On-Time,4,135.61,179.81,0.62,94
ORD-14539,2023-05-13,Apparel,Pants,East,On-Time,2,314.01,649.12,0.05,39
ORD-14540,2023-12-16,Apparel,Pants,East,On-Time,2,75.28,128.92,0.05,14
ORD-14541,2023-06-27,Furniture,,East,Delayed - Customs,4,248.11,302.84,0.05,83
ORD-14542,2023-10-03,Furniture,Tables,North,On-Time,1,233.28,304.53,0.51,129
ORD-14543,2023-04-03,Furniture,Desks,East,On-Time,1,44.49,58.44,0.0,59
ORD-14544,2023-12-20,Apparel,Footwear,South,On-Time,2,163.4,389.22,0.0,42
ORD-14545,2023-07-13,Apparel,Pants,North,On-Time,3,55.5,112.82,0.0,40
ORD-14546,2023-12-21,Electronics,Computers,North,On-Time,3,119.5,245.75,0.0,43
ORD-14547,2023-07-16,Furniture,Desks,South,On-Time,2,119.06,143.15,0.6,119
ORD-14548,2023-06-21,Apparel,Shirts,East,On-Time,5,101.44,208.0,0.0,36
ORD-14549,2023-02-02,Furniture,Desks,South,Delayed - Transit,3,300.8,367.04,0.54,88
ORD-14550,2023-02-27,Apparel,Shirts,North,Delayed - Transit,1,168.22,177.38,0.52,131
ORD-14551,2023-08-22,Electronics,Audio,West,Delayed - Customs,5,232.98,277.29,0.59,88
ORD-14552,2023-05-30,Apparel,Shirts,East,On-Time,2,281.67,518.97,0.05,20
ORD-14553,2023-10-05,Apparel,Pants,West,On-Time,2,298.55,692.12,0.05,21
ORD-14554,2023-05-14,Electronics,Audio,West,On-Time,3,300.83,670.81,0.05,31
ORD-14555,2023-10-23,Furniture,Chairs,West,On-Time,2,76.68,90.07,0.41,107
ORD-14556,2023-05-07,Apparel,Shirts,South,On-Time,5,109.48,217.82,0.05,44
ORD-14557,2023-02-03,Electronics,Audio,West,On-Time,5,89.96,190.98,0.05,27
ORD-14558,2023-11-24,Furniture,Desks,South,On-Time,2,371.62,435.22,0.46,151
ORD-14559,2023-06-28,Furniture,Tables,South,On-Time,2,368.96,410.56,0.51,115
ORD-14560,2023-10-15,Furniture,,South,Delayed - Transit,5,139.23,181.52,0.44,122
ORD-14561,2023-09-14,Apparel,Shirts,West,Delayed - Transit,3,215.03,249.95,0.51,129
ORD-14562,2023-01-09,Furniture,Tables,West,On-Time,5,346.0,415.62,0.47,142
ORD-14563,2023-01-02,Furniture,Chairs,West,On-Time,5,258.71,326.21,0.58,93
ORD-14564,2023-06-28,Apparel,Footwear,South,On-Time,4,192.57,391.88,0.05,18
ORD-14565,2023-02-16,Apparel,Shirts,East,On-Time,2,250.78,404.53,0.0,27
ORD-14566,2023-03-28,Electronics,Computers,West,On-Time,5,313.91,752.39,0.05,26
ORD-14567,2023-03-18,Electronics,Computers,South,On-Time,5,53.07,96.17,0.0,36
ORD-14568,2023-04-03,Electronics,Audio,South,Delayed - Transit,1,73.94,94.01,0.46,120
ORD-14569,2023-06-12,Apparel,Pants,South,On-Time,4,27.87,45.12,0.0,24
ORD-14570,2023-06-28,Apparel,Footwear,East,Delayed - Customs,1,245.81,286.29,0.41,96
ORD-14571,2023-07-06,Furniture,Desks,West,On-Time,1,273.2,330.76,0.61,116
ORD-14572,2023-07-27,Electronics,Computers,East,On-Time,3,349.11,727.58,0.0,42
ORD-14573,2023-05-24,Apparel,Footwear,North,On-Time,2,24.02,43.84,0.05,35
ORD-14574,2023-03-31,Furniture,Desks,North,On-Time,4,398.67,502.74,0.51,101
ORD-14575,2023-11-20,Apparel,Pants,South,On-Time,5,15.88,26.45,0.05,50
ORD-14576,2023-05-21,Furniture,Tables,North,On-Time,3,118.12,133.16,0.45,102
ORD-14577,2023-06-27,Apparel,Footwear,East,Delayed - Transit,2,174.81,220.4,0.43,105
ORD-14578,2023-11-01,Electronics,Computers,West,On-Time,5,163.2,345.14,0.05,38
ORD-14579,2023-03-30,Electronics,Audio,South,On-Time,5,167.03,275.81,0.05,17
ORD-14580,2023-01-28,Electronics,Computers,North,On-Time,4,38.91,64.43,0.05,10
ORD-14581,2023-06-09,Apparel,Shirts,North,On-Time,1,323.45,546.85,0.05,41
ORD-14582,2023-12-01,Apparel,Pants,West,On-Time,2,174.46,351.91,0.05,13
ORD-14583,2023-01-20,Apparel,Shirts,South,On-Time,5,188.26,352.18,0.0,32
ORD-14584,2023-07-19,Furniture,Desks,East,On-Time,1,64.98,87.22,0.41,139
ORD-14585,2023-11-05,Furniture,Desks,East,On-Time,3,238.48,262.97,0.6,110
ORD-14586,2023-10-25,Furniture,Tables,East,On-Time,1,143.19,164.21,0.37,106
ORD-14587,2023-06-27,Furniture,Chairs,North,On-Time,3,310.16,336.91,0.42,125
ORD-14588,2023-06-11,Electronics,Computers,South,On-Time,3,79.81,189.92,0.0,31
ORD-14589,2023-10-01,Electronics,Accessories,West,On-Time,4,23.92,48.85,0.0,28
ORD-14590,2023-08-04,Electronics,Computers,West,On-Time,5,95.0,159.27,0.05,21
ORD-14591,2023-06-03,Apparel,Pants,North,On-Time,3,69.27,159.64,0.0,31
ORD-14592,2023-06-28,Apparel,Footwear,West,Delayed - Customs,3,359.54,449.02,0.42,151
ORD-14593,2023-04-30,Furniture,,North,On-Time,1,201.88,245.62,0.4,105
ORD-14594,2023-05-04,Electronics,Accessories,East,On-Time,2,112.65,254.74,0.05,32
ORD-14595,2023-06-24,Electronics,Audio,South,Delayed - Customs,1,209.6,222.67,0.43,89
ORD-14596,2023-07-23,Furniture,Desks,East,On-Time,5,135.41,146.06,0.61,111
ORD-14597,2023-08-07,Electronics,Accessories,West,Delayed - Transit,3,191.88,206.24,0.43,105
ORD-14598,2023-06-08,Electronics,Computers,South,Delayed - Customs,1,159.31,191.29,0.4,104
ORD-14599,2023-08-27,Electronics,Audio,North,Delayed - Transit,2,137.29,162.23,0.64,114
ORD-14600,2023-04-30,Apparel,Pants,East,On-Time,2,63.38,101.46,0.05,38
ORD-14601,2023-06-14,Electronics,Audio,East,On-Time,4,168.52,339.17,0.05,29
ORD-14602,2023-08-13,Furniture,Tables,North,On-Time,3,212.02,256.33,0.36,92
ORD-14603,2023-12-18,Furniture,Tables,East,Delayed - Transit,2,146.41,174.94,0.0,85
ORD-14604,2023-04-29,Apparel,Pants,North,On-Time,1,92.31,166.99,0.05,43
ORD-14605,2023-10-26,Electronics,Accessories,West,On-Time,4,220.63,386.7,0.05,54
ORD-14606,2023-01-31,Electronics,Computers,East,On-Time,5,214.48,485.01,0.0,27
ORD-14607,2023-07-20,Apparel,Footwear,West,On-Time,5,386.98,698.37,0.0,30
ORD-14608,2023-05-18,Furniture,Chairs,West,On-Time,3,296.44,340.39,0.41,107
ORD-14609,2023-08-11,Furniture,Chairs,East,On-Time,3,62.36,67.71,0.05,82
ORD-14610,2023-01-27,Apparel,Pants,West,On-Time,1,391.22,634.93,0.05,13
ORD-14611,2023-12-02,Electronics,Accessories,West,On-Time,4,147.76,285.76,0.0,38
ORD-14612,2023-09-01,Electronics,Computers,West,On-Time,4,297.31,511.32,0.05,30
ORD-14613,2023-08-04,Apparel,Pants,South,On-Time,4,180.3,364.43,0.05,14
ORD-14614,2023-04-10,Furniture,Desks,East,Delayed - Transit,2,172.38,223.96,0.59,89
ORD-14615,2023-12-13,Electronics,Computers,West,Delayed - Customs,3,191.73,251.89,0.58,138
ORD-14616,2023-03-03,Electronics,Computers,North,Delayed - Customs,2,393.09,469.36,0.37,112
ORD-14617,2023-04-28,Furniture,Tables,West,On-Time,4,295.04,363.62,0.5,104
ORD-14618,2023-12-30,Electronics,Accessories,South,On-Time,4,185.1,379.14,0.0,16
ORD-14619,2023-08-02,Electronics,Computers,West,On-Time,3,187.26,445.21,0.0,45
ORD-14620,2023-02-20,Apparel,Pants,North,Delayed - Customs,4,373.98,503.65,0.54,183
ORD-14621,2023-12-05,Electronics,Audio,North,On-Time,4,181.0,326.48,0.0,35
ORD-14622,2023-09-26,Apparel,Footwear,East,On-Time,3,93.89,221.66,0.0,41
ORD-14623,2023-03-17,Furniture,Chairs,North,On-Time,3,277.7,372.59,0.41,145
ORD-14624,2023-02-14,Electronics,Accessories,East,On-Time,1,319.73,644.98,0.0,16
ORD-14625,2023-09-12,Apparel,Footwear,North,On-Time,3,202.03,346.48,0.0,60
ORD-14626,2023-11-12,Apparel,Pants,North,On-Time,3,26.41,45.94,0.05,21
ORD-14627,2023-02-20,Electronics,Computers,North,On-Time,4,274.72,552.12,0.0,30
ORD-14628,2023-07-23,Furniture,Tables,South,On-Time,4,154.8,172.45,0.0,75
ORD-14629,2023-11-28,Apparel,Pants,North,On-Time,4,89.55,154.75,0.05,16
ORD-14630,2023-02-09,Furniture,Tables,North,On-Time,2,62.0,70.8,0.57,91
ORD-14631,2023-08-10,Apparel,Footwear,East,On-Time,2,260.33,566.2,0.0,41
ORD-14632,2023-07-20,Furniture,,South,On-Time,4,137.99,177.53,0.54,119
ORD-14633,2023-07-01,Electronics,Computers,South,On-Time,3,322.94,543.09,0.0,42
ORD-14634,2023-02-16,Furniture,Chairs,North,Delayed - Transit,5,42.82,45.11,0.0,39
ORD-14635,2023-07-20,Furniture,Chairs,East,On-Time,3,306.66,374.65,0.48,123
ORD-14636,2023-03-14,Apparel,Shirts,North,On-Time,5,107.81,257.8,0.05,29
ORD-14637,2023-12-21,Furniture,Chairs,East,On-Time,3,119.56,132.37,0.48,88
ORD-14638,2023-02-01,Electronics,Accessories,North,Delayed - Customs,1,398.39,483.68,0.05,79
ORD-14639,2023-05-21,Electronics,Accessories,South,Delayed - Customs,2,109.04,144.37,0.53,121
ORD-14640,2023-07-21,Electronics,Accessories,East,On-Time,2,300.53,519.17,0.0,31
ORD-14641,2023-09-02,Electronics,Computers,South,Delayed - Customs,3,391.23,449.57,0.42,118
ORD-14642,2023-06-29,Apparel,Shirts,North,On-Time,4,265.22,618.07,0.0,20
ORD-14643,2023-04-09,Apparel,Pants,West,On-Time,3,328.8,550.92,0.0,28
ORD-14644,2023-03-20,Electronics,Accessories,South,On-Time,5,296.74,518.12,0.05,36
ORD-14645,2023-10-30,Furniture,Tables,South,On-Time,5,122.49,149.29,0.48,111
ORD-14646,2023-10-11,Apparel,Shirts,West,On-Time,3,87.01,144.71,0.0,32
ORD-14647,2023-09-14,Apparel,Pants,North,On-Time,3,38.12,86.37,0.05,51
ORD-14648,2023-03-13,Electronics,Accessories,South,On-Time,3,276.44,567.8,0.05,49
ORD-14649,2023-12-30,Apparel,Pants,West,On-Time,1,371.83,620.16,0.05,25
ORD-14650,2023-06-08,Electronics,,South,On-Time,3,78.08,125.91,0.05,34
ORD-14651,2023-09-15,Electronics,Computers,South,On-Time,2,30.76,64.85,0.05,40
ORD-14652,2023-07-20,Apparel,Footwear,West,On-Time,3,148.6,271.44,0.05,37
ORD-14653,2023-05-12,Furniture,Chairs,West,On-Time,1,27.05,31.88,0.61,114
ORD-14654,2023-06-06,Furniture,Desks,West,On-Time,4,186.87,238.58,0.05,74
ORD-14655,2023-11-20,Furniture,Desks,West,On-Time,1,19.27,25.78,0.0,67
ORD-14656,2023-03-17,Apparel,Shirts,South,On-Time,4,213.34,453.4,0.0,22
ORD-14657,2023-09-06,Furniture,Desks,South,On-Time,5,239.74,254.16,0.43,135
ORD-14658,2023-07-24,Electronics,Audio,West,On-Time,1,138.24,294.82,0.05,43
ORD-14659,2023-04-23,Furniture,Desks,North,On-Time,1,98.86,109.3,0.5,99
ORD-14660,2023-08-28,Apparel,Footwear,East,On-Time,2,348.53,743.65,0.0,20
ORD-14661,2023-03-03,Electronics,Audio,West,Delayed - Transit,3,122.74,149.68,0.37,113
ORD-14662,2023-08-25,Furniture,Chairs,West,On-Time,1,375.26,418.37,0.49,122
ORD-14663,2023-09-06,Furniture,Chairs,North,On-Time,1,246.93,331.21,0.38,125
ORD-14664,2023-02-16,Furniture,Tables,South,On-Time,4,390.06,453.57,0.41,93
ORD-14665,2023-04-19,Electronics,Computers,East,On-Time,5,213.46,430.51,0.0,36
ORD-14666,2023-02-24,Apparel,Footwear,South,On-Time,4,204.77,444.09,0.0,20
ORD-14667,2023-10-18,Electronics,Computers,West,On-Time,4,31.76,60.78,0.0,30
ORD-14668,2023-11-19,Apparel,Pants,East,On-Time,5,383.34,739.67,0.05,15
ORD-14669,2023-06-13,Furniture,Desks,West,Delayed - Transit,2,33.9,39.44,0.05,84
ORD-14670,2023-11-15,Electronics,Computers,West,Delayed - Transit,3,48.17,64.82,0.62,107
ORD-14671,2023-11-03,Electronics,Audio,East,On-Time,1,346.46,691.68,0.0,27
ORD-14672,2023-06-30,Apparel,Footwear,North,On-Time,4,167.03,342.01,0.0,37
ORD-14673,2023-06-21,Furniture,Desks,North,On-Time,1,182.17,198.63,0.54,120
ORD-14674,2023-02-04,Electronics,Accessories,North,On-Time,5,249.14,418.32,0.0,11
ORD-14675,2023-07-24,Furniture,Chairs,East,On-Time,5,228.97,288.29,0.59,121
ORD-14676,2023-06-22,Furniture,Desks,North,On-Time,5,243.07,283.12,0.64,110
ORD-14677,2023-09-14,Electronics,Computers,East,Delayed - Transit,1,77.42,86.53,0.37,153
ORD-14678,2023-06-07,Furniture,Tables,South,On-Time,5,199.89,221.66,0.45,123
ORD-14679,2023-12-03,Apparel,Shirts,East,On-Time,1,335.91,589.06,0.05,25
ORD-14680,2023-11-30,Furniture,Desks,West,On-Time,3,262.95,308.13,0.53,126
ORD-14681,2023-10-16,Apparel,Pants,South,Delayed - Customs,5,187.93,244.23,0.46,146
ORD-14682,2023-12-25,Furniture,Tables,North,On-Time,1,125.94,137.48,0.44,137
ORD-14683,2023-03-20,Electronics,Audio,West,Delayed - Customs,5,329.59,356.18,0.42,135
ORD-14684,2023-09-12,Apparel,Pants,West,On-Time,3,348.52,772.39,0.0,40
ORD-14685,2023-02-26,Electronics,Accessories,South,Delayed - Transit,4,62.16,80.15,0.52,118
ORD-14686,2023-02-03,Apparel,Pants,North,On-Time,2,314.2,504.53,0.05,28
ORD-14687,2023-08-29,Apparel,Footwear,South,Delayed - Transit,3,197.1,263.08,0.63,104
ORD-14688,2023-03-22,Apparel,,South,On-Time,5,291.27,658.11,0.0,36
ORD-14689,2023-06-25,Electronics,Computers,North,On-Time,3,312.38,615.67,0.0,43
ORD-14690,2023-06-07,Apparel,Footwear,North,On-Time,2,183.21,324.89,0.0,44
ORD-14691,2023-01-10,Furniture,Chairs,South,On-Time,3,20.58,25.32,0.61,115
ORD-14692,2023-09-09,Electronics,,North,On-Time,5,373.89,632.86,0.05,36
ORD-14693,2023-04-09,Apparel,Shirts,North,Delayed - Customs,1,383.54,442.94,0.5,144
ORD-14694,2023-03-25,Furniture,Tables,North,On-Time,5,327.3,411.97,0.61,149
ORD-14695,2023-10-23,Electronics,Computers,East,On-Time,5,355.41,627.54,0.0,16
ORD-14696,2023-09-27,Furniture,Chairs,North,On-Time,4,272.13,318.66,0.05,81
ORD-14697,2023-10-14,Furniture,,West,On-Time,5,380.44,446.2,0.59,115
ORD-14698,2023-07-31,Furniture,Tables,South,Delayed - Customs,3,150.61,171.98,0.63,105
ORD-14699,2023-04-04,Apparel,Pants,West,On-Time,3,316.72,590.79,0.0,25
ORD-14700,2023-10-23,Furniture,Desks,East,On-Time,1,109.66,140.73,0.37,163
ORD-14701,2023-12-12,Apparel,Footwear,North,On-Time,3,249.64,527.43,0.0,29
ORD-14702,2023-01-15,Furniture,Tables,West,On-Time,1,313.93,369.04,0.05,72
ORD-14703,2023-05-15,Furniture,Tables,East,On-Time,4,389.2,461.97,0.49,126
ORD-14704,2023-05-11,Apparel,Footwear,North,On-Time,5,375.13,602.84,0.05,37
ORD-14705,2023-11-18,Electronics,Audio,West,On-Time,2,192.45,389.53,0.05,43
ORD-14706,2023-11-03,Furniture,Chairs,East,Delayed - Customs,2,308.14,332.28,0.53,151
ORD-14707,2023-01-11,Electronics,Computers,North,Delayed - Transit,5,345.01,392.32,0.44,104
ORD-14708,2023-05-30,Apparel,Shirts,North,On-Time,2,70.22,115.72,0.05,44
ORD-14709,2023-01-09,Apparel,Pants,South,On-Time,4,341.48,730.43,0.05,34
ORD-14710,2023-10-08,Furniture,Chairs,South,On-Time,5,111.18,133.73,0.59,107
ORD-14711,2023-03-16,Apparel,Footwear,West,On-Time,3,176.12,376.67,0.0,26
ORD-14712,2023-03-03,Furniture,Desks,South,On-Time,3,326.68,390.14,0.44,112
ORD-14713,2023-06-06,Apparel,Pants,East,On-Time,2,277.11,625.19,0.05,48
ORD-14714,2023-05-30,Apparel,Shirts,North,Delayed - Transit,5,242.64,271.6,0.42,118
ORD-14715,2023-05-30,Furniture,Desks,North,On-Time,4,208.58,271.32,0.52,94
ORD-14716,2023-11-08,Furniture,Chairs,East,Delayed - Transit,2,186.66,223.32,0.58,118
ORD-14717,2023-01-02,Furniture,Tables,South,On-Time,3,186.22,236.27,0.6,129
ORD-14718,2023-05-16,Apparel,Footwear,East,Delayed - Customs,1,149.37,173.36,0.61,130
ORD-14719,2023-10-24,Electronics,Accessories,East,On-Time,5,88.62,176.92,0.0,18
ORD-14720,2023-07-28,Furniture,Desks,North,On-Time,1,24.25,32.0,0.38,87
ORD-14721,2023-07-04,Apparel,Pants,East,Delayed - Customs,5,347.43,409.2,0.0,83
ORD-14722,2023-06-20,Electronics,Computers,South,On-Time,2,338.08,770.96,0.05,14
ORD-14723,2023-07-24,Electronics,Accessories,North,Delayed - Transit,2,65.88,71.18,0.51,101
ORD-14724,2023-12-14,Apparel,Shirts,West,On-Time,1,132.78,241.37,0.05,31
ORD-14725,2023-12-18,Apparel,Pants,North,On-Time,5,306.34,574.01,0.0,31
ORD-14726,2023-09-04,Apparel,Pants,East,On-Time,4,337.39,617.16,0.05,31
ORD-14727,2023-10-28,Electronics,Audio,South,On-Time,5,214.88,369.12,0.05,38
ORD-14728,2023-02-01,Apparel,Footwear,South,Delayed - Transit,4,310.97,407.22,0.53,135
ORD-14729,2023-12-15,Electronics,Computers,South,Delayed - Transit,5,101.17,107.81,0.59,112
ORD-14730,2023-09-15,Electronics,Audio,North,Delayed - Customs,2,313.47,331.42,0.51,89
ORD-14731,2023-02-26,Furniture,Desks,East,Delayed - Customs,1,381.33,471.43,0.56,113
ORD-14732,2023-09-28,Furniture,Tables,North,On-Time,3,37.66,48.61,0.61,116
ORD-14733,2023-08-05,Furniture,Tables,North,On-Time,5,359.46,398.42,0.6,90
ORD-14734,2023-12-07,Electronics,Audio,North,On-Time,2,40.02,84.25,0.0,28
ORD-14735,2023-12-24,Electronics,Audio,South,On-Time,4,230.81,504.3,0.05,29
ORD-14736,2023-09-13,Apparel,Footwear,South,Delayed - Transit,4,362.92,435.44,0.49,119
ORD-14737,2023-01-14,Apparel,Footwear,West,Delayed - Transit,4,308.01,391.54,0.47,138
ORD-14738,2023-07-23,Furniture,Tables,North,On-Time,4,18.37,19.78,0.36,123
ORD-14739,2023-04-16,Apparel,Shirts,West,On-Time,5,395.47,708.37,0.05,6
ORD-14740,2023-02-13,Electronics,Audio,South,On-Time,1,88.86,198.02,0.0,43
ORD-14741,2023-07-04,Apparel,Shirts,West,Delayed - Transit,2,251.07,338.84,0.39,90
ORD-14742,2023-11-10,Furniture,Desks,East,On-Time,2,147.88,181.73,0.0,82
ORD-14743,2023-10-07,Furniture,Desks,East,On-Time,1,289.64,322.86,0.52,144
ORD-14744,2023-06-04,Furniture,Chairs,West,On-Time,2,53.01,60.93,0.57,116
ORD-14745,2023-05-23,Apparel,Footwear,West,Delayed - Transit,5,67.38,71.13,0.55,111
ORD-14746,2023-04-22,Electronics,Accessories,West,On-Time,3,342.56,786.44,0.0,33
ORD-14747,2023-12-06,Apparel,Footwear,North,On-Time,5,287.06,497.01,0.0,9
ORD-14748,2023-12-15,Apparel,Shirts,North,On-Time,2,52.09,84.23,0.0,34
ORD-14749,2023-05-23,Electronics,Audio,North,Delayed - Customs,3,91.57,112.0,0.61,147
ORD-14750,2023-01-31,Apparel,Footwear,East,Delayed - Transit,5,356.04,448.97,0.05,78
ORD-14751,2023-05-30,Electronics,Audio,East,On-Time,3,332.11,616.48,0.0,38
ORD-14752,2023-03-26,Furniture,Tables,South,Delayed - Customs,1,79.19,91.23,0.53,111
ORD-14753,2023-03-26,Electronics,Audio,North,Delayed - Transit,4,41.69,52.87,0.64,102
ORD-14754,2023-01-19,Furniture,Tables,West,On-Time,3,304.42,363.07,0.44,119
ORD-14755,2023-10-15,Furniture,Desks,North,On-Time,3,130.1,168.52,0.39,111
ORD-14756,2023-11-03,Furniture,Desks,South,On-Time,3,312.13,352.56,0.36,132
ORD-14757,2023-04-15,Furniture,Desks,East,On-Time,1,265.07,353.83,0.64,158
ORD-14758,2023-07-26,Furniture,Chairs,West,On-Time,2,273.19,357.83,0.0,39
ORD-14759,2023-07-17,Electronics,Accessories,West,On-Time,5,256.52,564.71,0.05,29
ORD-14760,2023-01-26,Electronics,Accessories,North,Delayed - Transit,2,274.14,316.57,0.62,126
ORD-14761,2023-06-04,Furniture,,West,Delayed - Transit,2,86.45,101.8,0.05,55
ORD-14762,2023-03-07,Furniture,Desks,South,On-Time,3,108.39,130.08,0.59,129
ORD-14763,2023-04-03,Furniture,Chairs,North,On-Time,4,371.77,398.4,0.61,113
ORD-14764,2023-05-02,Electronics,Accessories,West,On-Time,3,26.01,61.72,0.05,37
ORD-14765,2023-01-27,Furniture,Tables,West,On-Time,2,368.73,494.05,0.53,115
ORD-14766,2023-05-23,Apparel,Shirts,South,On-Time,5,162.81,283.73,0.0,21
ORD-14767,2023-06-04,Furniture,Chairs,South,On-Time,2,129.21,140.47,0.4,129
ORD-14768,2023-08-27,Electronics,Audio,North,On-Time,2,310.01,570.63,0.05,31
ORD-14769,2023-06-11,Electronics,Accessories,East,Delayed - Transit,4,253.3,323.99,0.46,151
ORD-14770,2023-02-21,Electronics,Audio,East,On-Time,3,327.71,616.85,0.0,33
ORD-14771,2023-09-10,Apparel,Footwear,East,Delayed - Transit,1,307.0,366.02,0.4,109
ORD-14772,2023-05-28,Furniture,Tables,South,On-Time,2,195.9,230.52,0.44,153
ORD-14773,2023-06-24,Furniture,Tables,East,Delayed - Transit,2,347.99,407.88,0.53,96
ORD-14774,2023-03-28,Apparel,Pants,West,Delayed - Transit,5,323.46,406.61,0.44,161
ORD-14775,2023-11-08,Apparel,Pants,North,On-Time,2,69.27,148.05,0.05,44
ORD-14776,2023-09-23,Furniture,Chairs,West,On-Time,5,313.55,403.38,0.0,61
ORD-14777,2023-03-04,Furniture,Desks,West,Delayed - Customs,2,209.15,246.13,0.42,116
ORD-14778,2023-10-13,Furniture,Desks,South,On-Time,2,92.27,114.32,0.64,105
ORD-14779,2023-08-21,Furniture,Desks,South,On-Time,1,182.18,210.18,0.52,138
ORD-14780,2023-11-14,Furniture,,South,On-Time,1,313.03,355.75,0.44,146
ORD-14781,2023-06-29,Furniture,Desks,North,On-Time,3,367.6,454.76,0.41,87
ORD-14782,2023-01-07,Electronics,Computers,West,Delayed - Transit,5,303.37,404.8,0.44,105
ORD-14783,2023-11-10,Electronics,Audio,South,On-Time,2,199.75,461.4,0.05,27
ORD-14784,2023-06-15,Furniture,Tables,North,Delayed - Customs,5,21.36,23.3,0.52,124
ORD-14785,2023-08-28,Furniture,Desks,East,On-Time,4,31.43,38.57,0.46,148
ORD-14786,2023-12-26,Electronics,Audio,East,On-Time,4,212.0,369.69,0.0,30
ORD-14787,2023-03-27,Apparel,Pants,North,On-Time,3,53.04,115.87,0.0,42
ORD-14788,2023-12-12,Apparel,Shirts,East,On-Time,2,122.63,242.24,0.05,9
ORD-14789,2023-07-14,Furniture,Tables,West,On-Time,3,315.57,403.02,0.44,93
ORD-14790,2023-04-16,Electronics,Computers,West,Delayed - Transit,4,332.04,394.89,0.52,136
ORD-14791,2023-10-13,Electronics,Audio,South,On-Time,3,48.52,77.71,0.0,29
ORD-14792,2023-07-20,Furniture,,East,On-Time,4,149.16,168.53,0.47,108
ORD-14793,2023-07-06,Electronics,Computers,East,Delayed - Customs,3,230.09,252.08,0.46,94
ORD-14794,2023-03-26,Furniture,Tables,East,On-Time,5,341.13,438.09,0.59,118
ORD-14795,2023-01-24,Apparel,Shirts,East,On-Time,4,259.02,576.1,0.05,23
ORD-14796,2023-03-31,Electronics,Accessories,East,On-Time,5,168.36,374.72,0.05,35
ORD-14797,2023-11-27,Furniture,Desks,North,On-Time,4,77.37,104.29,0.62,99
ORD-14798,2023-11-25,Apparel,Shirts,East,On-Time,1,72.62,161.69,0.05,15
ORD-14799,2023-09-01,Electronics,Computers,South,Delayed - Customs,2,276.39,346.53,0.37,126
ORD-14800,2023-12-01,Furniture,Chairs,East,Delayed - Customs,5,19.91,21.89,0.53,139
ORD-14801,2023-12-11,Furniture,Chairs,North,On-Time,5,143.96,188.81,0.63,137
ORD-14802,2023-10-06,Furniture,Chairs,North,On-Time,4,23.26,28.53,0.46,97
ORD-14803,2023-09-24,Apparel,Footwear,East,On-Time,1,122.83,253.82,0.05,51
ORD-14804,2023-06-01,Apparel,Pants,West,On-Time,2,32.02,73.7,0.05,18
ORD-14805,2023-03-08,Electronics,Audio,South,On-Time,1,29.92,48.03,0.0,35
ORD-14806,2023-03-04,Furniture,Tables,South,On-Time,4,371.77,441.59,0.42,112
ORD-14807,2023-07-08,Electronics,Audio,East,Delayed - Transit,5,30.03,36.01,0.45,133
ORD-14808,2023-12-08,Electronics,Audio,West,On-Time,2,34.13,58.88,0.05,39
ORD-14809,2023-08-11,Apparel,Pants,West,On-Time,2,379.37,836.08,0.05,39
ORD-14810,2023-05-30,Furniture,Tables,South,On-Time,2,156.06,170.88,0.64,116
ORD-14811,2023-12-30,Apparel,Footwear,South,On-Time,5,147.03,329.65,0.0,22
ORD-14812,2023-03-25,Electronics,Audio,West,Delayed - Transit,5,67.65,82.87,0.39,91
ORD-14813,2023-03-22,Apparel,Footwear,South,On-Time,2,168.68,359.94,0.0,28
ORD-14814,2023-07-19,Apparel,Footwear,West,Delayed - Transit,3,346.17,454.81,0.58,97
ORD-14815,2023-11-04,Electronics,Computers,South,Delayed - Customs,1,385.07,460.71,0.47,92
ORD-14816,2023-10-26,Apparel,Shirts,North,On-Time,3,392.5,727.57,0.05,18
ORD-14817,2023-11-08,Apparel,Shirts,West,Delayed - Customs,4,88.95,115.25,0.0,69
ORD-14818,2023-12-18,Apparel,,East,On-Time,5,263.91,595.64,0.05,26
ORD-14819,2023-05-13,Apparel,Shirts,East,On-Time,3,247.78,507.39,0.05,26
ORD-14820,2023-11-11,Apparel,Footwear,West,On-Time,3,149.43,324.93,0.0,4
ORD-14821,2023-01-04,Apparel,Pants,North,On-Time,3,343.54,683.7,0.0,4
ORD-14822,2023-05-15,Furniture,Chairs,North,On-Time,4,382.82,491.51,0.43,135
ORD-14823,2023-09-23,Furniture,Chairs,East,On-Time,3,209.57,258.11,0.57,90
ORD-14824,2023-07-06,Electronics,Audio,East,On-Time,4,318.46,509.82,0.0,45
ORD-14825,2023-05-30,Apparel,Footwear,South,Delayed - Transit,2,282.7,338.07,0.41,129
ORD-14826,2023-09-05,Electronics,Computers,East,On-Time,5,222.65,379.46,0.05,32
ORD-14827,2023-03-13,Furniture,Chairs,North,Delayed - Transit,2,49.74,60.75,0.5,102
ORD-14828,2023-12-17,Apparel,Shirts,North,On-Time,4,311.37,527.01,0.0,49
ORD-14829,2023-12-28,Furniture,Chairs,East,Delayed - Customs,2,261.31,284.35,0.05,68
ORD-14830,2023-12-16,Apparel,Pants,South,On-Time,2,236.67,541.19,0.0,31
ORD-14831,2023-07-26,Electronics,Accessories,North,On-Time,4,50.76,81.39,0.0,10
ORD-14832,2023-06-28,Electronics,Computers,East,On-Time,5,188.95,303.2,0.0,21
ORD-14833,2023-05-24,Furniture,Tables,North,Delayed - Transit,5,339.89,390.8,0.45,107
ORD-14834,2023-02-26,Furniture,Desks,West,On-Time,2,140.88,181.0,0.52,170
ORD-14835,2023-02-14,Apparel,Shirts,West,On-Time,1,23.46,39.47,0.0,21
ORD-14836,2023-02-12,Apparel,Footwear,East,On-Time,2,40.38,90.78,0.05,34
ORD-14837,2023-12-18,Furniture,,East,On-Time,4,98.91,131.07,0.63,106
ORD-14838,2023-05-09,Furniture,Tables,South,On-Time,2,256.47,295.48,0.65,114
ORD-14839,2023-01-08,Furniture,Tables,East,On-Time,3,287.12,340.43,0.39,116
ORD-14840,2023-03-27,Electronics,Computers,West,On-Time,1,148.33,324.18,0.05,12
ORD-14841,2023-04-13,Electronics,Accessories,East,On-Time,3,209.08,348.07,0.05,44
ORD-14842,2023-07-23,Furniture,Desks,South,On-Time,5,256.88,339.09,0.0,78
ORD-14843,2023-04-07,Electronics,Audio,South,Delayed - Customs,1,89.71,95.93,0.55,141
ORD-14844,2023-07-07,Furniture,Tables,West,On-Time,2,182.78,220.36,0.0,80
ORD-14845,2023-06-12,Electronics,Computers,West,On-Time,5,44.56,90.92,0.05,21
ORD-14846,2023-01-02,Furniture,Desks,East,On-Time,2,363.07,441.13,0.54,157
ORD-14847,2023-02-19,Furniture,,South,Delayed - Customs,3,49.12,65.05,0.51,167
ORD-14848,2023-06-05,Furniture,Tables,North,On-Time,1,116.15,135.63,0.62,155
ORD-14849,2023-11-06,Electronics,Computers,North,Delayed - Transit,5,274.4,336.8,0.52,118
ORD-14850,2023-06-16,Furniture,Tables,East,Delayed - Customs,2,395.57,528.47,0.61,178
ORD-14851,2023-12-28,Furniture,Tables,South,On-Time,5,386.27,406.22,0.39,109
ORD-14852,2023-12-25,Furniture,Chairs,South,On-Time,5,195.25,222.77,0.45,110
ORD-14853,2023-02-17,Electronics,Computers,East,On-Time,4,226.08,481.99,0.0,19
ORD-14854,2023-08-30,Furniture,,North,On-Time,4,35.34,44.14,0.38,106
ORD-14855,2023-12-20,Electronics,Computers,West,Delayed - Transit,5,379.6,488.27,0.52,123
ORD-14856,2023-01-23,Furniture,Chairs,West,Delayed - Transit,2,161.02,195.32,0.05,84
ORD-14857,2023-10-09,Furniture,Chairs,South,On-Time,1,383.09,407.99,0.43,111
ORD-14858,2023-04-09,Electronics,Audio,North,Delayed - Customs,5,300.16,347.13,0.58,110
ORD-14859,2023-10-26,Furniture,Tables,East,On-Time,2,237.67,302.5,0.42,100
ORD-14860,2023-12-23,Furniture,Chairs,West,Delayed - Customs,3,42.51,47.73,0.46,93
ORD-14861,2023-02-17,Apparel,Pants,North,On-Time,1,124.65,288.37,0.0,33
ORD-14862,2023-02-09,Electronics,Audio,South,Delayed - Transit,4,348.85,399.2,0.36,125
ORD-14863,2023-05-03,Furniture,Tables,East,On-Time,3,382.84,459.72,0.0,85
ORD-14864,2023-05-02,Furniture,Chairs,East,On-Time,4,212.09,272.41,0.38,101
ORD-14865,2023-04-20,Electronics,Audio,North,On-Time,5,262.23,499.31,0.0,34
ORD-14866,2023-04-17,Apparel,Footwear,South,On-Time,1,54.27,109.09,0.05,28
ORD-14867,2023-06-27,Electronics,Audio,South,On-Time,4,194.31,451.9,0.0,39
ORD-14868,2023-04-22,Apparel,Footwear,North,On-Time,2,281.2,500.14,0.05,20
ORD-14869,2023-06-01,Apparel,Pants,East,Delayed - Transit,1,329.59,350.19,0.45,135
ORD-14870,2023-11-28,Apparel,Shirts,East,Delayed - Transit,1,83.38,93.16,0.47,136
ORD-14871,2023-12-15,Apparel,Footwear,South,Delayed - Transit,5,376.04,490.73,0.61,100
ORD-14872,2023-12-26,Apparel,Pants,East,On-Time,2,246.15,435.63,0.0,18
ORD-14873,2023-01-05,Furniture,Desks,East,On-Time,5,88.49,105.25,0.59,136
ORD-14874,2023-01-19,Apparel,Footwear,South,On-Time,4,168.03,342.49,0.0,40
ORD-14875,2023-10-21,Apparel,Footwear,South,On-Time,2,202.43,476.5,0.0,32
ORD-14876,2023-05-13,Furniture,Chairs,West,On-Time,4,19.33,21.25,0.64,147
ORD-14877,2023-09-30,Furniture,Tables,North,On-Time,5,148.46,183.38,0.61,136
ORD-14878,2023-03-20,Apparel,Shirts,South,On-Time,3,220.61,425.85,0.05,35
ORD-14879,2023-09-08,Apparel,Shirts,East,On-Time,2,91.12,215.73,0.0,6
ORD-14880,2023-02-14,Apparel,Pants,East,Delayed - Transit,4,51.51,64.96,0.48,109
ORD-14881,2023-04-24,Apparel,Pants,West,Delayed - Transit,2,291.01,316.9,0.41,175
ORD-14882,2023-04-17,Apparel,Pants,North,On-Time,1,204.46,347.02,0.05,33
ORD-14883,2023-12-10,Apparel,Pants,East,Delayed - Customs,2,396.47,492.47,0.05,84
ORD-14884,2023-11-29,Apparel,Footwear,North,On-Time,2,74.97,119.98,0.05,29
ORD-14885,2023-10-27,Electronics,Accessories,South,On-Time,3,179.71,333.65,0.0,27
ORD-14886,2023-12-03,Furniture,Desks,South,On-Time,5,23.0,29.27,0.05,58
ORD-14887,2023-06-14,Furniture,Chairs,East,On-Time,5,383.23,410.4,0.63,130
ORD-14888,2023-03-04,Furniture,Desks,West,On-Time,1,20.93,23.6,0.54,124
ORD-14889,2023-11-13,Furniture,Chairs,East,On-Time,4,313.29,421.68,0.49,149
ORD-14890,2023-08-04,Furniture,Desks,East,On-Time,5,305.58,381.57,0.38,121
ORD-14891,2023-04-22,Electronics,Accessories,South,On-Time,4,247.09,533.23,0.05,23
ORD-14892,2023-06-30,Furniture,Tables,West,On-Time,5,355.91,425.76,0.48,125
ORD-14893,2023-12-07,Furniture,Tables,East,Delayed - Customs,1,29.83,40.22,0.49,133
ORD-14894,2023-08-17,Apparel,Shirts,East,Delayed - Customs,4,271.66,344.8,0.61,114
ORD-14895,2023-07-24,Furniture,Tables,East,Delayed - Transit,1,165.64,222.43,0.38,105
ORD-14896,2023-05-29,Electronics,Computers,South,Delayed - Transit,4,165.65,201.56,0.05,85
ORD-14897,2023-06-22,Electronics,Accessories,West,On-Time,4,354.01,624.54,0.0,28
ORD-14898,2023-08-02,Electronics,Audio,North,On-Time,3,176.17,320.99,0.0,34
ORD-14899,2023-09-20,Furniture,Chairs,West,Delayed - Transit,3,63.43,73.7,0.0,82
ORD-14900,2023-02-14,Electronics,Accessories,North,On-Time,1,76.06,179.48,0.05,16
ORD-14901,2023-11-06,Furniture,Tables,South,On-Time,1,64.08,71.26,0.58,162
ORD-14902,2023-04-10,Apparel,Pants,North,Delayed - Transit,5,87.09,112.52,0.55,99
ORD-14903,2023-07-03,Furniture,Chairs,South,On-Time,3,30.82,39.74,0.38,113
ORD-14904,2023-12-14,Apparel,Shirts,East,On-Time,5,190.1,414.65,0.05,36
ORD-14905,2023-02-15,Apparel,Shirts,West,On-Time,2,306.9,498.3,0.0,41
ORD-14906,2023-08-24,Apparel,Pants,South,On-Time,1,370.9,792.48,0.05,48
ORD-14907,2023-04-26,Furniture,Desks,North,Delayed - Transit,1,215.23,261.87,0.46,92
ORD-14908,2023-02-06,Furniture,Desks,East,On-Time,4,215.28,262.22,0.43,127
ORD-14909,2023-09-26,Furniture,Desks,West,On-Time,2,213.76,264.12,0.0,84
ORD-14910,2023-05-23,Electronics,Computers,South,On-Time,4,303.26,572.5,0.0,22
ORD-14911,2023-10-12,Apparel,Footwear,South,Delayed - Transit,5,390.06,422.72,0.6,108
ORD-14912,2023-06-19,Apparel,Shirts,East,On-Time,1,106.16,203.38,0.0,46
ORD-14913,2023-09-12,Electronics,Computers,West,On-Time,4,240.09,535.66,0.0,40
ORD-14914,2023-03-29,Apparel,Footwear,West,On-Time,5,173.68,365.28,0.0,13
ORD-14915,2023-03-05,Electronics,Computers,East,On-Time,1,17.53,29.17,0.05,12
ORD-14916,2023-09-30,Furniture,Desks,North,On-Time,2,23.29,28.31,0.58,146
ORD-14917,2023-10-20,Apparel,Shirts,North,On-Time,4,228.55,503.7,0.0,33
ORD-14918,2023-06-23,Electronics,Accessories,South,On-Time,1,123.55,230.77,0.0,27
ORD-14919,2023-04-05,Furniture,Chairs,East,On-Time,3,23.84,29.36,0.57,128
ORD-14920,2023-08-17,Electronics,Audio,North,On-Time,2,76.01,179.43,0.05,21
ORD-14921,2023-11-23,Furniture,Tables,East,On-Time,3,266.28,336.57,0.4,92
ORD-14922,2023-12-10,Apparel,Footwear,East,On-Time,4,217.88,397.44,0.05,31
ORD-14923,2023-11-30,Apparel,Shirts,West,Delayed - Transit,4,284.58,339.73,0.57,123
ORD-14924,2023-08-03,Electronics,Accessories,North,Delayed - Transit,5,341.1,374.15,0.36,163
ORD-14925,2023-01-05,Apparel,Pants,South,On-Time,2,250.04,412.8,0.0,39
ORD-14926,2023-02-10,Apparel,Footwear,South,Delayed - Transit,3,350.77,453.52,0.57,116
ORD-14927,2023-07-31,Electronics,Audio,North,On-Time,3,274.39,521.98,0.05,23
ORD-14928,2023-10-12,Furniture,Tables,East,On-Time,5,15.3,19.62,0.35,132
ORD-14929,2023-11-12,Apparel,Pants,East,On-Time,5,96.55,212.57,0.05,16
ORD-14930,2023-07-26,Apparel,Footwear,South,On-Time,3,307.21,535.26,0.05,33
ORD-14931,2023-01-23,Furniture,Desks,East,Delayed - Transit,1,357.62,461.82,0.63,93
ORD-14932,2023-11-05,Apparel,Footwear,West,Delayed - Transit,4,381.4,514.55,0.36,160
ORD-14933,2023-04-27,Electronics,Audio,West,On-Time,4,128.44,258.1,0.0,30
ORD-14934,2023-03-21,Electronics,Audio,West,Delayed - Transit,5,319.06,348.18,0.45,147
ORD-14935,2023-06-14,Furniture,Tables,South,On-Time,3,318.2,386.84,0.42,115
ORD-14936,2023-12-01,Apparel,Shirts,East,On-Time,1,289.95,488.44,0.0,32
ORD-14937,2023-04-09,Electronics,Audio,North,Delayed - Customs,2,332.68,397.22,0.0,84
ORD-14938,2023-11-05,Electronics,Computers,North,On-Time,1,269.57,608.07,0.0,37
ORD-14939,2023-06-04,Electronics,Audio,East,On-Time,4,290.97,695.3,0.0,30
ORD-14940,2023-10-12,Apparel,Pants,West,On-Time,5,221.46,482.07,0.0,17
ORD-14941,2023-07-15,Electronics,Audio,East,On-Time,5,206.77,454.0,0.05,31
ORD-14942,2023-07-25,Apparel,Pants,East,On-Time,4,132.39,312.05,0.0,25
ORD-14943,2023-07-13,Furniture,Desks,East,On-Time,3,302.44,386.01,0.44,156
ORD-14944,2023-07-20,Electronics,Audio,West,On-Time,1,269.24,512.66,0.05,17
ORD-14945,2023-01-25,Furniture,Tables,East,On-Time,1,356.4,413.0,0.38,148
ORD-14946,2023-07-03,Furniture,Chairs,East,On-Time,1,153.77,206.81,0.05,76
ORD-14947,2023-11-15,Electronics,Computers,South,On-Time,1,171.64,364.11,0.0,57
ORD-14948,2023-10-09,Furniture,Tables,East,On-Time,5,306.26,382.01,0.57,109
ORD-14949,2023-07-02,Furniture,Tables,South,On-Time,4,367.09,472.92,0.46,121
ORD-14950,2023-07-07,Apparel,Shirts,East,On-Time,5,72.85,124.04,0.05,54
ORD-14951,2023-12-31,Electronics,Computers,South,On-Time,5,165.97,304.63,0.05,28
ORD-14952,2023-09-14,Furniture,Chairs,North,On-Time,4,76.59,88.31,0.05,73
ORD-14953,2023-04-13,Electronics,Computers,East,On-Time,5,75.63,179.0,0.0,30
ORD-14954,2023-09-15,Electronics,Audio,South,On-Time,2,382.33,795.25,0.0,32
ORD-14955,2023-10-23,Electronics,Computers,West,On-Time,3,275.06,528.13,0.0,17
ORD-14956,2023-09-17,Electronics,Computers,South,On-Time,5,64.19,113.0,0.05,31
ORD-14957,2023-05-11,Electronics,Audio,East,On-Time,3,367.13,776.55,0.0,18
ORD-14958,2023-10-18,Apparel,Pants,West,On-Time,3,299.8,568.89,0.0,30
ORD-14959,2023-03-23,Electronics,Audio,North,Delayed - Transit,1,374.36,411.85,0.51,110
ORD-14960,2023-10-15,Furniture,Desks,South,Delayed - Customs,2,147.62,163.47,0.44,107
ORD-14961,2023-12-07,Electronics,Computers,South,On-Time,5,201.39,452.01,0.0,31
ORD-14962,2023-09-12,Furniture,Desks,South,On-Time,3,362.4,428.12,0.46,101
ORD-14963,2023-12-12,Apparel,Footwear,West,Delayed - Transit,2,292.11,394.11,0.65,110
ORD-14964,2023-11-08,Electronics,Audio,West,On-Time,4,183.0,400.64,0.05,32
ORD-14965,2023-09-20,Furniture,Chairs,East,On-Time,5,345.22,370.78,0.55,120
ORD-14966,2023-02-22,Apparel,Shirts,North,On-Time,1,191.1,387.76,0.0,42
ORD-14967,2023-07-06,Apparel,Shirts,South,On-Time,1,70.81,159.95,0.05,28
ORD-14968,2023-08-09,Apparel,Pants,North,On-Time,1,366.92,817.88,0.0,23
ORD-14969,2023-05-05,Electronics,Computers,West,On-Time,5,249.24,453.95,0.0,35
ORD-14970,2023-02-04,Furniture,Chairs,East,On-Time,2,199.37,209.67,0.57,115
ORD-14971,2023-10-24,Furniture,Chairs,North,On-Time,4,370.17,443.47,0.45,118
ORD-14972,2023-07-11,Electronics,Computers,South,On-Time,1,149.13,265.42,0.0,23
ORD-14973,2023-12-17,Electronics,Computers,West,On-Time,5,182.14,357.99,0.0,38
ORD-14974,2023-01-27,Apparel,Shirts,East,On-Time,3,66.73,107.09,0.05,25
ORD-14975,2023-01-29,Furniture,Chairs,East,On-Time,3,49.81,54.66,0.49,92
ORD-14976,2023-10-29,Furniture,Chairs,South,On-Time,3,216.73,264.06,0.0,83
ORD-14977,2023-07-29,Furniture,Desks,East,On-Time,3,365.29,400.84,0.64,105
ORD-14978,2023-12-15,Furniture,,West,Delayed - Transit,3,272.21,341.71,0.53,95
ORD-14979,2023-12-03,Apparel,Footwear,West,On-Time,3,304.62,715.36,0.05,17
ORD-14980,2023-12-11,Electronics,Computers,West,On-Time,2,33.81,54.98,0.05,36
ORD-14981,2023-10-20,Apparel,Pants,North,On-Time,2,155.31,292.73,0.05,60
ORD-14982,2023-02-15,Apparel,Shirts,South,On-Time,5,320.94,766.33,0.0,50
ORD-14983,2023-09-26,Furniture,Chairs,West,Delayed - Transit,3,224.69,294.68,0.5,137
ORD-14984,2023-01-13,Electronics,Accessories,West,On-Time,4,54.35,97.67,0.05,40
ORD-14985,2023-12-20,Furniture,Desks,East,On-Time,2,117.42,135.52,0.61,139
ORD-14986,2023-04-03,Apparel,Shirts,East,On-Time,3,394.79,890.54,0.0,33
ORD-14987,2023-03-03,Furniture,Desks,South,On-Time,1,125.2,167.79,0.05,71
ORD-14988,2023-02-08,Apparel,Pants,West,Delayed - Customs,1,371.44,498.53,0.52,110
ORD-14989,2023-06-11,Apparel,Shirts,South,Delayed - Transit,2,293.19,309.01,0.5,141
ORD-14990,2023-07-20,Electronics,Audio,North,On-Time,3,210.12,488.34,0.05,26
ORD-14991,2023-07-04,Electronics,Accessories,West,On-Time,2,271.38,575.51,0.05,24
ORD-14992,2023-02-02,Furniture,Chairs,North,On-Time,1,214.82,233.76,0.64,120
ORD-14993,2023-06-30,Electronics,Computers,North,Delayed - Transit,3,105.34,137.67,0.39,94
ORD-14994,2023-03-04,Furniture,Chairs,West,On-Time,5,368.36,487.59,0.49,121
ORD-14995,2023-09-30,Furniture,Chairs,East,On-Time,4,233.67,246.23,0.0,76
ORD-14996,2023-11-16,Electronics,Audio,South,On-Time,3,238.98,524.69,0.0,23
ORD-14997,2023-01-16,Electronics,Accessories,East,On-Time,2,218.19,372.84,0.05,31
ORD-14998,2023-10-04,Furniture,Desks,West,On-Time,1,157.89,189.79,0.36,98
ORD-14999,2023-09-04,Electronics,Computers,East,On-Time,1,336.56,782.68,0.05,39
ORD-15000,2023-02-27,Furniture,Desks,East,Delayed - Transit,4,83.13,109.04,0.6,139
ORD-15001,2023-08-09,Furniture,Chairs,North,On-Time,5,307.53,335.32,0.57,107
ORD-15002,2023-06-29,Electronics,Accessories,South,On-Time,3,228.18,435.22,0.05,19
ORD-15003,2023-08-29,Furniture,Tables,South,Delayed - Transit,5,285.96,350.38,0.37,128
ORD-15004,2023-03-02,Apparel,Shirts,East,Delayed - Transit,5,330.1,406.86,0.42,124
ORD-15005,2023-01-06,Apparel,Pants,South,On-Time,1,208.63,366.04,0.05,23
ORD-15006,2023-12-03,Furniture,Chairs,North,On-Time,3,162.52,213.41,0.62,111
ORD-15007,2023-09-30,Apparel,Footwear,North,On-Time,1,383.41,801.66,0.05,20
ORD-15008,2023-07-12,Apparel,Pants,East,Delayed - Customs,2,160.9,200.52,0.49,97
ORD-15009,2023-06-30,Apparel,Footwear,North,On-Time,1,52.1,91.28,0.05,19
ORD-15010,2023-10-07,Electronics,Computers,North,On-Time,5,191.98,367.42,0.0,48
ORD-15011,2023-06-27,Furniture,Chairs,South,On-Time,3,190.8,236.83,0.39,139
ORD-15012,2023-04-19,Electronics,Audio,South,On-Time,1,338.12,749.05,0.0,37
ORD-15013,2023-03-09,Apparel,Footwear,South,On-Time,5,65.36,119.52,0.05,45
ORD-15014,2023-03-18,Electronics,Accessories,West,On-Time,1,312.36,711.48,0.05,14
ORD-15015,2023-09-20,Apparel,Pants,West,On-Time,5,345.51,743.33,0.05,43
ORD-15016,2023-10-04,Electronics,Audio,West,On-Time,2,323.88,581.13,0.0,18
ORD-15017,2023-03-05,Furniture,Tables,South,On-Time,1,253.93,331.3,0.36,89
ORD-15018,2023-05-05,Furniture,Chairs,North,On-Time,4,50.77,62.48,0.64,133
ORD-15019,2023-01-04,Furniture,Chairs,South,On-Time,2,26.32,32.09,0.47,93
ORD-15020,2023-08-01,Electronics,Audio,South,On-Time,4,49.53,111.04,0.05,37
ORD-15021,2023-03-31,Furniture,Tables,West,On-Time,4,157.31,188.76,0.37,114
ORD-15022,2023-11-17,Apparel,Pants,East,On-Time,2,135.54,282.44,0.05,28
ORD-15023,2023-11-01,Furniture,Tables,West,On-Time,3,328.92,413.09,0.39,97
ORD-15024,2023-03-04,Furniture,Chairs,North,On-Time,5,92.18,116.02,0.63,136
ORD-15025,2023-09-21,Electronics,Audio,East,On-Time,5,358.64,762.86,0.0,24
ORD-15026,2023-02-01,Electronics,Computers,South,On-Time,3,145.51,267.09,0.05,37
ORD-15027,2023-07-28,Furniture,Chairs,East,On-Time,1,157.82,181.31,0.39,103
ORD-15028,2023-01-17,Electronics,Accessories,East,On-Time,3,39.45,94.53,0.0,15
ORD-15029,2023-03-16,Furniture,Chairs,East,On-Time,3,77.1,98.6,0.5,157
ORD-15030,2023-11-05,Apparel,Shirts,South,On-Time,2,218.15,504.54,0.0,27
ORD-15031,2023-02-23,Electronics,Accessories,West,On-Time,3,261.49,498.18,0.05,23
ORD-15032,2023-05-09,Electronics,Accessories,West,On-Time,4,140.49,327.82,0.0,26
ORD-15033,2023-04-27,Electronics,Accessories,South,On-Time,3,195.89,349.38,0.05,14
ORD-15034,2023-04-29,Apparel,Footwear,West,On-Time,3,174.0,334.98,0.05,6
ORD-15035,2023-02-05,Apparel,Shirts,West,Delayed - Transit,4,180.61,210.83,0.44,109
ORD-15036,2023-03-20,Apparel,Footwear,South,On-Time,1,126.08,239.75,0.05,19
ORD-15037,2023-11-20,Apparel,Pants,East,On-Time,2,259.94,463.45,0.05,46
ORD-15038,2023-06-15,Electronics,Computers,South,On-Time,3,394.86,934.95,0.0,17
ORD-15039,2023-09-11,Furniture,Tables,East,On-Time,3,104.98,136.59,0.65,97
ORD-15040,2023-05-14,Apparel,Pants,East,On-Time,5,347.39,792.69,0.0,32
ORD-15041,2023-07-18,Electronics,Computers,East,On-Time,1,104.97,181.4,0.05,37
ORD-15042,2023-12-24,Furniture,Desks,South,On-Time,1,398.64,465.99,0.51,119
ORD-15043,2023-01-07,Electronics,Computers,West,Delayed - Transit,5,305.17,401.0,0.63,145
ORD-15044,2023-12-12,Apparel,Pants,North,On-Time,5,44.91,98.75,0.05,26
ORD-15045,2023-12-23,Apparel,Footwear,West,On-Time,5,353.68,628.11,0.0,24
ORD-15046,2023-04-20,Furniture,Chairs,East,On-Time,2,361.77,388.66,0.42,120
ORD-15047,2023-07-06,Electronics,Computers,North,Delayed - Customs,3,66.89,70.81,0.51,113
ORD-15048,2023-10-30,Apparel,Footwear,South,Delayed - Transit,4,226.75,292.05,0.45,103
ORD-15049,2023-06-13,Furniture,Chairs,South,On-Time,4,294.26,393.72,0.63,127
ORD-15050,2023-11-02,Furniture,Chairs,North,On-Time,4,246.3,332.17,0.42,131
ORD-15051,2023-03-18,Electronics,Audio,North,On-Time,4,175.63,330.59,0.0,28
ORD-15052,2023-05-15,Apparel,Pants,East,On-Time,2,205.33,384.86,0.0,26
ORD-15053,2023-02-12,Apparel,Shirts,West,On-Time,5,78.35,158.03,0.0,32
ORD-15054,2023-05-02,Electronics,Accessories,North,Delayed - Transit,2,38.0,44.22,0.39,105
ORD-15055,2023-11-11,Furniture,Tables,South,On-Time,3,118.95,136.36,0.51,106
ORD-15056,2023-07-13,Apparel,Shirts,East,On-Time,3,329.97,554.78,0.0,36
ORD-15057,2023-07-03,Furniture,Tables,West,On-Time,5,309.04,348.58,0.65,146
ORD-15058,2023-10-13,Furniture,Desks,South,On-Time,4,210.36,248.42,0.39,128
ORD-15059,2023-03-16,Apparel,Pants,East,On-Time,1,276.05,573.58,0.05,30
ORD-15060,2023-12-06,Apparel,Shirts,East,Delayed - Transit,4,277.78,292.32,0.59,148
ORD-15061,2023-12-11,Electronics,Computers,West,On-Time,3,137.2,295.29,0.0,40
ORD-15062,2023-11-28,Apparel,Pants,South,Delayed - Transit,4,23.71,28.62,0.45,95
ORD-15063,2023-10-11,Electronics,Audio,West,On-Time,2,285.04,513.49,0.0,49
ORD-15064,2023-05-14,Electronics,Computers,West,On-Time,3,266.31,480.17,0.05,24
ORD-15065,2023-12-08,Apparel,Pants,North,On-Time,1,163.82,262.18,0.0,39
ORD-15066,2023-04-29,Electronics,Computers,North,On-Time,4,24.59,57.27,0.05,27
ORD-15067,2023-06-02,Electronics,Audio,South,Delayed - Customs,4,286.01,355.29,0.51,150
ORD-15068,2023-11-29,Apparel,Pants,South,On-Time,3,205.01,444.45,0.05,17
ORD-15069,2023-10-15,Electronics,Accessories,North,On-Time,3,362.2,581.21,0.05,32
ORD-15070,2023-12-11,Electronics,,West,Delayed - Transit,3,233.68,253.25,0.63,107
ORD-15071,2023-08-26,Electronics,Computers,North,On-Time,2,190.08,365.35,0.05,26
ORD-15072,2023-10-20,Apparel,Footwear,East,Delayed - Transit,5,294.58,355.56,0.49,94
ORD-15073,2023-07-16,Apparel,Pants,North,On-Time,3,329.42,671.22,0.0,17
ORD-15074,2023-12-11,Apparel,Pants,North,On-Time,3,255.06,599.15,0.0,12
ORD-15075,2023-05-16,Furniture,Desks,East,On-Time,4,72.94,77.71,0.46,134
ORD-15076,2023-02-15,Electronics,Accessories,West,On-Time,1,110.09,232.35,0.0,13
ORD-15077,2023-03-24,Electronics,Computers,West,Delayed - Customs,1,299.23,374.96,0.43,123
ORD-15078,2023-09-15,Furniture,,North,On-Time,5,89.21,110.09,0.39,147
ORD-15079,2023-11-06,Electronics,Accessories,West,On-Time,1,246.72,528.29,0.05,30
ORD-15080,2023-04-11,Apparel,Footwear,West,On-Time,1,288.59,665.46,0.0,23
ORD-15081,2023-11-27,Apparel,Pants,West,Delayed - Transit,4,105.39,125.29,0.45,111
ORD-15082,2023-11-18,Furniture,Chairs,East,Delayed - Customs,5,226.94,261.89,0.59,135
ORD-15083,2023-10-18,Furniture,Tables,South,On-Time,3,336.07,417.92,0.59,95
ORD-15084,2023-05-04,Electronics,Accessories,East,On-Time,3,196.86,391.2,0.0,37
ORD-15085,2023-06-06,Electronics,Computers,South,Delayed - Transit,5,59.75,78.77,0.59,95
ORD-15086,2023-05-03,Apparel,Footwear,North,Delayed - Customs,2,265.27,325.77,0.38,117
ORD-15087,2023-04-09,Furniture,Tables,South,On-Time,3,381.03,492.4,0.6,141
ORD-15088,2023-12-04,Apparel,Pants,West,Delayed - Transit,3,360.12,443.82,0.52,141
ORD-15089,2023-11-01,Furniture,Tables,West,Delayed - Customs,5,282.24,331.64,0.0,36
ORD-15090,2023-05-28,Furniture,Chairs,West,Delayed - Customs,2,333.96,359.74,0.52,97
ORD-15091,2023-09-08,Apparel,Footwear,West,On-Time,1,87.69,170.21,0.05,34
ORD-15092,2023-05-04,Apparel,Shirts,South,On-Time,1,20.75,46.8,0.05,37
ORD-15093,2023-03-03,Apparel,Shirts,South,On-Time,3,161.22,299.17,0.0,26
ORD-15094,2023-03-21,Apparel,Shirts,South,On-Time,2,384.44,781.19,0.0,45
ORD-15095,2023-12-12,Electronics,,West,On-Time,3,385.69,908.23,0.0,30
ORD-15096,2023-07-13,Apparel,Pants,East,On-Time,2,311.56,713.74,0.05,30
ORD-15097,2023-08-21,Furniture,Chairs,West,On-Time,1,286.99,342.51,0.4,152
ORD-15098,2023-11-19,Furniture,Desks,North,On-Time,5,364.47,406.86,0.0,80
ORD-15099,2023-07-08,Furniture,Tables,South,On-Time,5,162.59,191.03,0.64,128
ORD-15100,2023-11-23,Furniture,,South,Delayed - Transit,2,379.36,491.28,0.51,143
ORD-15101,2023-10-30,Furniture,Tables,West,On-Time,5,293.27,356.2,0.47,118
ORD-15102,2023-03-21,Furniture,Tables,North,Delayed - Transit,1,378.73,422.63,0.58,120
ORD-15103,2023-05-08,Apparel,Pants,East,On-Time,3,71.18,134.6,0.05,38
ORD-15104,2023-05-14,Electronics,Audio,South,On-Time,3,70.82,137.1,0.05,38
ORD-15105,2023-02-05,Electronics,Computers,North,Delayed - Transit,1,247.06,289.48,0.59,149
ORD-15106,2023-04-01,Apparel,Pants,West,On-Time,4,40.38,96.27,0.0,30
ORD-15107,2023-06-19,Apparel,Pants,East,On-Time,3,219.5,412.99,0.0,28
ORD-15108,2023-08-26,Furniture,Tables,East,Delayed - Customs,5,62.03,70.68,0.44,104
ORD-15109,2023-06-10,Apparel,Pants,East,Delayed - Customs,3,338.85,427.01,0.46,149
ORD-15110,2023-11-17,Apparel,Pants,East,On-Time,1,239.64,422.46,0.0,16
ORD-15111,2023-10-07,Apparel,Shirts,East,On-Time,1,175.78,404.44,0.05,53
ORD-15112,2023-08-27,Furniture,Tables,West,Delayed - Customs,2,343.32,368.99,0.55,143
ORD-15113,2023-12-02,Furniture,Tables,East,Delayed - Transit,5,33.93,43.8,0.61,94
ORD-15114,2023-09-22,Furniture,Tables,South,On-Time,5,320.39,362.23,0.53,91
ORD-15115,2023-11-10,Furniture,,West,On-Time,1,69.37,93.1,0.5,106
ORD-15116,2023-08-01,Apparel,Shirts,North,On-Time,3,269.88,615.58,0.0,28
ORD-15117,2023-03-30,Apparel,Shirts,North,Delayed - Transit,1,312.21,397.01,0.44,102
ORD-15118,2023-08-09,Apparel,Pants,East,On-Time,5,333.67,669.19,0.0,15
ORD-15119,2023-03-04,Electronics,Accessories,South,On-Time,3,264.84,540.76,0.05,46
ORD-15120,2023-08-12,Apparel,Footwear,East,On-Time,5,156.41,334.35,0.0,38
ORD-15121,2023-10-09,Furniture,Tables,West,On-Time,2,183.46,245.16,0.64,155
ORD-15122,2023-08-23,Apparel,Footwear,North,On-Time,3,246.16,451.89,0.05,22
ORD-15123,2023-09-26,Furniture,Chairs,North,On-Time,3,135.1,166.17,0.48,140
ORD-15124,2023-08-08,Apparel,Shirts,North,Delayed - Customs,5,167.35,221.88,0.54,109
ORD-15125,2023-03-26,Furniture,Desks,West,Delayed - Transit,5,221.34,280.61,0.44,137
ORD-15126,2023-12-31,Electronics,Accessories,South,On-Time,4,79.73,162.68,0.0,48
ORD-15127,2023-08-15,Furniture,Chairs,East,On-Time,1,221.02,266.76,0.0,85
ORD-15128,2023-11-22,Apparel,Pants,South,On-Time,5,159.37,370.71,0.0,39
ORD-15129,2023-05-03,Furniture,Tables,West,On-Time,4,121.77,154.56,0.58,126
ORD-15130,2023-07-23,Electronics,Computers,East,On-Time,5,328.0,721.24,0.0,22
ORD-15131,2023-03-03,Apparel,Shirts,West,On-Time,4,348.24,593.44,0.0,12
ORD-15132,2023-02-04,Electronics,Audio,East,On-Time,4,243.19,405.99,0.0,24
ORD-15133,2023-07-27,Electronics,Computers,West,On-Time,3,194.69,363.5,0.05,29
ORD-15134,2023-08-18,Electronics,Audio,South,On-Time,1,30.08,48.81,0.05,34
ORD-15135,2023-01-14,Furniture,Chairs,East,On-Time,3,338.93,399.43,0.48,139
ORD-15136,2023-06-06,Furniture,Tables,East,On-Time,5,275.41,330.02,0.52,95
ORD-15137,2023-07-16,Electronics,Accessories,East,Delayed - Transit,2,359.92,397.99,0.59,108
ORD-15138,2023-05-18,Furniture,Tables,West,Delayed - Transit,1,373.5,428.3,0.37,117
ORD-15139,2023-07-04,Apparel,Footwear,South,On-Time,4,19.87,37.16,0.0,36
ORD-15140,2023-12-17,Electronics,Audio,North,On-Time,4,222.23,376.97,0.0,69
ORD-15141,2023-04-18,Electronics,Accessories,South,On-Time,5,57.14,97.69,0.05,20
ORD-15142,2023-08-27,Apparel,Footwear,North,Delayed - Transit,1,99.55,126.61,0.56,109
ORD-15143,2023-06-04,Apparel,Pants,South,Delayed - Transit,5,238.44,285.72,0.63,93
ORD-15144,2023-03-03,Furniture,Chairs,South,On-Time,4,337.93,411.29,0.62,133
ORD-15145,2023-06-13,Furniture,Tables,West,Delayed - Customs,4,59.76,70.21,0.56,163
ORD-15146,2023-02-18,Furniture,Chairs,East,On-Time,1,217.85,277.12,0.49,137
ORD-15147,2023-03-02,Furniture,Desks,West,On-Time,1,143.69,176.53,0.0,70
ORD-15148,2023-06-27,Furniture,Desks,West,On-Time,3,302.68,359.12,0.48,104
ORD-15149,2023-07-01,Furniture,Chairs,East,On-Time,4,260.06,276.27,0.53,97
ORD-15150,2023-11-09,Apparel,Pants,North,On-Time,2,73.72,174.39,0.05,25
ORD-15151,2023-03-15,Electronics,Computers,North,On-Time,2,149.77,259.07,0.05,23
ORD-15152,2023-10-15,Furniture,Chairs,West,On-Time,4,229.92,257.62,0.53,143
ORD-15153,2023-10-10,Apparel,Shirts,South,On-Time,5,239.88,407.84,0.05,30
ORD-15154,2023-10-02,Apparel,Pants,South,On-Time,3,113.21,224.98,0.05,50
ORD-15155,2023-01-26,Electronics,Audio,West,On-Time,1,136.72,283.28,0.0,36
ORD-15156,2023-09-24,Electronics,Audio,North,On-Time,1,365.27,723.14,0.0,29
ORD-15157,2023-02-16,Furniture,Tables,South,On-Time,2,334.71,390.89,0.62,101
ORD-15158,2023-11-03,Apparel,Footwear,East,On-Time,5,137.77,235.26,0.0,48
ORD-15159,2023-12-30,Electronics,,North,On-Time,4,186.67,346.02,0.0,37
ORD-15160,2023-08-19,Furniture,Desks,North,On-Time,3,343.6,462.8,0.55,134
ORD-15161,2023-06-17,Apparel,Pants,West,On-Time,4,204.33,402.78,0.0,19
ORD-15162,2023-05-17,Furniture,Chairs,North,Delayed - Transit,2,235.0,275.9,0.64,156
ORD-15163,2023-10-11,Furniture,Tables,East,Delayed - Transit,5,18.28,23.61,0.65,118
ORD-15164,2023-09-26,Electronics,Accessories,North,On-Time,5,316.47,667.84,0.05,17
ORD-15165,2023-11-28,Furniture,Tables,East,Delayed - Transit,1,49.94,52.66,0.6,129
ORD-15166,2023-02-22,Furniture,Chairs,North,On-Time,4,89.74,112.65,0.64,147
ORD-15167,2023-04-02,Apparel,Shirts,East,On-Time,4,191.32,313.3,0.0,50
ORD-15168,2023-11-08,Furniture,Desks,South,Delayed - Customs,2,387.97,429.98,0.39,95
ORD-15169,2023-11-21,Furniture,Desks,West,On-Time,2,386.81,432.63,0.56,167
ORD-15170,2023-06-05,Electronics,Computers,West,Delayed - Customs,1,276.31,351.93,0.48,99
ORD-15171,2023-01-24,Furniture,Chairs,South,Delayed - Transit,3,240.59,268.5,0.4,110
ORD-15172,2023-10-22,Electronics,Audio,South,On-Time,4,108.95,255.12,0.05,22
ORD-15173,2023-09-07,Furniture,Tables,East,On-Time,2,267.65,327.22,0.05,81
ORD-15174,2023-03-15,Furniture,Desks,East,Delayed - Transit,3,183.43,210.47,0.49,114
ORD-15175,2023-09-07,Apparel,Shirts,South,Delayed - Transit,1,217.6,253.08,0.05,60
ORD-15176,2023-03-05,Apparel,Pants,North,On-Time,3,88.21,210.32,0.0,15
ORD-15177,2023-09-07,Electronics,Accessories,North,On-Time,2,200.18,369.9,0.0,34
ORD-15178,2023-09-18,Apparel,Pants,East,Delayed - Transit,5,206.65,278.36,0.63,106
ORD-15179,2023-12-29,Furniture,Desks,West,Delayed - Customs,3,311.34,400.36,0.53,98
ORD-15180,2023-03-09,Apparel,Pants,North,On-Time,5,175.96,333.52,0.0,30
ORD-15181,2023-03-16,Electronics,Accessories,South,On-Time,4,282.56,506.22,0.05,19
ORD-15182,2023-02-15,Furniture,Tables,East,On-Time,3,157.66,176.36,0.46,119
ORD-15183,2023-04-17,Apparel,Footwear,South,On-Time,2,197.88,425.12,0.0,29
ORD-15184,2023-08-02,Electronics,Audio,West,On-Time,2,282.49,533.74,0.0,33
ORD-15185,2023-05-05,Electronics,Computers,East,On-Time,2,134.22,248.97,0.0,45
ORD-15186,2023-10-11,Apparel,Pants,East,Delayed - Customs,2,399.08,452.99,0.55,115
ORD-15187,2023-05-02,Furniture,Tables,East,On-Time,5,156.21,167.54,0.6,135
ORD-15188,2023-06-17,Apparel,Footwear,North,Delayed - Transit,2,332.81,396.11,0.44,102
ORD-15189,2023-03-26,Furniture,Desks,West,On-Time,3,370.61,439.74,0.05,85
ORD-15190,2023-12-02,Electronics,Audio,South,Delayed - Transit,4,18.89,22.62,0.46,120
ORD-15191,2023-01-28,Furniture,Desks,South,Delayed - Transit,4,160.12,179.82,0.51,96
ORD-15192,2023-05-18,Apparel,Shirts,North,On-Time,5,259.49,614.8,0.05,15
ORD-15193,2023-08-23,Furniture,Chairs,North,On-Time,3,286.28,374.65,0.63,113
ORD-15194,2023-11-20,Electronics,Accessories,South,Delayed - Customs,4,219.68,287.75,0.37,95
ORD-15195,2023-05-03,Furniture,Chairs,West,On-Time,1,136.13,172.86,0.39,152
ORD-15196,2023-09-13,Electronics,Audio,West,On-Time,2,186.69,339.44,0.0,27
ORD-15197,2023-09-04,Furniture,Desks,North,On-Time,1,201.32,217.61,0.63,89
ORD-15198,2023-05-22,Furniture,Tables,South,Delayed - Transit,2,259.25,320.88,0.56,163
ORD-15199,2023-02-09,Electronics,Audio,North,On-Time,1,364.25,687.78,0.05,38
ORD-15200,2023-07-30,Furniture,Tables,East,Delayed - Customs,3,38.88,51.7,0.63,110
ORD-15201,2023-12-20,Furniture,Desks,West,On-Time,4,329.89,426.89,0.0,60
ORD-15202,2023-05-06,Electronics,Accessories,West,Delayed - Transit,4,156.88,207.58,0.0,72
ORD-15203,2023-06-01,Electronics,Audio,West,On-Time,1,318.67,695.31,0.05,34
ORD-15204,2023-04-13,Apparel,Footwear,East,On-Time,2,265.12,444.44,0.05,35
ORD-15205,2023-10-25,Furniture,Chairs,West,On-Time,5,85.81,114.63,0.38,125
ORD-15206,2023-02-15,Furniture,Tables,East,On-Time,4,69.92,74.68,0.52,94
ORD-15207,2023-12-19,Electronics,Accessories,West,On-Time,3,140.35,312.84,0.0,16
ORD-15208,2023-12-19,Furniture,Tables,South,On-Time,4,91.31,115.05,0.0,69
ORD-15209,2023-06-18,Electronics,Computers,South,On-Time,5,351.06,773.44,0.05,5
ORD-15210,2023-05-20,Apparel,Pants,South,On-Time,1,88.98,142.94,0.05,22
ORD-15211,2023-07-13,Apparel,Footwear,South,On-Time,1,72.41,157.25,0.0,22
ORD-15212,2023-01-29,Electronics,Audio,West,On-Time,2,249.78,512.64,0.05,40
ORD-15213,2023-12-13,Electronics,Audio,North,On-Time,4,160.32,286.11,0.0,40
ORD-15214,2023-03-25,Apparel,Shirts,South,On-Time,2,274.44,640.17,0.05,34
ORD-15215,2023-12-18,Apparel,Footwear,West,On-Time,2,225.61,419.34,0.05,35
ORD-15216,2023-09-07,Furniture,Desks,West,On-Time,4,309.22,401.25,0.62,89
ORD-15217,2023-11-03,Apparel,Pants,North,On-Time,3,245.72,512.3,0.0,15
ORD-15218,2023-10-17,Furniture,Desks,West,On-Time,1,43.97,57.62,0.56,115
ORD-15219,2023-03-11,Electronics,Computers,North,On-Time,4,258.35,419.78,0.05,35
ORD-15220,2023-01-31,Electronics,Accessories,North,On-Time,1,260.1,556.31,0.0,47
ORD-15221,2023-03-19,Electronics,Computers,West,On-Time,3,91.08,204.94,0.0,32
ORD-15222,2023-09-01,Electronics,Computers,West,On-Time,2,94.14,159.91,0.05,40
ORD-15223,2023-08-31,Apparel,Footwear,East,Delayed - Transit,1,208.27,277.57,0.51,102
ORD-15224,2023-05-19,Electronics,Accessories,West,On-Time,3,69.27,154.98,0.05,26
ORD-15225,2023-04-25,Apparel,Footwear,North,Delayed - Transit,5,26.08,31.19,0.44,119
ORD-15226,2023-07-13,Furniture,Tables,North,On-Time,1,374.83,470.92,0.36,99
ORD-15227,2023-09-25,Apparel,Shirts,North,On-Time,2,37.59,86.75,0.0,34
ORD-15228,2023-04-06,Electronics,Accessories,South,On-Time,1,244.54,579.58,0.05,34
ORD-15229,2023-12-24,Electronics,Audio,East,On-Time,2,391.39,849.05,0.0,17
ORD-15230,2023-04-25,Apparel,Footwear,South,On-Time,2,52.39,108.23,0.05,51
ORD-15231,2023-02-07,Electronics,Computers,North,On-Time,2,350.02,756.87,0.0,49
ORD-15232,2023-02-07,Apparel,Footwear,South,On-Time,4,208.91,396.84,0.0,29
ORD-15233,2023-09-27,Apparel,Pants,South,Delayed - Transit,4,114.95,138.35,0.47,109
ORD-15234,2023-09-04,Apparel,Shirts,East,On-Time,1,257.1,520.9,0.0,42
ORD-15235,2023-03-22,Furniture,Tables,North,On-Time,2,41.1,43.3,0.44,120
ORD-15236,2023-01-14,Apparel,Footwear,East,On-Time,2,372.44,772.51,0.0,30
ORD-15237,2023-01-15,Electronics,Audio,West,On-Time,3,60.07,141.4,0.05,30
ORD-15238,2023-03-02,Furniture,Desks,West,On-Time,3,50.4,63.53,0.54,105
ORD-15239,2023-12-20,Apparel,Pants,South,On-Time,5,132.74,285.53,0.05,1
ORD-15240,2023-06-13,Furniture,Tables,East,On-Time,2,137.58,150.21,0.49,136
ORD-15241,2023-04-23,Electronics,Accessories,West,On-Time,4,75.31,131.11,0.0,45
ORD-15242,2023-06-22,Furniture,Tables,North,On-Time,2,107.45,134.24,0.37,129
ORD-15243,2023-11-04,Electronics,Computers,North,On-Time,5,74.31,141.72,0.0,29
ORD-15244,2023-02-09,Furniture,Desks,South,On-Time,5,349.37,411.01,0.44,150
ORD-15245,2023-08-24,Apparel,Pants,West,On-Time,4,54.38,117.73,0.05,25
ORD-15246,2023-02-27,Electronics,Computers,West,On-Time,5,329.65,600.81,0.05,22
ORD-15247,2023-10-27,Furniture,Chairs,East,On-Time,4,361.85,440.07,0.05,72
ORD-15248,2023-06-06,Furniture,Desks,West,On-Time,5,329.84,355.25,0.53,149
ORD-15249,2023-08-24,Furniture,Tables,South,On-Time,1,138.49,173.94,0.4,134
ORD-15250,2023-03-17,Electronics,Audio,North,Delayed - Transit,3,126.47,152.47,0.48,140
ORD-15251,2023-04-04,Furniture,Chairs,South,On-Time,1,83.46,103.69,0.49,111
ORD-15252,2023-05-20,Apparel,Shirts,South,On-Time,1,73.96,131.16,0.05,36
ORD-15253,2023-03-17,Apparel,Shirts,South,On-Time,1,27.45,59.93,0.05,44
ORD-15254,2023-03-17,Apparel,Shirts,West,On-Time,2,398.25,689.63,0.0,30
ORD-15255,2023-11-03,Furniture,Tables,North,On-Time,4,15.68,20.37,0.44,115
ORD-15256,2023-06-27,Electronics,Computers,North,On-Time,1,323.8,585.78,0.0,55
ORD-15257,2023-02-05,Electronics,Computers,South,Delayed - Transit,4,343.38,427.22,0.47,110
ORD-15258,2023-12-05,Electronics,Computers,North,On-Time,4,31.1,74.28,0.0,42
ORD-15259,2023-10-27,Apparel,Footwear,West,Delayed - Customs,1,209.09,257.39,0.36,99
ORD-15260,2023-07-14,Apparel,Pants,West,On-Time,1,275.93,521.42,0.05,35
ORD-15261,2023-08-23,Apparel,Pants,East,Delayed - Transit,1,323.9,392.8,0.44,97
ORD-15262,2023-01-02,Electronics,Accessories,North,On-Time,4,222.15,420.77,0.0,36
ORD-15263,2023-04-18,Electronics,Computers,West,Delayed - Transit,1,147.94,167.85,0.64,135
ORD-15264,2023-08-01,Electronics,Accessories,South,Delayed - Transit,1,321.68,429.17,0.43,92
ORD-15265,2023-07-04,Electronics,Accessories,West,On-Time,3,40.18,93.77,0.0,22
ORD-15266,2023-02-28,Electronics,Accessories,North,On-Time,4,339.13,669.06,0.05,34
ORD-15267,2023-06-09,Electronics,Audio,South,Delayed - Customs,3,218.6,257.73,0.54,108
ORD-15268,2023-07-23,Apparel,Pants,East,On-Time,1,87.9,201.76,0.0,37
ORD-15269,2023-08-20,Electronics,Accessories,East,On-Time,1,178.15,318.27,0.0,16
ORD-15270,2023-09-29,Furniture,Chairs,South,On-Time,2,51.47,55.36,0.53,94
ORD-15271,2023-02-14,Electronics,Audio,North,On-Time,4,101.16,173.1,0.05,30
ORD-15272,2023-05-22,Furniture,Tables,North,On-Time,4,343.33,444.26,0.4,141
ORD-15273,2023-03-13,Furniture,Tables,East,On-Time,2,322.09,417.11,0.38,91
ORD-15274,2023-12-13,Electronics,Audio,East,On-Time,4,333.29,676.79,0.0,25
ORD-15275,2023-12-18,Apparel,Shirts,South,On-Time,2,382.97,728.81,0.0,44
ORD-15276,2023-10-28,Electronics,Accessories,North,On-Time,4,17.86,38.92,0.05,25
ORD-15277,2023-12-29,Furniture,Tables,East,On-Time,1,272.18,290.42,0.54,103
ORD-15278,2023-08-23,Furniture,Tables,East,On-Time,5,306.23,403.42,0.51,144
ORD-15279,2023-11-13,Furniture,Chairs,West,Delayed - Customs,1,245.2,261.05,0.38,131
ORD-15280,2023-11-29,Apparel,Shirts,East,On-Time,3,315.06,660.34,0.05,32
ORD-15281,2023-12-12,Furniture,Tables,East,On-Time,3,303.55,323.34,0.37,96
ORD-15282,2023-02-18,Furniture,Desks,West,On-Time,5,339.53,397.58,0.41,125
ORD-15283,2023-06-15,Electronics,Audio,West,On-Time,3,188.21,413.66,0.0,19
ORD-15284,2023-05-18,Electronics,Computers,West,Delayed - Customs,4,66.02,70.25,0.05,81
ORD-15285,2023-08-30,Apparel,Footwear,West,On-Time,4,61.31,144.0,0.0,37
ORD-15286,2023-01-15,Apparel,Footwear,North,Delayed - Transit,3,15.74,18.08,0.54,111
ORD-15287,2023-07-12,Electronics,Computers,East,Delayed - Transit,4,312.84,338.71,0.45,109
ORD-15288,2023-09-16,Electronics,Audio,North,Delayed - Customs,5,191.18,236.01,0.51,101
ORD-15289,2023-05-20,Furniture,Tables,West,On-Time,4,399.26,431.28,0.52,105
ORD-15290,2023-03-11,Apparel,Pants,West,Delayed - Transit,5,107.92,141.94,0.46,128
ORD-15291,2023-06-06,Electronics,Computers,West,Delayed - Transit,2,173.56,232.47,0.45,116
ORD-15292,2023-06-17,Apparel,Footwear,West,On-Time,5,109.74,225.86,0.0,37
ORD-15293,2023-02-24,Apparel,Shirts,North,Delayed - Transit,2,214.02,257.07,0.0,57
ORD-15294,2023-10-29,Apparel,Pants,West,On-Time,5,254.02,451.71,0.0,1
ORD-15295,2023-07-22,Apparel,Footwear,North,On-Time,3,211.39,353.96,0.0,19
ORD-15296,2023-08-29,Furniture,Desks,South,Delayed - Customs,3,256.12,284.68,0.52,126
ORD-15297,2023-06-15,Apparel,Shirts,West,On-Time,4,198.46,403.08,0.05,36
ORD-15298,2023-05-10,Apparel,Pants,North,On-Time,3,289.81,598.37,0.05,48
ORD-15299,2023-11-01,Electronics,Accessories,South,On-Time,5,65.54,144.36,0.0,46
ORD-15300,2023-09-16,Apparel,Footwear,South,On-Time,4,230.02,506.72,0.0,32
ORD-15301,2023-08-21,Apparel,Footwear,West,On-Time,1,364.59,755.95,0.05,40
ORD-15302,2023-07-09,Electronics,Accessories,North,On-Time,5,331.02,598.64,0.0,13
ORD-15303,2023-12-27,Apparel,Footwear,South,Delayed - Customs,3,108.54,128.39,0.58,133
ORD-15304,2023-11-22,Electronics,Accessories,South,On-Time,2,220.79,502.78,0.0,24
ORD-15305,2023-06-10,Apparel,Shirts,South,On-Time,5,121.71,267.84,0.05,27
ORD-15306,2023-02-06,Electronics,Audio,East,On-Time,4,281.41,674.83,0.0,33
ORD-15307,2023-08-12,Electronics,Accessories,East,On-Time,4,290.22,640.88,0.0,37
ORD-15308,2023-04-25,Furniture,Desks,South,On-Time,4,114.01,134.7,0.58,116
ORD-15309,2023-04-25,Apparel,Footwear,North,On-Time,1,26.08,56.95,0.05,5
ORD-15310,2023-05-18,Electronics,Computers,East,Delayed - Transit,1,258.14,315.23,0.6,90
ORD-15311,2023-11-18,Apparel,Pants,North,On-Time,4,194.7,394.77,0.05,45
ORD-15312,2023-11-14,Electronics,Accessories,South,On-Time,5,215.86,406.11,0.0,30
ORD-15313,2023-03-25,Electronics,Audio,East,On-Time,3,136.9,230.85,0.0,35
ORD-15314,2023-04-16,Apparel,Pants,North,On-Time,1,73.89,158.91,0.0,45
ORD-15315,2023-04-01,Apparel,Footwear,East,On-Time,1,182.82,378.8,0.05,8
ORD-15316,2023-07-15,Apparel,Pants,North,On-Time,1,373.46,639.04,0.0,37
ORD-15317,2023-09-14,Furniture,Tables,North,Delayed - Transit,1,164.25,207.18,0.41,172
ORD-15318,2023-04-11,Furniture,Desks,North,On-Time,3,273.42,308.53,0.45,97
ORD-15319,2023-09-01,Furniture,Desks,South,On-Time,1,191.24,234.96,0.6,97
ORD-15320,2023-03-06,Apparel,Shirts,South,On-Time,3,207.03,386.68,0.0,17
ORD-15321,2023-06-19,Electronics,Computers,North,On-Time,3,296.98,493.38,0.0,34
ORD-15322,2023-10-15,Apparel,Footwear,South,On-Time,5,369.93,829.17,0.0,52
ORD-15323,2023-09-22,Apparel,Footwear,West,Delayed - Transit,3,69.93,81.9,0.4,131
ORD-15324,2023-01-07,Apparel,Pants,South,On-Time,3,265.19,516.46,0.05,33
ORD-15325,2023-02-24,Furniture,Tables,South,On-Time,5,337.14,426.26,0.44,121
ORD-15326,2023-01-09,Electronics,Computers,North,On-Time,3,342.77,683.7,0.05,18
ORD-15327,2023-03-23,Furniture,Chairs,South,Delayed - Customs,2,61.8,69.49,0.51,120
ORD-15328,2023-06-13,Electronics,Computers,North,On-Time,2,268.81,609.9,0.0,47
ORD-15329,2023-10-18,Electronics,Accessories,North,Delayed - Customs,1,145.71,180.69,0.45,88
ORD-15330,2023-01-23,Apparel,Pants,West,Delayed - Customs,2,380.77,504.94,0.45,122
ORD-15331,2023-06-10,Electronics,Accessories,West,On-Time,5,269.85,462.9,0.05,39
ORD-15332,2023-10-11,Electronics,Audio,East,Delayed - Transit,4,258.21,323.94,0.44,159
ORD-15333,2023-10-07,Apparel,Footwear,South,On-Time,2,242.49,573.23,0.05,34
ORD-15334,2023-02-11,Electronics,Computers,East,On-Time,5,107.89,247.26,0.05,38
ORD-15335,2023-04-08,Electronics,Computers,East,On-Time,1,389.22,706.69,0.05,9
ORD-15336,2023-10-01,Furniture,Chairs,South,Delayed - Customs,2,394.95,415.92,0.44,89
ORD-15337,2023-10-28,Furniture,Desks,East,On-Time,5,317.17,408.24,0.0,67
ORD-15338,2023-01-22,Furniture,Chairs,East,On-Time,2,260.52,303.48,0.47,92
ORD-15339,2023-02-23,Apparel,Footwear,East,Delayed - Transit,1,34.52,37.5,0.61,126
ORD-15340,2023-08-09,Furniture,Chairs,South,On-Time,5,43.69,58.44,0.55,113
ORD-15341,2023-01-02,Furniture,Desks,West,Delayed - Transit,3,89.11,95.75,0.36,92
ORD-15342,2023-09-07,Apparel,Pants,East,On-Time,2,374.09,753.61,0.0,27
ORD-15343,2023-04-18,Furniture,Chairs,South,On-Time,5,276.98,340.98,0.55,123
ORD-15344,2023-08-16,Furniture,Tables,East,On-Time,5,281.09,316.77,0.38,123
ORD-15345,2023-08-04,Apparel,Shirts,West,On-Time,2,157.71,260.47,0.05,32
ORD-15346,2023-09-16,Furniture,Desks,South,Delayed - Transit,3,359.08,425.55,0.0,70
ORD-15347,2023-12-31,Electronics,Accessories,South,Delayed - Transit,5,392.28,484.46,0.38,104
ORD-15348,2023-05-15,Furniture,Desks,North,On-Time,1,354.06,469.67,0.63,95
ORD-15349,2023-11-18,Electronics,Computers,South,Delayed - Transit,2,265.72,353.93,0.05,65
ORD-15350,2023-06-10,Apparel,Footwear,East,On-Time,3,294.79,654.98,0.05,29
ORD-15351,2023-01-05,Electronics,Accessories,North,On-Time,4,301.41,575.35,0.0,49
ORD-15352,2023-05-28,Apparel,Footwear,East,Delayed - Transit,3,327.92,372.4,0.58,87
ORD-15353,2023-05-15,Apparel,Shirts,West,On-Time,3,304.68,532.88,0.0,2
ORD-15354,2023-07-31,Apparel,Pants,West,On-Time,2,183.92,389.56,0.0,24
ORD-15355,2023-08-24,Apparel,Pants,North,On-Time,2,320.68,562.09,0.0,31
ORD-15356,2023-10-02,Electronics,Computers,East,On-Time,5,347.84,636.3,0.05,36
ORD-15357,2023-12-28,Apparel,Footwear,West,Delayed - Transit,3,306.76,410.29,0.58,152
ORD-15358,2023-12-31,Apparel,Shirts,East,Delayed - Transit,4,205.71,259.66,0.0,82
ORD-15359,2023-01-16,Furniture,Desks,East,On-Time,3,236.26,278.43,0.36,97
ORD-15360,2023-10-04,Apparel,Shirts,East,On-Time,5,207.73,408.81,0.05,13
ORD-15361,2023-07-10,Furniture,Desks,South,Delayed - Transit,3,218.35,254.05,0.51,125
ORD-15362,2023-08-15,Electronics,Audio,East,Delayed - Transit,2,333.5,443.77,0.58,132
ORD-15363,2023-05-05,Furniture,Desks,South,Delayed - Customs,2,215.88,291.22,0.65,149
ORD-15364,2023-11-12,Electronics,Accessories,West,On-Time,4,242.62,540.14,0.0,25
ORD-15365,2023-08-12,Electronics,Audio,West,On-Time,5,151.74,284.25,0.05,48
ORD-15366,2023-10-05,Electronics,Computers,West,Delayed - Customs,2,27.78,31.56,0.59,100
ORD-15367,2023-01-13,Apparel,Shirts,East,On-Time,1,317.65,699.46,0.05,19
ORD-15368,2023-12-16,Furniture,Chairs,South,On-Time,2,196.14,221.23,0.0,77
ORD-15369,2023-02-13,Electronics,Accessories,East,On-Time,2,322.49,623.71,0.05,57
ORD-15370,2023-06-18,Apparel,Pants,South,On-Time,2,127.36,224.2,0.0,29
ORD-15371,2023-05-21,Electronics,Audio,East,On-Time,1,263.31,430.14,0.05,31
ORD-15372,2023-04-20,Furniture,Chairs,West,On-Time,3,152.04,186.04,0.63,135
ORD-15373,2023-02-12,Furniture,Chairs,North,On-Time,5,81.5,103.1,0.62,93
ORD-15374,2023-12-31,Furniture,Tables,North,On-Time,3,223.21,276.12,0.41,110
ORD-15375,2023-08-22,Apparel,,West,On-Time,3,247.72,520.93,0.05,36
ORD-15376,2023-04-26,Furniture,Chairs,East,On-Time,5,45.73,55.68,0.65,111
ORD-15377,2023-05-01,Apparel,Pants,South,Delayed - Transit,4,378.47,438.99,0.49,97
ORD-15378,2023-07-15,Furniture,,West,On-Time,1,158.53,183.73,0.53,98
ORD-15379,2023-03-02,Furniture,Desks,West,On-Time,3,399.98,495.52,0.42,145
ORD-15380,2023-10-02,Furniture,Chairs,North,Delayed - Transit,4,355.73,435.47,0.52,131
ORD-15381,2023-10-02,Electronics,Accessories,East,On-Time,5,340.74,701.79,0.05,38
ORD-15382,2023-02-13,Apparel,Shirts,North,On-Time,2,311.93,548.88,0.05,32
ORD-15383,2023-07-28,Apparel,Pants,North,On-Time,5,217.24,450.57,0.05,20
ORD-15384,2023-02-08,Furniture,Chairs,East,Delayed - Transit,2,278.41,292.4,0.42,91
ORD-15385,2023-01-22,Furniture,Tables,East,On-Time,3,67.38,90.02,0.56,109
ORD-15386,2023-02-01,Furniture,Desks,South,On-Time,2,50.02,64.84,0.36,99
ORD-15387,2023-12-21,Apparel,Footwear,North,Delayed - Customs,3,301.05,329.45,0.57,134
ORD-15388,2023-07-17,Apparel,,South,On-Time,1,82.96,137.62,0.05,25
ORD-15389,2023-06-08,Furniture,,North,On-Time,3,52.91,66.99,0.64,106
ORD-15390,2023-10-06,Furniture,Tables,East,On-Time,2,129.31,138.23,0.0,68
ORD-15391,2023-10-26,Furniture,Desks,North,On-Time,5,31.12,38.37,0.4,103
ORD-15392,2023-07-18,Apparel,Pants,South,On-Time,5,152.31,302.95,0.0,10
ORD-15393,2023-10-15,Apparel,Footwear,East,On-Time,4,244.17,478.45,0.05,8
ORD-15394,2023-09-01,Furniture,Chairs,West,On-Time,5,144.61,178.01,0.05,78
ORD-15395,2023-01-07,Apparel,Footwear,East,On-Time,4,287.8,575.65,0.0,19
ORD-15396,2023-06-11,Electronics,Accessories,West,On-Time,4,258.11,426.71,0.05,22
ORD-15397,2023-11-05,Electronics,Audio,East,On-Time,4,137.91,275.7,0.0,29
ORD-15398,2023-06-24,Furniture,Tables,East,On-Time,3,200.29,211.85,0.5,106
ORD-15399,2023-01-02,Furniture,Tables,East,Delayed - Transit,1,371.48,474.11,0.49,105
ORD-15400,2023-04-05,Apparel,Shirts,South,On-Time,1,196.79,374.94,0.0,28
ORD-15401,2023-07-25,Apparel,Shirts,East,On-Time,5,352.14,678.85,0.0,47
ORD-15402,2023-08-09,Electronics,Accessories,South,On-Time,4,340.9,571.46,0.05,40
ORD-15403,2023-11-09,Furniture,Chairs,East,On-Time,2,154.92,181.5,0.53,133
ORD-15404,2023-05-24,Electronics,Audio,North,Delayed - Transit,5,298.97,378.5,0.47,100
ORD-15405,2023-04-17,Apparel,Pants,South,On-Time,5,366.72,871.98,0.0,22
ORD-15406,2023-07-05,Furniture,Chairs,South,On-Time,3,332.94,357.44,0.0,68
ORD-15407,2023-05-14,Furniture,Desks,East,On-Time,3,351.61,442.6,0.55,136
ORD-15408,2023-07-04,Apparel,Pants,South,On-Time,2,172.13,312.81,0.05,35
ORD-15409,2023-11-30,Furniture,Desks,West,On-Time,1,44.07,55.41,0.42,125
ORD-15410,2023-10-19,Apparel,Shirts,South,On-Time,1,343.38,618.07,0.05,44
ORD-15411,2023-06-27,Apparel,Footwear,West,On-Time,2,392.1,669.8,0.0,29
ORD-15412,2023-06-16,Apparel,Footwear,South,On-Time,3,127.0,206.4,0.0,23
ORD-15413,2023-12-27,Furniture,Desks,West,On-Time,5,378.48,472.86,0.49,131
ORD-15414,2023-04-28,Apparel,Pants,South,Delayed - Customs,3,138.77,148.17,0.0,77
ORD-15415,2023-11-20,Furniture,Chairs,West,On-Time,2,99.88,105.57,0.36,160
ORD-15416,2023-08-01,Furniture,Desks,South,On-Time,4,236.51,300.46,0.42,93
ORD-15417,2023-03-13,Furniture,Tables,West,On-Time,4,293.02,361.89,0.49,100
ORD-15418,2023-01-11,Apparel,Footwear,South,On-Time,3,293.69,578.45,0.0,39
ORD-15419,2023-02-03,Electronics,Computers,North,On-Time,1,23.13,43.8,0.0,26
ORD-15420,2023-10-28,Apparel,Footwear,North,On-Time,3,37.28,85.85,0.0,27
ORD-15421,2023-04-14,Electronics,Accessories,West,On-Time,1,327.69,743.57,0.05,14
ORD-15422,2023-11-12,Furniture,Desks,South,On-Time,4,130.68,140.54,0.5,88
ORD-15423,2023-08-15,Apparel,Shirts,South,On-Time,4,94.61,211.88,0.0,31
ORD-15424,2023-04-28,Apparel,Pants,South,On-Time,1,203.14,456.94,0.0,37
ORD-15425,2023-12-09,Apparel,Pants,North,On-Time,1,174.43,303.77,0.0,33
ORD-15426,2023-10-28,Furniture,Tables,East,Delayed - Customs,5,330.51,352.65,0.43,115
ORD-15427,2023-01-16,Furniture,Tables,East,On-Time,2,158.26,179.58,0.5,97
ORD-15428,2023-10-01,Electronics,Accessories,North,On-Time,1,32.6,73.63,0.05,50
ORD-15429,2023-07-16,Apparel,Pants,South,Delayed - Customs,3,48.64,52.39,0.45,106
ORD-15430,2023-05-13,Electronics,,North,Delayed - Transit,4,28.84,32.88,0.05,75
ORD-15431,2023-07-15,Electronics,Accessories,West,On-Time,4,232.7,491.02,0.0,26
ORD-15432,2023-02-13,Furniture,Desks,South,On-Time,2,119.84,134.47,0.62,135
ORD-15433,2023-02-12,Apparel,Footwear,East,On-Time,2,358.7,800.6,0.0,6
ORD-15434,2023-06-13,Furniture,,North,On-Time,4,141.96,164.25,0.58,157
ORD-15435,2023-03-16,Furniture,Desks,South,On-Time,1,336.6,378.32,0.57,112
ORD-15436,2023-06-18,Electronics,Computers,East,On-Time,1,116.29,273.15,0.05,38
ORD-15437,2023-03-08,Apparel,Shirts,East,On-Time,1,279.54,565.64,0.05,10
ORD-15438,2023-02-24,Electronics,Accessories,South,Delayed - Transit,2,383.48,408.53,0.37,124
ORD-15439,2023-07-13,Apparel,Shirts,North,On-Time,1,248.57,533.69,0.0,32
ORD-15440,2023-04-27,Electronics,Accessories,West,On-Time,1,267.79,550.88,0.0,25
ORD-15441,2023-11-19,Furniture,Desks,East,On-Time,5,16.98,20.59,0.47,104
ORD-15442,2023-10-09,Electronics,Accessories,West,On-Time,3,380.18,721.9,0.0,30
ORD-15443,2023-07-21,Electronics,Computers,West,On-Time,5,251.17,434.23,0.05,23
ORD-15444,2023-05-29,Apparel,Footwear,South,Delayed - Transit,5,362.69,382.71,0.43,107
ORD-15445,2023-07-07,Apparel,Pants,West,Delayed - Transit,2,109.14,137.13,0.41,92
ORD-15446,2023-07-18,Electronics,Accessories,East,On-Time,3,23.12,41.95,0.05,22
ORD-15447,2023-02-06,Furniture,Desks,North,On-Time,5,55.71,59.09,0.5,120
ORD-15448,2023-12-19,Furniture,Desks,South,On-Time,3,90.81,107.12,0.64,91
ORD-15449,2023-07-11,Apparel,Footwear,East,On-Time,5,211.21,353.85,0.0,27
ORD-15450,2023-11-27,Furniture,Chairs,West,On-Time,3,46.25,60.47,0.63,153
ORD-15451,2023-12-22,Electronics,Audio,West,On-Time,5,45.95,102.43,0.05,8
ORD-15452,2023-07-26,Furniture,Tables,West,Delayed - Transit,4,51.74,67.08,0.48,110
ORD-15453,2023-02-23,Apparel,Pants,East,On-Time,2,356.44,773.92,0.0,40
ORD-15454,2023-04-07,Electronics,Computers,West,On-Time,1,378.36,829.27,0.0,15
ORD-15455,2023-07-11,Furniture,Desks,West,Delayed - Customs,1,378.02,509.84,0.53,134
ORD-15456,2023-11-21,Furniture,Desks,East,On-Time,3,230.45,297.01,0.46,94
ORD-15457,2023-08-14,Apparel,Footwear,West,On-Time,5,60.46,140.71,0.0,45
ORD-15458,2023-04-02,Electronics,Accessories,South,On-Time,1,173.29,403.43,0.0,27
ORD-15459,2023-08-22,Electronics,Audio,South,On-Time,3,293.51,588.68,0.0,22
ORD-15460,2023-09-04,Electronics,Accessories,North,On-Time,5,18.98,34.53,0.0,27
ORD-15461,2023-10-28,Apparel,Shirts,West,Delayed - Transit,2,122.48,144.85,0.62,134
ORD-15462,2023-03-02,Apparel,Pants,West,On-Time,3,47.9,93.29,0.05,16
ORD-15463,2023-06-18,Electronics,Accessories,East,On-Time,3,369.42,827.47,0.05,24
ORD-15464,2023-07-20,Apparel,Footwear,West,On-Time,1,56.17,133.0,0.0,20
ORD-15465,2023-01-01,Furniture,Tables,West,On-Time,5,109.15,119.19,0.51,128
ORD-15466,2023-08-09,Apparel,Shirts,South,Delayed - Transit,5,180.85,234.02,0.54,123
ORD-15467,2023-05-31,Apparel,Footwear,East,On-Time,2,68.23,118.39,0.0,23
ORD-15468,2023-03-16,Furniture,Chairs,North,Delayed - Transit,4,119.12,157.65,0.4,101
ORD-15469,2023-11-08,Furniture,Chairs,West,On-Time,2,395.45,422.47,0.36,114
ORD-15470,2023-05-10,Furniture,Chairs,South,On-Time,1,25.9,31.41,0.45,116
ORD-15471,2023-01-12,Apparel,Footwear,West,Delayed - Customs,1,87.71,107.7,0.65,166
ORD-15472,2023-02-12,Apparel,Pants,North,On-Time,3,208.68,483.24,0.0,28
ORD-15473,2023-05-24,Apparel,Shirts,North,On-Time,1,347.11,761.96,0.0,52
ORD-15474,2023-02-25,Electronics,Audio,South,On-Time,5,79.44,140.48,0.05,55
ORD-15475,2023-02-19,Furniture,Chairs,East,On-Time,1,275.43,353.6,0.35,102
ORD-15476,2023-10-12,Apparel,Shirts,East,Delayed - Customs,3,117.78,146.42,0.55,127
ORD-15477,2023-11-15,Apparel,Shirts,West,On-Time,5,231.89,383.77,0.05,25
ORD-15478,2023-07-20,Electronics,Computers,North,On-Time,5,139.79,310.93,0.0,38
ORD-15479,2023-03-15,Furniture,Tables,East,On-Time,4,201.54,212.47,0.53,119
ORD-15480,2023-06-15,Furniture,Tables,South,On-Time,4,118.11,158.33,0.35,153
ORD-15481,2023-08-15,Electronics,Accessories,North,On-Time,5,256.66,456.23,0.05,20
ORD-15482,2023-01-23,Apparel,Footwear,West,On-Time,3,263.95,501.61,0.05,38
ORD-15483,2023-09-05,Electronics,Audio,South,Delayed - Customs,4,268.04,303.2,0.56,123
ORD-15484,2023-02-13,Furniture,Chairs,East,On-Time,1,337.1,405.89,0.05,82
ORD-15485,2023-08-28,Furniture,Tables,North,Delayed - Transit,5,200.88,246.49,0.37,117
ORD-15486,2023-10-27,Electronics,Audio,South,On-Time,5,169.04,402.76,0.05,33
ORD-15487,2023-08-26,Electronics,Accessories,North,On-Time,3,237.04,418.71,0.0,42
ORD-15488,2023-11-10,Apparel,Shirts,West,Delayed - Transit,4,106.24,142.77,0.63,112
ORD-15489,2023-03-09,Furniture,Chairs,East,On-Time,3,135.19,168.84,0.46,144
ORD-15490,2023-03-24,Furniture,Desks,South,Delayed - Transit,2,115.65,135.8,0.44,103
ORD-15491,2023-01-12,Furniture,Tables,East,Delayed - Transit,5,278.88,294.13,0.59,112
ORD-15492,2023-08-28,Furniture,Desks,West,Delayed - Transit,3,190.82,230.3,0.62,99
ORD-15493,2023-11-20,Furniture,Tables,West,Delayed - Customs,5,304.09,358.75,0.36,152
ORD-15494,2023-10-21,Furniture,Chairs,South,Delayed - Customs,5,208.61,238.59,0.41,124
ORD-15495,2023-02-10,Furniture,Desks,West,On-Time,5,52.9,56.47,0.62,138
ORD-15496,2023-12-27,Furniture,Tables,East,On-Time,1,85.59,111.09,0.4,156
ORD-15497,2023-10-11,Electronics,Accessories,West,On-Time,1,67.22,135.44,0.0,18
ORD-15498,2023-02-09,Electronics,Audio,South,On-Time,3,70.86,114.85,0.0,28
ORD-15499,2023-12-12,Electronics,Audio,South,Delayed - Transit,4,293.22,374.63,0.47,103
ORD-15500,2023-11-02,Furniture,Desks,East,On-Time,4,23.06,26.48,0.63,108
ORD-15501,2023-02-06,Furniture,Desks,West,On-Time,5,66.63,82.55,0.05,80
ORD-15502,2023-09-18,Electronics,Accessories,North,On-Time,1,383.97,641.25,0.05,20
ORD-15503,2023-01-05,Electronics,Accessories,South,On-Time,5,91.6,177.21,0.0,18
ORD-15504,2023-06-15,Apparel,Pants,West,On-Time,3,25.35,51.63,0.0,17
ORD-15505,2023-08-25,Furniture,Chairs,South,On-Time,2,136.35,183.01,0.39,108
ORD-15506,2023-01-30,Electronics,Accessories,North,Delayed - Transit,3,393.36,453.78,0.36,174
ORD-15507,2023-01-15,Electronics,Accessories,South,On-Time,4,255.14,455.27,0.05,26
ORD-15508,2023-09-28,Furniture,Tables,West,On-Time,5,261.88,297.58,0.64,126
ORD-15509,2023-07-27,Apparel,Pants,West,On-Time,5,57.44,119.18,0.05,54
ORD-15510,2023-06-27,Furniture,Tables,East,On-Time,3,74.37,99.54,0.6,150
ORD-15511,2023-03-09,Apparel,Footwear,West,Delayed - Transit,5,284.89,351.41,0.57,101
ORD-15512,2023-12-06,Electronics,Accessories,East,On-Time,2,395.51,742.53,0.0,48
ORD-15513,2023-02-20,Furniture,Desks,East,On-Time,5,68.56,77.44,0.38,106
ORD-15514,2023-08-23,Apparel,Pants,East,On-Time,2,255.71,413.99,0.05,11
ORD-15515,2023-06-03,Electronics,Audio,West,On-Time,3,221.82,476.76,0.05,1
ORD-15516,2023-11-01,Electronics,Audio,East,On-Time,1,61.82,121.39,0.0,39
ORD-15517,2023-06-26,Furniture,Desks,North,On-Time,1,166.3,206.94,0.48,146
ORD-15518,2023-12-18,Electronics,Audio,West,On-Time,4,119.29,267.99,0.05,50
ORD-15519,2023-04-18,Electronics,Accessories,South,On-Time,1,222.83,521.96,0.0,9
ORD-15520,2023-03-10,Electronics,Audio,West,On-Time,2,180.95,385.84,0.0,16
ORD-15521,2023-10-30,Apparel,Shirts,North,On-Time,1,343.48,738.55,0.0,47
ORD-15522,2023-06-23,Apparel,Shirts,East,On-Time,5,332.96,740.52,0.05,38
ORD-15523,2023-01-21,Apparel,,West,On-Time,3,93.46,221.31,0.0,43
ORD-15524,2023-12-14,Furniture,Tables,East,On-Time,3,313.62,409.92,0.05,60
ORD-15525,2023-04-24,Apparel,Footwear,East,On-Time,5,328.98,769.45,0.05,23
ORD-15526,2023-12-21,Furniture,Tables,South,Delayed - Transit,3,285.04,303.46,0.58,88
ORD-15527,2023-10-10,Electronics,Accessories,West,On-Time,3,270.17,642.83,0.05,15
ORD-15528,2023-03-28,Apparel,Pants,East,On-Time,3,149.31,249.42,0.05,22
ORD-15529,2023-03-25,Furniture,Chairs,East,On-Time,4,244.17,298.84,0.4,103
ORD-15530,2023-12-22,Electronics,Accessories,North,Delayed - Transit,2,294.44,377.24,0.48,118
ORD-15531,2023-04-19,Electronics,Computers,West,On-Time,3,399.89,801.15,0.05,18
ORD-15532,2023-10-06,Apparel,Shirts,North,Delayed - Customs,2,19.91,25.33,0.47,104
ORD-15533,2023-06-16,Furniture,Desks,East,On-Time,5,372.89,452.76,0.4,122
ORD-15534,2023-12-30,Furniture,Desks,South,On-Time,3,181.92,215.27,0.47,120
ORD-15535,2023-06-06,Electronics,,West,Delayed - Transit,4,341.75,378.95,0.55,133
ORD-15536,2023-09-29,Furniture,Tables,West,On-Time,5,375.45,471.63,0.48,90
ORD-15537,2023-05-06,Furniture,Desks,North,Delayed - Transit,1,92.42,111.1,0.47,122
ORD-15538,2023-10-02,Apparel,Shirts,North,On-Time,5,353.82,809.82,0.0,46
ORD-15539,2023-05-31,Furniture,Desks,South,On-Time,2,257.04,339.5,0.39,110
ORD-15540,2023-10-19,Apparel,Footwear,North,On-Time,5,206.19,428.26,0.05,37
ORD-15541,2023-08-25,Furniture,Desks,West,On-Time,5,193.83,204.21,0.52,97
ORD-15542,2023-04-17,Furniture,Chairs,West,On-Time,3,262.95,303.19,0.55,139
ORD-15543,2023-12-29,Apparel,Pants,West,On-Time,4,165.89,307.31,0.0,16
ORD-15544,2023-02-06,Electronics,Audio,East,On-Time,2,104.3,186.71,0.0,38
ORD-15545,2023-02-13,Electronics,Accessories,North,On-Time,3,379.11,615.02,0.0,35
ORD-15546,2023-04-20,Apparel,Footwear,East,Delayed - Transit,4,233.94,267.58,0.63,104
ORD-15547,2023-12-20,Furniture,Tables,West,On-Time,5,366.77,437.57,0.56,89
ORD-15548,2023-10-22,Furniture,Desks,East,On-Time,3,328.99,439.47,0.39,130
ORD-15549,2023-10-31,Electronics,Computers,East,On-Time,2,230.89,482.91,0.05,8
ORD-15550,2023-04-08,Furniture,Desks,South,Delayed - Transit,2,69.98,82.39,0.41,133
ORD-15551,2023-03-09,Electronics,Audio,South,Delayed - Customs,5,327.61,435.61,0.0,70
ORD-15552,2023-06-11,Furniture,Desks,North,On-Time,3,279.9,342.19,0.62,94
ORD-15553,2023-06-04,Electronics,Computers,West,Delayed - Transit,4,162.24,189.27,0.52,86
ORD-15554,2023-09-12,Apparel,Footwear,East,Delayed - Transit,4,58.56,69.57,0.55,114
ORD-15555,2023-03-30,Apparel,Shirts,East,On-Time,4,92.42,177.91,0.05,59
ORD-15556,2023-12-26,Furniture,Chairs,East,On-Time,1,131.7,146.69,0.58,141
ORD-15557,2023-11-06,Electronics,Accessories,East,On-Time,3,222.25,502.94,0.05,12
ORD-15558,2023-07-28,Electronics,Computers,North,On-Time,1,91.56,217.02,0.0,52
ORD-15559,2023-05-23,Furniture,Tables,North,On-Time,3,39.77,43.38,0.65,108
ORD-15560,2023-04-04,Apparel,Footwear,South,On-Time,3,186.9,432.73,0.0,25
ORD-15561,2023-05-11,Furniture,Desks,North,On-Time,1,163.04,195.32,0.41,102
ORD-15562,2023-07-14,Apparel,Footwear,East,On-Time,3,268.26,472.38,0.0,22
ORD-15563,2023-12-11,Electronics,Audio,West,On-Time,2,392.67,737.78,0.0,23
ORD-15564,2023-12-21,Apparel,Pants,North,On-Time,3,27.27,51.81,0.05,19
ORD-15565,2023-05-08,Furniture,Desks,West,On-Time,4,46.15,56.28,0.37,121
ORD-15566,2023-09-10,Apparel,Pants,South,On-Time,2,395.6,727.37,0.0,24
ORD-15567,2023-09-14,Electronics,Accessories,East,On-Time,4,115.35,265.85,0.0,34
ORD-15568,2023-07-24,Furniture,Desks,South,On-Time,1,219.27,284.72,0.54,109
ORD-15569,2023-01-15,Furniture,Chairs,South,Delayed - Transit,3,294.44,347.23,0.47,91
ORD-15570,2023-06-01,Furniture,Tables,West,On-Time,1,343.04,458.83,0.52,89
ORD-15571,2023-08-19,Furniture,Chairs,East,On-Time,4,88.67,118.03,0.47,143
ORD-15572,2023-08-30,Apparel,Footwear,East,On-Time,3,118.72,258.0,0.05,34
ORD-15573,2023-02-17,Apparel,Shirts,West,On-Time,3,201.55,467.45,0.05,21
ORD-15574,2023-02-20,Furniture,Tables,West,On-Time,1,301.8,358.57,0.35,141
ORD-15575,2023-01-18,Apparel,Pants,West,On-Time,1,204.03,463.1,0.05,37
ORD-15576,2023-03-13,Electronics,Computers,North,On-Time,2,57.36,107.62,0.0,37
ORD-15577,2023-05-22,Apparel,Pants,South,On-Time,1,20.86,48.78,0.05,32
ORD-15578,2023-05-23,Furniture,Chairs,North,On-Time,1,179.97,197.29,0.48,130
ORD-15579,2023-02-14,Electronics,Audio,North,On-Time,1,55.2,120.4,0.05,26
ORD-15580,2023-06-25,Electronics,Computers,South,On-Time,5,202.57,426.38,0.0,34
ORD-15581,2023-07-25,Apparel,Pants,West,On-Time,3,106.16,194.83,0.05,38
ORD-15582,2023-04-19,Electronics,Audio,West,Delayed - Customs,1,140.46,158.6,0.36,153
ORD-15583,2023-01-25,Furniture,Tables,West,On-Time,5,335.35,396.83,0.37,151
ORD-15584,2023-10-15,Apparel,Pants,East,On-Time,4,220.41,490.27,0.05,28
ORD-15585,2023-07-03,Furniture,Tables,West,On-Time,4,196.86,227.52,0.36,88
ORD-15586,2023-03-17,Electronics,Accessories,North,On-Time,4,216.16,416.23,0.05,24
ORD-15587,2023-08-14,Electronics,Computers,North,On-Time,5,76.51,129.99,0.05,13
ORD-15588,2023-06-29,Apparel,Pants,South,On-Time,1,193.22,365.38,0.0,38
ORD-15589,2023-06-18,Furniture,Chairs,South,Delayed - Transit,4,323.98,427.08,0.0,79
ORD-15590,2023-12-28,Apparel,Pants,South,Delayed - Transit,1,155.72,169.93,0.59,105
ORD-15591,2023-03-09,Electronics,Audio,West,Delayed - Customs,1,172.76,224.78,0.5,109
ORD-15592,2023-12-13,Apparel,Footwear,West,On-Time,5,158.86,255.26,0.0,8
ORD-15593,2023-01-31,Electronics,Computers,East,On-Time,5,67.27,159.91,0.0,52
ORD-15594,2023-03-10,Electronics,Computers,East,On-Time,2,77.73,184.13,0.05,30
ORD-15595,2023-09-23,Apparel,Shirts,North,On-Time,3,279.57,548.13,0.0,12
ORD-15596,2023-02-26,Furniture,Tables,East,On-Time,4,268.69,301.21,0.0,70
ORD-15597,2023-09-13,Apparel,Shirts,East,On-Time,2,15.16,32.14,0.05,19
ORD-15598,2023-04-23,Electronics,Accessories,North,Delayed - Transit,3,48.52,53.67,0.4,143
ORD-15599,2023-03-14,Apparel,Shirts,East,Delayed - Transit,4,238.95,302.96,0.49,156
ORD-15600,2023-10-20,Apparel,Pants,West,On-Time,5,242.08,431.29,0.0,44
ORD-15601,2023-01-21,Apparel,Footwear,South,On-Time,3,66.51,109.42,0.05,26
ORD-15602,2023-02-10,Furniture,Desks,East,Delayed - Customs,4,172.33,181.68,0.41,147
ORD-15603,2023-06-09,Electronics,Computers,East,On-Time,5,15.21,32.85,0.0,46
ORD-15604,2023-04-12,Electronics,Audio,West,On-Time,5,276.58,453.21,0.05,33
ORD-15605,2023-01-13,Apparel,Footwear,North,On-Time,1,60.3,138.92,0.05,36
ORD-15606,2023-12-06,Furniture,Chairs,West,On-Time,3,17.47,19.75,0.05,67
ORD-15607,2023-03-14,Apparel,Pants,South,On-Time,3,269.71,491.3,0.05,12
ORD-15608,2023-02-01,Apparel,Pants,North,On-Time,5,78.26,159.81,0.0,24
ORD-15609,2023-11-14,Apparel,Shirts,East,On-Time,4,82.23,179.91,0.05,29
ORD-15610,2023-07-01,Electronics,Accessories,North,On-Time,1,396.08,808.57,0.05,8
ORD-15611,2023-04-24,Electronics,Computers,South,Delayed - Transit,3,321.07,392.0,0.46,110
ORD-15612,2023-10-25,Apparel,,East,On-Time,3,312.93,677.15,0.05,10
ORD-15613,2023-11-16,Electronics,Audio,West,On-Time,5,210.57,494.15,0.05,43
ORD-15614,2023-10-09,Electronics,Audio,South,On-Time,1,295.77,528.22,0.0,23
ORD-15615,2023-05-19,Electronics,Computers,North,On-Time,1,160.85,262.5,0.0,42
ORD-15616,2023-03-23,Furniture,Chairs,East,On-Time,5,73.4,78.94,0.56,126
ORD-15617,2023-05-07,Electronics,Audio,West,On-Time,5,185.63,387.6,0.0,29
ORD-15618,2023-05-21,Apparel,Shirts,West,On-Time,4,132.95,256.05,0.05,37
ORD-15619,2023-04-28,Furniture,Chairs,East,Delayed - Transit,1,164.14,215.94,0.49,142
ORD-15620,2023-08-31,Furniture,Desks,East,On-Time,3,116.23,126.26,0.52,127
ORD-15621,2023-06-16,Furniture,Desks,North,On-Time,3,366.17,440.46,0.44,149
ORD-15622,2023-09-07,Furniture,,East,On-Time,1,377.11,413.05,0.05,81
ORD-15623,2023-10-30,Apparel,Shirts,West,On-Time,1,373.68,784.89,0.0,18
ORD-15624,2023-08-23,Apparel,Shirts,South,On-Time,2,75.33,137.54,0.0,22
ORD-15625,2023-03-04,Apparel,,West,On-Time,5,373.35,787.06,0.05,41
ORD-15626,2023-03-08,Electronics,Audio,East,On-Time,2,177.74,406.0,0.0,23
ORD-15627,2023-06-09,Furniture,Tables,West,On-Time,5,208.18,238.9,0.44,149
ORD-15628,2023-03-20,Apparel,Pants,East,On-Time,4,307.91,599.66,0.0,18
ORD-15629,2023-09-06,Apparel,Footwear,East,On-Time,2,229.59,405.18,0.05,13
ORD-15630,2023-01-11,Electronics,Computers,West,Delayed - Customs,3,315.57,334.59,0.4,164
ORD-15631,2023-02-10,Furniture,Tables,West,On-Time,2,225.74,298.1,0.49,110
ORD-15632,2023-09-13,Electronics,,West,Delayed - Transit,4,329.23,350.55,0.5,89
ORD-15633,2023-09-23,Furniture,Tables,South,On-Time,2,151.3,182.03,0.54,159
ORD-15634,2023-12-13,Furniture,Chairs,South,On-Time,4,245.21,296.69,0.41,161
ORD-15635,2023-03-16,Apparel,Shirts,West,Delayed - Customs,4,179.0,196.88,0.5,165
ORD-15636,2023-02-14,Electronics,Accessories,South,On-Time,5,211.16,452.28,0.05,40
ORD-15637,2023-10-04,Furniture,Chairs,West,On-Time,5,98.27,106.55,0.58,127
ORD-15638,2023-10-29,Electronics,Audio,East,Delayed - Transit,1,107.19,141.96,0.46,95
ORD-15639,2023-10-14,Apparel,Footwear,West,On-Time,3,345.04,585.77,0.0,35
ORD-15640,2023-03-08,Furniture,Tables,South,On-Time,4,187.82,253.1,0.48,168
ORD-15641,2023-06-09,Electronics,Computers,East,On-Time,5,295.06,473.88,0.05,10
ORD-15642,2023-11-21,Apparel,Shirts,West,On-Time,2,107.55,236.55,0.0,51
ORD-15643,2023-10-03,Furniture,Tables,East,On-Time,4,83.73,107.57,0.43,86
ORD-15644,2023-03-12,Apparel,Pants,East,Delayed - Customs,5,177.03,233.7,0.48,125
ORD-15645,2023-01-10,Furniture,Desks,South,Delayed - Transit,2,228.2,264.9,0.35,95
ORD-15646,2023-03-04,Furniture,Chairs,East,On-Time,1,247.46,304.55,0.0,85
ORD-15647,2023-07-01,Furniture,Tables,East,On-Time,4,312.78,355.26,0.57,130
ORD-15648,2023-09-21,Furniture,Tables,South,On-Time,4,90.96,96.76,0.57,100
ORD-15649,2023-08-03,Apparel,Shirts,North,On-Time,1,115.41,191.42,0.0,8
ORD-15650,2023-12-26,Electronics,Audio,West,On-Time,4,148.03,284.88,0.05,34
ORD-15651,2023-07-19,Apparel,Shirts,North,On-Time,3,135.15,280.71,0.05,53
ORD-15652,2023-02-28,Electronics,Audio,North,Delayed - Transit,4,299.04,322.14,0.0,72
ORD-15653,2023-01-08,Electronics,Accessories,East,On-Time,2,149.44,253.02,0.0,26
ORD-15654,2023-01-11,Electronics,Computers,North,On-Time,2,103.88,200.29,0.05,29
ORD-15655,2023-01-22,Apparel,Shirts,North,On-Time,2,311.16,589.27,0.05,40
ORD-15656,2023-02-28,Apparel,Footwear,South,Delayed - Customs,2,109.25,117.54,0.05,82
ORD-15657,2023-09-09,Furniture,Tables,East,On-Time,3,110.24,144.25,0.37,106
ORD-15658,2023-01-31,Apparel,Footwear,North,Delayed - Customs,2,67.14,75.34,0.4,89
ORD-15659,2023-08-30,Furniture,Desks,East,On-Time,3,94.83,99.67,0.0,56
ORD-15660,2023-02-14,Electronics,Computers,East,On-Time,2,81.87,156.47,0.05,15
ORD-15661,2023-09-12,Electronics,Audio,South,On-Time,2,81.42,159.94,0.05,24
ORD-15662,2023-05-03,Furniture,Tables,North,On-Time,1,36.01,41.67,0.05,85
ORD-15663,2023-05-09,Furniture,Desks,North,Delayed - Transit,4,345.87,398.13,0.61,128
ORD-15664,2023-11-11,Apparel,Pants,West,Delayed - Transit,5,115.05,149.65,0.36,102
ORD-15665,2023-07-05,Electronics,Audio,West,Delayed - Customs,2,211.08,262.82,0.62,106
ORD-15666,2023-03-09,Furniture,Tables,East,On-Time,2,77.98,89.14,0.35,114
ORD-15667,2023-08-27,Furniture,Chairs,West,On-Time,1,41.14,53.39,0.58,141
ORD-15668,2023-10-09,Furniture,Tables,East,On-Time,5,355.46,457.06,0.46,179
ORD-15669,2023-08-03,Furniture,Desks,East,On-Time,2,272.99,355.83,0.59,123
ORD-15670,2023-08-11,Electronics,Accessories,South,On-Time,3,41.07,86.28,0.0,27
ORD-15671,2023-10-23,Electronics,Computers,North,On-Time,5,59.44,116.03,0.05,9
ORD-15672,2023-10-23,Apparel,Shirts,West,On-Time,2,329.13,538.23,0.05,30
ORD-15673,2023-08-01,Electronics,Audio,East,On-Time,5,377.24,854.79,0.0,25
ORD-15674,2023-08-14,Electronics,Computers,West,On-Time,5,148.81,266.02,0.0,46
ORD-15675,2023-10-01,Furniture,Desks,South,On-Time,2,266.63,315.22,0.43,110
ORD-15676,2023-05-24,Furniture,Chairs,East,Delayed - Customs,1,202.22,231.21,0.37,104
ORD-15677,2023-02-08,Apparel,Pants,West,On-Time,2,19.96,33.09,0.0,40
ORD-15678,2023-02-19,Furniture,Tables,South,On-Time,3,244.55,317.23,0.52,154
ORD-15679,2023-12-07,Electronics,Computers,South,On-Time,4,284.43,666.69,0.05,11
ORD-15680,2023-01-26,Furniture,Desks,East,Delayed - Customs,5,207.65,257.08,0.63,118
ORD-15681,2023-07-02,Apparel,Footwear,West,On-Time,1,206.7,377.82,0.0,48
ORD-15682,2023-07-15,Apparel,Pants,North,On-Time,3,161.67,333.03,0.05,33
ORD-15683,2023-01-03,Apparel,Shirts,North,On-Time,3,52.39,116.44,0.05,35
ORD-15684,2023-05-01,Electronics,Accessories,East,On-Time,5,56.87,135.16,0.0,33
ORD-15685,2023-01-14,Electronics,Computers,East,Delayed - Customs,4,247.81,295.78,0.44,86
ORD-15686,2023-08-12,Electronics,Computers,South,On-Time,5,250.95,453.35,0.05,25
ORD-15687,2023-04-06,Electronics,Audio,North,On-Time,3,351.28,707.68,0.05,11
ORD-15688,2023-12-02,Furniture,Desks,West,On-Time,2,18.6,24.51,0.0,74
ORD-15689,2023-05-29,Apparel,Pants,South,On-Time,3,273.65,542.98,0.05,34
ORD-15690,2023-08-01,Apparel,Footwear,East,On-Time,5,278.81,486.12,0.0,15
ORD-15691,2023-11-24,Furniture,Chairs,South,On-Time,4,204.02,223.24,0.46,125
ORD-15692,2023-12-17,Furniture,Tables,South,Delayed - Customs,3,356.3,438.66,0.49,101
ORD-15693,2023-12-31,Electronics,,East,Delayed - Customs,3,84.08,93.5,0.42,144
ORD-15694,2023-02-28,Apparel,Pants,North,Delayed - Transit,3,55.56,66.84,0.62,147
ORD-15695,2023-08-17,Apparel,Pants,East,Delayed - Customs,2,193.98,222.15,0.56,129
ORD-15696,2023-04-10,Electronics,Computers,North,On-Time,5,263.17,514.07,0.05,45
ORD-15697,2023-01-06,Electronics,Computers,West,On-Time,3,104.81,209.91,0.05,13
ORD-15698,2023-04-27,Apparel,Pants,South,On-Time,4,284.33,622.19,0.0,20
ORD-15699,2023-05-15,Furniture,Tables,West,On-Time,5,240.92,320.47,0.46,99
ORD-15700,2023-06-13,Furniture,Desks,South,Delayed - Transit,4,315.81,368.69,0.56,86
ORD-15701,2023-07-01,Furniture,Desks,West,On-Time,3,381.55,511.22,0.63,108
ORD-15702,2023-03-01,Furniture,Desks,North,On-Time,1,24.96,26.69,0.44,110
ORD-15703,2023-12-22,Apparel,Shirts,West,On-Time,4,288.53,512.81,0.05,52
ORD-15704,2023-06-27,Electronics,Accessories,North,On-Time,3,164.7,292.89,0.0,38
ORD-15705,2023-12-23,Furniture,Chairs,North,On-Time,4,205.57,231.62,0.0,81
ORD-15706,2023-12-28,Electronics,Audio,North,On-Time,2,29.24,57.6,0.05,41
ORD-15707,2023-06-21,Electronics,Audio,North,On-Time,4,368.82,880.3,0.05,42
ORD-15708,2023-09-27,Furniture,Chairs,East,On-Time,2,23.02,28.05,0.35,156
ORD-15709,2023-04-03,Furniture,Tables,East,On-Time,2,92.39,101.14,0.42,135
ORD-15710,2023-03-27,Furniture,Desks,East,Delayed - Transit,1,215.74,247.31,0.48,117
ORD-15711,2023-02-25,Furniture,Chairs,South,On-Time,2,215.14,280.51,0.46,126
ORD-15712,2023-07-04,Apparel,Pants,West,On-Time,3,18.91,33.27,0.05,40
ORD-15713,2023-04-13,Furniture,Desks,North,On-Time,3,214.45,261.74,0.4,159
ORD-15714,2023-01-14,Apparel,Footwear,East,On-Time,2,366.51,710.47,0.05,22
ORD-15715,2023-12-26,Furniture,Chairs,East,Delayed - Transit,5,149.84,181.29,0.48,150
ORD-15716,2023-07-26,Furniture,Desks,North,On-Time,2,176.19,203.3,0.45,125
ORD-15717,2023-10-14,Apparel,Footwear,South,On-Time,4,398.51,772.41,0.05,39
ORD-15718,2023-01-11,Apparel,Footwear,East,On-Time,5,63.78,148.83,0.05,33
ORD-15719,2023-07-24,Furniture,Chairs,East,Delayed - Customs,4,79.7,90.49,0.5,104
ORD-15720,2023-08-03,Furniture,Desks,South,On-Time,1,169.48,226.78,0.54,93
ORD-15721,2023-09-21,Electronics,Accessories,West,On-Time,2,268.23,429.65,0.0,41
ORD-15722,2023-11-19,Apparel,Shirts,South,Delayed - Transit,5,95.68,121.4,0.63,104
ORD-15723,2023-04-11,Electronics,Audio,South,On-Time,1,372.78,811.19,0.0,36
ORD-15724,2023-07-10,Furniture,Desks,West,Delayed - Transit,3,228.18,278.94,0.54,127
ORD-15725,2023-03-03,Electronics,Accessories,North,On-Time,1,311.43,597.08,0.05,43
ORD-15726,2023-11-03,Electronics,Accessories,South,On-Time,4,389.91,824.37,0.05,32
ORD-15727,2023-08-31,Furniture,Chairs,South,On-Time,1,143.37,185.7,0.41,129
ORD-15728,2023-03-28,Electronics,Audio,South,On-Time,5,194.28,435.68,0.0,43
ORD-15729,2023-08-01,Electronics,Audio,West,On-Time,4,187.62,390.47,0.0,9
ORD-15730,2023-11-04,Apparel,Footwear,North,Delayed - Transit,3,330.38,368.01,0.58,94
ORD-15731,2023-08-09,Furniture,Desks,North,On-Time,3,393.91,531.3,0.49,144
ORD-15732,2023-10-22,Apparel,Footwear,South,On-Time,4,203.21,437.53,0.05,37
ORD-15733,2023-11-06,Furniture,Desks,West,On-Time,2,91.17,114.3,0.49,119
ORD-15734,2023-07-07,Furniture,Desks,North,On-Time,2,189.6,211.52,0.37,87
ORD-15735,2023-09-01,Furniture,Tables,North,On-Time,3,36.7,46.23,0.65,122
ORD-15736,2023-04-24,Apparel,Pants,East,Delayed - Customs,4,86.26,93.08,0.49,103
ORD-15737,2023-02-02,Electronics,Audio,West,On-Time,5,271.23,641.69,0.05,28
ORD-15738,2023-05-27,Furniture,Tables,East,On-Time,3,104.54,124.21,0.05,85
ORD-15739,2023-06-16,Apparel,Shirts,North,On-Time,4,15.86,34.46,0.05,23
ORD-15740,2023-03-27,Furniture,Chairs,South,On-Time,5,152.84,201.97,0.55,142
ORD-15741,2023-01-15,Electronics,Computers,North,Delayed - Transit,4,357.61,377.67,0.62,135
ORD-15742,2023-01-09,Furniture,Tables,North,Delayed - Transit,1,399.0,524.21,0.58,130
ORD-15743,2023-12-06,Electronics,,East,On-Time,5,125.71,297.71,0.0,15
ORD-15744,2023-03-01,Apparel,,West,On-Time,2,198.96,408.34,0.0,52
ORD-15745,2023-05-08,Electronics,Computers,East,Delayed - Transit,2,29.6,33.94,0.6,143
ORD-15746,2023-04-05,Furniture,Chairs,South,On-Time,2,224.79,297.5,0.6,88
ORD-15747,2023-02-17,Electronics,Audio,South,On-Time,2,225.44,431.62,0.05,18
ORD-15748,2023-04-24,Apparel,Shirts,South,Delayed - Customs,3,321.79,383.03,0.46,92
ORD-15749,2023-05-15,Furniture,Tables,North,Delayed - Customs,4,373.1,477.93,0.49,141
ORD-15750,2023-10-06,Electronics,Computers,South,On-Time,1,254.53,452.62,0.05,30
ORD-15751,2023-06-21,Apparel,Pants,East,On-Time,1,315.92,749.76,0.05,39
ORD-15752,2023-03-20,Electronics,Computers,East,Delayed - Transit,3,153.83,168.53,0.0,69
ORD-15753,2023-06-17,Furniture,Chairs,North,Delayed - Customs,1,315.42,418.76,0.05,85
ORD-15754,2023-12-22,Furniture,Desks,West,On-Time,3,74.41,94.16,0.58,111
ORD-15755,2023-03-07,Furniture,Desks,North,On-Time,2,302.84,394.59,0.5,106
ORD-15756,2023-03-11,Electronics,Audio,South,On-Time,1,115.78,200.08,0.05,39
ORD-15757,2023-07-02,Apparel,Pants,East,On-Time,1,386.56,873.64,0.0,29
ORD-15758,2023-10-12,Apparel,Footwear,West,On-Time,4,273.65,511.7,0.05,41
ORD-15759,2023-04-23,Apparel,Shirts,East,On-Time,2,52.42,91.52,0.05,31
ORD-15760,2023-10-19,Furniture,Chairs,North,On-Time,1,283.44,316.58,0.4,143
ORD-15761,2023-05-06,Apparel,Footwear,North,On-Time,4,22.24,38.87,0.0,33
ORD-15762,2023-02-08,Apparel,Shirts,West,On-Time,1,89.1,152.59,0.05,28
ORD-15763,2023-04-10,Electronics,,North,On-Time,4,63.07,130.85,0.05,19
ORD-15764,2023-10-03,Furniture,Tables,South,On-Time,4,81.13,94.45,0.05,73
ORD-15765,2023-10-01,Apparel,Footwear,South,On-Time,3,124.51,209.15,0.0,40
ORD-15766,2023-07-28,Apparel,Pants,North,On-Time,4,389.38,847.77,0.0,12
ORD-15767,2023-04-09,Apparel,Pants,East,On-Time,4,229.25,387.93,0.05,9
ORD-15768,2023-04-26,Electronics,Computers,West,On-Time,3,347.52,719.38,0.0,40
ORD-15769,2023-11-20,Apparel,Footwear,South,On-Time,1,55.24,129.01,0.05,25
ORD-15770,2023-07-08,Furniture,Chairs,South,On-Time,3,334.99,433.48,0.59,121
ORD-15771,2023-05-03,Apparel,Pants,West,Delayed - Transit,3,219.77,241.66,0.43,98
ORD-15772,2023-07-01,Electronics,Audio,North,On-Time,1,123.73,198.77,0.05,32
ORD-15773,2023-08-27,Electronics,Audio,West,Delayed - Customs,4,131.16,176.89,0.64,127
ORD-15774,2023-01-02,Furniture,Desks,East,On-Time,5,358.21,384.86,0.54,122
ORD-15775,2023-11-21,Electronics,Accessories,West,Delayed - Customs,5,79.74,85.19,0.51,115
ORD-15776,2023-11-04,Electronics,Accessories,North,On-Time,4,202.75,476.49,0.0,30
ORD-15777,2023-10-20,Apparel,Footwear,West,On-Time,5,331.81,681.83,0.0,24
ORD-15778,2023-11-04,Apparel,Pants,North,On-Time,3,137.42,264.16,0.05,34
ORD-15779,2023-10-27,Electronics,Audio,West,On-Time,5,264.35,630.82,0.0,44
ORD-15780,2023-03-31,Furniture,Desks,East,On-Time,3,217.11,231.04,0.58,129
ORD-15781,2023-07-28,Electronics,,West,On-Time,3,382.83,678.26,0.0,22
ORD-15782,2023-11-26,Furniture,Desks,North,Delayed - Transit,4,104.28,136.68,0.61,116
ORD-15783,2023-01-26,Electronics,Audio,East,On-Time,1,280.95,581.84,0.0,22
ORD-15784,2023-04-21,Electronics,Computers,East,Delayed - Transit,1,150.43,177.51,0.6,103
ORD-15785,2023-08-21,Electronics,Audio,West,On-Time,2,120.4,237.13,0.05,41
ORD-15786,2023-01-11,Furniture,Desks,North,On-Time,1,282.06,369.19,0.4,128
ORD-15787,2023-01-01,Apparel,,West,On-Time,2,394.96,651.55,0.0,26
ORD-15788,2023-09-28,Apparel,Footwear,North,Delayed - Customs,4,366.68,468.97,0.47,113
ORD-15789,2023-11-05,Apparel,Shirts,South,Delayed - Customs,1,67.01,85.61,0.49,112
ORD-15790,2023-09-07,Furniture,Tables,West,On-Time,1,200.2,217.02,0.52,133
ORD-15791,2023-03-08,Apparel,Pants,South,On-Time,3,362.0,844.72,0.0,38
ORD-15792,2023-07-09,Furniture,Chairs,West,Delayed - Customs,2,22.57,27.26,0.4,151
ORD-15793,2023-02-12,Electronics,Accessories,South,On-Time,5,170.08,375.43,0.05,1
ORD-15794,2023-03-05,Apparel,Pants,North,Delayed - Transit,2,241.79,314.34,0.64,121
ORD-15795,2023-05-14,Electronics,Audio,East,On-Time,5,280.21,645.67,0.0,19
ORD-15796,2023-01-14,Furniture,Tables,East,Delayed - Transit,4,40.18,53.64,0.58,109
ORD-15797,2023-04-26,Electronics,Audio,South,Delayed - Transit,5,370.04,433.86,0.61,124
ORD-15798,2023-05-22,Electronics,Audio,South,Delayed - Transit,1,27.45,34.48,0.47,93
ORD-15799,2023-02-02,Apparel,Footwear,North,On-Time,5,40.62,87.56,0.0,17
ORD-15800,2023-02-02,Electronics,Audio,South,On-Time,5,62.32,139.47,0.05,30
ORD-15801,2023-09-30,Electronics,Accessories,West,Delayed - Transit,3,178.93,235.39,0.49,106
ORD-15802,2023-11-21,Electronics,Audio,North,Delayed - Transit,5,216.17,241.35,0.45,115
ORD-15803,2023-07-02,Furniture,Tables,East,Delayed - Transit,5,51.72,60.8,0.59,137
ORD-15804,2023-01-27,Furniture,Desks,West,Delayed - Transit,4,25.02,30.55,0.0,79
ORD-15805,2023-07-30,Electronics,Audio,South,On-Time,4,164.44,269.5,0.0,36
ORD-15806,2023-02-28,Apparel,Footwear,East,Delayed - Customs,1,302.29,336.58,0.55,128
ORD-15807,2023-06-16,Furniture,Tables,West,On-Time,4,88.43,98.22,0.53,89
ORD-15808,2023-02-01,Electronics,,South,On-Time,3,78.54,183.8,0.05,30
ORD-15809,2023-12-09,Electronics,Audio,South,Delayed - Customs,4,32.0,36.21,0.51,124
ORD-15810,2023-12-17,Apparel,Shirts,South,On-Time,4,319.24,588.61,0.0,32
ORD-15811,2023-09-26,Furniture,Desks,West,On-Time,2,172.65,199.14,0.05,75
ORD-15812,2023-12-01,Apparel,Shirts,East,Delayed - Transit,2,338.14,355.52,0.57,103
ORD-15813,2023-02-11,Electronics,Audio,West,Delayed - Transit,1,169.2,223.33,0.49,118
ORD-15814,2023-04-13,Apparel,Pants,West,On-Time,1,71.22,155.87,0.05,26
ORD-15815,2023-02-14,Electronics,Accessories,South,On-Time,2,227.45,471.91,0.05,30
ORD-15816,2023-07-09,Electronics,Computers,North,Delayed - Customs,4,274.88,316.19,0.48,96
ORD-15817,2023-02-17,Apparel,Pants,North,Delayed - Customs,1,332.46,428.38,0.0,77
ORD-15818,2023-11-21,Electronics,,West,Delayed - Transit,5,346.71,395.31,0.41,112
ORD-15819,2023-07-29,Apparel,Pants,South,On-Time,4,32.1,65.92,0.0,46
ORD-15820,2023-11-13,Apparel,Shirts,North,On-Time,2,334.42,635.93,0.05,14
ORD-15821,2023-06-17,Apparel,Pants,South,On-Time,4,316.34,696.98,0.05,31
ORD-15822,2023-03-12,Apparel,Shirts,South,Delayed - Transit,4,218.98,231.71,0.59,118
ORD-15823,2023-06-01,Electronics,Computers,South,On-Time,1,45.05,106.77,0.05,32
ORD-15824,2023-10-10,Apparel,Pants,East,On-Time,1,327.36,700.7,0.05,37
ORD-15825,2023-06-28,Apparel,Shirts,South,On-Time,5,226.04,457.49,0.05,38
ORD-15826,2023-02-03,Furniture,Desks,North,On-Time,5,54.62,71.05,0.05,73
ORD-15827,2023-11-21,Apparel,Shirts,East,On-Time,4,16.09,26.17,0.05,18
ORD-15828,2023-05-27,Apparel,Pants,South,Delayed - Customs,3,362.0,403.58,0.45,148
ORD-15829,2023-09-18,Electronics,Audio,North,On-Time,1,285.63,616.44,0.05,17
ORD-15830,2023-04-23,Electronics,Audio,South,Delayed - Transit,4,149.43,194.85,0.57,120
ORD-15831,2023-10-04,Apparel,Footwear,East,On-Time,1,287.54,579.33,0.05,39
ORD-15832,2023-02-19,Apparel,Shirts,North,On-Time,3,337.62,557.51,0.05,29
ORD-15833,2023-10-18,Apparel,Shirts,East,On-Time,5,325.69,639.26,0.05,41
ORD-15834,2023-12-12,Furniture,Tables,West,On-Time,1,74.97,81.85,0.59,97
ORD-15835,2023-02-20,Apparel,Footwear,South,Delayed - Transit,2,180.06,232.3,0.0,58
ORD-15836,2023-06-14,Furniture,,West,On-Time,1,22.69,25.36,0.53,96
ORD-15837,2023-11-23,Apparel,Shirts,South,On-Time,5,139.71,311.84,0.05,31
ORD-15838,2023-02-03,Apparel,Footwear,South,On-Time,2,215.13,382.32,0.0,19
ORD-15839,2023-07-02,Apparel,,West,On-Time,1,234.79,432.05,0.05,15
ORD-15840,2023-04-25,Electronics,Accessories,South,On-Time,5,363.87,797.77,0.05,37
ORD-15841,2023-04-26,Electronics,Audio,West,On-Time,4,90.68,170.48,0.0,35
ORD-15842,2023-09-03,Electronics,Accessories,South,Delayed - Customs,2,78.31,90.29,0.49,116
ORD-15843,2023-05-30,Electronics,Computers,West,On-Time,4,197.58,319.98,0.05,42
ORD-15844,2023-04-11,Furniture,Tables,East,On-Time,5,359.13,459.2,0.41,113
ORD-15845,2023-11-17,Furniture,Chairs,South,On-Time,4,36.31,45.21,0.46,96
ORD-15846,2023-08-02,Furniture,Tables,North,Delayed - Transit,3,365.46,487.07,0.47,87
ORD-15847,2023-02-10,Furniture,Chairs,West,On-Time,1,299.39,329.8,0.05,65
ORD-15848,2023-04-11,Furniture,Chairs,West,On-Time,4,155.3,201.61,0.59,139
ORD-15849,2023-11-03,Electronics,Computers,South,On-Time,3,235.51,501.42,0.05,30
ORD-15850,2023-10-04,Furniture,Desks,North,On-Time,1,128.76,146.44,0.63,136
ORD-15851,2023-07-09,Electronics,Computers,North,On-Time,2,389.67,632.26,0.05,36
ORD-15852,2023-06-11,Furniture,Tables,East,On-Time,4,210.12,257.0,0.38,120
ORD-15853,2023-05-28,Apparel,Shirts,East,On-Time,2,167.14,400.43,0.0,20
ORD-15854,2023-08-03,Electronics,Audio,West,On-Time,4,122.05,199.75,0.0,43
ORD-15855,2023-01-03,Electronics,Audio,North,On-Time,1,393.92,758.66,0.05,35
ORD-15856,2023-06-21,Apparel,Footwear,East,On-Time,4,102.31,240.57,0.0,13
ORD-15857,2023-02-20,Electronics,Audio,North,On-Time,3,383.22,835.6,0.0,23
ORD-15858,2023-07-15,Furniture,Chairs,South,On-Time,5,133.76,166.0,0.5,107
ORD-15859,2023-05-24,Furniture,Chairs,East,Delayed - Transit,1,256.08,298.12,0.62,108
ORD-15860,2023-12-12,Furniture,Chairs,North,On-Time,4,147.72,189.29,0.61,99
ORD-15861,2023-11-25,Furniture,Tables,South,On-Time,5,390.03,416.33,0.44,116
ORD-15862,2023-10-29,Furniture,Chairs,East,On-Time,5,206.59,239.49,0.39,108
ORD-15863,2023-02-12,Electronics,Computers,East,On-Time,4,331.95,795.81,0.05,40
ORD-15864,2023-12-06,Apparel,Pants,South,On-Time,2,366.94,664.99,0.0,23
ORD-15865,2023-12-01,Electronics,Computers,South,On-Time,3,95.36,207.53,0.0,15
ORD-15866,2023-04-10,Electronics,Audio,West,On-Time,2,63.51,119.21,0.0,27
ORD-15867,2023-10-15,Furniture,Chairs,South,On-Time,4,146.84,178.65,0.5,153
ORD-15868,2023-11-28,Electronics,Computers,West,On-Time,5,297.83,670.75,0.0,33
ORD-15869,2023-10-06,Electronics,Audio,South,On-Time,1,246.06,570.07,0.05,37
ORD-15870,2023-02-05,Electronics,Accessories,South,On-Time,3,392.32,646.07,0.05,38
ORD-15871,2023-04-29,Apparel,Footwear,North,Delayed - Transit,2,58.78,69.45,0.42,120
ORD-15872,2023-07-01,Furniture,Tables,North,On-Time,1,139.51,171.53,0.39,120
ORD-15873,2023-11-13,Furniture,Tables,South,On-Time,2,257.28,298.92,0.58,130
ORD-15874,2023-06-26,Furniture,Desks,West,Delayed - Transit,4,356.07,412.46,0.45,122
ORD-15875,2023-05-26,Apparel,Pants,North,On-Time,5,226.07,475.07,0.0,16
ORD-15876,2023-10-12,Electronics,Accessories,South,On-Time,3,96.58,193.09,0.0,32
ORD-15877,2023-03-14,Apparel,Footwear,East,Delayed - Transit,1,215.23,286.33,0.62,123
ORD-15878,2023-10-29,Apparel,Pants,North,On-Time,2,350.3,798.47,0.0,2
ORD-15879,2023-03-24,Furniture,Tables,East,On-Time,1,68.83,90.49,0.05,70
ORD-15880,2023-03-28,Apparel,Footwear,North,Delayed - Transit,3,22.19,25.02,0.57,146
ORD-15881,2023-12-09,Apparel,Footwear,South,On-Time,1,378.3,883.5,0.0,54
ORD-15882,2023-10-17,Furniture,Chairs,East,On-Time,4,284.14,311.73,0.49,89
ORD-15883,2023-09-28,Electronics,Computers,South,On-Time,1,396.31,938.41,0.0,38
ORD-15884,2023-08-11,Apparel,Pants,South,On-Time,5,45.69,100.24,0.05,37
ORD-15885,2023-12-29,Apparel,Footwear,West,On-Time,4,274.72,533.05,0.0,32
ORD-15886,2023-12-19,Furniture,Chairs,West,On-Time,3,355.44,379.73,0.41,104
ORD-15887,2023-08-26,Furniture,Tables,North,On-Time,3,194.05,204.14,0.05,66
ORD-15888,2023-06-15,Furniture,Chairs,South,On-Time,1,56.34,60.61,0.4,105
ORD-15889,2023-07-26,Furniture,Tables,North,On-Time,3,60.93,77.12,0.54,98
ORD-15890,2023-03-21,Furniture,Tables,East,On-Time,3,88.93,107.1,0.47,101
ORD-15891,2023-07-30,Apparel,Shirts,East,Delayed - Customs,1,135.43,152.14,0.05,76
ORD-15892,2023-06-24,Electronics,,North,On-Time,4,356.17,584.4,0.05,8
ORD-15893,2023-03-28,Apparel,Shirts,South,On-Time,4,34.88,77.35,0.0,18
ORD-15894,2023-02-04,Electronics,Accessories,South,On-Time,2,201.68,483.82,0.05,39
ORD-15895,2023-05-30,Electronics,Audio,West,On-Time,5,262.86,601.8,0.0,52
ORD-15896,2023-07-17,Apparel,Pants,West,Delayed - Transit,3,341.53,369.35,0.52,132
ORD-15897,2023-09-27,Electronics,Audio,East,On-Time,2,197.24,327.4,0.05,23
ORD-15898,2023-10-29,Electronics,Audio,West,On-Time,1,24.74,59.09,0.0,4
ORD-15899,2023-11-25,Apparel,Footwear,North,Delayed - Customs,4,69.27,75.87,0.53,132
ORD-15900,2023-06-13,Apparel,Footwear,West,Delayed - Customs,1,89.21,116.33,0.36,170
ORD-15901,2023-12-03,Apparel,Footwear,West,On-Time,5,94.89,202.68,0.05,32
ORD-15902,2023-04-19,Apparel,Shirts,South,Delayed - Customs,1,203.4,251.03,0.48,99
ORD-15903,2023-07-01,Furniture,Chairs,South,On-Time,3,207.42,264.32,0.46,131
ORD-15904,2023-03-04,Apparel,Shirts,South,On-Time,2,305.64,598.8,0.0,30
ORD-15905,2023-05-13,Furniture,Desks,West,Delayed - Customs,2,43.45,49.23,0.39,122
ORD-15906,2023-06-08,Apparel,Pants,East,On-Time,1,238.98,539.17,0.0,31
ORD-15907,2023-08-16,Furniture,Tables,East,On-Time,1,174.93,217.29,0.61,125
ORD-15908,2023-10-28,Electronics,Computers,East,On-Time,1,361.98,760.28,0.0,21
ORD-15909,2023-06-02,Electronics,Computers,South,Delayed - Customs,4,301.83,405.23,0.59,114
ORD-15910,2023-09-29,Apparel,Shirts,South,On-Time,5,214.78,509.65,0.0,33
ORD-15911,2023-10-09,Electronics,Computers,North,Delayed - Customs,3,244.03,310.65,0.0,72
ORD-15912,2023-05-13,Furniture,Desks,North,On-Time,1,325.37,438.9,0.4,125
ORD-15913,2023-07-20,Furniture,Tables,North,On-Time,3,379.72,414.2,0.5,155
ORD-15914,2023-05-05,Electronics,Accessories,North,On-Time,4,73.03,123.87,0.05,22
ORD-15915,2023-05-13,Electronics,Audio,West,Delayed - Customs,3,263.03,315.34,0.46,132
ORD-15916,2023-03-30,Electronics,Computers,West,On-Time,4,327.42,750.9,0.05,48
ORD-15917,2023-08-21,Furniture,Desks,South,On-Time,1,237.8,250.2,0.5,110
ORD-15918,2023-07-04,Furniture,Tables,East,On-Time,1,252.28,287.44,0.5,117
ORD-15919,2023-01-27,Electronics,Audio,East,On-Time,3,216.96,512.69,0.0,30
ORD-15920,2023-01-22,Furniture,Desks,West,On-Time,4,331.38,439.14,0.0,48
ORD-15921,2023-07-24,Electronics,Audio,East,On-Time,4,38.39,90.75,0.05,33
ORD-15922,2023-09-16,Electronics,Accessories,North,Delayed - Transit,1,134.23,148.31,0.55,137
ORD-15923,2023-12-15,Apparel,Shirts,North,On-Time,1,261.76,570.72,0.0,19
ORD-15924,2023-10-18,Furniture,Tables,East,On-Time,3,372.27,463.83,0.53,134
ORD-15925,2023-04-12,Electronics,Accessories,West,Delayed - Customs,5,318.3,420.43,0.52,99
ORD-15926,2023-04-01,Furniture,Tables,North,On-Time,5,275.1,359.13,0.63,129
ORD-15927,2023-05-10,Electronics,Computers,North,On-Time,5,177.71,380.15,0.0,34
ORD-15928,2023-02-18,Electronics,Audio,South,On-Time,3,226.06,454.39,0.0,39
ORD-15929,2023-01-12,Apparel,Shirts,West,On-Time,3,92.05,197.77,0.05,30
ORD-15930,2023-05-06,Furniture,,North,Delayed - Customs,4,298.42,367.81,0.0,83
ORD-15931,2023-08-03,Furniture,Chairs,East,On-Time,2,48.34,57.05,0.43,136
ORD-15932,2023-06-14,Apparel,Shirts,North,On-Time,1,354.08,792.03,0.0,40
ORD-15933,2023-09-21,Apparel,Footwear,East,On-Time,2,287.22,494.11,0.0,36
ORD-15934,2023-12-26,Furniture,Tables,South,On-Time,3,353.22,436.34,0.64,111
ORD-15935,2023-08-25,Furniture,Desks,East,On-Time,5,259.18,310.53,0.56,95
ORD-15936,2023-11-20,Apparel,Shirts,South,On-Time,2,247.94,587.45,0.05,24
ORD-15937,2023-10-16,Furniture,Tables,West,Delayed - Transit,5,397.37,420.37,0.52,107
ORD-15938,2023-05-30,Apparel,Pants,West,On-Time,2,195.81,356.59,0.05,29
ORD-15939,2023-10-10,Apparel,Pants,North,On-Time,4,130.1,249.88,0.0,30
ORD-15940,2023-08-19,Furniture,Chairs,West,On-Time,4,249.63,297.25,0.53,96
ORD-15941,2023-08-20,Apparel,Shirts,South,On-Time,3,301.88,642.13,0.05,32
ORD-15942,2023-12-19,Apparel,Shirts,North,On-Time,1,17.76,38.75,0.05,13
ORD-15943,2023-08-07,Apparel,Footwear,North,On-Time,3,371.41,854.37,0.05,35
ORD-15944,2023-05-08,Furniture,Desks,East,On-Time,3,239.03,314.45,0.46,125
ORD-15945,2023-05-17,Apparel,Shirts,East,On-Time,1,384.17,890.55,0.0,20
ORD-15946,2023-01-07,Apparel,Footwear,West,On-Time,5,298.45,570.32,0.0,49
ORD-15947,2023-04-19,Electronics,Accessories,West,On-Time,2,364.64,686.41,0.05,48
ORD-15948,2023-08-13,Apparel,Pants,North,On-Time,5,259.75,484.36,0.0,43
ORD-15949,2023-09-27,Electronics,Accessories,West,On-Time,4,253.52,421.6,0.05,24
ORD-15950,2023-09-01,Furniture,Chairs,North,On-Time,5,139.09,165.64,0.41,113
ORD-15951,2023-04-21,Furniture,Tables,West,On-Time,3,236.58,280.12,0.54,117
ORD-15952,2023-05-23,Apparel,Footwear,West,On-Time,1,198.4,449.35,0.05,24
ORD-15953,2023-12-03,Electronics,Audio,West,On-Time,5,213.09,474.2,0.05,52
ORD-15954,2023-11-06,Furniture,Chairs,West,On-Time,5,266.09,299.42,0.52,105
ORD-15955,2023-07-16,Electronics,Audio,East,On-Time,3,341.48,682.58,0.0,21
ORD-15956,2023-02-04,Apparel,Footwear,West,Delayed - Transit,1,386.92,444.09,0.05,77
ORD-15957,2023-11-07,Electronics,Computers,East,On-Time,5,366.67,742.19,0.0,27
ORD-15958,2023-10-16,Apparel,Pants,North,On-Time,4,149.63,319.63,0.0,16
ORD-15959,2023-08-23,Apparel,Pants,North,On-Time,2,106.56,207.03,0.0,7
ORD-15960,2023-04-26,Furniture,Tables,North,Delayed - Transit,1,278.54,316.52,0.58,122
ORD-15961,2023-08-13,Apparel,Footwear,West,On-Time,3,399.01,898.41,0.05,28
ORD-15962,2023-05-25,Furniture,Tables,West,On-Time,2,75.77,100.08,0.43,93
ORD-15963,2023-01-18,Furniture,Desks,South,On-Time,2,315.67,417.22,0.4,111
ORD-15964,2023-01-30,Electronics,Computers,East,Delayed - Customs,3,370.31,496.16,0.51,117
ORD-15965,2023-08-30,Electronics,,South,On-Time,4,189.73,317.88,0.05,38
ORD-15966,2023-07-30,Furniture,Tables,South,Delayed - Transit,1,285.64,307.12,0.63,140
ORD-15967,2023-12-02,Electronics,Computers,West,On-Time,4,208.09,493.81,0.0,16
ORD-15968,2023-01-30,Furniture,Desks,South,On-Time,5,191.91,228.37,0.54,104
ORD-15969,2023-06-13,Apparel,Shirts,North,On-Time,1,89.42,148.86,0.0,26
ORD-15970,2023-09-11,Apparel,Footwear,West,On-Time,5,274.98,553.36,0.0,33
ORD-15971,2023-06-05,Apparel,Pants,West,On-Time,1,360.56,693.42,0.05,7
ORD-15972,2023-11-07,Apparel,Pants,North,On-Time,2,75.55,130.68,0.0,45
ORD-15973,2023-10-10,Electronics,Accessories,East,On-Time,3,372.17,635.99,0.0,29
ORD-15974,2023-06-25,Furniture,Chairs,North,On-Time,2,358.89,465.0,0.05,72
ORD-15975,2023-02-07,Electronics,Computers,East,On-Time,5,259.99,574.75,0.0,21
ORD-15976,2023-11-07,Apparel,Shirts,North,On-Time,3,325.09,727.19,0.05,36
ORD-15977,2023-01-05,Electronics,Accessories,South,Delayed - Customs,1,89.91,104.21,0.42,129
ORD-15978,2023-12-05,Furniture,Tables,South,On-Time,5,45.82,53.13,0.6,107
ORD-15979,2023-05-22,Furniture,Tables,West,On-Time,2,112.5,137.33,0.62,87
ORD-15980,2023-02-26,Furniture,Chairs,South,On-Time,1,386.94,499.96,0.41,132
ORD-15981,2023-12-19,Electronics,Accessories,South,On-Time,1,283.69,646.23,0.05,13
ORD-15982,2023-09-13,Electronics,Computers,East,On-Time,3,36.74,64.17,0.0,17
ORD-15983,2023-05-09,Furniture,Desks,East,On-Time,1,345.85,461.27,0.46,97
ORD-15984,2023-05-03,Apparel,Footwear,North,Delayed - Customs,5,292.69,377.95,0.0,84
ORD-15985,2023-07-09,Apparel,Pants,South,Delayed - Customs,5,138.18,147.56,0.63,99
ORD-15986,2023-05-24,Apparel,,East,On-Time,5,221.05,482.94,0.05,33
ORD-15987,2023-12-14,Electronics,Accessories,East,On-Time,4,379.3,856.3,0.0,25
ORD-15988,2023-10-20,Electronics,Audio,West,On-Time,5,105.13,196.15,0.05,39
ORD-15989,2023-09-02,Apparel,Footwear,West,Delayed - Transit,3,256.13,274.27,0.0,85
ORD-15990,2023-07-03,Apparel,Footwear,North,On-Time,1,76.52,145.28,0.0,39
ORD-15991,2023-07-03,Electronics,Audio,West,Delayed - Customs,4,201.13,214.78,0.65,93
ORD-15992,2023-05-26,Furniture,Desks,West,On-Time,4,162.28,190.08,0.59,113
ORD-15993,2023-12-10,Electronics,Audio,West,On-Time,5,175.54,391.81,0.05,18
ORD-15994,2023-02-20,Apparel,Pants,East,On-Time,1,72.6,150.52,0.05,51
ORD-15995,2023-09-17,Electronics,Computers,East,On-Time,3,265.36,584.14,0.0,22
ORD-15996,2023-01-29,Furniture,Desks,East,On-Time,5,382.06,479.2,0.63,92
ORD-15997,2023-07-18,Apparel,Shirts,East,On-Time,2,213.44,399.59,0.05,42
ORD-15998,2023-02-25,Furniture,Tables,North,On-Time,5,54.84,72.77,0.57,108
ORD-15999,2023-10-16,Furniture,Tables,North,On-Time,3,172.41,213.99,0.51,138
ORD-16000,2023-11-28,Apparel,Footwear,East,Delayed - Customs,1,316.81,334.6,0.05,68
ORD-16001,2023-07-25,Furniture,Chairs,South,Delayed - Customs,5,26.73,31.88,0.55,133
ORD-16002,2023-04-23,Apparel,Shirts,South,On-Time,2,320.97,629.36,0.0,5
ORD-16003,2023-11-16,Electronics,Accessories,South,On-Time,4,53.03,108.86,0.05,50
ORD-16004,2023-12-06,Furniture,Tables,East,Delayed - Transit,2,252.54,317.36,0.05,78
ORD-16005,2023-10-03,Apparel,Footwear,South,On-Time,3,100.56,172.75,0.0,40
ORD-16006,2023-02-12,Electronics,Computers,North,On-Time,1,224.41,395.36,0.05,18
ORD-16007,2023-01-18,Furniture,Desks,East,Delayed - Transit,4,164.41,197.47,0.57,118
ORD-16008,2023-07-10,Apparel,Footwear,South,On-Time,3,287.39,607.44,0.05,26
ORD-16009,2023-01-16,Electronics,Computers,East,On-Time,2,253.49,449.96,0.05,29
ORD-16010,2023-07-02,Apparel,Footwear,North,On-Time,2,300.54,518.23,0.05,3
ORD-16011,2023-11-04,Furniture,Chairs,North,On-Time,3,329.06,373.32,0.5,122
ORD-16012,2023-04-08,Furniture,Desks,East,Delayed - Customs,3,82.82,95.07,0.64,110
ORD-16013,2023-02-08,Electronics,Accessories,East,Delayed - Transit,3,242.17,289.63,0.49,107
ORD-16014,2023-09-25,Apparel,Pants,North,On-Time,5,372.36,756.49,0.05,28
ORD-16015,2023-04-10,Apparel,Shirts,South,On-Time,2,107.11,171.85,0.0,20
ORD-16016,2023-02-02,Electronics,Audio,South,On-Time,4,201.12,429.44,0.05,36
ORD-16017,2023-07-06,Apparel,Shirts,East,On-Time,2,128.09,242.71,0.0,23
ORD-16018,2023-03-11,Furniture,Desks,West,On-Time,4,360.28,452.39,0.49,112
ORD-16019,2023-11-21,Electronics,Computers,West,On-Time,1,316.56,621.21,0.0,10
ORD-16020,2023-05-14,Furniture,Chairs,North,On-Time,5,223.82,277.01,0.05,74
ORD-16021,2023-01-04,Apparel,Shirts,East,On-Time,2,388.33,755.08,0.05,22
ORD-16022,2023-08-14,Electronics,Audio,North,On-Time,4,245.39,587.36,0.05,21
ORD-16023,2023-12-24,Furniture,Desks,South,Delayed - Transit,3,307.6,361.77,0.58,131
ORD-16024,2023-02-06,Furniture,Desks,North,On-Time,5,230.8,302.01,0.51,92
ORD-16025,2023-06-16,Electronics,Audio,North,On-Time,3,159.47,369.47,0.0,29
ORD-16026,2023-02-06,Electronics,Computers,North,On-Time,3,34.06,62.67,0.05,30
ORD-16027,2023-04-17,Apparel,Pants,North,On-Time,2,308.61,541.07,0.05,31
ORD-16028,2023-05-28,Apparel,Footwear,East,On-Time,3,206.82,366.22,0.05,24
ORD-16029,2023-04-10,Apparel,Footwear,North,On-Time,2,115.86,212.88,0.0,37
ORD-16030,2023-12-12,Furniture,Desks,East,On-Time,1,345.91,456.52,0.42,121
ORD-16031,2023-04-15,Electronics,Audio,North,Delayed - Transit,1,22.53,25.99,0.47,115
ORD-16032,2023-02-25,Electronics,Accessories,East,On-Time,1,269.82,564.14,0.0,34
ORD-16033,2023-12-29,Electronics,Audio,East,Delayed - Customs,4,58.13,61.97,0.0,66
ORD-16034,2023-05-25,Furniture,Tables,South,On-Time,2,283.44,369.19,0.59,124
ORD-16035,2023-07-02,Apparel,Shirts,North,Delayed - Transit,5,101.25,126.34,0.38,107
ORD-16036,2023-02-28,Electronics,Computers,North,On-Time,1,16.04,31.87,0.0,34
ORD-16037,2023-11-06,Furniture,Chairs,East,On-Time,4,124.03,155.01,0.46,152
ORD-16038,2023-08-29,Apparel,Footwear,East,On-Time,2,367.1,697.41,0.0,35
ORD-16039,2023-04-12,Apparel,Pants,West,On-Time,3,49.18,105.29,0.05,40
ORD-16040,2023-09-26,Apparel,Shirts,West,On-Time,1,149.87,288.13,0.0,27
ORD-16041,2023-02-13,Electronics,Audio,South,On-Time,4,177.08,339.71,0.05,26
ORD-16042,2023-05-08,Electronics,Computers,East,On-Time,4,374.37,825.71,0.0,50
ORD-16043,2023-05-09,Furniture,Desks,West,On-Time,4,202.66,227.52,0.55,129
ORD-16044,2023-06-11,Electronics,Audio,South,Delayed - Transit,2,204.4,239.43,0.37,189
ORD-16045,2023-05-27,Furniture,Tables,North,Delayed - Customs,4,306.08,334.89,0.59,90
ORD-16046,2023-10-16,Electronics,Audio,South,On-Time,3,92.56,167.41,0.05,34
ORD-16047,2023-08-18,Apparel,Shirts,West,On-Time,4,256.57,490.33,0.0,19
ORD-16048,2023-01-24,Electronics,Audio,East,On-Time,2,373.04,871.97,0.05,37
ORD-16049,2023-05-20,Apparel,Shirts,South,On-Time,1,52.69,110.67,0.0,51
ORD-16050,2023-11-14,Electronics,Accessories,North,On-Time,1,303.63,503.12,0.0,43
ORD-16051,2023-07-05,Apparel,Footwear,North,On-Time,4,378.02,699.23,0.0,17
ORD-16052,2023-05-13,Apparel,Pants,West,Delayed - Transit,3,90.22,111.8,0.6,117
ORD-16053,2023-12-31,Apparel,Footwear,West,Delayed - Transit,3,68.44,78.2,0.44,142
ORD-16054,2023-05-18,Apparel,Shirts,East,On-Time,1,267.77,635.0,0.0,28
ORD-16055,2023-08-31,Electronics,Computers,South,On-Time,5,90.88,198.56,0.05,43
ORD-16056,2023-02-16,Electronics,Audio,East,Delayed - Transit,4,124.02,131.75,0.57,112
ORD-16057,2023-04-19,Electronics,Accessories,West,Delayed - Customs,3,377.24,431.91,0.47,135
ORD-16058,2023-11-30,Furniture,Desks,North,Delayed - Customs,3,126.1,135.65,0.54,93
ORD-16059,2023-05-07,Furniture,Desks,South,Delayed - Transit,3,104.93,135.85,0.53,103
ORD-16060,2023-11-19,Electronics,Accessories,East,Delayed - Transit,3,335.48,417.17,0.58,145
ORD-16061,2023-12-16,Apparel,Shirts,South,On-Time,2,238.78,434.79,0.05,42
ORD-16062,2023-10-22,Electronics,Computers,East,On-Time,3,101.15,231.67,0.0,43
ORD-16063,2023-04-22,Furniture,Chairs,East,Delayed - Transit,4,260.79,293.89,0.05,74
ORD-16064,2023-06-25,Furniture,Tables,West,Delayed - Transit,3,391.03,496.61,0.37,102
ORD-16065,2023-09-28,Apparel,Pants,North,On-Time,1,325.14,640.5,0.05,41
ORD-16066,2023-03-13,Electronics,Audio,East,On-Time,3,40.87,75.74,0.0,39
ORD-16067,2023-01-19,Electronics,Computers,East,On-Time,1,296.29,520.51,0.0,39
ORD-16068,2023-12-29,Furniture,,South,On-Time,2,116.4,148.8,0.63,124
ORD-16069,2023-05-10,Apparel,Shirts,West,On-Time,1,378.7,733.6,0.0,37
ORD-16070,2023-09-18,Electronics,Audio,North,On-Time,1,235.7,511.7,0.0,31
ORD-16071,2023-01-29,Electronics,Computers,North,On-Time,4,305.73,714.19,0.0,42
ORD-16072,2023-01-16,Furniture,Chairs,East,On-Time,4,216.34,241.56,0.57,119
ORD-16073,2023-02-03,Apparel,Shirts,West,On-Time,1,339.45,701.2,0.05,18
ORD-16074,2023-06-16,Furniture,Chairs,West,On-Time,4,333.48,373.2,0.36,148
ORD-16075,2023-09-07,Apparel,Footwear,North,On-Time,1,386.09,778.26,0.0,33
ORD-16076,2023-05-09,Electronics,Computers,East,Delayed - Transit,4,333.89,359.72,0.43,113
ORD-16077,2023-12-25,Electronics,Audio,West,Delayed - Transit,4,65.4,82.28,0.61,115
ORD-16078,2023-04-16,Furniture,Tables,East,On-Time,3,370.76,433.23,0.49,107
ORD-16079,2023-09-12,Electronics,Audio,North,On-Time,4,50.33,108.09,0.0,14
ORD-16080,2023-05-12,Electronics,Accessories,East,Delayed - Customs,1,55.73,70.9,0.41,109
ORD-16081,2023-09-02,Apparel,Pants,North,Delayed - Transit,1,380.06,414.66,0.45,109
ORD-16082,2023-04-19,Electronics,Audio,West,Delayed - Customs,5,259.08,323.69,0.54,109
ORD-16083,2023-04-27,Apparel,Shirts,West,On-Time,2,286.0,565.39,0.0,18
ORD-16084,2023-01-18,Electronics,Audio,West,On-Time,1,321.87,742.9,0.05,26
ORD-16085,2023-03-11,Apparel,Footwear,West,On-Time,1,264.32,543.94,0.0,21
ORD-16086,2023-12-10,Apparel,Shirts,East,On-Time,3,323.15,676.99,0.0,46
ORD-16087,2023-12-18,Furniture,Desks,West,On-Time,2,19.04,23.13,0.47,90
ORD-16088,2023-01-15,Electronics,Computers,South,Delayed - Transit,5,155.25,181.58,0.48,119
ORD-16089,2023-10-24,Electronics,Computers,West,On-Time,3,108.86,260.62,0.05,22
ORD-16090,2023-05-03,Electronics,Audio,North,On-Time,4,23.28,38.35,0.05,21
ORD-16091,2023-04-16,Apparel,Shirts,East,On-Time,1,202.98,330.91,0.0,22
ORD-16092,2023-05-30,Furniture,Desks,South,On-Time,3,71.46,86.31,0.65,102
ORD-16093,2023-05-30,Apparel,Pants,West,On-Time,2,381.3,636.56,0.0,28
ORD-16094,2023-06-29,Electronics,Computers,South,Delayed - Customs,2,294.19,364.12,0.52,119
ORD-16095,2023-10-17,Apparel,Pants,South,Delayed - Transit,2,395.66,422.44,0.0,85
ORD-16096,2023-02-26,Electronics,Accessories,East,On-Time,4,21.85,45.2,0.05,30
ORD-16097,2023-07-03,Electronics,Accessories,South,On-Time,3,162.93,297.62,0.05,25
ORD-16098,2023-09-21,Apparel,Pants,West,On-Time,5,266.36,510.75,0.05,25
ORD-16099,2023-05-12,Apparel,Shirts,South,Delayed - Transit,5,110.6,124.73,0.65,113
ORD-16100,2023-06-27,Furniture,Tables,South,On-Time,1,128.37,171.68,0.43,86
ORD-16101,2023-08-06,Apparel,Pants,East,On-Time,4,23.55,53.93,0.0,25
ORD-16102,2023-02-19,Electronics,Audio,East,On-Time,3,313.39,606.79,0.05,51
ORD-16103,2023-06-13,Apparel,Shirts,West,On-Time,2,36.05,72.06,0.0,49
ORD-16104,2023-11-19,Electronics,Computers,North,On-Time,1,41.98,94.3,0.0,22
ORD-16105,2023-09-14,Furniture,Desks,North,On-Time,4,224.71,299.11,0.59,108
ORD-16106,2023-08-07,Electronics,Computers,North,On-Time,3,363.54,758.3,0.0,16
ORD-16107,2023-12-11,Apparel,Pants,North,Delayed - Transit,3,208.01,268.78,0.05,82
ORD-16108,2023-01-21,Furniture,Tables,North,Delayed - Customs,1,118.89,129.53,0.57,103
ORD-16109,2023-11-20,Electronics,Computers,North,On-Time,3,209.9,447.63,0.05,20
ORD-16110,2023-04-14,Furniture,Desks,East,On-Time,2,366.45,485.36,0.36,107
ORD-16111,2023-01-26,Electronics,Computers,East,On-Time,2,208.46,396.98,0.0,12
ORD-16112,2023-09-13,Apparel,Footwear,North,On-Time,4,205.82,354.26,0.05,23
ORD-16113,2023-07-08,Apparel,Footwear,West,On-Time,5,149.99,353.41,0.0,34
ORD-16114,2023-06-13,Apparel,Shirts,East,Delayed - Transit,2,204.54,223.65,0.4,126
ORD-16115,2023-10-08,Apparel,Footwear,East,Delayed - Customs,2,201.97,237.26,0.4,123
ORD-16116,2023-12-01,Electronics,Accessories,South,On-Time,4,78.5,134.4,0.05,3
ORD-16117,2023-01-11,Furniture,Desks,North,Delayed - Customs,2,61.29,74.08,0.5,120
ORD-16118,2023-05-08,Electronics,Audio,North,Delayed - Transit,1,142.28,175.63,0.52,117
ORD-16119,2023-07-13,Furniture,Tables,East,On-Time,4,221.61,249.14,0.05,84
ORD-16120,2023-09-16,Furniture,Chairs,East,Delayed - Transit,5,114.79,122.5,0.55,90
ORD-16121,2023-11-13,Furniture,Chairs,West,On-Time,3,72.6,78.4,0.44,123
ORD-16122,2023-03-11,Electronics,Audio,South,Delayed - Transit,3,259.02,295.18,0.45,112
ORD-16123,2023-01-16,Apparel,Footwear,North,On-Time,5,36.37,83.29,0.05,24
ORD-16124,2023-01-24,Apparel,Footwear,South,Delayed - Customs,4,255.88,298.29,0.55,126
ORD-16125,2023-07-30,Electronics,Accessories,North,On-Time,2,127.62,263.2,0.05,37
ORD-16126,2023-06-23,Furniture,Tables,North,On-Time,1,59.3,71.05,0.57,117
ORD-16127,2023-05-17,Furniture,Chairs,East,Delayed - Customs,4,241.34,286.26,0.5,134
ORD-16128,2023-11-24,Apparel,Footwear,South,On-Time,2,185.49,396.4,0.05,39
ORD-16129,2023-06-11,Furniture,Chairs,South,Delayed - Transit,4,393.17,423.16,0.48,107
ORD-16130,2023-03-16,Apparel,Shirts,West,On-Time,4,162.58,350.7,0.0,24
ORD-16131,2023-09-24,Electronics,Computers,South,On-Time,3,269.07,524.86,0.0,12
ORD-16132,2023-01-04,Furniture,Desks,South,On-Time,5,111.67,150.12,0.5,130
ORD-16133,2023-07-02,Apparel,Shirts,East,On-Time,5,230.9,509.35,0.05,8
ORD-16134,2023-07-22,Furniture,Chairs,North,On-Time,4,138.56,163.69,0.4,105
ORD-16135,2023-10-03,Apparel,Shirts,East,On-Time,4,186.71,443.88,0.0,21
ORD-16136,2023-11-22,Apparel,Pants,West,On-Time,3,19.99,38.83,0.0,35
ORD-16137,2023-04-17,Apparel,Pants,East,On-Time,1,347.23,650.63,0.05,31
ORD-16138,2023-11-12,Apparel,Footwear,South,On-Time,4,348.77,705.33,0.0,9
ORD-16139,2023-10-28,Apparel,Pants,East,On-Time,3,164.61,345.13,0.0,46
ORD-16140,2023-01-31,Electronics,Accessories,West,Delayed - Transit,4,20.19,25.49,0.39,103
ORD-16141,2023-10-20,Electronics,Audio,East,On-Time,3,348.61,829.16,0.05,24
ORD-16142,2023-08-26,Furniture,Tables,North,On-Time,3,89.36,101.15,0.38,108
ORD-16143,2023-03-25,Electronics,Accessories,South,On-Time,2,350.76,646.71,0.05,35
ORD-16144,2023-03-21,Apparel,Pants,South,Delayed - Transit,4,23.89,26.8,0.4,142
ORD-16145,2023-08-15,Electronics,Computers,West,Delayed - Transit,4,92.19,97.36,0.5,148
ORD-16146,2023-10-12,Apparel,Footwear,West,On-Time,3,381.8,794.53,0.05,23
ORD-16147,2023-04-11,Furniture,Desks,East,On-Time,4,291.57,363.72,0.48,123
ORD-16148,2023-06-17,Electronics,Audio,West,On-Time,1,313.13,564.63,0.0,58
ORD-16149,2023-04-14,Furniture,Tables,East,On-Time,1,44.4,50.64,0.55,107
ORD-16150,2023-04-27,Apparel,Pants,West,On-Time,3,114.26,261.16,0.05,30
ORD-16151,2023-02-28,Apparel,Shirts,West,On-Time,4,356.81,817.12,0.0,13
ORD-16152,2023-11-22,Furniture,Tables,South,Delayed - Customs,2,194.26,224.21,0.55,97
ORD-16153,2023-05-14,Furniture,Desks,North,On-Time,2,131.63,170.46,0.59,115
ORD-16154,2023-02-09,Electronics,Accessories,East,On-Time,5,67.89,149.36,0.05,28
ORD-16155,2023-04-01,Electronics,Computers,East,Delayed - Transit,1,187.42,233.66,0.35,141
ORD-16156,2023-11-01,Apparel,Shirts,South,On-Time,3,18.89,45.15,0.0,20
ORD-16157,2023-08-24,Furniture,Tables,West,Delayed - Transit,3,323.65,389.62,0.44,109
ORD-16158,2023-06-24,Apparel,Shirts,South,Delayed - Transit,1,95.34,110.15,0.54,116
ORD-16159,2023-09-10,Apparel,Shirts,West,On-Time,1,37.44,71.23,0.05,16
ORD-16160,2023-12-21,Apparel,Footwear,South,On-Time,1,306.56,684.33,0.05,10
ORD-16161,2023-06-18,Apparel,Pants,South,On-Time,4,181.72,435.34,0.05,27
ORD-16162,2023-05-28,Apparel,Pants,North,On-Time,2,95.98,218.53,0.05,38
ORD-16163,2023-04-27,Apparel,Pants,South,Delayed - Transit,3,263.42,347.35,0.58,123
ORD-16164,2023-07-23,Electronics,,South,On-Time,4,201.56,372.98,0.0,13
ORD-16165,2023-11-15,Furniture,Chairs,North,Delayed - Customs,1,27.34,32.12,0.48,115
ORD-16166,2023-09-17,Electronics,Audio,West,On-Time,2,329.79,652.43,0.0,29
ORD-16167,2023-12-26,Furniture,Desks,North,On-Time,2,165.39,189.56,0.39,139
ORD-16168,2023-10-24,Furniture,Desks,South,On-Time,4,139.07,164.42,0.58,128
ORD-16169,2023-04-10,Electronics,Audio,East,Delayed - Transit,5,24.42,32.05,0.47,118
ORD-16170,2023-04-15,Apparel,Shirts,West,On-Time,5,66.23,149.73,0.05,19
ORD-16171,2023-10-06,Electronics,Audio,North,Delayed - Transit,4,231.12,258.37,0.61,124
ORD-16172,2023-07-29,Furniture,Desks,East,On-Time,5,174.7,184.36,0.54,115
ORD-16173,2023-08-16,Apparel,Shirts,South,On-Time,4,348.65,581.64,0.0,35
ORD-16174,2023-03-01,Furniture,Desks,North,On-Time,2,378.92,485.67,0.38,98
ORD-16175,2023-06-24,Furniture,Chairs,West,On-Time,2,135.32,159.79,0.46,126
ORD-16176,2023-05-08,Electronics,Audio,South,On-Time,3,131.01,212.34,0.05,46
ORD-16177,2023-05-28,Electronics,Accessories,South,Delayed - Transit,4,97.34,105.8,0.56,165
ORD-16178,2023-06-17,Apparel,Shirts,South,On-Time,4,149.98,297.29,0.0,26
ORD-16179,2023-11-24,Electronics,Audio,East,On-Time,1,172.29,405.87,0.0,27
ORD-16180,2023-11-26,Electronics,,South,On-Time,1,116.61,202.49,0.05,23
ORD-16181,2023-04-29,Apparel,Footwear,North,Delayed - Customs,3,141.84,176.47,0.49,118
ORD-16182,2023-11-23,Electronics,Audio,East,On-Time,3,184.13,389.11,0.0,37
ORD-16183,2023-07-30,Apparel,Footwear,West,Delayed - Transit,5,397.61,506.6,0.59,139
ORD-16184,2023-02-08,Electronics,Audio,South,On-Time,5,137.02,321.05,0.05,47
ORD-16185,2023-02-24,Electronics,Computers,East,On-Time,5,190.67,318.45,0.0,14
ORD-16186,2023-12-30,Apparel,Pants,South,On-Time,4,303.96,680.6,0.05,42
ORD-16187,2023-07-26,Apparel,Shirts,North,On-Time,5,378.94,741.39,0.05,54
ORD-16188,2023-11-17,Apparel,Pants,North,On-Time,2,320.94,600.82,0.05,36
ORD-16189,2023-04-04,Apparel,Shirts,East,On-Time,5,69.98,124.08,0.0,22
ORD-16190,2023-09-18,Apparel,Footwear,West,On-Time,1,337.82,607.75,0.05,21
ORD-16191,2023-06-12,Apparel,Shirts,South,On-Time,1,323.42,543.61,0.05,37
ORD-16192,2023-03-18,Apparel,Pants,South,On-Time,2,100.34,223.49,0.05,26
ORD-16193,2023-02-26,Apparel,Shirts,South,On-Time,2,251.52,579.63,0.05,36
ORD-16194,2023-01-01,Electronics,Computers,West,Delayed - Transit,2,349.24,368.1,0.49,128
ORD-16195,2023-12-21,Electronics,Audio,North,Delayed - Transit,3,28.05,35.02,0.6,93
ORD-16196,2023-02-20,Apparel,Shirts,East,On-Time,1,254.49,552.5,0.05,52
ORD-16197,2023-05-07,Apparel,Footwear,West,On-Time,4,34.32,55.12,0.05,32
ORD-16198,2023-11-04,Electronics,Audio,East,On-Time,2,123.93,250.56,0.05,32
ORD-16199,2023-09-17,Apparel,Pants,East,On-Time,1,287.15,484.43,0.05,21
ORD-16200,2023-10-08,Electronics,Audio,North,On-Time,2,106.25,173.32,0.05,32
ORD-16201,2023-11-26,Electronics,Audio,North,On-Time,2,284.84,475.66,0.05,10
ORD-16202,2023-04-09,Electronics,Accessories,South,On-Time,2,380.01,772.55,0.0,22
ORD-16203,2023-08-27,Apparel,Shirts,North,On-Time,5,348.12,557.69,0.05,8
ORD-16204,2023-10-18,Furniture,Chairs,North,Delayed - Customs,4,325.04,361.24,0.63,142
ORD-16205,2023-04-17,Apparel,Pants,West,On-Time,1,306.79,673.12,0.0,26
ORD-16206,2023-07-23,Electronics,Accessories,South,Delayed - Transit,2,375.15,485.84,0.6,126
ORD-16207,2023-05-12,Apparel,Pants,North,On-Time,2,99.8,170.39,0.05,24
ORD-16208,2023-10-27,Electronics,Computers,South,On-Time,5,25.34,44.99,0.0,20
ORD-16209,2023-08-10,Apparel,Pants,West,On-Time,1,81.16,179.9,0.0,21
ORD-16210,2023-02-19,Furniture,,South,Delayed - Transit,5,31.56,34.89,0.36,151
ORD-16211,2023-09-08,Apparel,Pants,West,Delayed - Customs,5,167.07,179.95,0.45,102
ORD-16212,2023-05-28,Electronics,Accessories,North,On-Time,3,394.22,855.92,0.05,35
ORD-16213,2023-03-24,Electronics,Audio,North,On-Time,1,174.03,317.77,0.0,27
ORD-16214,2023-05-09,Apparel,Footwear,East,Delayed - Transit,4,239.17,255.43,0.42,88
ORD-16215,2023-03-03,Electronics,Accessories,East,On-Time,1,396.57,837.21,0.0,45
ORD-16216,2023-01-11,Furniture,Chairs,East,On-Time,2,377.66,404.28,0.41,100
ORD-16217,2023-03-21,Furniture,Tables,East,On-Time,4,37.49,42.57,0.47,103
ORD-16218,2023-02-18,Furniture,Desks,North,On-Time,4,169.78,216.15,0.53,116
ORD-16219,2023-07-04,Apparel,Pants,West,On-Time,3,72.42,121.52,0.05,26
ORD-16220,2023-04-04,Furniture,Desks,East,On-Time,1,18.21,21.29,0.37,153
ORD-16221,2023-04-19,Electronics,Accessories,North,On-Time,3,154.12,338.98,0.0,32
ORD-16222,2023-10-11,Electronics,Accessories,East,On-Time,2,208.09,462.83,0.05,32
ORD-16223,2023-12-20,Furniture,Tables,South,Delayed - Transit,3,301.72,324.93,0.62,112
ORD-16224,2023-03-06,Furniture,Tables,North,On-Time,5,259.65,298.74,0.56,98
ORD-16225,2023-08-25,Apparel,Footwear,East,Delayed - Transit,1,366.22,408.81,0.43,142
ORD-16226,2023-12-09,Apparel,Pants,South,Delayed - Customs,4,140.0,152.81,0.53,111
ORD-16227,2023-08-24,Electronics,Computers,South,Delayed - Transit,1,53.93,61.93,0.47,89
ORD-16228,2023-05-01,Furniture,Chairs,East,On-Time,1,274.42,342.34,0.55,152
ORD-16229,2023-11-21,Furniture,Chairs,North,On-Time,1,176.08,189.75,0.52,101
ORD-16230,2023-05-14,Furniture,Tables,East,On-Time,4,118.07,129.66,0.4,119
ORD-16231,2023-07-16,Furniture,Tables,West,Delayed - Transit,1,51.6,65.01,0.56,100
ORD-16232,2023-05-17,Apparel,Shirts,East,On-Time,5,237.44,497.33,0.0,41
ORD-16233,2023-12-01,Apparel,Pants,North,Delayed - Customs,1,30.98,37.67,0.59,100
ORD-16234,2023-12-10,Electronics,Computers,West,On-Time,4,321.08,673.14,0.0,29
ORD-16235,2023-11-18,Electronics,Computers,North,On-Time,1,270.34,571.27,0.05,25
ORD-16236,2023-11-04,Apparel,,South,On-Time,2,60.44,110.39,0.05,17
ORD-16237,2023-09-09,Apparel,Pants,South,On-Time,4,59.18,115.9,0.0,22
ORD-16238,2023-11-23,Electronics,Computers,East,Delayed - Transit,4,258.4,309.6,0.39,92
ORD-16239,2023-05-05,Apparel,,West,On-Time,5,246.2,494.69,0.05,21
ORD-16240,2023-04-09,Apparel,Shirts,East,On-Time,5,196.47,400.57,0.0,36
ORD-16241,2023-08-28,Furniture,Desks,East,On-Time,5,318.64,401.93,0.51,133
ORD-16242,2023-09-03,Furniture,Desks,North,On-Time,2,368.93,470.42,0.63,127
ORD-16243,2023-05-30,Apparel,Pants,South,Delayed - Transit,5,108.15,142.2,0.0,68
ORD-16244,2023-08-05,Furniture,Chairs,West,On-Time,2,179.63,232.64,0.63,116
ORD-16245,2023-05-25,Furniture,Chairs,North,On-Time,2,111.08,140.24,0.45,134
ORD-16246,2023-11-24,Electronics,Accessories,South,On-Time,1,57.83,128.8,0.05,45
ORD-16247,2023-07-06,Electronics,Accessories,East,On-Time,4,247.48,468.17,0.05,37
ORD-16248,2023-10-03,Apparel,Pants,South,On-Time,2,262.02,569.06,0.0,40
ORD-16249,2023-01-24,Apparel,Shirts,South,On-Time,1,287.75,595.39,0.0,27
ORD-16250,2023-08-02,Apparel,Shirts,West,Delayed - Customs,4,55.44,65.85,0.64,88
ORD-16251,2023-09-09,Electronics,Computers,South,On-Time,3,342.15,562.68,0.0,41
ORD-16252,2023-01-27,Furniture,Desks,East,On-Time,2,46.11,57.0,0.41,151
ORD-16253,2023-12-12,Furniture,Chairs,West,On-Time,2,47.84,51.67,0.62,116
ORD-16254,2023-09-08,Electronics,Audio,East,On-Time,5,348.0,598.63,0.0,32
ORD-16255,2023-06-27,Apparel,Shirts,West,On-Time,1,323.59,726.65,0.0,36
ORD-16256,2023-07-16,Apparel,Footwear,East,On-Time,5,381.09,792.38,0.05,45
ORD-16257,2023-07-23,Apparel,Footwear,North,On-Time,3,234.39,529.14,0.05,52
ORD-16258,2023-11-04,Apparel,Pants,East,On-Time,1,340.14,767.21,0.0,29
ORD-16259,2023-11-21,Furniture,Chairs,East,On-Time,2,234.07,254.64,0.58,93
ORD-16260,2023-02-12,Furniture,Tables,West,On-Time,2,129.01,167.17,0.53,119
ORD-16261,2023-01-07,Apparel,Footwear,North,On-Time,2,95.44,157.07,0.0,40
ORD-16262,2023-08-15,Furniture,Desks,South,On-Time,2,360.98,438.42,0.0,64
ORD-16263,2023-08-31,Electronics,Accessories,South,On-Time,2,373.24,789.95,0.05,27
ORD-16264,2023-01-19,Electronics,Accessories,North,Delayed - Customs,5,123.49,147.68,0.0,79
ORD-16265,2023-06-02,Apparel,,North,On-Time,4,335.54,680.88,0.0,37
ORD-16266,2023-08-27,Furniture,Chairs,South,On-Time,2,150.29,191.25,0.64,94
ORD-16267,2023-09-12,Apparel,Pants,South,On-Time,5,211.14,454.32,0.05,24
ORD-16268,2023-11-11,Furniture,Desks,East,Delayed - Transit,1,328.67,385.58,0.54,125
ORD-16269,2023-01-12,Electronics,Audio,West,Delayed - Customs,1,151.83,185.07,0.37,98
ORD-16270,2023-04-23,Furniture,Chairs,West,On-Time,3,147.09,196.92,0.0,52
ORD-16271,2023-06-13,Apparel,Pants,East,On-Time,2,17.89,41.41,0.0,40
ORD-16272,2023-02-05,Apparel,Footwear,North,On-Time,4,366.86,832.22,0.05,35
ORD-16273,2023-04-23,Apparel,Shirts,West,On-Time,2,35.49,78.96,0.05,21
ORD-16274,2023-02-18,Electronics,Audio,East,On-Time,2,95.73,169.44,0.0,30
ORD-16275,2023-10-29,Apparel,Pants,East,On-Time,3,67.07,130.97,0.0,40
ORD-16276,2023-09-07,Furniture,Desks,West,On-Time,1,52.39,58.16,0.52,134
ORD-16277,2023-05-05,Furniture,,West,On-Time,4,235.56,273.84,0.39,123
ORD-16278,2023-01-25,Apparel,Pants,West,On-Time,1,275.07,529.42,0.05,22
ORD-16279,2023-02-17,Furniture,Chairs,South,On-Time,1,320.26,393.59,0.48,102
ORD-16280,2023-12-06,Apparel,Shirts,North,On-Time,1,187.06,381.67,0.05,47
ORD-16281,2023-10-24,Apparel,Shirts,West,On-Time,5,162.44,385.62,0.05,24
ORD-16282,2023-06-23,Furniture,Chairs,North,On-Time,4,46.21,58.65,0.4,119
ORD-16283,2023-02-27,Apparel,Footwear,West,On-Time,1,128.9,288.84,0.05,40
ORD-16284,2023-08-23,Electronics,Computers,East,On-Time,4,156.32,328.01,0.05,17
ORD-16285,2023-04-14,Furniture,Tables,South,Delayed - Transit,3,349.53,436.14,0.59,148
ORD-16286,2023-08-21,Electronics,Audio,West,On-Time,2,56.67,135.37,0.05,29
ORD-16287,2023-09-08,Electronics,Computers,North,On-Time,3,259.3,580.82,0.0,36
ORD-16288,2023-09-04,Furniture,Tables,South,On-Time,1,83.7,112.83,0.54,124
ORD-16289,2023-12-06,Apparel,Shirts,West,On-Time,2,373.99,854.98,0.05,25
ORD-16290,2023-06-30,Furniture,Desks,South,On-Time,3,339.95,360.04,0.64,93
ORD-16291,2023-11-28,Furniture,Desks,South,On-Time,4,289.32,319.33,0.64,106
ORD-16292,2023-12-03,Apparel,Shirts,South,On-Time,4,207.14,419.34,0.05,40
ORD-16293,2023-08-12,Electronics,Computers,East,Delayed - Customs,4,283.73,324.03,0.63,107
ORD-16294,2023-07-07,Furniture,Chairs,South,On-Time,4,69.62,83.37,0.36,128
ORD-16295,2023-07-06,Apparel,Shirts,South,Delayed - Customs,2,271.29,299.63,0.43,93
ORD-16296,2023-09-27,Furniture,Desks,West,On-Time,1,223.91,294.97,0.49,124
ORD-16297,2023-05-06,Electronics,Audio,South,Delayed - Transit,4,95.18,126.77,0.62,116
ORD-16298,2023-02-23,Furniture,Tables,West,On-Time,5,299.82,384.28,0.0,83
ORD-16299,2023-01-23,Furniture,Chairs,West,Delayed - Transit,4,117.35,130.04,0.58,148
ORD-16300,2023-11-17,Furniture,Chairs,South,On-Time,2,352.52,393.14,0.41,150
ORD-16301,2023-11-06,Electronics,Audio,West,On-Time,4,66.63,158.95,0.0,42
ORD-16302,2023-07-25,Electronics,Accessories,North,On-Time,1,55.51,122.68,0.0,6
ORD-16303,2023-04-15,Furniture,Chairs,South,On-Time,3,253.94,318.83,0.05,84
ORD-16304,2023-10-10,Apparel,Pants,East,On-Time,4,389.55,754.1,0.0,28
ORD-16305,2023-01-16,Apparel,Shirts,East,On-Time,4,64.31,113.68,0.0,35
ORD-16306,2023-10-07,Apparel,Pants,North,Delayed - Transit,5,339.17,456.05,0.41,114
ORD-16307,2023-02-21,Electronics,Computers,East,Delayed - Customs,4,375.83,432.33,0.52,86
ORD-16308,2023-08-09,Apparel,Shirts,West,On-Time,3,252.82,563.8,0.0,1
ORD-16309,2023-09-15,Apparel,Footwear,West,Delayed - Customs,2,192.65,254.74,0.55,141
ORD-16310,2023-05-11,Furniture,Chairs,East,On-Time,2,120.87,140.75,0.43,112
ORD-16311,2023-12-20,Apparel,Shirts,East,On-Time,2,28.78,62.0,0.0,26
ORD-16312,2023-05-22,Electronics,Audio,North,On-Time,3,321.92,675.51,0.05,29
ORD-16313,2023-01-21,Electronics,Computers,South,On-Time,1,99.98,202.98,0.0,40
ORD-16314,2023-08-27,Furniture,Tables,East,On-Time,5,171.91,225.82,0.5,111
ORD-16315,2023-09-29,Furniture,Tables,North,On-Time,3,86.86,104.27,0.39,127
ORD-16316,2023-09-21,Apparel,Pants,North,On-Time,1,362.9,870.73,0.0,20
ORD-16317,2023-07-11,Apparel,Pants,North,On-Time,3,172.98,375.13,0.05,26
ORD-16318,2023-10-18,Furniture,Chairs,West,On-Time,3,330.47,396.99,0.36,160
ORD-16319,2023-08-09,Furniture,Desks,North,On-Time,5,105.77,137.67,0.59,131
ORD-16320,2023-02-14,Apparel,Footwear,North,On-Time,2,191.26,307.95,0.05,28
ORD-16321,2023-02-09,Furniture,Desks,West,On-Time,1,87.26,95.23,0.44,127
ORD-16322,2023-05-07,Electronics,Computers,West,Delayed - Transit,1,165.95,184.57,0.48,117
ORD-16323,2023-12-18,Apparel,Shirts,West,On-Time,2,198.91,439.48,0.05,29
ORD-16324,2023-02-07,Apparel,Footwear,West,On-Time,1,67.97,137.65,0.0,30
ORD-16325,2023-10-19,Apparel,Shirts,South,Delayed - Transit,5,327.45,376.22,0.47,101
ORD-16326,2023-04-22,Furniture,Desks,South,Delayed - Customs,1,316.89,391.75,0.47,104
ORD-16327,2023-09-30,Furniture,Desks,West,On-Time,4,84.76,91.61,0.46,120
ORD-16328,2023-01-28,Furniture,Chairs,North,On-Time,2,236.0,296.8,0.43,119
ORD-16329,2023-08-05,Furniture,Chairs,West,Delayed - Customs,4,144.99,163.64,0.49,93
ORD-16330,2023-05-30,Apparel,Pants,North,On-Time,3,163.07,378.76,0.05,50
ORD-16331,2023-10-02,Electronics,Accessories,South,Delayed - Transit,2,238.4,270.18,0.44,119
ORD-16332,2023-02-13,Electronics,Accessories,West,On-Time,2,371.58,703.16,0.0,33
ORD-16333,2023-07-06,Apparel,Shirts,West,Delayed - Customs,3,206.38,254.85,0.0,82
ORD-16334,2023-06-30,Furniture,Chairs,South,On-Time,4,226.05,276.72,0.42,116
ORD-16335,2023-01-28,Electronics,Computers,East,On-Time,5,364.36,749.64,0.0,39
ORD-16336,2023-10-03,Furniture,Desks,South,Delayed - Customs,3,178.63,208.15,0.57,117
ORD-16337,2023-09-21,Electronics,,North,On-Time,2,257.73,418.01,0.05,22
ORD-16338,2023-01-01,Electronics,Computers,North,On-Time,3,258.03,476.5,0.0,17
ORD-16339,2023-10-20,Apparel,Shirts,East,On-Time,2,190.88,373.68,0.0,35
ORD-16340,2023-01-15,Apparel,Footwear,North,On-Time,3,34.46,57.99,0.05,33
ORD-16341,2023-02-02,Furniture,Tables,South,On-Time,4,117.08,146.47,0.47,93
ORD-16342,2023-03-29,Furniture,Desks,South,On-Time,4,195.74,246.57,0.0,79
ORD-16343,2023-07-04,Apparel,Shirts,East,On-Time,4,130.93,232.04,0.05,37
ORD-16344,2023-02-03,Apparel,Footwear,East,On-Time,1,271.53,597.87,0.0,26
ORD-16345,2023-08-30,Furniture,Desks,East,Delayed - Transit,1,20.28,24.24,0.48,124
ORD-16346,2023-10-06,Furniture,Chairs,North,On-Time,5,352.25,461.89,0.0,74
ORD-16347,2023-12-01,Apparel,Shirts,North,On-Time,3,314.49,702.8,0.05,46
ORD-16348,2023-02-14,Electronics,Computers,North,On-Time,3,115.93,197.58,0.0,34
ORD-16349,2023-09-06,Apparel,Shirts,West,Delayed - Transit,1,294.88,309.85,0.57,104
ORD-16350,2023-09-23,Furniture,Desks,West,On-Time,1,136.34,153.51,0.05,85
ORD-16351,2023-10-22,Electronics,Accessories,East,On-Time,2,255.46,602.85,0.05,28
ORD-16352,2023-06-26,Furniture,Tables,West,Delayed - Transit,2,69.22,89.62,0.61,115
ORD-16353,2023-07-24,Electronics,Computers,East,On-Time,2,294.84,563.64,0.0,42
ORD-16354,2023-04-21,Furniture,Desks,South,On-Time,4,90.33,107.24,0.54,126
ORD-16355,2023-03-08,Apparel,Footwear,West,On-Time,4,15.02,26.17,0.05,25
ORD-16356,2023-06-18,Apparel,Shirts,North,On-Time,1,273.34,594.04,0.0,44
ORD-16357,2023-12-09,Apparel,Shirts,West,On-Time,1,375.97,717.08,0.05,51
ORD-16358,2023-09-12,Apparel,Footwear,East,On-Time,3,341.39,651.87,0.0,35
ORD-16359,2023-08-15,Furniture,Desks,North,On-Time,1,336.67,427.64,0.53,117
ORD-16360,2023-08-25,Apparel,Pants,South,On-Time,2,312.06,659.19,0.05,18
ORD-16361,2023-04-07,Apparel,Pants,West,On-Time,3,342.67,564.22,0.0,16
ORD-16362,2023-06-21,Apparel,Footwear,North,On-Time,5,229.75,471.62,0.05,26
ORD-16363,2023-12-29,Furniture,Desks,East,On-Time,1,290.43,366.83,0.4,141
ORD-16364,2023-01-04,Apparel,Footwear,East,On-Time,1,49.87,94.54,0.05,13
ORD-16365,2023-02-11,Furniture,Tables,East,On-Time,1,163.91,218.77,0.05,81
ORD-16366,2023-08-05,Apparel,Shirts,West,On-Time,4,94.33,192.52,0.0,46
ORD-16367,2023-05-17,Electronics,Computers,East,On-Time,2,318.94,682.21,0.05,20
ORD-16368,2023-02-16,Furniture,Desks,North,On-Time,4,248.24,284.2,0.37,115
ORD-16369,2023-12-20,Apparel,Shirts,North,On-Time,1,47.58,83.3,0.05,18
ORD-16370,2023-06-07,Electronics,Audio,East,On-Time,1,254.89,592.06,0.05,59
ORD-16371,2023-07-13,Furniture,Tables,North,On-Time,4,249.95,306.65,0.47,145
ORD-16372,2023-08-03,Electronics,Audio,South,Delayed - Transit,2,42.28,48.08,0.4,127
ORD-16373,2023-11-08,Electronics,Accessories,North,On-Time,3,338.77,795.03,0.0,45
ORD-16374,2023-01-22,Furniture,Desks,South,Delayed - Transit,2,266.73,311.21,0.5,165
ORD-16375,2023-02-14,Apparel,Footwear,South,On-Time,4,26.91,57.83,0.05,31
ORD-16376,2023-09-10,Apparel,Shirts,North,On-Time,5,223.11,482.67,0.05,17
ORD-16377,2023-12-23,Electronics,Accessories,South,On-Time,3,183.54,350.03,0.0,21
ORD-16378,2023-06-05,Furniture,Chairs,North,On-Time,1,259.5,325.03,0.63,131
ORD-16379,2023-12-03,Furniture,Chairs,North,On-Time,3,36.13,42.43,0.0,62
ORD-16380,2023-06-22,Apparel,Pants,North,On-Time,3,92.16,194.89,0.0,27
ORD-16381,2023-05-27,Furniture,Tables,West,On-Time,5,305.36,348.9,0.49,109
ORD-16382,2023-02-18,Furniture,Tables,North,On-Time,1,37.45,39.87,0.36,142
ORD-16383,2023-11-17,Apparel,Pants,East,On-Time,1,24.81,51.05,0.0,38
ORD-16384,2023-12-21,Electronics,Computers,South,Delayed - Customs,3,151.91,190.4,0.4,119
ORD-16385,2023-12-31,Furniture,Chairs,South,Delayed - Customs,5,223.75,271.99,0.5,103
ORD-16386,2023-03-30,Electronics,Audio,West,On-Time,5,52.99,127.04,0.05,25
ORD-16387,2023-06-24,Furniture,Chairs,South,On-Time,2,118.18,127.23,0.44,126
ORD-16388,2023-11-27,Furniture,Chairs,North,Delayed - Customs,5,364.79,390.67,0.05,82
ORD-16389,2023-07-31,Electronics,Accessories,South,On-Time,5,177.75,373.11,0.05,11
ORD-16390,2023-02-25,Apparel,Footwear,East,On-Time,1,105.23,194.97,0.0,25
ORD-16391,2023-05-14,Electronics,Computers,West,On-Time,3,33.46,72.44,0.05,20
ORD-16392,2023-09-22,Electronics,Computers,East,On-Time,1,15.27,35.4,0.05,29
ORD-16393,2023-07-29,Furniture,Desks,South,On-Time,2,318.23,416.41,0.37,95
ORD-16394,2023-01-16,Apparel,Pants,East,On-Time,3,106.7,180.94,0.05,21
ORD-16395,2023-10-06,Furniture,Chairs,East,Delayed - Transit,3,329.15,414.43,0.39,116
ORD-16396,2023-01-13,Apparel,Pants,North,On-Time,1,299.41,650.88,0.05,46
ORD-16397,2023-01-10,Electronics,Accessories,West,On-Time,3,190.42,397.41,0.0,32
ORD-16398,2023-04-28,Apparel,Shirts,South,Delayed - Customs,2,233.44,285.79,0.36,121
ORD-16399,2023-03-01,Electronics,Accessories,West,On-Time,4,161.69,262.54,0.05,36
ORD-16400,2023-01-06,Apparel,Pants,West,On-Time,4,386.05,708.43,0.0,8
ORD-16401,2023-01-06,Electronics,Audio,East,On-Time,4,175.77,284.57,0.0,37
ORD-16402,2023-06-16,Furniture,Desks,South,On-Time,1,149.12,196.33,0.35,111
ORD-16403,2023-02-11,Furniture,Desks,East,On-Time,4,364.29,390.75,0.48,108
ORD-16404,2023-05-08,Electronics,Audio,South,On-Time,4,222.89,391.87,0.0,50
ORD-16405,2023-12-05,Electronics,Computers,East,On-Time,5,320.43,701.28,0.0,28
ORD-16406,2023-04-03,Electronics,Accessories,East,On-Time,1,295.53,656.17,0.05,33
ORD-16407,2023-01-09,Furniture,Desks,West,On-Time,4,301.21,406.02,0.58,108
ORD-16408,2023-03-21,Furniture,Chairs,North,On-Time,1,24.49,30.8,0.47,145
ORD-16409,2023-07-01,Apparel,Pants,East,On-Time,4,377.15,867.48,0.0,42
ORD-16410,2023-06-08,Furniture,Chairs,West,On-Time,5,204.68,243.4,0.55,117
ORD-16411,2023-03-30,Furniture,Desks,North,On-Time,5,347.38,446.13,0.56,90
ORD-16412,2023-11-15,Electronics,Accessories,South,On-Time,1,178.15,307.23,0.0,34
ORD-16413,2023-02-11,Apparel,Shirts,North,On-Time,3,237.52,472.32,0.05,31
ORD-16414,2023-08-10,Electronics,Accessories,North,On-Time,5,341.56,645.64,0.0,38
ORD-16415,2023-10-08,Furniture,Chairs,North,On-Time,5,263.5,294.95,0.43,95
ORD-16416,2023-02-12,Apparel,Pants,West,On-Time,3,262.74,502.93,0.0,18
ORD-16417,2023-05-13,Furniture,Chairs,South,On-Time,5,394.12,504.23,0.54,108
ORD-16418,2023-04-12,Electronics,Accessories,West,On-Time,4,80.53,146.16,0.0,34
ORD-16419,2023-08-01,Furniture,Tables,South,On-Time,1,178.23,211.25,0.47,127
ORD-16420,2023-10-05,Apparel,Footwear,North,On-Time,3,215.83,439.94,0.05,16
ORD-16421,2023-01-01,Electronics,Audio,South,Delayed - Customs,3,321.76,344.57,0.39,108
ORD-16422,2023-04-21,Apparel,Pants,South,On-Time,4,140.76,337.1,0.0,46
ORD-16423,2023-06-07,Furniture,Desks,West,Delayed - Transit,3,99.79,120.09,0.38,119
ORD-16424,2023-10-17,Furniture,Chairs,East,Delayed - Transit,1,314.12,363.88,0.38,102
ORD-16425,2023-04-24,Electronics,Accessories,South,On-Time,5,70.14,151.12,0.0,37
ORD-16426,2023-06-29,Apparel,Footwear,North,On-Time,4,126.33,258.43,0.05,36
ORD-16427,2023-04-12,Apparel,Pants,South,Delayed - Transit,1,258.47,326.32,0.42,114
ORD-16428,2023-04-22,Electronics,Audio,West,On-Time,4,98.97,181.66,0.05,45
ORD-16429,2023-01-14,Apparel,Footwear,West,Delayed - Transit,3,312.24,413.68,0.48,131
ORD-16430,2023-08-06,Apparel,Shirts,West,On-Time,5,216.26,507.26,0.05,27
ORD-16431,2023-05-18,Electronics,Accessories,South,On-Time,1,68.36,141.7,0.05,14
ORD-16432,2023-12-15,Electronics,Audio,North,On-Time,4,70.81,113.58,0.0,19
ORD-16433,2023-06-30,Apparel,Pants,North,Delayed - Customs,5,86.72,94.83,0.36,96
ORD-16434,2023-02-09,Furniture,Chairs,West,On-Time,3,245.49,267.78,0.35,105
ORD-16435,2023-05-27,Apparel,Footwear,South,On-Time,3,271.7,546.87,0.05,8
ORD-16436,2023-06-06,Electronics,Audio,East,Delayed - Transit,3,301.28,389.87,0.5,139
ORD-16437,2023-09-22,Furniture,Tables,South,On-Time,4,264.26,321.3,0.6,141
ORD-16438,2023-01-24,Apparel,Shirts,East,Delayed - Transit,1,165.69,204.6,0.5,90
ORD-16439,2023-04-07,Apparel,Pants,North,Delayed - Customs,4,334.03,407.36,0.49,126
ORD-16440,2023-08-01,Electronics,Accessories,South,Delayed - Transit,5,19.74,24.16,0.5,122
ORD-16441,2023-11-29,Electronics,Accessories,East,On-Time,4,86.2,142.8,0.0,21
ORD-16442,2023-01-28,Apparel,,West,On-Time,4,89.8,166.1,0.0,52
ORD-16443,2023-03-20,Apparel,Pants,West,On-Time,1,291.66,563.11,0.05,34
ORD-16444,2023-06-12,Furniture,Tables,North,On-Time,3,385.25,436.26,0.64,96
ORD-16445,2023-06-08,Furniture,Desks,South,On-Time,4,135.37,164.64,0.44,143
ORD-16446,2023-10-21,Apparel,Footwear,North,On-Time,5,143.76,249.88,0.0,25
ORD-16447,2023-02-04,Furniture,Desks,South,On-Time,3,327.68,387.33,0.38,92
ORD-16448,2023-10-30,Furniture,Chairs,North,On-Time,4,161.47,181.65,0.6,99
ORD-16449,2023-11-19,Furniture,Tables,West,Delayed - Transit,2,369.02,439.35,0.59,134
ORD-16450,2023-08-30,Electronics,Accessories,East,On-Time,4,334.33,787.53,0.0,54
ORD-16451,2023-07-13,Electronics,Accessories,South,On-Time,3,321.86,607.24,0.05,19
ORD-16452,2023-02-27,Apparel,Footwear,East,On-Time,2,313.64,697.45,0.05,30
ORD-16453,2023-03-29,Furniture,Chairs,West,On-Time,5,16.16,18.44,0.54,97
ORD-16454,2023-10-30,Furniture,Chairs,East,On-Time,5,43.49,47.34,0.6,149
ORD-16455,2023-07-23,Furniture,Tables,West,On-Time,5,298.03,338.38,0.51,99
ORD-16456,2023-03-18,Apparel,Shirts,East,On-Time,3,222.8,418.75,0.0,38
ORD-16457,2023-08-30,Furniture,Tables,East,On-Time,3,336.68,401.05,0.05,68
ORD-16458,2023-12-14,Electronics,Accessories,East,Delayed - Customs,1,61.86,81.55,0.54,113
ORD-16459,2023-10-15,Electronics,,South,On-Time,1,244.25,438.8,0.0,30
ORD-16460,2023-01-04,Apparel,Footwear,North,Delayed - Transit,2,345.01,459.66,0.55,146
ORD-16461,2023-10-20,Apparel,Shirts,North,Delayed - Transit,1,166.73,190.56,0.59,104
ORD-16462,2023-12-16,Electronics,Audio,West,On-Time,1,21.94,48.33,0.0,25
ORD-16463,2023-11-18,Electronics,Computers,East,On-Time,5,215.84,442.86,0.05,23
ORD-16464,2023-12-15,Furniture,Desks,South,Delayed - Customs,1,232.65,254.32,0.39,126
ORD-16465,2023-01-17,Electronics,Audio,South,On-Time,1,371.75,700.91,0.0,54
ORD-16466,2023-06-30,Apparel,Shirts,North,Delayed - Transit,1,338.46,360.15,0.0,75
ORD-16467,2023-08-07,Apparel,Shirts,South,On-Time,2,50.95,97.36,0.0,34
ORD-16468,2023-03-16,Electronics,Computers,South,On-Time,1,370.34,714.43,0.0,20
ORD-16469,2023-02-01,Furniture,Chairs,West,On-Time,3,46.97,59.88,0.62,104
ORD-16470,2023-02-19,Furniture,Chairs,South,Delayed - Transit,5,165.96,176.52,0.64,130
ORD-16471,2023-07-08,Electronics,Audio,North,On-Time,5,292.13,590.27,0.0,45
ORD-16472,2023-08-25,Electronics,,South,On-Time,4,339.97,749.18,0.05,27
ORD-16473,2023-01-27,Electronics,,North,On-Time,5,276.09,576.67,0.0,21
ORD-16474,2023-01-07,Furniture,Chairs,East,On-Time,3,178.39,229.25,0.46,133
ORD-16475,2023-07-12,Furniture,Tables,West,On-Time,4,377.56,431.1,0.56,111
ORD-16476,2023-02-15,Electronics,Computers,West,On-Time,2,117.48,220.12,0.0,27
ORD-16477,2023-09-10,Apparel,Footwear,West,On-Time,2,150.15,274.23,0.05,17
ORD-16478,2023-04-27,Apparel,Pants,West,On-Time,5,375.0,720.32,0.05,30
ORD-16479,2023-12-24,Furniture,Tables,North,On-Time,4,135.97,159.89,0.4,142
ORD-16480,2023-05-13,Apparel,Footwear,South,On-Time,5,234.35,395.82,0.05,43
ORD-16481,2023-09-20,Electronics,Computers,North,On-Time,2,72.43,142.21,0.05,41
ORD-16482,2023-03-22,Furniture,Tables,North,On-Time,5,275.64,353.1,0.62,131
ORD-16483,2023-05-02,Apparel,Pants,North,On-Time,4,230.7,431.19,0.0,20
ORD-16484,2023-12-11,Apparel,,South,On-Time,2,145.83,343.68,0.0,39
ORD-16485,2023-07-10,Electronics,Computers,North,On-Time,4,304.87,626.26,0.0,5
ORD-16486,2023-11-19,Electronics,Computers,North,Delayed - Transit,4,289.53,375.39,0.46,102
ORD-16487,2023-07-04,Furniture,Desks,North,On-Time,1,27.29,30.18,0.4,120
ORD-16488,2023-12-01,Apparel,Shirts,East,On-Time,2,96.19,161.52,0.05,26
ORD-16489,2023-05-21,Electronics,Audio,West,On-Time,3,285.03,596.85,0.05,41
ORD-16490,2023-11-01,Apparel,Footwear,South,On-Time,4,52.9,118.79,0.05,30
ORD-16491,2023-02-27,Furniture,Desks,West,On-Time,3,26.14,28.6,0.54,100
ORD-16492,2023-08-13,Electronics,Accessories,North,On-Time,2,32.81,64.41,0.0,39
ORD-16493,2023-11-13,Electronics,Accessories,West,Delayed - Transit,5,233.58,313.41,0.64,92
ORD-16494,2023-09-18,Furniture,Desks,West,On-Time,4,248.27,328.84,0.0,61
ORD-16495,2023-05-22,Electronics,Accessories,South,On-Time,4,159.22,310.3,0.0,22
ORD-16496,2023-07-26,Electronics,Audio,North,On-Time,3,201.69,424.39,0.05,15
ORD-16497,2023-01-10,Apparel,Footwear,West,On-Time,5,310.67,581.67,0.05,34
ORD-16498,2023-08-29,Furniture,Tables,East,On-Time,2,39.14,49.51,0.64,130
ORD-16499,2023-02-05,Apparel,Footwear,West,On-Time,3,156.25,298.66,0.0,14
ORD-16500,2023-04-22,Apparel,Footwear,East,On-Time,2,265.95,519.16,0.05,52
ORD-16501,2023-06-12,Furniture,Chairs,West,On-Time,1,320.06,376.25,0.0,85
ORD-16502,2023-12-02,Furniture,Chairs,South,Delayed - Transit,5,160.96,201.62,0.64,157
ORD-16503,2023-10-05,Apparel,Shirts,East,On-Time,1,37.84,81.04,0.0,33
ORD-16504,2023-02-19,Apparel,Footwear,South,On-Time,4,157.57,268.24,0.05,27
ORD-16505,2023-06-11,Electronics,Audio,West,On-Time,3,101.84,207.86,0.05,39
ORD-16506,2023-06-28,Furniture,Tables,West,On-Time,4,196.47,216.18,0.4,115
ORD-16507,2023-03-01,Furniture,Desks,East,On-Time,5,389.69,460.27,0.43,100
ORD-16508,2023-07-23,Furniture,Desks,West,On-Time,3,309.77,390.41,0.59,119
ORD-16509,2023-12-16,Apparel,Shirts,South,On-Time,4,186.77,408.37,0.0,47
ORD-16510,2023-02-16,Electronics,Accessories,North,On-Time,5,312.82,529.36,0.0,37
ORD-16511,2023-08-08,Furniture,Chairs,South,On-Time,3,84.87,100.01,0.42,93
ORD-16512,2023-11-04,Apparel,Pants,West,On-Time,1,154.66,349.78,0.0,13
ORD-16513,2023-04-05,Electronics,Computers,West,On-Time,3,184.59,390.08,0.0,32
ORD-16514,2023-02-11,Furniture,Desks,South,Delayed - Transit,4,301.79,343.97,0.44,118
ORD-16515,2023-07-04,Electronics,Audio,North,On-Time,3,399.25,733.89,0.05,26
ORD-16516,2023-07-16,Furniture,Tables,South,Delayed - Transit,5,175.46,195.97,0.44,114
ORD-16517,2023-12-05,Furniture,Chairs,North,On-Time,2,206.37,244.02,0.49,114
ORD-16518,2023-09-18,Apparel,Footwear,North,On-Time,3,218.21,384.8,0.05,31
ORD-16519,2023-03-11,Electronics,Computers,West,Delayed - Transit,3,344.4,390.03,0.53,117
ORD-16520,2023-11-03,Apparel,Shirts,South,On-Time,2,67.81,140.12,0.05,26
ORD-16521,2023-05-19,Furniture,Desks,West,On-Time,4,223.92,301.96,0.05,70
ORD-16522,2023-10-14,Electronics,,South,On-Time,1,143.86,261.93,0.0,38
ORD-16523,2023-10-13,Apparel,Shirts,East,Delayed - Customs,4,78.2,87.23,0.65,128
ORD-16524,2023-10-12,Electronics,Accessories,West,On-Time,4,251.68,508.59,0.05,10
ORD-16525,2023-06-21,Electronics,Computers,East,On-Time,5,315.43,714.63,0.05,27
ORD-16526,2023-03-02,Furniture,Tables,South,On-Time,3,244.91,296.28,0.39,87
ORD-16527,2023-12-02,Furniture,Desks,East,On-Time,5,203.69,236.04,0.63,98
ORD-16528,2023-12-21,Electronics,Audio,South,On-Time,3,332.76,649.23,0.05,26
ORD-16529,2023-06-26,Electronics,Audio,West,On-Time,3,363.43,667.84,0.05,42
ORD-16530,2023-01-02,Electronics,Audio,North,Delayed - Transit,4,292.93,369.47,0.47,120
ORD-16531,2023-12-24,Electronics,Computers,South,On-Time,3,262.59,442.24,0.05,35
ORD-16532,2023-02-11,Apparel,Pants,East,On-Time,3,255.89,431.5,0.0,31
ORD-16533,2023-10-25,Electronics,Accessories,East,Delayed - Transit,5,204.6,274.28,0.62,162
ORD-16534,2023-02-07,Furniture,Chairs,West,On-Time,2,374.95,500.46,0.05,25
ORD-16535,2023-02-26,Electronics,Audio,East,On-Time,1,379.86,888.71,0.0,40
ORD-16536,2023-08-06,Apparel,Footwear,North,On-Time,3,160.88,318.14,0.05,15
ORD-16537,2023-11-26,Electronics,Computers,North,On-Time,3,47.27,99.77,0.0,33
ORD-16538,2023-06-25,Electronics,Audio,North,On-Time,2,352.78,715.27,0.05,21
ORD-16539,2023-12-05,Electronics,Accessories,East,On-Time,1,363.98,792.5,0.05,22
ORD-16540,2023-08-08,Electronics,Accessories,South,On-Time,5,257.36,584.08,0.05,42
ORD-16541,2023-09-30,Electronics,Computers,North,On-Time,3,197.45,376.71,0.05,37
ORD-16542,2023-10-21,Furniture,Desks,South,On-Time,3,351.17,443.02,0.65,94
ORD-16543,2023-05-08,Electronics,Audio,East,On-Time,4,371.11,689.75,0.0,55
ORD-16544,2023-02-13,Furniture,Tables,East,On-Time,5,305.27,335.67,0.45,141
ORD-16545,2023-01-10,Apparel,Footwear,East,On-Time,1,387.27,621.27,0.0,39
ORD-16546,2023-05-11,Apparel,Pants,North,On-Time,4,267.32,482.59,0.05,33
ORD-16547,2023-01-08,Apparel,Pants,East,On-Time,3,88.55,184.92,0.0,12
ORD-16548,2023-02-14,Apparel,Shirts,North,On-Time,3,396.05,849.3,0.05,51
ORD-16549,2023-10-29,Electronics,Audio,East,On-Time,3,192.05,329.0,0.0,49
ORD-16550,2023-09-25,Electronics,Audio,East,Delayed - Customs,4,155.15,201.68,0.46,108
ORD-16551,2023-07-08,Electronics,Computers,East,On-Time,4,133.8,313.16,0.0,21
ORD-16552,2023-04-10,Apparel,Pants,East,Delayed - Transit,2,374.41,401.15,0.37,126
ORD-16553,2023-12-06,Apparel,Shirts,West,On-Time,4,322.19,652.99,0.0,49
ORD-16554,2023-03-15,Electronics,Accessories,South,On-Time,1,29.7,53.46,0.05,27
ORD-16555,2023-08-31,Apparel,Shirts,South,On-Time,5,52.95,107.62,0.05,21
ORD-16556,2023-06-13,Electronics,Audio,South,On-Time,5,116.97,230.38,0.0,21
ORD-16557,2023-05-15,Apparel,Pants,South,On-Time,3,241.12,477.03,0.0,40
ORD-16558,2023-09-09,Furniture,Chairs,South,On-Time,1,205.46,240.24,0.55,122
ORD-16559,2023-08-25,Electronics,Accessories,East,Delayed - Transit,4,142.89,163.99,0.05,68
ORD-16560,2023-08-14,Furniture,Tables,North,On-Time,5,149.22,199.68,0.37,131
ORD-16561,2023-08-26,Electronics,Computers,North,On-Time,4,320.03,701.32,0.05,41
ORD-16562,2023-10-25,Furniture,Chairs,West,On-Time,5,396.4,424.42,0.05,80
ORD-16563,2023-01-17,Furniture,Tables,North,On-Time,3,190.15,251.42,0.57,139
ORD-16564,2023-08-17,Electronics,Computers,East,On-Time,1,115.09,265.39,0.0,34
ORD-16565,2023-10-25,Electronics,Accessories,West,On-Time,1,237.19,436.02,0.0,62
ORD-16566,2023-07-02,Apparel,Shirts,South,On-Time,2,108.38,206.72,0.0,20
ORD-16567,2023-02-20,Furniture,Desks,North,Delayed - Transit,4,377.08,483.34,0.59,126
ORD-16568,2023-04-06,Electronics,Computers,East,Delayed - Transit,2,307.17,343.4,0.46,120
ORD-16569,2023-09-17,Electronics,Computers,North,On-Time,1,353.28,679.11,0.0,29
ORD-16570,2023-08-17,Furniture,Chairs,North,On-Time,5,105.03,135.95,0.56,129
ORD-16571,2023-12-07,Electronics,Audio,South,Delayed - Transit,3,346.01,464.5,0.43,124
ORD-16572,2023-03-14,Electronics,Audio,West,On-Time,5,365.84,652.17,0.0,40
ORD-16573,2023-02-27,Furniture,Tables,East,Delayed - Customs,2,353.92,397.71,0.53,86
ORD-16574,2023-05-21,Furniture,Tables,North,On-Time,5,163.63,211.27,0.36,100
ORD-16575,2023-02-09,Apparel,Footwear,East,Delayed - Transit,3,208.63,242.69,0.55,142
ORD-16576,2023-10-12,Electronics,Audio,South,On-Time,5,47.47,97.94,0.0,49
ORD-16577,2023-12-02,Electronics,Accessories,North,On-Time,1,347.31,749.68,0.05,47
ORD-16578,2023-10-24,Apparel,Shirts,North,Delayed - Customs,1,238.16,276.45,0.62,137
ORD-16579,2023-03-04,Electronics,Computers,East,On-Time,3,380.01,755.69,0.05,35
ORD-16580,2023-07-22,Furniture,Desks,South,Delayed - Transit,3,399.99,434.42,0.39,100
ORD-16581,2023-03-22,Furniture,Chairs,East,On-Time,5,248.35,309.35,0.44,124
ORD-16582,2023-11-12,Apparel,Shirts,West,On-Time,3,243.79,519.77,0.05,33
ORD-16583,2023-04-24,Apparel,Pants,East,On-Time,2,76.4,170.91,0.0,37
ORD-16584,2023-12-17,Furniture,Tables,West,On-Time,5,345.28,432.98,0.59,162
ORD-16585,2023-12-09,Electronics,Audio,North,On-Time,4,31.58,75.46,0.0,36
ORD-16586,2023-10-06,Furniture,Chairs,West,On-Time,5,160.22,173.93,0.48,86
ORD-16587,2023-01-24,Furniture,Tables,East,On-Time,3,274.05,365.71,0.61,113
ORD-16588,2023-03-03,Electronics,Audio,North,On-Time,1,155.83,371.05,0.0,22
ORD-16589,2023-08-22,Apparel,Shirts,North,On-Time,4,151.13,344.95,0.05,34
ORD-16590,2023-03-10,Apparel,Shirts,South,On-Time,4,380.68,739.08,0.05,51
ORD-16591,2023-04-12,Apparel,Pants,West,On-Time,1,228.03,503.72,0.05,55
ORD-16592,2023-11-30,Apparel,Pants,South,On-Time,3,157.22,363.8,0.0,29
ORD-16593,2023-06-03,Apparel,Footwear,West,On-Time,3,364.94,816.79,0.0,25
ORD-16594,2023-11-25,Furniture,Chairs,North,On-Time,4,139.26,165.26,0.37,106
ORD-16595,2023-01-18,Apparel,Pants,North,On-Time,1,146.61,339.29,0.05,39
ORD-16596,2023-01-16,Apparel,Footwear,North,On-Time,3,260.08,562.05,0.0,31
ORD-16597,2023-12-13,Electronics,Computers,South,On-Time,5,21.15,49.49,0.0,20
ORD-16598,2023-03-27,Electronics,Computers,West,On-Time,4,306.74,629.95,0.0,32
ORD-16599,2023-06-16,Furniture,Chairs,South,On-Time,4,235.55,299.89,0.42,97
ORD-16600,2023-06-23,Electronics,Accessories,North,On-Time,1,259.43,442.35,0.0,16
ORD-16601,2023-09-04,Electronics,Computers,East,On-Time,4,298.44,577.14,0.05,23
ORD-16602,2023-01-18,Furniture,Chairs,West,On-Time,1,117.61,139.58,0.0,84
ORD-16603,2023-04-18,Apparel,Footwear,East,On-Time,5,91.76,202.44,0.0,16
ORD-16604,2023-03-12,Electronics,Computers,South,On-Time,2,337.04,587.66,0.0,53
ORD-16605,2023-01-02,Electronics,Accessories,West,On-Time,2,291.59,623.12,0.05,13
ORD-16606,2023-11-02,Electronics,Audio,East,On-Time,1,202.91,473.68,0.0,46
ORD-16607,2023-07-20,Apparel,Pants,North,On-Time,2,253.44,409.94,0.05,24
ORD-16608,2023-06-17,Apparel,Footwear,East,On-Time,4,247.56,526.49,0.0,36
ORD-16609,2023-06-30,Electronics,Accessories,West,On-Time,2,121.89,243.19,0.0,41
ORD-16610,2023-02-19,Furniture,Tables,East,On-Time,3,311.28,395.72,0.55,120
ORD-16611,2023-05-08,Electronics,Audio,North,On-Time,5,309.92,695.44,0.05,24
ORD-16612,2023-05-27,Apparel,Shirts,North,On-Time,3,274.32,641.06,0.05,42
ORD-16613,2023-04-28,Furniture,Chairs,North,On-Time,3,244.17,305.84,0.45,150
ORD-16614,2023-07-25,Apparel,Pants,South,On-Time,4,99.24,185.28,0.0,40
ORD-16615,2023-08-17,Apparel,Shirts,East,On-Time,5,215.14,429.67,0.0,19
ORD-16616,2023-01-06,Furniture,Desks,East,On-Time,4,331.42,432.42,0.43,110
ORD-16617,2023-12-08,Electronics,Accessories,South,On-Time,4,170.59,360.99,0.0,33
ORD-16618,2023-07-15,Apparel,Pants,East,Delayed - Transit,3,164.1,204.24,0.6,101
ORD-16619,2023-12-27,Apparel,Shirts,North,On-Time,1,63.19,123.41,0.05,38
ORD-16620,2023-03-22,Electronics,Accessories,South,On-Time,4,149.39,345.36,0.0,48
ORD-16621,2023-12-21,Furniture,Tables,South,On-Time,3,102.74,133.3,0.64,128
ORD-16622,2023-04-26,Furniture,Tables,West,On-Time,5,172.49,223.66,0.41,111
ORD-16623,2023-01-10,Electronics,Audio,North,On-Time,2,179.21,389.73,0.0,16
ORD-16624,2023-03-30,Electronics,Computers,South,On-Time,1,80.43,189.03,0.05,37
ORD-16625,2023-10-02,Electronics,Computers,North,On-Time,3,88.07,149.94,0.0,30
ORD-16626,2023-07-03,Furniture,Chairs,North,Delayed - Customs,5,47.72,53.07,0.49,122
ORD-16627,2023-04-22,Electronics,Audio,East,On-Time,1,161.32,304.83,0.05,32
ORD-16628,2023-07-07,Electronics,Audio,East,On-Time,1,168.62,385.47,0.0,34
ORD-16629,2023-03-30,Electronics,Accessories,North,Delayed - Customs,5,118.1,152.09,0.55,138
ORD-16630,2023-04-05,Furniture,Chairs,South,On-Time,4,253.26,332.97,0.44,121
ORD-16631,2023-08-06,Electronics,Computers,West,Delayed - Customs,3,120.26,130.29,0.59,102
ORD-16632,2023-10-17,Electronics,Accessories,West,On-Time,3,354.94,584.32,0.05,23
ORD-16633,2023-02-11,Apparel,,North,On-Time,4,356.66,718.13,0.0,35
ORD-16634,2023-08-17,Apparel,Footwear,East,On-Time,5,155.42,286.3,0.05,31
ORD-16635,2023-01-04,Electronics,Accessories,West,On-Time,2,101.95,231.72,0.0,30
ORD-16636,2023-04-13,Furniture,Chairs,North,Delayed - Transit,4,132.12,144.38,0.6,94
ORD-16637,2023-05-17,Furniture,Desks,North,On-Time,4,159.89,203.37,0.61,122
ORD-16638,2023-11-13,Apparel,Shirts,East,On-Time,4,96.09,186.66,0.05,24
ORD-16639,2023-08-03,Furniture,Tables,East,On-Time,1,285.69,375.18,0.61,143
ORD-16640,2023-10-02,Apparel,Footwear,East,On-Time,3,380.19,662.91,0.0,46
ORD-16641,2023-10-20,Apparel,Pants,West,Delayed - Transit,1,309.1,381.34,0.59,97
ORD-16642,2023-12-27,Electronics,Accessories,South,On-Time,2,196.39,444.34,0.05,21
ORD-16643,2023-06-19,Furniture,Chairs,South,On-Time,4,84.59,95.29,0.6,150
ORD-16644,2023-08-05,Furniture,Chairs,South,On-Time,3,294.53,358.13,0.36,116
ORD-16645,2023-01-06,Electronics,Audio,South,On-Time,1,312.18,538.38,0.05,47
ORD-16646,2023-08-18,Electronics,Computers,East,On-Time,4,103.32,233.28,0.05,43
ORD-16647,2023-01-15,Apparel,Shirts,South,On-Time,5,209.8,375.94,0.05,52
ORD-16648,2023-01-03,Furniture,Chairs,North,On-Time,1,164.06,176.0,0.62,141
ORD-16649,2023-06-30,Electronics,Computers,West,On-Time,1,368.7,845.82,0.05,13
ORD-16650,2023-10-29,Apparel,Pants,East,Delayed - Transit,4,358.57,451.97,0.37,93
ORD-16651,2023-10-28,Electronics,Accessories,West,On-Time,1,267.64,502.79,0.0,35
ORD-16652,2023-01-15,Electronics,Computers,East,Delayed - Transit,4,252.92,311.75,0.49,117
ORD-16653,2023-01-31,Electronics,Accessories,South,On-Time,4,357.06,671.34,0.0,20
ORD-16654,2023-08-24,Electronics,Computers,North,On-Time,4,317.33,712.91,0.05,12
ORD-16655,2023-02-23,Apparel,Pants,West,Delayed - Transit,4,60.68,74.78,0.47,117
ORD-16656,2023-02-07,Electronics,Accessories,North,On-Time,2,316.72,695.96,0.05,41
ORD-16657,2023-07-01,Electronics,Accessories,South,On-Time,1,57.32,124.23,0.05,49
ORD-16658,2023-03-15,Electronics,Audio,North,On-Time,5,217.59,509.8,0.0,50
ORD-16659,2023-04-30,Furniture,Tables,South,On-Time,1,236.31,315.14,0.56,95
ORD-16660,2023-02-16,Electronics,Audio,North,On-Time,2,292.84,584.25,0.05,38
ORD-16661,2023-09-09,Electronics,Audio,East,On-Time,4,259.63,477.54,0.05,48
ORD-16662,2023-11-18,Furniture,Tables,West,Delayed - Customs,5,390.09,512.23,0.43,107
ORD-16663,2023-04-26,Electronics,Computers,West,Delayed - Customs,3,188.76,228.38,0.52,124
ORD-16664,2023-11-25,Electronics,Audio,North,Delayed - Customs,1,93.43,107.63,0.48,129
ORD-16665,2023-02-23,Electronics,Computers,East,On-Time,3,226.23,391.64,0.05,33
ORD-16666,2023-05-12,Furniture,Chairs,East,On-Time,2,224.3,264.98,0.39,152
ORD-16667,2023-08-29,Furniture,Desks,East,On-Time,4,370.81,456.7,0.38,112
ORD-16668,2023-02-08,Apparel,Pants,South,On-Time,4,292.13,508.71,0.05,17
ORD-16669,2023-09-18,Apparel,Footwear,South,Delayed - Customs,2,173.99,208.54,0.4,123
ORD-16670,2023-04-12,Furniture,Tables,South,On-Time,2,283.16,312.43,0.37,104
ORD-16671,2023-08-18,Apparel,Footwear,South,Delayed - Customs,1,370.62,461.99,0.42,98
ORD-16672,2023-05-17,Apparel,Pants,North,On-Time,2,370.77,708.21,0.05,55
ORD-16673,2023-09-02,Apparel,Pants,West,On-Time,4,253.84,429.62,0.0,30
ORD-16674,2023-11-12,Furniture,Chairs,North,Delayed - Transit,5,116.82,136.38,0.58,102
ORD-16675,2023-07-23,Apparel,Shirts,West,Delayed - Customs,2,85.15,106.94,0.53,120
ORD-16676,2023-04-21,Apparel,Pants,East,On-Time,3,132.55,258.91,0.05,44
ORD-16677,2023-10-15,Furniture,Desks,South,Delayed - Customs,3,113.21,152.18,0.37,155
ORD-16678,2023-05-21,Apparel,Pants,East,On-Time,4,330.87,709.81,0.05,54
ORD-16679,2023-08-03,Furniture,Chairs,South,Delayed - Customs,5,196.59,225.18,0.45,146
ORD-16680,2023-01-16,Furniture,Chairs,East,On-Time,5,302.99,405.16,0.45,141
ORD-16681,2023-06-22,Furniture,Tables,West,Delayed - Customs,2,293.86,374.56,0.05,74
ORD-16682,2023-05-20,Furniture,Desks,North,On-Time,1,47.43,62.33,0.56,104
ORD-16683,2023-08-02,Electronics,Accessories,West,On-Time,4,342.43,606.5,0.0,31
ORD-16684,2023-10-12,Electronics,Audio,North,On-Time,2,330.85,634.6,0.0,50
ORD-16685,2023-06-24,Furniture,Chairs,West,On-Time,5,166.74,224.78,0.45,112
ORD-16686,2023-09-18,Apparel,Shirts,West,On-Time,1,330.95,669.44,0.0,43
ORD-16687,2023-03-03,Apparel,Footwear,North,On-Time,4,289.72,680.76,0.0,8
ORD-16688,2023-07-12,Electronics,Computers,West,On-Time,1,92.9,160.58,0.05,28
ORD-16689,2023-06-15,Electronics,Computers,North,On-Time,4,346.55,791.63,0.0,31
ORD-16690,2023-02-14,Furniture,Desks,South,Delayed - Transit,1,357.97,475.46,0.56,99
ORD-16691,2023-01-29,Apparel,Shirts,South,Delayed - Transit,1,186.54,249.01,0.05,75
ORD-16692,2023-04-20,Furniture,Tables,North,On-Time,1,198.99,249.95,0.43,106
ORD-16693,2023-07-01,Apparel,Footwear,South,On-Time,4,212.46,415.52,0.05,33
ORD-16694,2023-07-30,Furniture,Desks,East,Delayed - Transit,1,332.13,447.97,0.64,127
ORD-16695,2023-05-15,Furniture,Tables,West,On-Time,4,208.95,274.07,0.36,113
ORD-16696,2023-02-09,Apparel,Footwear,South,On-Time,1,149.04,257.24,0.0,40
ORD-16697,2023-09-24,Furniture,Desks,West,On-Time,4,364.28,406.11,0.49,98
ORD-16698,2023-06-05,Apparel,Pants,West,On-Time,4,216.8,395.86,0.05,20
ORD-16699,2023-09-29,Electronics,Computers,North,Delayed - Transit,3,346.56,423.4,0.64,108
ORD-16700,2023-08-10,Apparel,Shirts,East,On-Time,1,369.53,657.61,0.0,39
ORD-16701,2023-05-07,Electronics,Computers,South,On-Time,3,336.13,725.09,0.0,45
ORD-16702,2023-12-13,Electronics,Computers,West,On-Time,5,190.8,318.92,0.05,12
ORD-16703,2023-07-18,Furniture,Chairs,East,On-Time,1,338.11,425.98,0.52,143
ORD-16704,2023-06-04,Electronics,Audio,North,On-Time,2,41.24,66.17,0.05,25
ORD-16705,2023-08-16,Furniture,Desks,West,On-Time,3,69.5,83.99,0.5,117
ORD-16706,2023-07-10,Apparel,Shirts,South,On-Time,1,283.91,532.2,0.05,39
ORD-16707,2023-07-20,Electronics,Audio,West,On-Time,2,300.99,510.82,0.05,26
ORD-16708,2023-01-28,Apparel,Pants,South,Delayed - Transit,5,270.66,340.95,0.36,132
ORD-16709,2023-04-29,Furniture,Desks,South,Delayed - Customs,4,152.43,168.04,0.52,138
ORD-16710,2023-05-11,Electronics,Computers,North,Delayed - Transit,3,385.38,464.47,0.59,118
ORD-16711,2023-05-21,Electronics,Computers,West,On-Time,2,258.83,516.3,0.0,36
ORD-16712,2023-04-18,Electronics,Accessories,North,On-Time,5,350.14,774.98,0.05,21
ORD-16713,2023-04-29,Electronics,Computers,South,On-Time,1,242.84,519.91,0.05,26
ORD-16714,2023-09-27,Furniture,Tables,North,On-Time,4,157.78,170.02,0.0,85
ORD-16715,2023-02-11,Apparel,Pants,South,On-Time,2,185.39,428.76,0.0,40
ORD-16716,2023-12-19,Electronics,Audio,East,On-Time,4,366.4,771.3,0.0,39
ORD-16717,2023-05-26,Furniture,Chairs,North,On-Time,2,184.86,214.71,0.37,128
ORD-16718,2023-01-08,Apparel,Shirts,North,On-Time,3,143.25,302.37,0.05,37
ORD-16719,2023-10-30,Furniture,Chairs,West,On-Time,5,271.72,360.49,0.47,134
ORD-16720,2023-01-11,Furniture,Chairs,East,On-Time,5,399.01,466.66,0.55,123
ORD-16721,2023-04-18,Electronics,Accessories,North,On-Time,2,272.17,641.74,0.0,22
ORD-16722,2023-05-13,Furniture,Desks,West,On-Time,5,282.32,309.38,0.35,124
ORD-16723,2023-12-23,Electronics,Accessories,East,On-Time,1,292.97,549.66,0.0,50
ORD-16724,2023-01-19,Electronics,Audio,North,On-Time,3,22.03,51.52,0.05,51
ORD-16725,2023-12-18,Furniture,Chairs,South,On-Time,4,258.09,286.71,0.59,138
ORD-16726,2023-05-21,Apparel,Shirts,North,On-Time,5,338.82,547.97,0.0,26
ORD-16727,2023-07-03,Apparel,Pants,North,Delayed - Customs,4,61.47,79.09,0.59,89
ORD-16728,2023-12-16,Furniture,Desks,West,On-Time,2,362.53,435.22,0.64,143
ORD-16729,2023-10-31,Apparel,Footwear,West,On-Time,1,97.66,190.93,0.05,16
ORD-16730,2023-06-20,Apparel,Shirts,West,Delayed - Customs,4,119.47,160.11,0.48,135
ORD-16731,2023-01-16,Furniture,Chairs,South,On-Time,3,32.15,39.04,0.42,103
ORD-16732,2023-04-05,Furniture,Desks,East,On-Time,1,354.08,417.21,0.52,119
ORD-16733,2023-11-27,Apparel,Footwear,East,On-Time,5,360.7,650.45,0.05,24
ORD-16734,2023-02-24,Electronics,Accessories,West,On-Time,1,102.68,238.38,0.0,34
ORD-16735,2023-12-09,Apparel,Footwear,North,On-Time,2,361.81,721.81,0.0,17
ORD-16736,2023-12-19,Electronics,Accessories,North,On-Time,3,44.67,87.85,0.0,25
ORD-16737,2023-06-08,Electronics,Computers,South,On-Time,1,385.06,620.17,0.05,34
ORD-16738,2023-01-08,Apparel,Pants,North,On-Time,5,113.83,243.25,0.05,22
ORD-16739,2023-07-01,Electronics,Audio,North,On-Time,3,101.82,166.64,0.0,39
ORD-16740,2023-09-13,Electronics,Audio,North,On-Time,3,157.68,342.54,0.0,25
ORD-16741,2023-07-23,Electronics,Audio,North,Delayed - Customs,3,184.44,239.97,0.52,116
ORD-16742,2023-03-02,Electronics,,North,On-Time,2,159.72,342.82,0.05,38
ORD-16743,2023-08-31,Electronics,,North,Delayed - Transit,4,57.26,74.81,0.51,94
ORD-16744,2023-09-21,Apparel,Footwear,South,On-Time,1,202.85,365.24,0.05,18
ORD-16745,2023-01-26,Furniture,Chairs,North,On-Time,1,223.97,284.11,0.38,103
ORD-16746,2023-09-22,Electronics,Computers,South,On-Time,3,163.63,368.93,0.05,34
ORD-16747,2023-01-20,Furniture,Tables,West,On-Time,5,93.35,116.73,0.43,110
ORD-16748,2023-02-09,Furniture,Tables,West,On-Time,1,304.44,360.82,0.52,131
ORD-16749,2023-05-17,Furniture,Tables,West,On-Time,1,292.99,335.86,0.42,126
ORD-16750,2023-02-28,Furniture,Desks,East,On-Time,2,385.25,498.91,0.37,115
ORD-16751,2023-10-13,Electronics,Audio,West,On-Time,2,310.85,556.87,0.05,41
ORD-16752,2023-02-14,Electronics,Audio,North,On-Time,4,138.21,279.22,0.0,11
ORD-16753,2023-04-09,Electronics,Computers,East,On-Time,1,244.44,435.45,0.0,40
ORD-16754,2023-04-19,Apparel,Shirts,North,Delayed - Transit,5,281.73,341.96,0.58,96
ORD-16755,2023-11-04,Electronics,Accessories,West,On-Time,2,215.75,371.19,0.05,25
ORD-16756,2023-09-19,Apparel,Pants,South,On-Time,1,333.58,705.88,0.05,6
ORD-16757,2023-08-17,Furniture,Chairs,West,Delayed - Customs,1,64.1,83.58,0.51,118
ORD-16758,2023-06-26,Apparel,Shirts,East,On-Time,1,254.35,501.19,0.05,28
ORD-16759,2023-10-01,Furniture,,East,Delayed - Transit,4,267.7,355.38,0.38,130
ORD-16760,2023-01-15,Electronics,Audio,East,On-Time,4,147.67,332.54,0.05,28
ORD-16761,2023-12-22,Furniture,Desks,West,On-Time,1,100.72,117.27,0.05,84
ORD-16762,2023-02-19,Electronics,Computers,West,Delayed - Transit,4,180.96,223.47,0.4,111
ORD-16763,2023-01-30,Apparel,Footwear,South,Delayed - Customs,2,118.07,155.82,0.0,69
ORD-16764,2023-08-05,Electronics,Accessories,South,Delayed - Transit,3,326.43,376.2,0.46,119
ORD-16765,2023-02-15,Apparel,Pants,South,On-Time,2,119.24,193.8,0.05,26
ORD-16766,2023-12-04,Apparel,Footwear,West,On-Time,4,276.53,606.96,0.0,35
ORD-16767,2023-03-24,Electronics,Audio,West,On-Time,4,209.95,345.41,0.05,30
ORD-16768,2023-12-27,Apparel,Footwear,West,Delayed - Transit,1,105.52,139.78,0.45,149
ORD-16769,2023-11-25,Electronics,Computers,South,On-Time,1,321.55,610.3,0.0,32
ORD-16770,2023-11-03,Electronics,Audio,West,On-Time,5,80.99,182.59,0.0,19
ORD-16771,2023-12-31,Apparel,Footwear,North,On-Time,4,97.09,193.71,0.0,48
ORD-16772,2023-01-15,Electronics,Accessories,West,Delayed - Transit,3,327.35,414.37,0.56,147
ORD-16773,2023-08-02,Electronics,Audio,South,Delayed - Customs,4,157.06,167.44,0.52,111
ORD-16774,2023-04-18,Furniture,Chairs,South,On-Time,2,252.49,305.59,0.39,103
ORD-16775,2023-04-23,Electronics,Computers,West,On-Time,5,55.18,108.06,0.05,38
ORD-16776,2023-12-13,Apparel,Pants,East,On-Time,4,372.44,882.63,0.05,40
ORD-16777,2023-09-16,Furniture,Tables,West,On-Time,3,366.38,408.79,0.0,77
ORD-16778,2023-07-16,Apparel,Pants,North,On-Time,5,83.26,188.74,0.0,42
ORD-16779,2023-08-13,Apparel,Shirts,North,On-Time,4,339.31,604.58,0.0,28
ORD-16780,2023-11-07,Electronics,Audio,West,Delayed - Transit,4,65.31,77.47,0.58,95
ORD-16781,2023-05-20,Electronics,Computers,East,On-Time,1,151.55,244.53,0.05,43
ORD-16782,2023-07-15,Apparel,Shirts,West,Delayed - Transit,3,320.65,427.92,0.39,136
ORD-16783,2023-11-14,Furniture,Tables,South,On-Time,5,234.84,311.34,0.56,107
ORD-16784,2023-09-09,Apparel,Shirts,North,On-Time,5,175.53,328.85,0.05,48
ORD-16785,2023-11-01,Electronics,Accessories,North,On-Time,4,371.64,671.19,0.05,16
ORD-16786,2023-04-20,Furniture,Tables,South,On-Time,3,143.43,186.15,0.48,103
ORD-16787,2023-03-30,Electronics,Audio,North,Delayed - Customs,3,219.87,264.33,0.51,114
ORD-16788,2023-01-10,Furniture,Desks,South,On-Time,3,85.81,114.06,0.56,133
ORD-16789,2023-11-03,Apparel,Pants,East,On-Time,2,187.61,313.39,0.0,33
ORD-16790,2023-03-15,Electronics,Audio,West,On-Time,4,304.6,625.07,0.0,33
ORD-16791,2023-11-01,Apparel,Shirts,South,On-Time,3,271.23,578.52,0.0,25
ORD-16792,2023-10-09,Electronics,Audio,South,On-Time,1,357.17,622.86,0.0,60
ORD-16793,2023-05-09,Electronics,Computers,South,On-Time,1,347.15,610.48,0.05,30
ORD-16794,2023-10-15,Electronics,Computers,South,On-Time,3,75.06,166.29,0.05,34
ORD-16795,2023-10-26,Furniture,Tables,West,On-Time,1,165.43,211.93,0.59,113
ORD-16796,2023-01-12,Apparel,Footwear,East,On-Time,5,151.42,322.37,0.05,28
ORD-16797,2023-07-15,Furniture,Chairs,West,Delayed - Customs,1,137.53,144.52,0.36,135
ORD-16798,2023-04-09,Electronics,Computers,South,Delayed - Customs,4,354.53,430.32,0.64,94
ORD-16799,2023-09-28,Furniture,Tables,North,On-Time,5,29.6,34.43,0.41,124
ORD-16800,2023-05-10,Apparel,Footwear,North,On-Time,4,113.23,185.83,0.05,13
ORD-16801,2023-03-03,Apparel,Shirts,West,On-Time,3,96.94,168.91,0.0,34
ORD-16802,2023-03-11,Furniture,Tables,North,On-Time,4,112.9,130.74,0.52,141
ORD-16803,2023-07-30,Apparel,Footwear,North,On-Time,4,361.62,582.77,0.0,33
ORD-16804,2023-03-30,Electronics,Accessories,East,On-Time,4,263.25,487.96,0.05,42
ORD-16805,2023-12-23,Apparel,Pants,North,On-Time,5,203.7,370.08,0.05,37
ORD-16806,2023-10-22,Apparel,Footwear,West,On-Time,3,107.72,187.92,0.0,18
ORD-16807,2023-02-14,Electronics,Audio,East,Delayed - Transit,3,344.3,413.65,0.52,103
ORD-16808,2023-06-25,Apparel,Shirts,East,Delayed - Transit,3,383.67,491.5,0.51,93
ORD-16809,2023-04-12,Electronics,Audio,East,On-Time,2,58.64,95.63,0.0,30
ORD-16810,2023-07-03,Apparel,Pants,East,On-Time,2,48.29,107.28,0.05,30
ORD-16811,2023-07-24,Apparel,Pants,South,On-Time,2,293.18,532.74,0.05,26
ORD-16812,2023-10-16,Electronics,Computers,West,On-Time,5,165.66,285.93,0.05,30
ORD-16813,2023-02-26,Apparel,Footwear,North,On-Time,5,273.0,488.91,0.0,34
ORD-16814,2023-12-13,Electronics,Accessories,West,On-Time,2,103.49,225.69,0.0,29
ORD-16815,2023-10-07,Electronics,Computers,West,On-Time,1,118.55,218.18,0.05,32
ORD-16816,2023-07-19,Electronics,Audio,South,On-Time,5,231.13,484.62,0.05,21
ORD-16817,2023-12-07,Electronics,Audio,South,On-Time,4,234.44,447.98,0.0,35
ORD-16818,2023-10-02,Furniture,Desks,East,On-Time,2,199.38,242.59,0.52,118
ORD-16819,2023-01-13,Apparel,Pants,East,On-Time,1,75.04,152.42,0.0,9
ORD-16820,2023-06-27,Apparel,Pants,West,Delayed - Transit,5,40.3,49.25,0.46,126
ORD-16821,2023-04-23,Electronics,Computers,East,Delayed - Customs,1,114.88,127.13,0.48,152
ORD-16822,2023-10-07,Apparel,Shirts,North,On-Time,1,85.03,156.61,0.05,43
ORD-16823,2023-04-27,Electronics,Audio,South,Delayed - Transit,3,387.8,435.23,0.46,95
ORD-16824,2023-06-25,Furniture,Tables,South,Delayed - Transit,5,33.11,37.47,0.42,131
ORD-16825,2023-08-15,Apparel,Pants,West,On-Time,3,33.89,71.4,0.0,14
ORD-16826,2023-03-04,Electronics,Computers,North,On-Time,2,398.81,792.81,0.05,32
ORD-16827,2023-03-18,Electronics,Computers,West,Delayed - Customs,5,163.25,191.31,0.52,99
ORD-16828,2023-01-04,Furniture,Chairs,North,On-Time,4,152.09,199.29,0.41,125
ORD-16829,2023-04-07,Furniture,Chairs,South,On-Time,1,245.76,294.54,0.05,79
ORD-16830,2023-12-13,Electronics,Computers,South,Delayed - Transit,5,87.52,93.78,0.52,118
ORD-16831,2023-07-22,Furniture,Desks,North,On-Time,3,183.95,224.03,0.52,93
ORD-16832,2023-02-13,Apparel,Footwear,West,On-Time,4,42.8,86.97,0.0,27
ORD-16833,2023-06-23,Furniture,Desks,South,On-Time,4,142.75,153.84,0.39,138
ORD-16834,2023-12-01,Electronics,Computers,North,Delayed - Transit,3,318.78,334.93,0.05,83
ORD-16835,2023-03-28,Electronics,Audio,North,Delayed - Transit,2,326.49,439.22,0.61,105
ORD-16836,2023-10-10,Apparel,Footwear,North,On-Time,2,201.44,443.43,0.05,35
ORD-16837,2023-03-13,Furniture,Chairs,South,On-Time,2,236.16,262.33,0.39,109
ORD-16838,2023-01-01,Apparel,Shirts,West,On-Time,1,326.99,692.77,0.0,41
ORD-16839,2023-07-25,Electronics,Computers,East,On-Time,5,175.8,286.33,0.0,33
ORD-16840,2023-08-10,Furniture,Chairs,North,Delayed - Transit,3,227.81,261.01,0.39,114
ORD-16841,2023-05-28,Apparel,Pants,North,On-Time,4,166.29,308.29,0.0,20
ORD-16842,2023-11-21,Electronics,Computers,West,On-Time,2,374.48,711.58,0.0,43
ORD-16843,2023-06-14,Apparel,Shirts,West,Delayed - Customs,5,64.95,81.51,0.38,135
ORD-16844,2023-11-03,Electronics,Accessories,West,On-Time,2,148.26,307.01,0.0,32
ORD-16845,2023-09-10,Apparel,Footwear,North,Delayed - Transit,1,230.43,249.37,0.61,95
ORD-16846,2023-07-14,Furniture,Tables,South,Delayed - Customs,1,279.62,328.15,0.47,132
ORD-16847,2023-06-10,Furniture,Desks,East,On-Time,4,197.47,221.29,0.44,87
ORD-16848,2023-11-15,Electronics,Audio,South,On-Time,1,170.11,319.71,0.0,19
ORD-16849,2023-11-24,Electronics,Accessories,East,Delayed - Transit,5,297.94,369.7,0.48,122
ORD-16850,2023-04-03,Apparel,Footwear,North,On-Time,4,331.89,624.16,0.0,56
ORD-16851,2023-02-12,Electronics,Audio,South,On-Time,2,252.32,448.97,0.0,32
ORD-16852,2023-08-04,Electronics,Computers,South,On-Time,3,153.19,361.99,0.0,50
ORD-16853,2023-03-31,Furniture,Chairs,West,On-Time,1,286.85,302.15,0.5,124
ORD-16854,2023-04-06,Apparel,Pants,North,Delayed - Customs,3,125.1,133.37,0.65,129
ORD-16855,2023-04-09,Apparel,Footwear,North,On-Time,4,21.68,43.92,0.05,28
ORD-16856,2023-02-08,Furniture,Desks,East,Delayed - Transit,3,215.44,226.8,0.5,125
ORD-16857,2023-03-11,Furniture,Chairs,North,On-Time,5,228.5,299.79,0.49,129
ORD-16858,2023-03-31,Electronics,Accessories,South,On-Time,2,251.93,478.06,0.0,68
ORD-16859,2023-06-18,Apparel,Footwear,West,On-Time,1,21.32,34.95,0.0,38
ORD-16860,2023-12-02,Apparel,Footwear,West,On-Time,2,67.27,151.42,0.0,37
ORD-16861,2023-02-06,Apparel,Footwear,East,On-Time,2,53.55,127.4,0.05,26
ORD-16862,2023-10-23,Electronics,Accessories,West,On-Time,5,199.46,349.69,0.0,36
ORD-16863,2023-07-29,Apparel,Shirts,South,Delayed - Transit,3,112.83,125.97,0.36,145
ORD-16864,2023-04-23,Apparel,Shirts,East,On-Time,2,16.32,34.82,0.05,20
ORD-16865,2023-08-31,Furniture,Tables,North,Delayed - Customs,4,256.02,316.72,0.4,105
ORD-16866,2023-04-27,Apparel,Pants,West,On-Time,5,288.01,601.49,0.05,43
ORD-16867,2023-08-18,Furniture,Chairs,West,On-Time,3,169.65,216.51,0.51,112
ORD-16868,2023-12-07,Electronics,Audio,East,On-Time,1,45.72,83.08,0.0,37
ORD-16869,2023-10-21,Apparel,Shirts,South,On-Time,1,256.8,603.83,0.05,21
ORD-16870,2023-02-19,Electronics,Accessories,West,Delayed - Customs,5,27.51,33.71,0.57,121
ORD-16871,2023-06-22,Apparel,Pants,West,Delayed - Customs,1,280.38,348.51,0.59,128
ORD-16872,2023-11-02,Apparel,Shirts,North,On-Time,2,28.61,50.54,0.0,49
ORD-16873,2023-01-30,Furniture,Desks,East,Delayed - Transit,2,390.69,450.62,0.49,108
ORD-16874,2023-07-03,Furniture,Desks,East,Delayed - Customs,3,376.98,447.61,0.52,156
ORD-16875,2023-01-22,Apparel,Pants,West,On-Time,4,71.49,162.08,0.05,44
ORD-16876,2023-07-21,Electronics,Accessories,West,On-Time,2,33.9,76.17,0.05,26
ORD-16877,2023-01-16,Apparel,Footwear,West,On-Time,4,63.58,121.69,0.0,44
ORD-16878,2023-12-21,Apparel,Shirts,South,On-Time,3,44.43,101.11,0.0,56
ORD-16879,2023-10-13,Electronics,Accessories,East,On-Time,5,230.78,396.59,0.05,39
ORD-16880,2023-08-28,Electronics,Accessories,North,On-Time,2,108.14,196.23,0.0,35
ORD-16881,2023-12-05,Furniture,Desks,East,On-Time,1,88.84,102.39,0.0,84
ORD-16882,2023-06-17,Electronics,Audio,West,On-Time,5,188.58,394.28,0.0,31
ORD-16883,2023-06-02,Apparel,Footwear,West,Delayed - Customs,3,208.3,270.76,0.05,80
ORD-16884,2023-09-06,Apparel,Pants,North,On-Time,5,322.6,663.58,0.0,21
ORD-16885,2023-05-28,Furniture,Tables,North,On-Time,1,365.47,447.75,0.63,114
ORD-16886,2023-12-26,Apparel,Pants,East,On-Time,1,246.49,498.82,0.05,19
ORD-16887,2023-09-01,Furniture,Chairs,North,On-Time,1,368.51,424.13,0.58,146
ORD-16888,2023-04-14,Electronics,Accessories,West,Delayed - Customs,1,44.71,59.42,0.0,68
ORD-16889,2023-12-04,Electronics,Accessories,South,Delayed - Customs,4,179.3,221.63,0.47,114
ORD-16890,2023-08-16,Electronics,Accessories,West,Delayed - Transit,3,187.56,215.9,0.59,122
ORD-16891,2023-08-16,Apparel,Shirts,East,On-Time,3,79.93,140.04,0.0,1
ORD-16892,2023-08-05,Electronics,Computers,East,On-Time,2,217.69,465.82,0.05,38
ORD-16893,2023-03-14,Furniture,Chairs,East,On-Time,2,301.75,375.68,0.53,110
ORD-16894,2023-11-23,Electronics,Audio,North,On-Time,3,109.72,231.25,0.05,48
ORD-16895,2023-01-07,Apparel,Pants,West,On-Time,3,217.19,418.39,0.0,25
ORD-16896,2023-07-14,Electronics,Accessories,East,On-Time,3,360.0,784.24,0.0,48
ORD-16897,2023-01-13,Electronics,Audio,West,On-Time,5,211.04,388.5,0.0,20
ORD-16898,2023-07-01,Apparel,Pants,East,On-Time,2,329.14,533.71,0.05,18
ORD-16899,2023-01-23,Electronics,Accessories,North,On-Time,1,46.41,96.43,0.0,23
ORD-16900,2023-05-07,Apparel,,East,On-Time,2,385.71,663.3,0.0,43
ORD-16901,2023-07-10,Apparel,Shirts,South,On-Time,4,170.76,354.24,0.0,22
ORD-16902,2023-01-15,Apparel,Pants,South,On-Time,1,307.47,605.06,0.05,40
ORD-16903,2023-12-01,Electronics,Accessories,North,Delayed - Transit,4,343.04,382.78,0.39,123
ORD-16904,2023-05-17,Apparel,Shirts,South,Delayed - Transit,5,19.9,24.28,0.38,122
ORD-16905,2023-01-23,Apparel,Pants,East,On-Time,4,103.3,218.9,0.05,10
ORD-16906,2023-09-28,Furniture,Desks,East,On-Time,1,303.44,333.07,0.48,119
ORD-16907,2023-04-01,Furniture,Chairs,South,Delayed - Transit,5,240.86,270.8,0.0,85
ORD-16908,2023-07-08,Apparel,Shirts,East,Delayed - Customs,4,77.77,95.63,0.0,77
ORD-16909,2023-02-28,Apparel,Pants,East,On-Time,5,264.4,482.0,0.05,17
ORD-16910,2023-01-08,Electronics,Computers,North,Delayed - Transit,1,344.94,377.57,0.49,90
ORD-16911,2023-03-13,Furniture,Tables,East,On-Time,3,317.61,342.33,0.46,115
ORD-16912,2023-04-08,Apparel,Pants,North,On-Time,1,189.01,432.67,0.05,40
ORD-16913,2023-09-17,Apparel,Shirts,South,On-Time,1,202.64,480.13,0.05,37
ORD-16914,2023-03-08,Furniture,Desks,East,Delayed - Transit,2,347.6,413.3,0.51,118
ORD-16915,2023-09-23,Furniture,Desks,East,On-Time,3,86.5,104.92,0.45,124
ORD-16916,2023-03-05,Electronics,Audio,North,On-Time,1,397.23,865.83,0.05,2
ORD-16917,2023-01-28,Furniture,Desks,West,On-Time,5,270.7,301.1,0.38,151
ORD-16918,2023-01-16,Furniture,Tables,South,On-Time,1,275.6,313.88,0.35,126
ORD-16919,2023-01-15,Furniture,Tables,West,On-Time,1,361.11,419.76,0.46,127
ORD-16920,2023-07-15,Apparel,Footwear,East,On-Time,4,317.72,667.15,0.05,37
ORD-16921,2023-09-16,Furniture,Tables,West,Delayed - Transit,4,280.04,374.81,0.6,139
ORD-16922,2023-06-03,Apparel,Shirts,West,Delayed - Transit,3,93.18,116.03,0.39,92
ORD-16923,2023-03-28,Furniture,Tables,South,Delayed - Transit,3,125.57,169.14,0.6,139
ORD-16924,2023-04-29,Electronics,Audio,East,On-Time,3,243.02,473.77,0.0,38
ORD-16925,2023-10-09,Electronics,Audio,East,On-Time,2,23.71,49.4,0.0,20
ORD-16926,2023-06-23,Apparel,Pants,West,On-Time,1,367.01,857.21,0.0,23
ORD-16927,2023-01-04,Apparel,Pants,South,On-Time,5,335.4,646.0,0.0,33
ORD-16928,2023-01-15,Furniture,Tables,North,On-Time,3,58.63,69.51,0.49,124
ORD-16929,2023-07-01,Apparel,Shirts,East,On-Time,5,173.72,365.68,0.05,27
ORD-16930,2023-05-03,Electronics,Audio,West,On-Time,4,204.81,437.92,0.0,25
ORD-16931,2023-01-01,Apparel,Pants,South,On-Time,3,54.9,130.27,0.05,26
ORD-16932,2023-12-10,Apparel,Pants,West,On-Time,1,67.06,146.51,0.05,29
ORD-16933,2023-12-05,Electronics,Audio,West,On-Time,3,115.56,242.68,0.05,9
ORD-16934,2023-07-22,Apparel,Shirts,East,On-Time,4,160.28,300.15,0.0,4
ORD-16935,2023-02-09,Furniture,Desks,South,On-Time,1,21.87,27.27,0.41,135
ORD-16936,2023-12-08,Furniture,Desks,South,On-Time,5,55.73,66.49,0.0,82
ORD-16937,2023-06-12,Furniture,Tables,East,On-Time,4,219.72,287.23,0.0,72
ORD-16938,2023-04-05,Electronics,Computers,West,Delayed - Transit,1,230.93,267.27,0.5,108
ORD-16939,2023-10-01,Furniture,Desks,South,On-Time,5,298.24,392.79,0.05,68
ORD-16940,2023-01-09,Furniture,,West,On-Time,3,208.32,247.71,0.45,111
ORD-16941,2023-12-08,Electronics,Audio,West,On-Time,1,366.35,859.09,0.0,22
ORD-16942,2023-10-18,Furniture,Chairs,West,On-Time,5,143.05,163.07,0.0,73
ORD-16943,2023-01-20,Apparel,Footwear,East,On-Time,2,90.53,182.05,0.0,49
ORD-16944,2023-07-04,Apparel,Footwear,South,On-Time,2,82.7,173.57,0.0,16
ORD-16945,2023-02-14,Apparel,Pants,East,Delayed - Customs,5,184.54,200.26,0.39,124
ORD-16946,2023-02-19,Furniture,Tables,North,Delayed - Transit,2,387.42,420.97,0.4,115
ORD-16947,2023-11-12,Furniture,Desks,West,On-Time,4,159.45,193.01,0.44,121
ORD-16948,2023-11-07,Apparel,Shirts,North,On-Time,2,199.86,382.49,0.05,39
ORD-16949,2023-11-08,Apparel,Shirts,South,On-Time,1,25.41,45.24,0.0,24
ORD-16950,2023-01-17,Apparel,Pants,South,On-Time,5,27.55,54.16,0.0,24
ORD-16951,2023-12-09,Apparel,Footwear,North,On-Time,3,383.25,892.96,0.05,38
ORD-16952,2023-07-25,Electronics,,North,On-Time,2,177.89,408.84,0.05,21
ORD-16953,2023-11-08,Apparel,Pants,North,Delayed - Transit,5,163.42,214.23,0.37,159
ORD-16954,2023-04-22,Furniture,Desks,East,On-Time,3,244.4,329.36,0.36,122
ORD-16955,2023-10-02,Apparel,Pants,North,Delayed - Transit,2,74.0,96.88,0.37,160
ORD-16956,2023-04-06,Electronics,Audio,East,Delayed - Customs,2,47.46,61.94,0.46,95
ORD-16957,2023-12-26,Furniture,Desks,South,On-Time,4,37.32,44.22,0.53,128
ORD-16958,2023-12-20,Electronics,Audio,East,On-Time,4,183.98,402.78,0.0,36
ORD-16959,2023-01-17,Furniture,Tables,East,Delayed - Customs,3,308.32,400.34,0.0,84
ORD-16960,2023-10-04,Apparel,Shirts,South,On-Time,2,324.36,694.06,0.0,13
ORD-16961,2023-06-25,Apparel,Shirts,East,On-Time,5,82.65,180.01,0.0,17
ORD-16962,2023-12-06,Apparel,Footwear,West,On-Time,2,101.16,232.99,0.0,22
ORD-16963,2023-04-16,Apparel,Shirts,South,On-Time,4,25.41,56.85,0.05,24
ORD-16964,2023-05-08,Electronics,Computers,North,On-Time,5,273.91,539.45,0.05,16
ORD-16965,2023-11-23,Furniture,Tables,East,On-Time,2,327.85,356.37,0.39,119
ORD-16966,2023-04-24,Furniture,Chairs,South,On-Time,4,163.0,173.32,0.64,123
ORD-16967,2023-05-28,Apparel,Pants,North,On-Time,4,396.71,897.56,0.0,9
ORD-16968,2023-05-01,Furniture,Chairs,West,On-Time,3,204.97,232.96,0.57,107
ORD-16969,2023-09-02,Furniture,Desks,East,Delayed - Transit,5,242.63,278.63,0.64,118
ORD-16970,2023-09-02,Apparel,,North,Delayed - Customs,2,81.35,90.46,0.05,78
ORD-16971,2023-03-20,Electronics,Computers,North,Delayed - Customs,2,214.58,279.69,0.35,135
ORD-16972,2023-05-28,Electronics,Computers,North,On-Time,4,100.6,208.17,0.05,11
ORD-16973,2023-05-15,Apparel,Pants,North,On-Time,4,34.65,56.26,0.05,34
ORD-16974,2023-08-12,Apparel,Shirts,North,On-Time,2,331.91,547.99,0.0,43
ORD-16975,2023-03-01,Furniture,Chairs,East,Delayed - Transit,3,182.91,237.92,0.63,115
ORD-16976,2023-07-19,Furniture,Desks,North,On-Time,4,115.95,144.54,0.41,96
ORD-16977,2023-02-26,Electronics,Audio,North,On-Time,5,46.76,104.33,0.05,21
ORD-16978,2023-07-31,Apparel,Shirts,North,On-Time,1,155.31,267.71,0.0,30
ORD-16979,2023-10-03,Furniture,Desks,South,On-Time,4,183.23,213.12,0.0,65
ORD-16980,2023-12-16,Electronics,Audio,North,On-Time,4,367.78,628.78,0.05,20
ORD-16981,2023-09-24,Furniture,,East,On-Time,4,257.13,275.27,0.59,108
ORD-16982,2023-01-10,Apparel,Shirts,South,Delayed - Customs,2,332.5,360.32,0.43,124
ORD-16983,2023-03-13,Apparel,Pants,North,On-Time,5,228.4,425.39,0.05,42
ORD-16984,2023-05-21,Apparel,Footwear,East,On-Time,1,151.77,270.83,0.0,23
ORD-16985,2023-09-17,Furniture,Chairs,East,On-Time,5,50.65,65.15,0.47,108
ORD-16986,2023-12-17,Furniture,Desks,South,On-Time,5,131.05,159.02,0.52,131
ORD-16987,2023-08-02,Apparel,Footwear,South,On-Time,4,389.85,854.42,0.05,26
ORD-16988,2023-01-24,Furniture,Desks,South,On-Time,5,248.23,290.36,0.05,51
ORD-16989,2023-01-19,Apparel,Shirts,South,On-Time,1,59.67,125.6,0.05,27
ORD-16990,2023-07-05,Furniture,Tables,South,On-Time,1,309.64,414.8,0.05,79
ORD-16991,2023-03-22,Apparel,Shirts,East,On-Time,4,176.2,364.34,0.05,16
ORD-16992,2023-10-16,Electronics,Accessories,West,On-Time,3,288.58,476.34,0.0,25
ORD-16993,2023-06-30,Apparel,Shirts,West,On-Time,2,260.73,457.95,0.05,28
ORD-16994,2023-11-14,Apparel,Footwear,West,On-Time,3,343.48,624.27,0.05,11
ORD-16995,2023-05-28,Electronics,Audio,East,Delayed - Transit,3,108.36,135.66,0.55,110
ORD-16996,2023-02-05,Electronics,,East,On-Time,4,351.52,811.63,0.0,49
ORD-16997,2023-08-14,Furniture,Tables,South,Delayed - Transit,5,272.46,333.26,0.54,123
ORD-16998,2023-01-08,Furniture,Desks,North,Delayed - Transit,2,205.28,251.72,0.5,121
ORD-16999,2023-11-02,Apparel,Shirts,East,Delayed - Transit,5,208.33,273.14,0.36,126
ORD-17000,2023-04-07,Furniture,Chairs,North,On-Time,4,122.73,148.39,0.41,94
ORD-17001,2023-07-26,Electronics,Accessories,West,Delayed - Transit,1,174.8,228.9,0.37,139
ORD-17002,2023-06-28,Furniture,Tables,East,On-Time,2,39.56,44.36,0.48,132
ORD-17003,2023-02-19,Electronics,Accessories,East,Delayed - Transit,4,41.77,47.03,0.52,120
ORD-17004,2023-12-31,Furniture,Chairs,West,On-Time,4,40.98,51.63,0.49,102
ORD-17005,2023-05-18,Apparel,Shirts,South,Delayed - Transit,5,329.84,442.92,0.42,113
ORD-17006,2023-04-25,Apparel,Pants,South,On-Time,4,78.62,156.28,0.05,1
ORD-17007,2023-08-13,Apparel,Shirts,East,Delayed - Transit,2,161.82,214.23,0.48,111
ORD-17008,2023-04-16,Furniture,Chairs,South,On-Time,3,238.53,257.38,0.64,110
ORD-17009,2023-05-07,Furniture,Chairs,East,Delayed - Customs,5,159.84,209.84,0.58,102
ORD-17010,2023-02-11,Electronics,Accessories,South,On-Time,1,44.77,81.97,0.0,31
ORD-17011,2023-02-09,Electronics,Audio,West,On-Time,4,126.04,294.72,0.05,34
ORD-17012,2023-10-31,Furniture,Chairs,West,On-Time,5,136.05,162.33,0.58,122
ORD-17013,2023-10-15,Apparel,Pants,East,On-Time,2,290.7,482.73,0.0,29
ORD-17014,2023-07-28,Apparel,Pants,North,On-Time,1,124.89,283.14,0.05,39
ORD-17015,2023-01-01,Electronics,Accessories,East,On-Time,3,392.16,885.83,0.0,47
ORD-17016,2023-11-25,Electronics,Computers,East,Delayed - Customs,2,185.86,234.76,0.59,107
ORD-17017,2023-07-18,Electronics,Computers,East,On-Time,4,198.85,415.16,0.0,34
ORD-17018,2023-02-25,Furniture,Desks,South,On-Time,3,90.84,95.91,0.48,122
ORD-17019,2023-08-14,Furniture,Tables,South,Delayed - Transit,4,303.93,334.24,0.58,87
ORD-17020,2023-08-11,Apparel,Pants,East,Delayed - Transit,3,323.04,401.33,0.54,94
ORD-17021,2023-10-23,Apparel,Pants,South,On-Time,2,23.92,47.35,0.05,53
ORD-17022,2023-12-05,Electronics,Computers,South,Delayed - Customs,4,392.58,456.74,0.58,135
ORD-17023,2023-11-18,Electronics,Audio,North,On-Time,4,379.29,623.44,0.0,56
ORD-17024,2023-07-20,Electronics,Computers,East,Delayed - Transit,2,214.51,266.52,0.64,147
ORD-17025,2023-12-11,Electronics,Audio,East,On-Time,5,114.07,255.22,0.0,19
ORD-17026,2023-06-30,Electronics,Audio,West,On-Time,1,335.6,797.5,0.0,27
ORD-17027,2023-07-08,Apparel,Pants,North,On-Time,3,280.03,530.15,0.0,37
ORD-17028,2023-12-14,Furniture,Chairs,North,On-Time,3,158.56,189.68,0.53,134
ORD-17029,2023-12-10,Apparel,Pants,South,On-Time,4,350.67,692.33,0.0,33
ORD-17030,2023-11-09,Apparel,Footwear,East,On-Time,2,31.33,67.45,0.0,31
ORD-17031,2023-02-17,Apparel,Footwear,West,Delayed - Transit,1,52.45,69.08,0.4,121
ORD-17032,2023-12-01,Apparel,Pants,West,On-Time,5,309.1,691.54,0.05,29
ORD-17033,2023-03-15,Furniture,Chairs,North,On-Time,4,392.47,452.67,0.5,149
ORD-17034,2023-08-04,Electronics,Accessories,North,On-Time,4,291.82,662.75,0.05,22
ORD-17035,2023-10-14,Electronics,Audio,South,On-Time,3,106.31,188.16,0.0,28
ORD-17036,2023-03-28,Electronics,Computers,West,On-Time,5,166.39,331.17,0.05,23
ORD-17037,2023-11-26,Apparel,Shirts,East,On-Time,5,374.12,818.56,0.05,36
ORD-17038,2023-07-05,Furniture,Tables,South,Delayed - Customs,2,362.19,393.0,0.48,103
ORD-17039,2023-04-18,Furniture,Chairs,South,Delayed - Transit,1,221.17,298.39,0.58,95
ORD-17040,2023-09-29,Furniture,Desks,South,Delayed - Transit,4,86.81,114.51,0.39,122
ORD-17041,2023-04-22,Apparel,Footwear,North,Delayed - Transit,1,171.9,214.16,0.36,98
ORD-17042,2023-06-23,Apparel,Pants,West,On-Time,5,358.01,751.83,0.0,40
ORD-17043,2023-10-12,Electronics,Audio,South,Delayed - Customs,5,376.23,410.18,0.59,135
ORD-17044,2023-06-10,Electronics,Audio,North,On-Time,3,34.37,65.96,0.05,24
ORD-17045,2023-08-19,Electronics,Computers,West,On-Time,4,310.46,672.36,0.0,45
ORD-17046,2023-08-21,Apparel,Footwear,South,On-Time,3,278.41,617.0,0.05,11
ORD-17047,2023-05-04,Apparel,Shirts,North,On-Time,1,224.11,389.12,0.0,43
ORD-17048,2023-06-24,Electronics,Computers,East,On-Time,4,316.31,607.72,0.05,23
ORD-17049,2023-10-20,Electronics,Computers,South,Delayed - Customs,3,330.42,401.04,0.05,74
ORD-17050,2023-12-07,Apparel,Footwear,South,Delayed - Transit,3,260.24,348.65,0.0,75
ORD-17051,2023-02-20,Furniture,Desks,North,On-Time,4,233.11,301.95,0.49,139
ORD-17052,2023-05-05,Furniture,Chairs,West,On-Time,3,36.7,43.9,0.41,109
ORD-17053,2023-09-28,Furniture,Tables,North,On-Time,3,92.07,103.46,0.39,118
ORD-17054,2023-01-29,Furniture,Desks,East,Delayed - Customs,3,76.22,94.31,0.63,86
ORD-17055,2023-09-09,Furniture,Tables,West,On-Time,1,349.4,375.76,0.37,117
ORD-17056,2023-08-01,Furniture,Tables,South,On-Time,3,118.62,133.96,0.0,84
ORD-17057,2023-01-31,Electronics,Audio,South,On-Time,4,250.54,440.77,0.05,34
ORD-17058,2023-12-23,Furniture,Chairs,East,On-Time,1,200.0,224.73,0.52,148
ORD-17059,2023-11-02,Furniture,Tables,North,On-Time,1,222.73,277.71,0.35,131
ORD-17060,2023-10-18,Furniture,Desks,East,On-Time,2,311.16,387.17,0.4,118
ORD-17061,2023-01-11,Furniture,Tables,North,On-Time,5,389.86,457.24,0.4,121
ORD-17062,2023-03-08,Apparel,Pants,East,On-Time,2,270.61,580.38,0.05,27
ORD-17063,2023-03-28,Electronics,Audio,South,On-Time,5,230.29,404.72,0.05,37
ORD-17064,2023-05-10,Furniture,Tables,West,On-Time,2,372.47,472.48,0.41,114
ORD-17065,2023-10-10,Furniture,Tables,South,Delayed - Transit,3,250.47,336.98,0.56,108
ORD-17066,2023-01-05,Apparel,Pants,North,Delayed - Transit,3,280.11,366.1,0.41,109
ORD-17067,2023-12-27,Apparel,Pants,North,Delayed - Customs,1,60.24,76.24,0.41,136
ORD-17068,2023-11-30,Electronics,Accessories,North,On-Time,5,113.14,201.35,0.05,22
ORD-17069,2023-04-23,Electronics,Accessories,East,On-Time,1,152.27,300.3,0.05,20
ORD-17070,2023-05-08,Furniture,Tables,East,Delayed - Customs,3,385.72,416.8,0.42,111
ORD-17071,2023-04-22,Apparel,Shirts,North,On-Time,3,368.69,617.94,0.05,44
ORD-17072,2023-01-07,Furniture,,South,On-Time,1,24.85,26.11,0.64,114
ORD-17073,2023-09-30,Electronics,Computers,West,On-Time,1,329.95,629.46,0.05,36
ORD-17074,2023-11-27,Furniture,Chairs,South,Delayed - Customs,4,57.41,65.72,0.38,96
ORD-17075,2023-08-14,Furniture,Desks,East,On-Time,3,129.94,168.01,0.47,132
ORD-17076,2023-11-14,Furniture,Tables,West,On-Time,2,186.53,220.35,0.46,138
ORD-17077,2023-01-18,Apparel,Shirts,South,On-Time,4,120.17,274.84,0.0,39
ORD-17078,2023-09-20,Apparel,Shirts,East,On-Time,5,164.32,366.18,0.0,37
ORD-17079,2023-03-27,Electronics,Computers,West,On-Time,4,92.53,158.82,0.05,30
ORD-17080,2023-09-15,Furniture,Desks,East,On-Time,4,167.79,181.37,0.42,116
ORD-17081,2023-03-23,Furniture,Desks,South,Delayed - Transit,2,246.91,299.17,0.48,98
ORD-17082,2023-02-02,Electronics,Audio,West,On-Time,2,358.38,818.16,0.05,31
ORD-17083,2023-11-06,Apparel,Pants,South,On-Time,1,189.59,428.68,0.0,51
ORD-17084,2023-02-09,Apparel,Pants,South,On-Time,2,375.49,766.18,0.05,31
ORD-17085,2023-05-11,Apparel,Pants,West,On-Time,2,322.54,520.95,0.0,14
ORD-17086,2023-04-12,Electronics,Audio,North,Delayed - Transit,1,274.47,289.02,0.53,106
ORD-17087,2023-10-18,Apparel,Shirts,North,On-Time,1,248.16,526.99,0.0,20
ORD-17088,2023-08-13,Electronics,Computers,South,On-Time,5,200.62,413.85,0.05,7
ORD-17089,2023-04-18,Apparel,Pants,South,On-Time,4,36.63,82.74,0.0,24
ORD-17090,2023-12-30,Electronics,Audio,North,On-Time,3,185.52,393.69,0.0,51
ORD-17091,2023-04-04,Electronics,Computers,South,On-Time,1,252.67,544.31,0.0,17
ORD-17092,2023-11-17,Electronics,Computers,East,On-Time,5,230.29,447.9,0.0,19
ORD-17093,2023-07-28,Furniture,Chairs,South,On-Time,5,91.56,106.07,0.64,137
ORD-17094,2023-07-07,Furniture,,East,Delayed - Customs,5,69.01,90.62,0.44,132
ORD-17095,2023-07-05,Electronics,Computers,East,On-Time,1,232.37,383.53,0.0,15
ORD-17096,2023-10-27,Apparel,Footwear,East,On-Time,1,43.23,77.69,0.05,28
ORD-17097,2023-12-24,Apparel,Shirts,East,On-Time,5,376.53,622.04,0.0,32
ORD-17098,2023-09-06,Apparel,Footwear,West,On-Time,4,94.22,163.22,0.0,25
ORD-17099,2023-09-07,Furniture,Desks,West,On-Time,2,197.57,234.56,0.56,125
ORD-17100,2023-03-12,Apparel,Pants,East,On-Time,2,176.75,410.48,0.0,35
ORD-17101,2023-09-14,Electronics,Audio,North,On-Time,1,115.34,199.51,0.0,26
ORD-17102,2023-08-27,Electronics,Audio,South,On-Time,4,319.88,651.38,0.0,48
ORD-17103,2023-09-27,Apparel,Shirts,North,On-Time,3,213.05,470.45,0.05,44
ORD-17104,2023-03-12,Electronics,Audio,South,On-Time,1,213.48,485.63,0.0,38
ORD-17105,2023-09-21,Electronics,Audio,West,Delayed - Customs,5,348.59,416.97,0.6,86
ORD-17106,2023-12-17,Furniture,,East,On-Time,3,97.79,105.2,0.58,107
ORD-17107,2023-02-07,Electronics,,East,On-Time,2,47.42,89.59,0.05,32
ORD-17108,2023-05-01,Electronics,Computers,South,On-Time,4,274.24,577.5,0.05,33
ORD-17109,2023-11-12,Furniture,Tables,South,Delayed - Customs,2,391.17,505.78,0.57,131
ORD-17110,2023-06-11,Electronics,Audio,South,On-Time,4,293.06,669.08,0.0,11
ORD-17111,2023-10-27,Electronics,Audio,North,On-Time,1,283.29,600.83,0.05,39
ORD-17112,2023-04-22,Electronics,Computers,South,On-Time,3,70.26,156.85,0.05,55
ORD-17113,2023-08-31,Electronics,Computers,North,On-Time,5,71.41,165.8,0.0,21
ORD-17114,2023-03-26,Furniture,Chairs,East,On-Time,3,353.82,402.57,0.6,131
ORD-17115,2023-01-27,Apparel,Footwear,South,Delayed - Transit,2,109.01,117.33,0.59,148
ORD-17116,2023-03-14,Apparel,Footwear,North,On-Time,4,130.23,272.51,0.05,7
ORD-17117,2023-06-27,Furniture,Chairs,South,On-Time,2,138.48,165.52,0.48,114
ORD-17118,2023-11-29,Apparel,Shirts,West,Delayed - Transit,5,114.7,147.65,0.36,145
ORD-17119,2023-09-15,Furniture,Chairs,North,Delayed - Transit,2,235.0,267.78,0.6,101
ORD-17120,2023-03-11,Electronics,Audio,North,On-Time,4,66.96,156.05,0.05,28
ORD-17121,2023-04-16,Electronics,Audio,South,On-Time,3,203.37,346.15,0.05,22
ORD-17122,2023-09-12,Electronics,Computers,North,On-Time,1,41.48,87.13,0.0,50
ORD-17123,2023-09-09,Furniture,Tables,East,On-Time,1,265.7,310.42,0.58,137
ORD-17124,2023-04-06,Furniture,Desks,South,Delayed - Transit,4,304.1,355.07,0.4,105
ORD-17125,2023-09-15,Furniture,Tables,West,On-Time,2,18.98,21.92,0.44,111
ORD-17126,2023-07-02,Apparel,Pants,North,Delayed - Customs,4,45.54,59.32,0.52,103
ORD-17127,2023-01-08,Electronics,Computers,North,Delayed - Transit,2,105.81,115.01,0.0,81
ORD-17128,2023-09-22,Furniture,Tables,East,On-Time,3,136.45,160.61,0.62,88
ORD-17129,2023-09-29,Furniture,Chairs,West,On-Time,5,93.08,109.91,0.42,146
ORD-17130,2023-02-23,Furniture,Desks,East,On-Time,4,98.25,119.05,0.38,118
ORD-17131,2023-01-17,Apparel,Pants,North,On-Time,1,383.28,892.7,0.05,46
ORD-17132,2023-09-21,Apparel,Shirts,West,On-Time,1,318.37,514.43,0.05,28
ORD-17133,2023-02-16,Furniture,Desks,West,Delayed - Customs,5,374.49,404.3,0.0,85
ORD-17134,2023-02-25,Electronics,Accessories,South,On-Time,3,140.59,265.89,0.05,12
ORD-17135,2023-07-03,Electronics,Audio,South,Delayed - Transit,1,318.24,395.69,0.55,97
ORD-17136,2023-04-16,Electronics,Computers,North,On-Time,1,221.16,481.14,0.0,34
ORD-17137,2023-08-20,Electronics,Accessories,South,Delayed - Transit,3,147.01,166.37,0.41,170
ORD-17138,2023-06-26,Apparel,Footwear,North,Delayed - Transit,4,346.2,398.83,0.54,124
ORD-17139,2023-01-21,Electronics,Audio,West,Delayed - Transit,4,392.45,492.84,0.64,87
ORD-17140,2023-11-16,Furniture,Tables,South,On-Time,1,397.56,443.62,0.0,58
ORD-17141,2023-01-13,Electronics,Accessories,West,On-Time,4,313.02,630.99,0.0,31
ORD-17142,2023-11-18,Furniture,Tables,North,On-Time,4,338.17,451.84,0.57,113
ORD-17143,2023-08-01,Apparel,Footwear,North,On-Time,2,234.2,486.26,0.05,25
ORD-17144,2023-06-04,Furniture,Tables,South,On-Time,3,93.63,105.6,0.47,108
ORD-17145,2023-03-20,Electronics,Computers,East,On-Time,4,362.14,752.8,0.05,31
ORD-17146,2023-02-13,Apparel,Footwear,East,On-Time,4,105.44,170.75,0.05,22
ORD-17147,2023-04-15,Furniture,Desks,North,On-Time,3,30.6,34.24,0.37,135
ORD-17148,2023-04-13,Apparel,Shirts,South,On-Time,5,324.59,760.75,0.0,24
ORD-17149,2023-10-08,Apparel,Shirts,West,On-Time,5,185.98,378.09,0.0,12
ORD-17150,2023-04-01,Apparel,Shirts,East,On-Time,3,32.87,73.29,0.05,24
ORD-17151,2023-03-14,Electronics,Computers,East,On-Time,2,263.42,623.36,0.0,9
ORD-17152,2023-07-28,Electronics,Audio,North,On-Time,5,297.72,477.77,0.0,40
ORD-17153,2023-05-29,Electronics,Computers,East,On-Time,2,326.38,692.61,0.05,45
ORD-17154,2023-10-16,Electronics,Accessories,North,Delayed - Transit,3,220.31,294.64,0.48,110
ORD-17155,2023-11-10,Apparel,Pants,East,Delayed - Transit,2,266.29,288.34,0.53,150
ORD-17156,2023-05-20,Electronics,Accessories,East,On-Time,4,286.64,611.67,0.0,36
ORD-17157,2023-04-10,Apparel,Shirts,East,Delayed - Customs,1,54.71,70.68,0.55,158
ORD-17158,2023-07-22,Furniture,Chairs,South,On-Time,2,358.24,432.95,0.05,79
ORD-17159,2023-09-07,Apparel,Shirts,West,On-Time,2,320.05,564.55,0.0,22
ORD-17160,2023-09-09,Electronics,,East,On-Time,5,186.18,327.77,0.05,41
ORD-17161,2023-09-23,Electronics,Accessories,West,On-Time,2,346.11,742.67,0.0,20
ORD-17162,2023-05-11,Apparel,Pants,East,Delayed - Transit,1,118.36,152.0,0.46,95
ORD-17163,2023-10-04,Furniture,Chairs,West,On-Time,4,161.61,191.54,0.62,148
ORD-17164,2023-04-27,Apparel,Footwear,East,On-Time,1,241.36,458.15,0.0,48
ORD-17165,2023-05-26,Electronics,Computers,South,On-Time,3,232.07,496.59,0.05,36
ORD-17166,2023-06-28,Furniture,Desks,South,On-Time,2,184.13,226.31,0.51,108
ORD-17167,2023-12-01,Furniture,Chairs,North,On-Time,3,206.37,245.89,0.6,114
ORD-17168,2023-12-05,Apparel,Shirts,East,On-Time,1,374.08,860.84,0.0,16
ORD-17169,2023-06-06,Electronics,Audio,East,On-Time,5,191.62,375.54,0.05,29
ORD-17170,2023-05-02,Furniture,Tables,North,Delayed - Transit,1,101.19,125.01,0.47,124
ORD-17171,2023-06-07,Apparel,Shirts,East,On-Time,2,145.64,307.83,0.0,45
ORD-17172,2023-02-12,Furniture,Tables,West,On-Time,3,77.95,101.41,0.63,150
ORD-17173,2023-05-30,Electronics,Computers,East,Delayed - Transit,3,309.72,350.79,0.05,80
ORD-17174,2023-09-16,Furniture,Desks,South,On-Time,2,169.04,211.88,0.05,85
ORD-17175,2023-03-20,Furniture,,East,On-Time,5,31.07,40.14,0.58,114
ORD-17176,2023-08-30,Apparel,Shirts,East,On-Time,4,241.94,536.93,0.0,29
ORD-17177,2023-05-19,Furniture,Desks,West,On-Time,5,192.82,245.4,0.35,95
ORD-17178,2023-10-18,Apparel,Shirts,West,On-Time,2,33.97,59.79,0.0,35
ORD-17179,2023-02-25,Apparel,Shirts,North,On-Time,2,73.41,165.74,0.0,22
ORD-17180,2023-06-28,Electronics,Audio,South,On-Time,4,49.83,89.49,0.0,35
ORD-17181,2023-02-13,Electronics,Accessories,South,On-Time,2,49.17,86.44,0.0,6
ORD-17182,2023-06-14,Electronics,Audio,North,On-Time,5,126.41,276.19,0.0,50
ORD-17183,2023-01-03,Electronics,Accessories,North,On-Time,5,92.95,156.4,0.0,20
ORD-17184,2023-12-16,Electronics,Accessories,South,On-Time,3,295.41,500.0,0.0,36
ORD-17185,2023-03-20,Furniture,Desks,South,On-Time,2,264.98,296.34,0.38,130
ORD-17186,2023-02-05,Apparel,Pants,East,On-Time,2,178.41,395.44,0.0,41
ORD-17187,2023-07-07,Electronics,Accessories,West,On-Time,3,371.35,745.62,0.0,23
ORD-17188,2023-07-28,Furniture,Tables,North,Delayed - Customs,5,384.32,483.79,0.44,112
ORD-17189,2023-05-03,Apparel,Pants,South,On-Time,2,226.72,462.89,0.05,13
ORD-17190,2023-07-10,Apparel,Pants,South,On-Time,3,336.58,659.32,0.0,23
ORD-17191,2023-07-30,Apparel,,West,On-Time,1,170.13,374.0,0.0,11
ORD-17192,2023-10-12,Electronics,Audio,South,On-Time,2,396.41,778.65,0.0,19
ORD-17193,2023-11-05,Electronics,Computers,South,On-Time,5,388.75,756.38,0.05,26
ORD-17194,2023-03-14,Apparel,Pants,West,Delayed - Transit,3,287.25,376.0,0.42,139
ORD-17195,2023-01-07,Electronics,Accessories,West,On-Time,4,90.7,168.6,0.05,30
ORD-17196,2023-08-19,Apparel,Shirts,East,On-Time,3,359.25,712.54,0.0,19
ORD-17197,2023-05-04,Furniture,Desks,West,On-Time,3,377.5,414.14,0.56,112
ORD-17198,2023-07-06,Electronics,Accessories,West,Delayed - Customs,4,86.77,102.86,0.58,102
ORD-17199,2023-07-25,Apparel,Shirts,South,On-Time,5,157.04,374.09,0.0,29
ORD-17200,2023-09-06,Electronics,Audio,West,Delayed - Transit,4,351.89,410.65,0.05,72
ORD-17201,2023-05-07,Electronics,Audio,West,On-Time,3,32.64,61.25,0.0,20
ORD-17202,2023-07-19,Electronics,Accessories,East,Delayed - Transit,5,219.64,285.75,0.43,109
ORD-17203,2023-12-26,Apparel,,West,On-Time,5,305.05,726.18,0.05,22
ORD-17204,2023-09-25,Apparel,Shirts,South,Delayed - Transit,4,297.37,396.82,0.4,109
ORD-17205,2023-12-09,Electronics,Audio,West,On-Time,4,337.39,764.83,0.0,16
ORD-17206,2023-09-29,Furniture,Desks,North,Delayed - Transit,1,104.01,134.49,0.44,125
ORD-17207,2023-06-28,Apparel,,South,On-Time,4,338.04,617.56,0.05,31
ORD-17208,2023-05-06,Apparel,Pants,East,Delayed - Transit,4,194.69,211.98,0.54,132
ORD-17209,2023-07-29,Furniture,Tables,North,On-Time,4,149.28,175.61,0.56,120
ORD-17210,2023-12-17,Electronics,Audio,North,On-Time,1,194.34,338.82,0.0,16
ORD-17211,2023-10-23,Apparel,Pants,West,Delayed - Customs,2,24.84,29.47,0.57,125
ORD-17212,2023-05-19,Electronics,Computers,North,Delayed - Customs,5,19.93,23.37,0.6,94
ORD-17213,2023-10-09,Apparel,Footwear,West,On-Time,3,243.41,544.94,0.0,29
ORD-17214,2023-02-18,Electronics,Computers,South,Delayed - Transit,1,175.95,218.47,0.37,129
ORD-17215,2023-01-08,Furniture,Desks,East,Delayed - Customs,1,78.65,101.15,0.05,29
ORD-17216,2023-02-16,Electronics,Computers,South,On-Time,2,17.69,34.56,0.0,39
ORD-17217,2023-11-20,Apparel,Shirts,West,On-Time,4,376.3,730.44,0.05,28
ORD-17218,2023-04-22,Electronics,Audio,South,On-Time,3,27.76,49.37,0.05,11
ORD-17219,2023-02-08,Furniture,Chairs,East,Delayed - Transit,3,221.78,264.59,0.56,105
ORD-17220,2023-11-09,Furniture,Tables,East,On-Time,1,215.02,249.43,0.49,105
ORD-17221,2023-06-03,Electronics,Computers,West,On-Time,3,243.04,498.62,0.0,37
ORD-17222,2023-07-18,Apparel,Footwear,East,On-Time,2,26.1,55.17,0.0,31
ORD-17223,2023-02-18,Apparel,Pants,East,On-Time,4,97.39,158.67,0.0,32
ORD-17224,2023-12-30,Apparel,Shirts,West,Delayed - Transit,2,341.03,437.58,0.49,108
ORD-17225,2023-06-13,Apparel,Footwear,North,Delayed - Transit,3,291.55,392.86,0.47,118
ORD-17226,2023-09-08,Apparel,Footwear,North,On-Time,3,155.99,352.12,0.0,45
ORD-17227,2023-02-15,Furniture,Desks,West,On-Time,3,101.07,123.6,0.36,155
ORD-17228,2023-12-30,Furniture,Chairs,South,Delayed - Transit,3,94.1,120.35,0.39,105
ORD-17229,2023-05-20,Furniture,Desks,East,On-Time,1,45.28,58.37,0.63,139
ORD-17230,2023-12-21,Furniture,Tables,East,On-Time,1,89.62,98.48,0.47,151
ORD-17231,2023-04-15,Electronics,Audio,West,On-Time,3,380.5,794.45,0.05,15
ORD-17232,2023-05-29,Electronics,Accessories,South,On-Time,4,53.68,122.3,0.0,37
ORD-17233,2023-08-24,Furniture,Tables,East,Delayed - Transit,2,374.4,497.47,0.49,141
ORD-17234,2023-11-22,Apparel,Shirts,West,Delayed - Customs,1,204.35,243.12,0.5,137
ORD-17235,2023-08-29,Apparel,Pants,East,On-Time,5,61.53,138.81,0.05,24
ORD-17236,2023-10-16,Electronics,Accessories,West,On-Time,2,221.02,415.62,0.05,43
ORD-17237,2023-10-03,Apparel,Shirts,East,Delayed - Transit,2,265.03,280.18,0.45,87
ORD-17238,2023-01-24,Apparel,Shirts,South,Delayed - Transit,3,120.07,147.6,0.62,107
ORD-17239,2023-12-08,Furniture,Desks,East,On-Time,1,162.81,205.46,0.58,88
ORD-17240,2023-09-23,Apparel,Shirts,North,On-Time,5,352.91,657.95,0.05,17
ORD-17241,2023-11-20,Furniture,Tables,East,On-Time,5,376.94,506.51,0.39,99
ORD-17242,2023-11-24,Furniture,Desks,South,On-Time,4,356.85,479.78,0.39,109
ORD-17243,2023-07-25,Furniture,Desks,West,On-Time,5,265.43,289.67,0.44,148
ORD-17244,2023-06-18,Electronics,Accessories,South,On-Time,3,160.94,339.69,0.05,41
ORD-17245,2023-05-22,Electronics,Accessories,West,On-Time,2,193.78,456.29,0.0,12
ORD-17246,2023-03-16,Furniture,Tables,West,On-Time,3,359.95,457.58,0.57,99
ORD-17247,2023-02-06,Furniture,,South,On-Time,2,96.07,120.83,0.05,85
ORD-17248,2023-04-02,Apparel,Footwear,East,On-Time,4,245.48,470.3,0.05,29
ORD-17249,2023-07-11,Furniture,Chairs,South,Delayed - Transit,4,331.11,377.95,0.05,73
ORD-17250,2023-08-26,Electronics,Audio,East,Delayed - Customs,1,65.81,74.12,0.5,159
ORD-17251,2023-01-18,Electronics,Accessories,South,Delayed - Transit,5,242.25,291.94,0.57,118
ORD-17252,2023-06-17,Apparel,Shirts,North,Delayed - Transit,3,33.92,37.01,0.36,102
ORD-17253,2023-03-09,Furniture,Tables,North,On-Time,2,136.27,174.87,0.46,115
ORD-17254,2023-04-10,Electronics,Accessories,West,Delayed - Transit,3,230.57,300.09,0.55,116
ORD-17255,2023-08-11,Furniture,Desks,South,On-Time,2,118.13,134.48,0.42,145
ORD-17256,2023-02-04,Furniture,Tables,East,On-Time,3,168.57,204.99,0.0,80
ORD-17257,2023-09-15,Apparel,Shirts,North,Delayed - Transit,1,291.02,359.86,0.63,92
ORD-17258,2023-06-28,Apparel,Shirts,West,On-Time,2,103.89,206.92,0.05,41
ORD-17259,2023-02-13,Apparel,Shirts,North,On-Time,3,354.71,705.41,0.05,54
ORD-17260,2023-03-27,Apparel,Pants,South,On-Time,1,338.28,612.62,0.0,33
ORD-17261,2023-05-26,Electronics,Computers,North,On-Time,4,341.49,725.13,0.05,33
ORD-17262,2023-05-19,Electronics,Computers,South,On-Time,3,391.38,860.37,0.05,38
ORD-17263,2023-09-26,Furniture,Tables,South,On-Time,4,96.76,123.62,0.6,118
ORD-17264,2023-10-22,Furniture,Desks,North,On-Time,5,114.53,134.61,0.0,75
ORD-17265,2023-01-01,Furniture,Tables,South,Delayed - Transit,4,320.31,402.12,0.5,140
ORD-17266,2023-06-17,Furniture,Chairs,South,On-Time,4,175.98,227.42,0.52,104
ORD-17267,2023-10-18,Electronics,Accessories,North,On-Time,3,85.54,181.15,0.05,24
ORD-17268,2023-11-12,Apparel,Pants,East,On-Time,5,256.57,497.89,0.0,40
ORD-17269,2023-12-01,Apparel,Pants,East,On-Time,1,76.3,169.9,0.05,24
ORD-17270,2023-08-10,Furniture,Chairs,East,On-Time,5,211.61,225.86,0.59,134
ORD-17271,2023-04-26,Furniture,Desks,East,On-Time,3,345.95,435.72,0.49,106
ORD-17272,2023-10-27,Furniture,Chairs,North,On-Time,3,227.63,263.72,0.0,61
ORD-17273,2023-10-15,Apparel,Shirts,South,On-Time,3,313.07,641.82,0.0,49
ORD-17274,2023-12-17,Electronics,Accessories,East,On-Time,5,379.16,789.39,0.05,39
ORD-17275,2023-01-28,Apparel,Shirts,North,On-Time,1,77.31,183.68,0.0,24
ORD-17276,2023-11-18,Furniture,Chairs,East,On-Time,5,245.11,291.45,0.35,136
ORD-17277,2023-12-11,Apparel,Pants,East,Delayed - Customs,5,189.01,216.8,0.56,111
ORD-17278,2023-03-12,Apparel,Footwear,North,Delayed - Transit,1,289.23,312.68,0.47,99
ORD-17279,2023-04-24,Furniture,Chairs,South,On-Time,5,380.62,429.01,0.59,109
ORD-17280,2023-04-04,Furniture,Tables,East,On-Time,2,107.59,113.53,0.57,157
ORD-17281,2023-06-08,Furniture,Desks,West,Delayed - Transit,2,192.54,244.62,0.49,122
ORD-17282,2023-02-26,Apparel,Shirts,West,On-Time,4,91.78,190.97,0.05,19
ORD-17283,2023-04-17,Electronics,Audio,East,Delayed - Transit,5,328.86,387.05,0.57,117
ORD-17284,2023-06-09,Electronics,Computers,East,On-Time,5,399.98,666.53,0.0,48
ORD-17285,2023-07-01,Furniture,Tables,North,On-Time,4,97.32,121.57,0.47,100
ORD-17286,2023-11-30,Furniture,Tables,West,On-Time,2,362.12,395.95,0.05,81
ORD-17287,2023-10-27,Furniture,Tables,South,Delayed - Transit,1,278.84,352.62,0.6,114
ORD-17288,2023-11-28,Apparel,Pants,North,On-Time,1,100.15,240.18,0.0,20
ORD-17289,2023-12-02,Apparel,Shirts,West,On-Time,2,363.23,750.66,0.05,45
ORD-17290,2023-09-25,Apparel,Shirts,West,On-Time,3,69.76,142.02,0.0,54
ORD-17291,2023-12-18,Apparel,Footwear,East,On-Time,1,332.18,729.81,0.0,26
ORD-17292,2023-04-22,Furniture,Desks,North,On-Time,5,82.06,86.43,0.37,99
ORD-17293,2023-01-02,Furniture,Chairs,West,On-Time,3,362.01,460.25,0.51,135
ORD-17294,2023-03-05,Electronics,Audio,East,On-Time,4,349.83,769.97,0.0,41
ORD-17295,2023-06-13,Furniture,Desks,North,Delayed - Transit,1,32.14,39.21,0.39,114
ORD-17296,2023-08-26,Apparel,Pants,West,On-Time,3,175.65,288.41,0.0,23
ORD-17297,2023-06-13,Electronics,Accessories,North,On-Time,4,278.3,467.79,0.05,35
ORD-17298,2023-04-17,Apparel,Pants,West,On-Time,4,167.44,368.63,0.0,36
ORD-17299,2023-12-30,Electronics,Accessories,South,On-Time,3,368.36,702.27,0.05,15
ORD-17300,2023-06-15,Electronics,Audio,East,On-Time,5,17.64,34.14,0.05,37
ORD-17301,2023-11-08,Furniture,Chairs,North,On-Time,2,95.62,105.24,0.61,100
ORD-17302,2023-06-06,Electronics,Audio,West,On-Time,4,242.87,462.66,0.05,26
ORD-17303,2023-09-19,Furniture,Chairs,West,Delayed - Transit,4,277.11,352.85,0.4,153
ORD-17304,2023-10-06,Furniture,Chairs,West,On-Time,5,234.07,290.28,0.4,110
ORD-17305,2023-02-19,Furniture,Chairs,South,On-Time,1,395.84,435.52,0.38,146
ORD-17306,2023-08-24,Apparel,Footwear,South,On-Time,4,111.96,228.03,0.0,21
ORD-17307,2023-09-22,Furniture,Desks,East,On-Time,5,352.4,398.37,0.65,133
ORD-17308,2023-12-16,Apparel,Footwear,South,Delayed - Customs,3,204.37,249.35,0.0,79
ORD-17309,2023-03-21,Apparel,Shirts,East,Delayed - Transit,5,40.73,52.15,0.44,93
ORD-17310,2023-09-14,Furniture,Desks,West,Delayed - Customs,4,399.36,431.33,0.62,120
ORD-17311,2023-05-03,Furniture,Desks,West,Delayed - Customs,4,193.81,209.7,0.44,115
ORD-17312,2023-01-16,Furniture,Chairs,South,On-Time,4,331.1,395.17,0.05,78
ORD-17313,2023-06-30,Apparel,Footwear,West,On-Time,1,242.71,440.99,0.0,9
ORD-17314,2023-09-28,Furniture,Desks,West,On-Time,3,364.4,402.25,0.0,79
ORD-17315,2023-10-09,Furniture,Desks,West,On-Time,3,72.6,83.45,0.49,139
ORD-17316,2023-11-23,Apparel,Footwear,North,On-Time,2,151.56,251.09,0.05,45
ORD-17317,2023-05-28,Furniture,Desks,West,Delayed - Transit,1,296.04,375.38,0.62,106
ORD-17318,2023-11-04,Electronics,Accessories,South,On-Time,2,318.1,676.94,0.05,24
ORD-17319,2023-11-23,Apparel,Pants,East,On-Time,3,121.27,253.22,0.05,30
ORD-17320,2023-04-03,Apparel,Shirts,West,On-Time,1,108.63,231.71,0.0,31
ORD-17321,2023-03-22,Apparel,Pants,East,On-Time,3,222.58,503.94,0.0,2
ORD-17322,2023-08-30,Apparel,Footwear,East,Delayed - Customs,3,63.67,69.65,0.48,126
ORD-17323,2023-03-08,Apparel,Footwear,East,Delayed - Customs,1,67.52,76.69,0.43,109
ORD-17324,2023-08-27,Apparel,Pants,East,On-Time,3,92.07,188.31,0.05,24
ORD-17325,2023-10-15,Apparel,Pants,West,On-Time,3,304.89,647.46,0.05,33
ORD-17326,2023-08-06,Electronics,Computers,West,On-Time,4,74.17,169.28,0.05,32
ORD-17327,2023-12-31,Furniture,Desks,North,On-Time,5,132.85,147.36,0.57,107
ORD-17328,2023-08-19,Apparel,Footwear,North,On-Time,5,126.95,291.61,0.05,62
ORD-17329,2023-07-05,Electronics,Audio,West,Delayed - Transit,3,252.43,306.49,0.49,111
ORD-17330,2023-01-01,Electronics,Accessories,West,On-Time,5,371.8,805.22,0.0,26
ORD-17331,2023-09-15,Furniture,Desks,West,On-Time,1,59.85,70.32,0.42,151
ORD-17332,2023-12-11,Electronics,Audio,West,Delayed - Transit,5,51.24,67.28,0.36,154
ORD-17333,2023-09-10,Electronics,Accessories,East,On-Time,2,206.42,487.83,0.0,29
ORD-17334,2023-12-29,Furniture,Desks,South,On-Time,5,393.99,442.37,0.38,128
ORD-17335,2023-10-07,Furniture,Desks,South,On-Time,5,351.66,436.18,0.36,136
ORD-17336,2023-04-10,Furniture,Desks,North,On-Time,1,24.29,31.39,0.52,95
ORD-17337,2023-03-29,Electronics,Accessories,North,On-Time,2,125.6,284.61,0.05,18
ORD-17338,2023-01-15,Apparel,Pants,East,On-Time,5,127.15,277.63,0.05,33
ORD-17339,2023-07-24,Electronics,Computers,North,On-Time,1,106.85,201.06,0.0,28
ORD-17340,2023-06-03,Electronics,Accessories,South,On-Time,4,55.24,96.94,0.0,32
ORD-17341,2023-11-17,Furniture,Desks,North,Delayed - Customs,3,23.12,24.3,0.51,99
ORD-17342,2023-12-17,Furniture,Desks,South,On-Time,5,136.02,161.32,0.38,167
ORD-17343,2023-05-12,Electronics,Computers,East,On-Time,2,396.1,780.24,0.05,26
ORD-17344,2023-11-29,Apparel,Footwear,South,On-Time,1,325.01,590.3,0.05,30
ORD-17345,2023-12-11,Electronics,Accessories,South,On-Time,4,104.23,208.1,0.05,24
ORD-17346,2023-08-12,Furniture,Tables,North,On-Time,2,384.49,471.58,0.45,100
ORD-17347,2023-02-17,Apparel,Shirts,North,On-Time,2,276.14,594.27,0.0,31
ORD-17348,2023-05-24,Furniture,Desks,South,On-Time,1,357.22,389.47,0.58,166
ORD-17349,2023-10-18,Electronics,Audio,East,On-Time,3,295.63,568.2,0.05,34
ORD-17350,2023-09-27,Furniture,Desks,West,On-Time,1,181.53,242.65,0.64,107
ORD-17351,2023-07-25,Furniture,Chairs,West,On-Time,2,305.93,352.15,0.38,106
ORD-17352,2023-10-17,Electronics,Computers,South,Delayed - Customs,2,134.89,160.68,0.56,90
ORD-17353,2023-08-13,Electronics,,South,On-Time,4,181.32,420.58,0.0,49
ORD-17354,2023-12-19,Electronics,Computers,North,On-Time,2,200.91,464.13,0.0,21
ORD-17355,2023-04-16,Furniture,Desks,North,Delayed - Transit,5,268.71,351.63,0.4,101
ORD-17356,2023-04-19,Apparel,Footwear,East,On-Time,2,395.74,945.78,0.0,31
ORD-17357,2023-05-14,Apparel,Shirts,East,On-Time,3,383.91,620.84,0.0,11
ORD-17358,2023-12-28,Electronics,Accessories,East,On-Time,4,262.21,479.48,0.05,45
ORD-17359,2023-10-05,Apparel,Footwear,South,On-Time,4,155.1,316.16,0.05,16
ORD-17360,2023-02-24,Furniture,Desks,East,On-Time,5,33.18,38.1,0.64,100
ORD-17361,2023-10-24,Apparel,Pants,North,On-Time,4,187.93,340.38,0.0,21
ORD-17362,2023-12-03,Electronics,Accessories,North,On-Time,3,59.1,127.95,0.0,51
ORD-17363,2023-02-16,Electronics,Computers,East,On-Time,1,258.66,538.11,0.0,50
ORD-17364,2023-12-14,Apparel,Pants,North,On-Time,3,153.72,256.96,0.05,17
ORD-17365,2023-10-19,Apparel,Shirts,East,On-Time,5,150.01,292.82,0.05,20
ORD-17366,2023-01-17,Electronics,Audio,West,On-Time,4,257.48,482.03,0.0,28
ORD-17367,2023-03-20,Furniture,Desks,South,On-Time,4,263.92,321.78,0.58,142
ORD-17368,2023-02-14,Apparel,Pants,North,On-Time,2,35.28,78.15,0.05,39
ORD-17369,2023-09-30,Apparel,Pants,West,On-Time,1,325.7,762.38,0.05,20
ORD-17370,2023-10-09,Electronics,Audio,South,Delayed - Transit,2,215.06,285.97,0.55,191
ORD-17371,2023-01-26,Electronics,Audio,East,Delayed - Customs,3,124.38,166.82,0.43,93
ORD-17372,2023-05-30,Furniture,Chairs,East,On-Time,3,15.67,17.21,0.59,101
ORD-17373,2023-07-05,Electronics,Computers,West,On-Time,1,283.13,582.08,0.05,52
ORD-17374,2023-12-26,Furniture,Chairs,East,On-Time,4,343.95,389.77,0.48,149
ORD-17375,2023-09-09,Furniture,Tables,East,On-Time,4,82.78,101.68,0.47,132
ORD-17376,2023-12-05,Furniture,Chairs,North,Delayed - Transit,4,253.05,280.37,0.65,116
ORD-17377,2023-03-05,Electronics,Computers,North,On-Time,1,394.0,892.19,0.05,18
ORD-17378,2023-05-24,Furniture,Tables,East,On-Time,2,355.09,451.1,0.05,77
ORD-17379,2023-02-04,Apparel,Pants,West,On-Time,1,16.0,34.7,0.05,11
ORD-17380,2023-08-09,Electronics,Audio,South,On-Time,4,392.97,734.83,0.0,17
ORD-17381,2023-01-24,Furniture,Desks,East,On-Time,5,214.2,225.02,0.57,104
ORD-17382,2023-11-01,Apparel,Shirts,South,On-Time,5,21.01,34.92,0.05,27
ORD-17383,2023-02-16,Furniture,Chairs,North,On-Time,1,303.28,348.42,0.47,157
ORD-17384,2023-09-23,Electronics,Audio,South,On-Time,4,391.25,748.79,0.0,46
ORD-17385,2023-03-17,Electronics,Accessories,South,On-Time,2,183.87,363.9,0.05,42
ORD-17386,2023-05-06,Apparel,Footwear,South,On-Time,1,284.89,567.16,0.05,42
ORD-17387,2023-07-20,Furniture,Chairs,North,On-Time,5,327.22,387.68,0.0,82
ORD-17388,2023-12-22,Electronics,Audio,South,On-Time,2,293.13,677.77,0.05,30
ORD-17389,2023-05-06,Apparel,Footwear,East,Delayed - Customs,3,337.85,365.13,0.05,78
ORD-17390,2023-08-16,Apparel,Pants,East,On-Time,2,78.97,147.21,0.0,36
ORD-17391,2023-06-18,Furniture,Desks,South,On-Time,4,343.0,388.27,0.43,119
ORD-17392,2023-05-02,Electronics,Computers,West,On-Time,3,123.14,282.28,0.05,47
ORD-17393,2023-01-14,Apparel,Shirts,West,On-Time,1,289.9,510.19,0.05,30
ORD-17394,2023-06-01,Electronics,Computers,South,Delayed - Customs,4,96.12,127.01,0.61,130
ORD-17395,2023-09-13,Electronics,Audio,West,On-Time,4,59.45,133.44,0.0,42
ORD-17396,2023-09-18,Apparel,Footwear,West,On-Time,5,379.2,801.47,0.0,29
ORD-17397,2023-05-30,Furniture,Chairs,North,On-Time,3,119.56,149.52,0.39,115
ORD-17398,2023-09-01,Apparel,Shirts,South,On-Time,3,219.04,453.64,0.0,46
ORD-17399,2023-12-04,Apparel,Shirts,North,On-Time,2,358.18,831.95,0.0,37
ORD-17400,2023-11-01,Furniture,Desks,North,On-Time,5,60.49,66.04,0.62,115
ORD-17401,2023-01-24,Electronics,Audio,North,On-Time,2,44.0,70.95,0.05,41
ORD-17402,2023-09-07,Furniture,Desks,West,Delayed - Customs,4,128.38,152.66,0.62,133
ORD-17403,2023-08-24,Furniture,Desks,West,On-Time,5,375.88,415.22,0.57,88
ORD-17404,2023-02-25,Apparel,Pants,West,On-Time,5,337.63,727.58,0.05,26
ORD-17405,2023-08-04,Furniture,Desks,South,On-Time,4,329.54,395.52,0.5,93
ORD-17406,2023-08-30,Apparel,Footwear,South,Delayed - Transit,5,67.44,83.68,0.57,121
ORD-17407,2023-12-17,Furniture,Tables,West,On-Time,4,218.07,256.91,0.42,116
ORD-17408,2023-12-25,Furniture,,North,On-Time,2,139.56,161.52,0.43,167
ORD-17409,2023-08-08,Electronics,Computers,West,On-Time,1,274.36,624.52,0.05,57
ORD-17410,2023-05-24,Apparel,Pants,West,On-Time,3,110.75,194.06,0.05,30
ORD-17411,2023-07-22,Furniture,Chairs,East,On-Time,5,19.08,20.18,0.0,83
ORD-17412,2023-08-18,Apparel,Pants,South,On-Time,1,284.5,480.41,0.0,18
ORD-17413,2023-10-09,Apparel,Shirts,North,On-Time,2,308.51,709.08,0.05,45
ORD-17414,2023-06-22,Furniture,Desks,North,On-Time,4,176.23,232.55,0.38,108
ORD-17415,2023-05-07,Apparel,Pants,South,Delayed - Transit,3,21.72,29.14,0.61,156
ORD-17416,2023-01-09,Apparel,Pants,West,On-Time,3,248.83,433.11,0.0,25
ORD-17417,2023-06-30,Electronics,Audio,West,On-Time,1,390.1,732.51,0.05,34
ORD-17418,2023-04-12,Electronics,Computers,West,On-Time,3,224.3,535.79,0.05,44
ORD-17419,2023-05-22,Apparel,Shirts,North,On-Time,2,23.9,51.32,0.05,48
ORD-17420,2023-12-07,Apparel,Shirts,South,On-Time,4,291.31,534.57,0.05,24
ORD-17421,2023-02-22,Apparel,Footwear,South,On-Time,4,272.0,570.64,0.0,30
ORD-17422,2023-09-19,Apparel,Shirts,East,On-Time,4,112.95,240.64,0.05,22
ORD-17423,2023-10-08,Furniture,Desks,South,Delayed - Transit,3,390.76,461.89,0.39,156
ORD-17424,2023-05-23,Electronics,Accessories,West,On-Time,1,374.73,803.03,0.0,20
ORD-17425,2023-05-08,Apparel,Footwear,North,On-Time,3,207.33,440.85,0.05,30
ORD-17426,2023-08-14,Furniture,Tables,West,On-Time,3,182.12,231.51,0.56,118
ORD-17427,2023-01-13,Furniture,Desks,West,On-Time,5,302.96,361.15,0.45,119
ORD-17428,2023-12-29,Electronics,Audio,South,On-Time,3,164.47,316.83,0.0,49
ORD-17429,2023-01-17,Electronics,Audio,South,On-Time,3,159.8,271.59,0.05,20
ORD-17430,2023-11-21,Furniture,Tables,South,Delayed - Transit,1,127.4,140.34,0.38,114
ORD-17431,2023-02-27,Apparel,Pants,North,Delayed - Transit,5,364.27,426.06,0.53,150
ORD-17432,2023-07-27,Electronics,Computers,West,On-Time,5,368.09,671.62,0.0,28
ORD-17433,2023-04-19,Electronics,Computers,West,On-Time,4,195.63,389.53,0.0,20
ORD-17434,2023-12-07,Furniture,Desks,South,On-Time,1,398.51,424.72,0.55,102
ORD-17435,2023-07-10,Furniture,Tables,West,On-Time,5,134.54,154.63,0.48,134
ORD-17436,2023-09-25,Furniture,Chairs,West,On-Time,3,349.11,442.8,0.56,104
ORD-17437,2023-06-29,Electronics,Computers,South,Delayed - Customs,5,43.65,46.8,0.53,129
ORD-17438,2023-01-20,Apparel,Shirts,East,On-Time,5,146.19,266.1,0.05,16
ORD-17439,2023-07-31,Electronics,Computers,North,Delayed - Customs,4,128.15,146.6,0.47,133
ORD-17440,2023-11-02,Electronics,Accessories,West,On-Time,5,332.07,626.84,0.05,18
ORD-17441,2023-12-22,Electronics,Audio,West,Delayed - Customs,4,109.25,121.06,0.45,122
ORD-17442,2023-08-06,Electronics,Computers,North,On-Time,5,62.98,104.5,0.05,23
ORD-17443,2023-08-25,Apparel,Footwear,North,On-Time,4,123.1,242.7,0.05,26
ORD-17444,2023-07-27,Apparel,Shirts,West,On-Time,4,239.81,516.78,0.0,11
ORD-17445,2023-03-05,Electronics,Audio,North,On-Time,5,191.69,434.37,0.05,9
ORD-17446,2023-02-11,Furniture,Chairs,East,Delayed - Customs,3,153.05,196.71,0.4,132
ORD-17447,2023-12-09,Apparel,Footwear,North,On-Time,5,301.48,575.42,0.0,21
ORD-17448,2023-01-03,Apparel,Shirts,North,On-Time,2,134.77,263.39,0.05,14
ORD-17449,2023-01-08,Apparel,Pants,West,On-Time,2,203.63,417.61,0.0,26
ORD-17450,2023-03-29,Furniture,Tables,North,On-Time,1,115.27,122.71,0.51,123
ORD-17451,2023-01-18,Furniture,Desks,North,On-Time,1,102.21,107.98,0.36,137
ORD-17452,2023-12-20,Electronics,Audio,North,On-Time,1,159.44,262.44,0.0,33
ORD-17453,2023-08-14,Electronics,Computers,South,On-Time,5,290.83,543.03,0.05,21
ORD-17454,2023-11-12,Furniture,Chairs,East,Delayed - Customs,3,244.86,304.38,0.55,108
ORD-17455,2023-03-03,Apparel,Footwear,South,On-Time,2,159.69,349.19,0.05,44
ORD-17456,2023-09-19,Furniture,Chairs,West,On-Time,4,60.25,77.47,0.58,163
ORD-17457,2023-12-27,Electronics,Computers,South,On-Time,1,234.05,476.39,0.0,22
ORD-17458,2023-03-11,Apparel,Footwear,North,Delayed - Transit,3,333.45,442.41,0.57,97
ORD-17459,2023-02-19,Furniture,Desks,South,On-Time,1,217.63,274.6,0.45,133
ORD-17460,2023-10-18,Furniture,Chairs,West,On-Time,4,355.47,436.47,0.63,107
ORD-17461,2023-02-01,Apparel,Shirts,North,On-Time,1,326.54,695.93,0.0,24
ORD-17462,2023-06-09,Furniture,Desks,South,Delayed - Transit,4,227.97,280.96,0.35,159
ORD-17463,2023-04-05,Apparel,Footwear,West,On-Time,1,246.58,514.88,0.0,36
ORD-17464,2023-09-09,Furniture,Desks,East,Delayed - Transit,4,149.39,168.22,0.36,99
ORD-17465,2023-11-20,Electronics,Audio,West,Delayed - Customs,2,81.4,86.85,0.36,150
ORD-17466,2023-08-21,Furniture,Chairs,South,On-Time,4,388.03,496.91,0.41,101
ORD-17467,2023-02-03,Electronics,Accessories,South,On-Time,1,94.73,211.88,0.0,38
ORD-17468,2023-12-01,Apparel,Pants,South,On-Time,5,124.84,291.16,0.0,46
ORD-17469,2023-03-05,Apparel,Pants,North,Delayed - Transit,4,38.73,49.14,0.39,98
ORD-17470,2023-06-27,Electronics,Audio,South,On-Time,4,87.38,182.97,0.0,43
ORD-17471,2023-03-16,Electronics,Accessories,South,Delayed - Customs,1,200.9,246.13,0.56,97
ORD-17472,2023-11-23,Electronics,Accessories,North,On-Time,1,289.59,520.89,0.05,38
ORD-17473,2023-03-21,Apparel,Footwear,North,On-Time,2,221.87,468.13,0.05,25
ORD-17474,2023-10-08,Furniture,Chairs,South,On-Time,1,359.03,443.41,0.63,115
ORD-17475,2023-11-20,Furniture,Tables,East,On-Time,2,296.37,382.29,0.43,122
ORD-17476,2023-11-28,Electronics,Computers,South,On-Time,4,70.04,118.7,0.05,35
ORD-17477,2023-09-22,Electronics,Computers,South,On-Time,2,130.66,234.25,0.0,30
ORD-17478,2023-07-26,Electronics,Audio,North,Delayed - Transit,4,134.06,172.29,0.63,150
ORD-17479,2023-02-22,Electronics,Accessories,South,Delayed - Customs,2,341.26,455.43,0.5,93
ORD-17480,2023-01-23,Apparel,Shirts,East,On-Time,3,277.97,481.74,0.05,28
ORD-17481,2023-08-22,Furniture,Desks,East,On-Time,5,264.42,333.51,0.36,135
ORD-17482,2023-07-11,Electronics,Audio,South,Delayed - Customs,1,101.72,129.83,0.52,112
ORD-17483,2023-08-08,Apparel,Pants,East,On-Time,5,201.0,446.72,0.05,23
ORD-17484,2023-12-28,Electronics,Audio,East,On-Time,3,145.98,270.58,0.05,26
ORD-17485,2023-11-19,Electronics,Computers,North,Delayed - Transit,4,80.99,85.6,0.57,122
ORD-17486,2023-12-02,Apparel,Pants,South,Delayed - Customs,4,362.11,416.91,0.36,162
ORD-17487,2023-11-13,Electronics,Audio,East,On-Time,5,226.53,442.76,0.0,38
ORD-17488,2023-01-04,Apparel,Shirts,South,On-Time,5,354.26,808.68,0.05,48
ORD-17489,2023-06-06,Furniture,Desks,West,Delayed - Customs,5,147.61,185.66,0.42,88
ORD-17490,2023-04-02,Apparel,Footwear,West,Delayed - Transit,4,77.07,83.74,0.57,87
ORD-17491,2023-03-14,Apparel,Pants,East,On-Time,2,378.42,900.74,0.0,43
ORD-17492,2023-08-09,Furniture,Desks,East,Delayed - Customs,1,201.04,246.24,0.46,121
ORD-17493,2023-03-02,Apparel,Footwear,West,Delayed - Transit,5,253.12,268.91,0.64,138
ORD-17494,2023-11-07,Electronics,Computers,West,On-Time,5,298.89,632.69,0.0,13
ORD-17495,2023-09-28,Electronics,Computers,West,On-Time,1,59.5,96.44,0.05,43
ORD-17496,2023-01-20,Electronics,Audio,South,On-Time,3,65.22,142.46,0.0,19
ORD-17497,2023-05-28,Apparel,Footwear,South,On-Time,2,304.94,506.89,0.0,44
ORD-17498,2023-06-07,Apparel,Shirts,East,On-Time,5,198.02,435.8,0.05,40
ORD-17499,2023-02-19,Furniture,Tables,South,On-Time,2,243.49,266.92,0.45,96
ORD-17500,2023-08-11,Apparel,Footwear,North,Delayed - Customs,3,136.87,151.34,0.62,116
ORD-17501,2023-02-15,Furniture,Tables,East,On-Time,5,359.88,456.0,0.55,116
ORD-17502,2023-06-26,Electronics,Audio,East,On-Time,3,337.51,650.05,0.05,37
ORD-17503,2023-11-23,Furniture,Chairs,West,On-Time,4,16.27,21.34,0.44,87
ORD-17504,2023-09-24,Furniture,Desks,West,On-Time,1,120.16,144.98,0.54,110
ORD-17505,2023-09-19,Electronics,Accessories,South,On-Time,4,72.75,154.27,0.0,34
ORD-17506,2023-08-10,Furniture,Chairs,South,On-Time,1,205.61,243.66,0.39,124
ORD-17507,2023-04-23,Electronics,Computers,North,On-Time,4,362.05,795.96,0.0,42
ORD-17508,2023-08-05,Furniture,Chairs,North,On-Time,1,174.58,214.49,0.05,61
ORD-17509,2023-11-21,Furniture,Chairs,East,Delayed - Customs,2,314.27,412.3,0.59,140
ORD-17510,2023-11-04,Furniture,Tables,West,On-Time,4,357.2,479.69,0.65,114
ORD-17511,2023-04-06,Electronics,Audio,East,On-Time,1,32.09,73.28,0.05,19
ORD-17512,2023-03-12,Apparel,Shirts,West,On-Time,2,32.41,72.36,0.0,23
ORD-17513,2023-01-28,Apparel,Shirts,South,On-Time,5,318.31,579.34,0.0,20
ORD-17514,2023-07-21,Apparel,Shirts,East,Delayed - Transit,3,136.38,147.63,0.48,102
ORD-17515,2023-08-18,Furniture,Desks,West,On-Time,1,360.84,398.64,0.55,113
ORD-17516,2023-11-03,Electronics,Computers,West,Delayed - Customs,1,297.56,344.4,0.48,134
ORD-17517,2023-06-13,Electronics,Computers,North,Delayed - Transit,4,372.94,394.83,0.59,166
ORD-17518,2023-02-02,Furniture,Chairs,South,On-Time,1,159.81,200.28,0.05,79
ORD-17519,2023-09-21,Electronics,Accessories,West,On-Time,1,133.79,255.03,0.0,62
ORD-17520,2023-10-02,Electronics,Computers,East,On-Time,4,64.31,150.94,0.05,38
ORD-17521,2023-05-02,Furniture,Desks,South,Delayed - Transit,2,223.99,272.63,0.0,80
ORD-17522,2023-12-14,Electronics,Computers,East,Delayed - Transit,2,161.04,177.53,0.05,63
ORD-17523,2023-07-30,Apparel,Footwear,East,Delayed - Transit,2,36.37,41.63,0.58,106
ORD-17524,2023-05-03,Furniture,Tables,South,On-Time,2,205.18,254.34,0.44,98
ORD-17525,2023-07-24,Furniture,Tables,South,Delayed - Transit,1,244.38,270.31,0.59,133
ORD-17526,2023-04-13,Electronics,Accessories,South,On-Time,3,43.03,100.44,0.05,32
ORD-17527,2023-10-30,Electronics,Audio,South,On-Time,4,161.27,369.09,0.05,23
ORD-17528,2023-07-29,Furniture,Tables,West,On-Time,1,397.92,461.33,0.56,96
ORD-17529,2023-10-26,Furniture,Desks,South,Delayed - Transit,4,221.25,237.27,0.55,110
ORD-17530,2023-03-12,Furniture,Tables,North,Delayed - Transit,2,260.88,310.79,0.52,100
ORD-17531,2023-02-23,Electronics,Computers,East,On-Time,3,192.91,359.9,0.05,64
ORD-17532,2023-05-27,Electronics,Audio,South,Delayed - Transit,2,292.8,362.42,0.05,80
ORD-17533,2023-01-17,Apparel,Shirts,South,On-Time,5,237.22,468.96,0.0,38
ORD-17534,2023-01-04,Electronics,Computers,West,On-Time,2,119.0,195.54,0.05,27
ORD-17535,2023-03-07,Apparel,Shirts,North,On-Time,5,220.78,463.21,0.05,45
ORD-17536,2023-08-03,Furniture,Tables,East,On-Time,5,69.09,87.75,0.05,81
ORD-17537,2023-05-06,Furniture,Tables,North,On-Time,1,348.94,387.51,0.54,115
ORD-17538,2023-02-03,Electronics,Audio,North,On-Time,3,342.92,735.43,0.0,39
ORD-17539,2023-07-07,Apparel,Pants,West,Delayed - Customs,1,114.98,127.29,0.0,74
ORD-17540,2023-08-04,Electronics,Audio,South,On-Time,1,103.08,223.18,0.0,31
ORD-17541,2023-03-19,Furniture,Tables,East,Delayed - Customs,2,359.15,387.79,0.42,131
ORD-17542,2023-04-02,Apparel,Footwear,East,Delayed - Customs,1,296.53,396.26,0.55,159
ORD-17543,2023-05-20,Furniture,Desks,East,Delayed - Transit,2,232.99,285.55,0.55,112
ORD-17544,2023-12-15,Apparel,Shirts,West,On-Time,3,376.06,714.51,0.05,23
ORD-17545,2023-03-27,Furniture,Desks,East,On-Time,2,380.91,462.49,0.4,116
ORD-17546,2023-10-01,Apparel,Footwear,East,On-Time,2,184.65,396.29,0.0,22
ORD-17547,2023-01-01,Electronics,Audio,South,On-Time,3,301.38,537.22,0.0,38
ORD-17548,2023-12-13,Furniture,Chairs,West,Delayed - Customs,3,392.01,521.92,0.47,120
ORD-17549,2023-07-07,Apparel,Pants,North,Delayed - Transit,3,325.04,392.36,0.0,84
ORD-17550,2023-05-23,Furniture,Tables,East,On-Time,5,81.21,87.99,0.55,115
ORD-17551,2023-03-13,Furniture,Tables,West,On-Time,2,343.6,442.34,0.62,115
ORD-17552,2023-01-29,Apparel,Footwear,South,On-Time,5,378.1,624.42,0.05,39
ORD-17553,2023-12-16,Electronics,Computers,South,On-Time,3,359.26,608.12,0.05,21
ORD-17554,2023-11-03,Electronics,Accessories,North,On-Time,2,195.52,434.3,0.0,14
ORD-17555,2023-06-16,Electronics,Audio,East,On-Time,4,120.59,214.15,0.0,50
ORD-17556,2023-11-25,Furniture,Tables,East,On-Time,5,207.18,251.49,0.49,167
ORD-17557,2023-04-04,Furniture,Desks,North,On-Time,3,212.78,274.62,0.36,116
ORD-17558,2023-03-31,Furniture,Tables,East,On-Time,1,377.99,509.68,0.35,108
ORD-17559,2023-02-03,Furniture,Chairs,South,On-Time,5,371.04,418.39,0.38,118
ORD-17560,2023-01-25,Electronics,Accessories,North,On-Time,1,277.09,469.42,0.05,25
ORD-17561,2023-09-25,Furniture,Desks,North,On-Time,3,303.7,378.14,0.48,138
ORD-17562,2023-01-03,Furniture,Desks,East,On-Time,5,112.15,125.31,0.05,63
ORD-17563,2023-06-30,Electronics,Accessories,North,On-Time,2,47.65,80.69,0.05,28
ORD-17564,2023-05-25,Electronics,Audio,North,Delayed - Transit,5,75.86,100.7,0.47,130
ORD-17565,2023-10-23,Electronics,Audio,North,On-Time,1,103.54,218.55,0.0,13
ORD-17566,2023-12-02,Apparel,Footwear,West,On-Time,5,240.6,541.91,0.0,57
ORD-17567,2023-08-06,Apparel,Footwear,West,On-Time,2,386.35,660.28,0.0,40
ORD-17568,2023-08-31,Furniture,Chairs,West,On-Time,4,316.32,383.28,0.62,157
ORD-17569,2023-09-27,Furniture,Chairs,South,On-Time,3,284.12,333.88,0.5,97
ORD-17570,2023-06-21,Furniture,Chairs,South,On-Time,1,309.79,343.22,0.36,95
ORD-17571,2023-03-30,Furniture,Chairs,North,On-Time,4,178.44,226.51,0.0,79
ORD-17572,2023-10-18,Electronics,Audio,South,On-Time,4,236.94,546.37,0.0,43
ORD-17573,2023-11-20,Electronics,Accessories,West,Delayed - Transit,3,248.48,312.39,0.47,115
ORD-17574,2023-12-11,Apparel,Shirts,East,On-Time,5,344.4,759.75,0.05,52
ORD-17575,2023-01-23,Apparel,Footwear,East,On-Time,1,73.03,167.31,0.0,32
ORD-17576,2023-10-18,Electronics,Computers,South,Delayed - Transit,1,179.73,200.13,0.4,126
ORD-17577,2023-02-18,Furniture,Tables,North,On-Time,2,397.79,511.26,0.56,113
ORD-17578,2023-02-17,Apparel,Footwear,West,On-Time,2,68.85,118.62,0.05,31
ORD-17579,2023-07-22,Electronics,Audio,West,On-Time,2,95.19,159.23,0.05,23
ORD-17580,2023-02-19,Apparel,Pants,South,On-Time,3,143.8,343.14,0.05,34
ORD-17581,2023-11-17,Apparel,,West,Delayed - Transit,4,40.61,52.46,0.42,124
ORD-17582,2023-06-10,Electronics,Computers,East,Delayed - Customs,1,394.29,509.83,0.0,79
ORD-17583,2023-10-08,Electronics,Audio,North,On-Time,3,348.14,571.25,0.05,37
ORD-17584,2023-05-12,Electronics,Accessories,East,On-Time,5,160.81,310.46,0.0,26
ORD-17585,2023-05-19,Apparel,Shirts,West,On-Time,1,185.12,426.46,0.0,22
ORD-17586,2023-03-05,Apparel,Pants,East,Delayed - Customs,1,330.9,374.8,0.59,94
ORD-17587,2023-08-20,Electronics,Accessories,North,On-Time,2,182.16,364.3,0.0,20
ORD-17588,2023-06-21,Furniture,Desks,North,On-Time,3,247.7,300.7,0.62,146
ORD-17589,2023-02-25,Electronics,Accessories,East,On-Time,2,390.93,690.81,0.05,47
ORD-17590,2023-10-19,Furniture,Desks,South,Delayed - Transit,2,96.47,106.62,0.47,127
ORD-17591,2023-12-20,Apparel,Shirts,South,Delayed - Customs,3,269.53,341.39,0.59,114
ORD-17592,2023-01-19,Apparel,Footwear,East,On-Time,2,25.88,55.31,0.0,22
ORD-17593,2023-02-27,Furniture,Chairs,North,On-Time,3,151.24,178.76,0.62,105
ORD-17594,2023-08-29,Electronics,Computers,South,On-Time,3,306.08,701.99,0.0,11
ORD-17595,2023-09-24,Electronics,Audio,East,Delayed - Transit,1,249.01,312.59,0.53,165
ORD-17596,2023-03-04,Apparel,Pants,North,On-Time,4,79.5,169.74,0.05,20
ORD-17597,2023-10-21,Furniture,Tables,South,Delayed - Transit,4,148.13,163.26,0.46,141
ORD-17598,2023-11-28,Electronics,Computers,South,On-Time,1,316.37,728.41,0.05,32
ORD-17599,2023-01-24,Furniture,Desks,East,On-Time,1,167.27,185.91,0.36,126
ORD-17600,2023-02-05,Apparel,Shirts,South,Delayed - Customs,5,22.92,27.82,0.37,126
ORD-17601,2023-10-17,Furniture,Chairs,East,On-Time,5,88.38,93.06,0.61,94
ORD-17602,2023-12-23,Apparel,Pants,South,On-Time,2,20.44,35.18,0.0,39
ORD-17603,2023-05-13,Apparel,Shirts,South,On-Time,3,126.76,302.32,0.05,22
ORD-17604,2023-05-18,Electronics,Accessories,South,Delayed - Transit,5,69.76,79.24,0.0,84
ORD-17605,2023-03-15,Furniture,Desks,North,On-Time,5,261.46,313.57,0.53,108
ORD-17606,2023-12-25,Electronics,Accessories,East,On-Time,5,257.19,427.82,0.0,27
ORD-17607,2023-01-21,Furniture,Desks,East,On-Time,3,277.81,365.35,0.39,108
ORD-17608,2023-08-14,Apparel,Footwear,West,Delayed - Customs,1,187.79,249.35,0.6,101
ORD-17609,2023-02-28,Electronics,Audio,West,Delayed - Customs,2,118.6,127.65,0.55,156
ORD-17610,2023-08-26,Apparel,Footwear,North,Delayed - Transit,3,289.57,363.46,0.52,127
ORD-17611,2023-10-19,Apparel,Pants,South,On-Time,5,65.15,129.52,0.05,21
ORD-17612,2023-06-16,Electronics,Accessories,West,On-Time,4,268.28,537.46,0.05,34
ORD-17613,2023-08-28,Electronics,Computers,South,Delayed - Customs,4,158.56,176.46,0.42,155
ORD-17614,2023-03-08,Apparel,Shirts,North,On-Time,3,296.79,642.72,0.0,37
ORD-17615,2023-01-12,Electronics,Audio,West,On-Time,3,393.3,825.05,0.05,51
ORD-17616,2023-07-05,Electronics,Computers,North,On-Time,2,174.09,296.88,0.05,35
ORD-17617,2023-04-15,Electronics,Audio,South,On-Time,3,284.55,508.93,0.05,30
ORD-17618,2023-07-08,Furniture,Desks,East,On-Time,4,393.66,475.71,0.44,128
ORD-17619,2023-01-08,Apparel,Pants,East,Delayed - Transit,1,19.74,25.18,0.36,101
ORD-17620,2023-02-09,Furniture,Chairs,East,Delayed - Transit,1,374.03,498.89,0.38,130
ORD-17621,2023-12-02,Furniture,Desks,East,On-Time,1,125.39,168.29,0.42,129
ORD-17622,2023-03-07,Apparel,Pants,South,On-Time,5,389.18,773.35,0.05,33
ORD-17623,2023-03-26,Electronics,Computers,South,On-Time,5,328.23,591.93,0.05,39
ORD-17624,2023-05-08,Furniture,Tables,East,On-Time,3,17.31,22.49,0.52,167
ORD-17625,2023-05-27,Electronics,Computers,South,Delayed - Customs,2,153.34,164.16,0.53,121
ORD-17626,2023-08-12,Electronics,Accessories,North,On-Time,3,160.39,287.41,0.05,32
ORD-17627,2023-11-15,Apparel,Shirts,North,On-Time,3,210.13,403.54,0.0,9
ORD-17628,2023-06-24,Apparel,Shirts,South,Delayed - Transit,5,195.38,252.6,0.54,120
ORD-17629,2023-05-09,Furniture,Tables,North,Delayed - Customs,5,127.37,163.21,0.57,163
ORD-17630,2023-06-17,Apparel,Pants,East,On-Time,2,380.09,904.78,0.05,30
ORD-17631,2023-08-26,Apparel,Pants,North,On-Time,5,350.58,600.92,0.05,38
ORD-17632,2023-12-06,Furniture,Chairs,West,On-Time,3,377.6,509.34,0.45,137
ORD-17633,2023-11-11,Furniture,Desks,West,On-Time,4,300.74,394.46,0.6,129
ORD-17634,2023-09-23,Electronics,Accessories,North,Delayed - Customs,3,158.79,173.88,0.59,109
ORD-17635,2023-01-20,Electronics,Accessories,East,On-Time,4,262.63,452.27,0.0,34
ORD-17636,2023-11-02,Electronics,Computers,East,On-Time,1,217.22,419.08,0.05,39
ORD-17637,2023-09-09,Electronics,Audio,South,On-Time,3,119.82,247.63,0.05,28
ORD-17638,2023-07-09,Furniture,Desks,West,On-Time,1,113.17,132.4,0.58,109
ORD-17639,2023-03-18,Electronics,Accessories,South,Delayed - Customs,5,68.75,74.64,0.56,123
ORD-17640,2023-03-21,Electronics,Audio,East,On-Time,4,27.68,51.32,0.05,27
ORD-17641,2023-07-31,Electronics,Audio,East,On-Time,3,158.52,273.85,0.0,5
ORD-17642,2023-05-17,Apparel,Shirts,South,On-Time,1,126.5,247.34,0.0,23
ORD-17643,2023-01-11,Apparel,Footwear,South,Delayed - Transit,2,180.7,208.77,0.39,94
ORD-17644,2023-03-13,Apparel,Footwear,South,On-Time,2,250.58,571.94,0.0,9
ORD-17645,2023-02-06,Electronics,Audio,North,Delayed - Transit,3,268.16,357.31,0.35,133
ORD-17646,2023-01-17,Furniture,,East,Delayed - Customs,5,109.67,138.61,0.58,127
ORD-17647,2023-01-16,Apparel,Shirts,North,On-Time,1,334.21,605.64,0.05,46
ORD-17648,2023-05-21,Furniture,Tables,South,On-Time,3,168.79,206.02,0.37,134
ORD-17649,2023-06-29,Apparel,Footwear,East,On-Time,5,293.77,482.95,0.05,27
ORD-17650,2023-08-29,Apparel,Shirts,West,On-Time,2,168.58,271.76,0.05,48
ORD-17651,2023-02-16,Electronics,Audio,South,On-Time,3,156.54,345.93,0.05,12
ORD-17652,2023-10-11,Electronics,Computers,West,On-Time,4,201.85,467.26,0.05,31
ORD-17653,2023-01-07,Furniture,Chairs,West,Delayed - Customs,4,319.11,348.1,0.56,95
ORD-17654,2023-04-21,Apparel,Shirts,West,On-Time,3,291.08,620.81,0.0,7
ORD-17655,2023-12-30,Electronics,Computers,South,On-Time,5,45.1,77.81,0.0,36
ORD-17656,2023-05-27,Electronics,Computers,South,On-Time,5,238.07,503.29,0.0,14
ORD-17657,2023-07-05,Apparel,Pants,North,On-Time,3,146.83,342.9,0.05,17
ORD-17658,2023-11-04,Electronics,Computers,South,On-Time,3,79.0,166.09,0.05,36
ORD-17659,2023-09-06,Furniture,Tables,North,On-Time,3,109.22,118.3,0.37,99
ORD-17660,2023-09-08,Furniture,Desks,West,Delayed - Customs,3,172.89,231.04,0.46,160
ORD-17661,2023-06-02,Furniture,Desks,North,On-Time,2,58.21,70.07,0.55,91
ORD-17662,2023-10-13,Apparel,Pants,West,On-Time,1,340.23,609.57,0.05,25
ORD-17663,2023-01-08,Apparel,Footwear,South,Delayed - Transit,3,258.98,311.6,0.45,102
ORD-17664,2023-12-05,Apparel,Footwear,East,On-Time,1,309.78,616.62,0.05,11
ORD-17665,2023-04-04,Apparel,Shirts,North,Delayed - Transit,5,164.74,196.24,0.61,92
ORD-17666,2023-10-23,Electronics,Accessories,South,Delayed - Customs,3,49.12,65.53,0.05,84
ORD-17667,2023-06-15,Electronics,Audio,East,On-Time,2,385.5,858.62,0.05,35
ORD-17668,2023-05-17,Apparel,Pants,East,On-Time,1,57.84,95.03,0.05,33
ORD-17669,2023-05-20,Furniture,Desks,South,On-Time,4,274.38,327.04,0.59,145
ORD-17670,2023-11-17,Furniture,Tables,West,On-Time,4,287.79,381.61,0.4,142
ORD-17671,2023-06-24,Apparel,Footwear,East,On-Time,1,76.63,174.46,0.0,13
ORD-17672,2023-10-16,Apparel,Footwear,North,On-Time,5,70.47,120.63,0.05,15
ORD-17673,2023-06-15,Furniture,Tables,East,On-Time,2,121.1,149.95,0.52,141
ORD-17674,2023-04-02,Furniture,Chairs,North,On-Time,5,390.86,453.41,0.48,101
ORD-17675,2023-04-28,Apparel,Shirts,West,Delayed - Transit,4,275.87,293.74,0.39,173
ORD-17676,2023-11-12,Furniture,Tables,East,On-Time,3,354.29,399.95,0.36,141
ORD-17677,2023-04-15,Apparel,Pants,North,On-Time,5,303.01,596.55,0.0,4
ORD-17678,2023-06-02,Furniture,Desks,West,Delayed - Transit,5,263.47,344.22,0.38,121
ORD-17679,2023-02-02,Electronics,Computers,East,Delayed - Customs,3,240.85,292.55,0.39,86
ORD-17680,2023-07-12,Apparel,Pants,East,On-Time,3,180.51,380.02,0.05,19
ORD-17681,2023-06-04,Apparel,Pants,East,On-Time,4,57.65,132.97,0.05,19
ORD-17682,2023-07-24,Apparel,Footwear,West,On-Time,3,30.3,67.5,0.0,40
ORD-17683,2023-10-06,Furniture,Chairs,South,Delayed - Transit,2,369.1,403.18,0.43,134
ORD-17684,2023-11-05,Furniture,Chairs,West,On-Time,5,341.56,400.76,0.45,147
ORD-17685,2023-08-19,Furniture,Desks,West,Delayed - Customs,4,377.57,426.03,0.64,120
ORD-17686,2023-10-07,Apparel,Footwear,East,On-Time,5,378.33,700.55,0.05,34
ORD-17687,2023-02-23,Furniture,Chairs,East,On-Time,3,341.49,458.67,0.05,85
ORD-17688,2023-10-24,Apparel,Shirts,East,On-Time,3,350.79,678.39,0.05,32
ORD-17689,2023-05-22,Furniture,Desks,North,On-Time,4,163.72,202.98,0.59,123
ORD-17690,2023-03-21,Apparel,Footwear,North,On-Time,4,336.15,567.84,0.05,42
ORD-17691,2023-09-22,Electronics,Accessories,East,Delayed - Transit,1,227.82,263.6,0.38,165
ORD-17692,2023-06-27,Electronics,Audio,South,On-Time,5,337.11,680.27,0.05,15
ORD-17693,2023-03-11,Apparel,Footwear,East,On-Time,2,222.86,409.3,0.05,26
ORD-17694,2023-01-03,Electronics,Computers,North,On-Time,4,22.28,36.52,0.05,22
ORD-17695,2023-11-08,Electronics,Computers,West,On-Time,2,357.91,806.0,0.0,30
ORD-17696,2023-01-24,Electronics,Accessories,North,On-Time,4,359.07,692.04,0.0,36
ORD-17697,2023-01-11,Apparel,Pants,West,Delayed - Customs,3,295.42,338.45,0.41,130
ORD-17698,2023-08-14,Apparel,Footwear,East,Delayed - Transit,2,306.11,379.33,0.39,93
ORD-17699,2023-11-20,Furniture,Desks,North,On-Time,5,80.75,90.49,0.47,100
ORD-17700,2023-03-22,Apparel,Footwear,West,On-Time,5,182.96,380.14,0.05,25
ORD-17701,2023-12-26,Electronics,Accessories,North,Delayed - Transit,5,39.38,48.68,0.42,120
ORD-17702,2023-08-26,Furniture,Chairs,West,On-Time,4,384.32,425.48,0.39,135
ORD-17703,2023-10-16,Apparel,Shirts,North,On-Time,2,33.57,57.93,0.05,45
ORD-17704,2023-11-17,Furniture,Tables,West,On-Time,2,235.94,307.85,0.56,125
ORD-17705,2023-04-21,Furniture,Tables,East,On-Time,4,308.5,369.89,0.39,101
ORD-17706,2023-11-13,Furniture,Tables,South,Delayed - Customs,3,202.02,225.52,0.47,139
ORD-17707,2023-10-07,Electronics,Audio,South,On-Time,3,307.02,498.29,0.0,30
ORD-17708,2023-08-17,Electronics,Audio,South,Delayed - Transit,1,343.2,445.05,0.62,132
ORD-17709,2023-07-23,Electronics,Accessories,East,On-Time,1,108.22,249.42,0.05,23
ORD-17710,2023-06-16,Apparel,Pants,North,Delayed - Transit,3,290.77,308.98,0.05,60
ORD-17711,2023-11-07,Electronics,Audio,East,Delayed - Transit,4,106.38,130.35,0.55,141
ORD-17712,2023-06-05,Electronics,Audio,East,Delayed - Customs,2,24.59,28.55,0.53,148
ORD-17713,2023-09-25,Apparel,Pants,West,On-Time,5,24.9,40.52,0.0,56
ORD-17714,2023-09-12,Furniture,Chairs,West,Delayed - Customs,2,169.08,213.25,0.05,36
ORD-17715,2023-08-02,Furniture,Desks,South,On-Time,1,144.76,158.01,0.05,66
ORD-17716,2023-07-20,Apparel,Pants,West,On-Time,1,264.5,478.47,0.05,34
ORD-17717,2023-02-18,Electronics,Computers,East,On-Time,1,75.93,165.99,0.0,6
ORD-17718,2023-03-17,Furniture,Desks,South,On-Time,5,83.02,103.3,0.05,64
ORD-17719,2023-10-06,Apparel,Pants,East,Delayed - Transit,4,385.79,488.43,0.62,118
ORD-17720,2023-04-18,Electronics,Computers,East,Delayed - Customs,4,102.02,108.7,0.57,139
ORD-17721,2023-03-25,Furniture,Chairs,North,On-Time,4,319.43,365.06,0.41,125
ORD-17722,2023-08-22,Apparel,Pants,East,Delayed - Transit,5,29.42,36.53,0.55,92
ORD-17723,2023-03-22,Apparel,Footwear,North,On-Time,2,48.07,77.84,0.0,40
ORD-17724,2023-12-01,Apparel,Footwear,South,On-Time,1,383.3,918.89,0.05,31
ORD-17725,2023-12-27,Apparel,Pants,South,On-Time,2,146.48,254.23,0.05,35
ORD-17726,2023-10-05,Furniture,Chairs,North,On-Time,2,195.16,210.68,0.05,69
ORD-17727,2023-01-23,Apparel,Shirts,East,On-Time,3,220.56,524.36,0.05,18
ORD-17728,2023-11-29,Electronics,Computers,East,On-Time,4,200.52,388.46,0.0,33
ORD-17729,2023-11-07,Furniture,Desks,West,On-Time,4,390.5,526.6,0.41,117
ORD-17730,2023-10-12,Electronics,Accessories,North,Delayed - Customs,4,275.91,332.69,0.4,102
ORD-17731,2023-10-17,Apparel,Shirts,South,On-Time,3,200.96,327.64,0.0,36
ORD-17732,2023-01-26,Furniture,Chairs,East,On-Time,1,48.55,64.33,0.54,110
ORD-17733,2023-12-04,Electronics,Computers,North,On-Time,5,320.1,550.51,0.0,27
ORD-17734,2023-11-15,Electronics,Accessories,West,On-Time,2,146.31,254.96,0.0,29
ORD-17735,2023-12-17,Electronics,Audio,West,On-Time,2,158.1,367.03,0.0,31
ORD-17736,2023-03-26,Electronics,Computers,East,On-Time,4,95.39,216.3,0.05,16
ORD-17737,2023-08-08,Apparel,Pants,West,On-Time,2,345.01,603.58,0.0,18
ORD-17738,2023-08-20,Apparel,Pants,West,On-Time,5,101.36,208.07,0.0,22
ORD-17739,2023-04-25,Electronics,Accessories,South,Delayed - Transit,1,98.15,127.47,0.38,101
ORD-17740,2023-08-23,Furniture,Tables,South,Delayed - Transit,2,73.79,86.42,0.64,97
ORD-17741,2023-03-06,Apparel,Footwear,East,Delayed - Transit,3,165.79,186.72,0.57,105
ORD-17742,2023-07-30,Apparel,Shirts,South,On-Time,4,115.5,270.56,0.0,22
ORD-17743,2023-08-26,Apparel,,South,On-Time,2,53.24,92.37,0.05,36
ORD-17744,2023-02-13,Furniture,Tables,North,On-Time,1,368.97,456.42,0.35,101
ORD-17745,2023-07-16,Electronics,Accessories,West,Delayed - Transit,1,232.15,274.9,0.4,135
ORD-17746,2023-05-06,Apparel,Pants,East,On-Time,4,391.05,937.87,0.0,25
ORD-17747,2023-05-09,Electronics,Accessories,South,On-Time,1,115.47,272.64,0.05,14
ORD-17748,2023-09-10,Apparel,Footwear,East,Delayed - Transit,5,261.3,338.7,0.05,85
ORD-17749,2023-07-24,Electronics,Computers,South,On-Time,5,395.31,917.58,0.05,24
ORD-17750,2023-02-18,Apparel,Footwear,North,On-Time,3,122.62,249.01,0.05,43
ORD-17751,2023-05-11,Electronics,Accessories,East,On-Time,3,149.56,262.66,0.0,20
ORD-17752,2023-03-23,Furniture,Desks,East,On-Time,2,77.25,90.44,0.64,149
ORD-17753,2023-08-28,Furniture,Chairs,North,Delayed - Transit,2,142.89,181.5,0.62,148
ORD-17754,2023-10-29,Apparel,Footwear,West,On-Time,4,352.27,693.01,0.0,40
ORD-17755,2023-03-20,Apparel,Shirts,South,On-Time,3,86.96,141.6,0.0,46
ORD-17756,2023-01-22,Furniture,Chairs,South,On-Time,4,322.99,383.86,0.5,131
ORD-17757,2023-05-25,Furniture,Desks,North,On-Time,1,328.52,354.99,0.65,106
ORD-17758,2023-06-09,Electronics,Accessories,West,Delayed - Customs,2,206.78,272.33,0.63,125
ORD-17759,2023-01-11,Electronics,Accessories,East,On-Time,5,319.11,561.68,0.05,30
ORD-17760,2023-07-15,Apparel,Pants,South,On-Time,3,152.32,310.59,0.05,38
ORD-17761,2023-02-25,Apparel,Shirts,East,On-Time,4,87.75,175.74,0.05,19
ORD-17762,2023-09-30,Furniture,Desks,North,On-Time,1,355.38,464.04,0.36,171
ORD-17763,2023-11-17,Apparel,Pants,East,On-Time,5,196.99,393.45,0.05,27
ORD-17764,2023-01-26,Electronics,Computers,East,Delayed - Customs,4,225.52,301.57,0.53,154
ORD-17765,2023-01-18,Furniture,Tables,South,On-Time,4,244.94,270.31,0.4,92
ORD-17766,2023-10-10,Electronics,Accessories,South,On-Time,3,76.81,181.93,0.05,27
ORD-17767,2023-06-17,Apparel,Shirts,South,On-Time,2,290.64,589.17,0.0,21
ORD-17768,2023-10-27,Apparel,Footwear,West,On-Time,4,351.1,815.54,0.0,21
ORD-17769,2023-06-06,Furniture,Tables,West,On-Time,4,364.01,395.26,0.37,143
ORD-17770,2023-01-02,Apparel,Pants,East,On-Time,3,17.17,27.7,0.05,9
ORD-17771,2023-11-13,Furniture,Tables,South,On-Time,1,356.62,428.17,0.48,110
ORD-17772,2023-12-17,Furniture,Tables,North,On-Time,3,27.35,29.28,0.53,147
ORD-17773,2023-07-31,Furniture,Tables,East,On-Time,3,78.21,102.52,0.51,116
ORD-17774,2023-01-31,Electronics,Accessories,North,On-Time,5,261.58,431.48,0.0,42
ORD-17775,2023-09-20,Furniture,Desks,West,On-Time,5,240.59,319.98,0.58,158
ORD-17776,2023-09-05,Apparel,Footwear,East,Delayed - Transit,5,122.05,148.81,0.47,140
ORD-17777,2023-03-16,Electronics,Audio,West,On-Time,2,57.49,117.97,0.0,17
ORD-17778,2023-01-08,Apparel,Footwear,North,On-Time,4,117.45,199.57,0.05,35
ORD-17779,2023-10-31,Furniture,Chairs,South,Delayed - Customs,5,357.33,430.32,0.49,101
ORD-17780,2023-09-21,Furniture,Chairs,North,On-Time,4,100.56,121.23,0.39,126
ORD-17781,2023-02-21,Electronics,Accessories,East,On-Time,1,151.51,255.67,0.05,54
ORD-17782,2023-07-01,Electronics,Audio,North,Delayed - Customs,5,135.67,181.02,0.35,109
ORD-17783,2023-12-21,Apparel,Pants,East,On-Time,4,323.49,544.62,0.0,32
ORD-17784,2023-08-08,Furniture,Desks,East,On-Time,5,241.89,309.75,0.55,164
ORD-17785,2023-12-06,Electronics,Computers,West,On-Time,2,379.28,671.63,0.05,42
ORD-17786,2023-03-13,Furniture,Desks,South,On-Time,4,380.19,417.13,0.0,75
ORD-17787,2023-10-07,Furniture,Chairs,West,On-Time,3,151.04,185.86,0.63,123
ORD-17788,2023-04-19,Furniture,Tables,East,On-Time,1,321.96,389.94,0.61,101
ORD-17789,2023-12-24,Furniture,Chairs,West,On-Time,3,388.34,438.71,0.63,91
ORD-17790,2023-11-02,Electronics,Computers,South,On-Time,2,83.76,140.79,0.0,38
ORD-17791,2023-03-18,Furniture,Desks,North,On-Time,4,185.27,207.96,0.43,95
ORD-17792,2023-08-27,Furniture,Desks,East,On-Time,4,44.2,48.16,0.4,124
ORD-17793,2023-02-10,Furniture,Tables,East,On-Time,5,324.99,382.12,0.43,133
ORD-17794,2023-04-25,Furniture,Chairs,East,On-Time,1,175.04,215.56,0.64,96
ORD-17795,2023-09-30,Electronics,Accessories,East,On-Time,3,157.51,324.39,0.05,17
ORD-17796,2023-01-30,Furniture,Desks,South,On-Time,1,243.3,295.21,0.53,146
ORD-17797,2023-06-25,Electronics,Audio,East,On-Time,3,294.11,673.12,0.0,43
ORD-17798,2023-07-05,Electronics,Computers,West,On-Time,1,195.93,398.93,0.05,18
ORD-17799,2023-02-28,Furniture,Chairs,East,Delayed - Customs,1,36.1,46.34,0.63,104
ORD-17800,2023-04-27,Apparel,Shirts,East,On-Time,2,23.19,51.47,0.05,32
ORD-17801,2023-07-14,Electronics,,West,Delayed - Transit,5,148.79,188.69,0.65,106
ORD-17802,2023-01-19,Electronics,Accessories,South,On-Time,3,109.96,216.35,0.05,15
ORD-17803,2023-10-23,Apparel,Shirts,North,Delayed - Customs,4,374.82,449.28,0.47,87
ORD-17804,2023-05-29,Apparel,Shirts,South,On-Time,2,272.6,573.9,0.0,34
ORD-17805,2023-02-28,Furniture,Tables,West,On-Time,1,170.54,201.69,0.6,109
ORD-17806,2023-03-23,Apparel,Pants,West,On-Time,4,137.36,285.65,0.0,18
ORD-17807,2023-12-22,Apparel,Shirts,East,On-Time,2,18.42,43.09,0.05,28
ORD-17808,2023-05-30,Electronics,Accessories,North,Delayed - Transit,1,320.06,417.89,0.38,146
ORD-17809,2023-07-21,Apparel,Shirts,West,On-Time,2,122.99,209.3,0.05,59
ORD-17810,2023-01-29,Furniture,Desks,West,On-Time,5,69.8,76.14,0.42,128
ORD-17811,2023-03-11,Furniture,Desks,West,Delayed - Transit,2,156.71,193.57,0.43,130
ORD-17812,2023-06-30,Apparel,Shirts,South,On-Time,4,63.26,151.52,0.0,39
ORD-17813,2023-11-24,Electronics,Computers,South,On-Time,4,132.83,271.87,0.05,19
ORD-17814,2023-02-10,Electronics,Accessories,West,On-Time,1,164.02,315.42,0.05,23
ORD-17815,2023-05-28,Furniture,Desks,East,On-Time,3,352.35,415.17,0.35,146
ORD-17816,2023-06-29,Apparel,Shirts,North,On-Time,2,293.85,525.48,0.0,17
ORD-17817,2023-02-27,Furniture,Tables,South,On-Time,1,83.77,102.61,0.48,126
ORD-17818,2023-11-16,Electronics,Computers,West,On-Time,5,252.47,458.37,0.0,3
ORD-17819,2023-09-02,Electronics,Accessories,West,On-Time,4,82.14,166.03,0.0,23
ORD-17820,2023-08-02,Electronics,Audio,West,On-Time,4,161.69,380.14,0.05,14
ORD-17821,2023-03-04,Furniture,Desks,North,On-Time,1,58.46,71.87,0.49,145
ORD-17822,2023-08-08,Electronics,Accessories,West,On-Time,4,84.16,187.58,0.0,35
ORD-17823,2023-03-22,Furniture,Chairs,North,On-Time,1,137.33,165.66,0.05,78
ORD-17824,2023-01-15,Electronics,Audio,East,On-Time,1,163.13,282.8,0.05,34
ORD-17825,2023-02-01,Furniture,Tables,West,On-Time,1,110.18,143.85,0.36,121
ORD-17826,2023-07-19,Apparel,Pants,East,On-Time,1,114.81,241.28,0.0,56
ORD-17827,2023-02-16,Electronics,Audio,North,On-Time,1,235.39,560.3,0.05,30
ORD-17828,2023-11-17,Furniture,Tables,South,Delayed - Customs,4,347.12,422.24,0.54,100
ORD-17829,2023-08-22,Furniture,Tables,South,On-Time,1,81.99,90.37,0.59,123
ORD-17830,2023-08-09,Electronics,Accessories,East,On-Time,3,247.53,517.07,0.0,28
ORD-17831,2023-10-06,Furniture,Chairs,South,On-Time,1,84.59,110.2,0.43,127
ORD-17832,2023-12-31,Apparel,Footwear,West,On-Time,1,104.86,230.66,0.0,15
ORD-17833,2023-10-21,Apparel,Footwear,North,On-Time,1,61.75,121.82,0.0,16
ORD-17834,2023-11-19,Furniture,Desks,West,On-Time,5,45.84,57.33,0.42,146
ORD-17835,2023-01-15,Furniture,Desks,West,On-Time,5,173.43,218.99,0.54,158
ORD-17836,2023-09-16,Apparel,Shirts,East,On-Time,5,36.0,77.14,0.05,17
ORD-17837,2023-06-17,Apparel,Pants,East,On-Time,3,215.48,473.45,0.0,46
ORD-17838,2023-03-19,Electronics,Accessories,South,On-Time,4,354.42,723.6,0.05,39
ORD-17839,2023-02-28,Apparel,Footwear,South,On-Time,2,72.85,125.86,0.0,27
ORD-17840,2023-02-23,Furniture,Chairs,West,On-Time,5,211.45,231.1,0.51,114
ORD-17841,2023-06-03,Apparel,Pants,East,On-Time,2,124.82,283.06,0.05,33
ORD-17842,2023-03-25,Apparel,Shirts,West,On-Time,2,365.57,597.35,0.0,37
ORD-17843,2023-11-22,Electronics,Audio,West,On-Time,1,46.83,108.18,0.0,34
ORD-17844,2023-05-30,Furniture,Tables,South,On-Time,1,283.78,301.46,0.39,127
ORD-17845,2023-11-28,Apparel,Pants,East,On-Time,4,223.72,381.5,0.0,36
ORD-17846,2023-10-31,Electronics,Audio,East,Delayed - Customs,5,299.85,328.84,0.47,106
ORD-17847,2023-09-14,Furniture,Chairs,South,On-Time,5,49.59,57.95,0.05,84
ORD-17848,2023-05-28,Electronics,Accessories,West,On-Time,2,97.76,218.15,0.0,43
ORD-17849,2023-08-20,Electronics,Accessories,South,On-Time,3,59.04,116.14,0.05,25
ORD-17850,2023-03-15,Electronics,Computers,North,On-Time,2,252.74,554.9,0.05,44
ORD-17851,2023-08-21,Electronics,Audio,North,Delayed - Customs,2,279.17,321.81,0.42,125
ORD-17852,2023-01-02,Furniture,Tables,East,On-Time,5,39.88,48.65,0.58,106
ORD-17853,2023-01-24,Electronics,Audio,South,On-Time,5,290.9,665.67,0.0,31
ORD-17854,2023-10-28,Apparel,Shirts,West,On-Time,4,170.49,391.26,0.0,43
ORD-17855,2023-09-01,Furniture,Chairs,West,Delayed - Transit,2,382.45,426.72,0.38,126
ORD-17856,2023-03-22,Furniture,Chairs,West,On-Time,2,304.18,349.76,0.39,135
ORD-17857,2023-09-15,Apparel,,North,On-Time,3,209.06,481.19,0.0,68
ORD-17858,2023-11-18,Apparel,Footwear,North,On-Time,3,345.64,767.79,0.05,48
ORD-17859,2023-12-04,Furniture,Tables,South,On-Time,2,390.98,465.26,0.57,110
ORD-17860,2023-08-29,Electronics,Computers,North,On-Time,4,294.72,580.84,0.0,20
ORD-17861,2023-04-12,Furniture,Chairs,West,On-Time,2,91.66,119.6,0.37,135
ORD-17862,2023-07-25,Furniture,Chairs,East,On-Time,3,102.3,130.7,0.46,127
ORD-17863,2023-11-27,Furniture,Desks,South,On-Time,4,243.63,281.53,0.0,64
ORD-17864,2023-12-15,Electronics,Accessories,South,Delayed - Transit,3,32.25,38.34,0.42,138
ORD-17865,2023-12-29,Electronics,Accessories,East,On-Time,3,286.0,655.39,0.0,28
ORD-17866,2023-10-08,Furniture,Desks,South,On-Time,1,387.61,458.14,0.54,135
ORD-17867,2023-09-01,Apparel,Pants,West,On-Time,3,160.06,360.48,0.05,21
ORD-17868,2023-09-05,Furniture,Desks,South,On-Time,1,233.52,308.18,0.57,87
ORD-17869,2023-11-02,Furniture,Tables,West,On-Time,4,390.28,447.5,0.05,73
ORD-17870,2023-05-15,Electronics,Computers,North,On-Time,5,51.49,114.7,0.05,42
ORD-17871,2023-05-18,Electronics,Accessories,East,Delayed - Transit,1,262.96,287.91,0.41,117
ORD-17872,2023-07-05,Apparel,Shirts,East,On-Time,3,294.95,622.98,0.05,16
ORD-17873,2023-02-26,Furniture,Tables,East,On-Time,4,89.51,96.71,0.63,127
ORD-17874,2023-06-25,Furniture,Chairs,North,Delayed - Customs,1,64.49,68.64,0.0,46
ORD-17875,2023-01-27,Electronics,Audio,South,On-Time,5,159.9,331.5,0.05,38
ORD-17876,2023-05-31,Furniture,Chairs,West,On-Time,3,389.12,493.68,0.05,84
ORD-17877,2023-09-17,Electronics,Computers,South,On-Time,3,387.23,790.65,0.0,26
ORD-17878,2023-05-03,Electronics,Computers,West,On-Time,5,214.78,456.83,0.05,19
ORD-17879,2023-07-21,Apparel,Shirts,North,On-Time,2,300.21,718.44,0.05,17
ORD-17880,2023-12-25,Apparel,Shirts,West,On-Time,2,270.91,621.95,0.05,23
ORD-17881,2023-11-15,Furniture,Chairs,South,On-Time,3,164.95,208.35,0.59,131
ORD-17882,2023-11-29,Electronics,Audio,East,Delayed - Customs,5,215.59,275.1,0.61,92
ORD-17883,2023-11-13,Apparel,Shirts,South,On-Time,5,350.79,572.88,0.0,26
ORD-17884,2023-08-20,Electronics,Computers,East,Delayed - Customs,2,337.92,419.22,0.36,113
ORD-17885,2023-05-31,Apparel,Pants,South,On-Time,2,254.61,462.07,0.0,36
ORD-17886,2023-12-14,Apparel,Shirts,South,On-Time,4,350.6,620.99,0.05,20
ORD-17887,2023-05-31,Electronics,Audio,West,On-Time,4,186.8,430.66,0.05,48
ORD-17888,2023-01-13,Electronics,Accessories,North,On-Time,5,176.1,348.57,0.0,21
ORD-17889,2023-05-20,Apparel,,East,Delayed - Customs,1,127.76,135.42,0.0,85
ORD-17890,2023-03-30,Apparel,Footwear,North,Delayed - Customs,5,294.24,314.89,0.59,127
ORD-17891,2023-09-19,Electronics,Accessories,South,On-Time,4,74.54,120.62,0.05,10
ORD-17892,2023-09-11,Apparel,Shirts,North,Delayed - Customs,4,116.75,148.96,0.38,125
ORD-17893,2023-12-15,Furniture,Tables,North,Delayed - Transit,2,362.28,468.54,0.4,92
ORD-17894,2023-09-05,Electronics,Computers,East,On-Time,5,318.87,528.45,0.05,13
ORD-17895,2023-02-06,Electronics,Computers,North,Delayed - Transit,5,261.51,282.44,0.44,88
ORD-17896,2023-08-19,Apparel,Pants,South,On-Time,4,49.44,81.26,0.05,14
ORD-17897,2023-04-30,Furniture,Desks,North,On-Time,3,122.09,141.13,0.62,147
ORD-17898,2023-03-06,Apparel,Shirts,North,On-Time,4,345.3,643.4,0.0,38
ORD-17899,2023-07-31,Furniture,Chairs,North,On-Time,1,294.29,369.79,0.53,119
ORD-17900,2023-06-10,Furniture,,North,On-Time,3,141.21,189.62,0.61,132
ORD-17901,2023-05-23,Apparel,Footwear,South,Delayed - Customs,3,70.55,94.26,0.58,154
ORD-17902,2023-10-04,Furniture,Desks,North,Delayed - Transit,1,257.86,285.49,0.4,125
ORD-17903,2023-05-21,Apparel,Shirts,North,On-Time,4,327.65,532.76,0.05,26
ORD-17904,2023-04-14,Apparel,Pants,North,On-Time,5,150.36,308.87,0.05,53
ORD-17905,2023-09-23,Apparel,Footwear,North,On-Time,3,187.95,327.49,0.05,20
ORD-17906,2023-02-23,Furniture,Chairs,North,On-Time,2,304.48,337.56,0.56,128
ORD-17907,2023-03-16,Electronics,Computers,East,On-Time,4,24.65,48.32,0.0,33
ORD-17908,2023-11-07,Electronics,Audio,North,On-Time,2,124.08,271.85,0.05,29
ORD-17909,2023-04-17,Electronics,Audio,East,On-Time,5,174.67,395.82,0.05,27
ORD-17910,2023-02-08,Furniture,Tables,South,On-Time,5,183.12,217.2,0.59,100
ORD-17911,2023-05-25,Furniture,Desks,West,On-Time,2,226.58,280.75,0.51,115
ORD-17912,2023-08-23,Furniture,Tables,South,On-Time,2,331.61,366.03,0.55,89
ORD-17913,2023-09-08,Furniture,Desks,West,On-Time,4,369.11,423.28,0.39,108
ORD-17914,2023-05-16,Electronics,Audio,South,Delayed - Transit,2,279.68,325.18,0.63,108
ORD-17915,2023-12-21,Apparel,Pants,West,On-Time,1,22.68,39.59,0.05,40
ORD-17916,2023-02-04,Apparel,Footwear,South,On-Time,1,240.39,465.59,0.05,21
ORD-17917,2023-09-18,Apparel,Footwear,West,Delayed - Transit,1,151.31,187.14,0.37,128
ORD-17918,2023-01-10,Electronics,Computers,North,On-Time,4,388.1,821.07,0.05,41
ORD-17919,2023-12-15,Electronics,Audio,North,On-Time,2,138.03,320.94,0.0,29
ORD-17920,2023-05-05,Furniture,Chairs,South,On-Time,5,331.68,423.64,0.47,111
ORD-17921,2023-09-07,Electronics,Accessories,West,Delayed - Transit,2,76.78,96.77,0.0,84
ORD-17922,2023-11-04,Furniture,Chairs,East,On-Time,4,97.45,122.67,0.47,112
ORD-17923,2023-12-03,Electronics,Computers,South,On-Time,2,332.26,562.05,0.05,38
ORD-17924,2023-07-07,Electronics,Computers,East,On-Time,2,179.08,368.2,0.05,31
ORD-17925,2023-06-19,Apparel,Pants,South,On-Time,1,288.04,509.57,0.05,25
ORD-17926,2023-10-31,Furniture,Tables,North,Delayed - Customs,2,16.53,20.19,0.42,136
ORD-17927,2023-07-04,Furniture,Chairs,East,On-Time,5,125.49,131.96,0.45,124
ORD-17928,2023-08-04,Apparel,Pants,East,On-Time,2,398.37,860.58,0.05,15
ORD-17929,2023-10-17,Electronics,Computers,East,On-Time,2,235.43,439.65,0.0,15
ORD-17930,2023-06-30,Apparel,Shirts,West,On-Time,2,372.07,836.96,0.0,36
ORD-17931,2023-12-16,Electronics,Computers,North,Delayed - Transit,5,141.78,156.25,0.45,119
ORD-17932,2023-01-18,Furniture,Tables,East,On-Time,2,104.41,109.78,0.44,96
ORD-17933,2023-08-11,Furniture,Chairs,North,On-Time,1,216.25,258.44,0.38,120
ORD-17934,2023-04-15,Electronics,Computers,North,On-Time,5,113.52,253.88,0.0,22
ORD-17935,2023-05-05,Apparel,Shirts,North,On-Time,5,220.17,471.78,0.0,25
ORD-17936,2023-06-19,Apparel,Pants,South,On-Time,1,90.2,167.31,0.05,31
ORD-17937,2023-12-25,Apparel,Pants,South,On-Time,5,267.5,460.0,0.0,23
ORD-17938,2023-05-28,Apparel,Pants,West,Delayed - Transit,2,288.89,321.05,0.58,122
ORD-17939,2023-05-07,Electronics,Audio,East,On-Time,2,160.2,265.39,0.0,18
ORD-17940,2023-06-18,Electronics,Accessories,East,On-Time,2,98.28,226.57,0.05,1
ORD-17941,2023-01-19,Electronics,Accessories,North,On-Time,3,364.16,684.64,0.0,26
ORD-17942,2023-05-07,Apparel,Shirts,East,On-Time,3,45.01,92.72,0.0,13
ORD-17943,2023-06-06,Furniture,Tables,South,On-Time,1,394.69,509.22,0.42,120
ORD-17944,2023-03-28,Electronics,Computers,East,Delayed - Customs,5,362.16,426.49,0.4,110
ORD-17945,2023-02-07,Apparel,Shirts,East,On-Time,2,66.61,153.41,0.05,36
ORD-17946,2023-08-18,Furniture,Tables,West,On-Time,5,129.58,158.78,0.65,129
ORD-17947,2023-05-24,Apparel,Shirts,East,Delayed - Transit,4,397.56,500.59,0.0,59
ORD-17948,2023-02-13,Apparel,,North,On-Time,2,335.14,613.49,0.0,48
ORD-17949,2023-04-17,Electronics,Accessories,East,On-Time,2,235.42,385.79,0.0,33
ORD-17950,2023-06-19,Electronics,Accessories,South,Delayed - Transit,3,37.53,49.88,0.43,118
ORD-17951,2023-01-14,Electronics,Computers,East,On-Time,4,158.19,325.36,0.0,44
ORD-17952,2023-01-24,Furniture,Desks,East,On-Time,3,322.09,358.93,0.05,70
ORD-17953,2023-03-24,Electronics,Audio,East,On-Time,4,205.58,341.81,0.0,1
ORD-17954,2023-03-10,Electronics,Audio,North,On-Time,5,260.93,574.84,0.0,44
ORD-17955,2023-02-14,Furniture,Chairs,South,On-Time,1,298.06,316.88,0.42,145
ORD-17956,2023-03-16,Apparel,Shirts,East,On-Time,5,105.9,186.21,0.05,22
ORD-17957,2023-01-15,Electronics,Accessories,North,Delayed - Transit,5,359.57,451.05,0.41,113
ORD-17958,2023-04-08,Furniture,Tables,East,Delayed - Customs,5,269.77,301.8,0.48,100
ORD-17959,2023-12-06,Electronics,Audio,North,On-Time,5,323.88,769.02,0.0,35
ORD-17960,2023-12-19,Furniture,Desks,West,On-Time,1,388.72,413.76,0.48,109
ORD-17961,2023-09-25,Apparel,Pants,West,On-Time,2,112.82,261.97,0.0,35
ORD-17962,2023-01-23,Furniture,Desks,North,On-Time,2,79.42,92.51,0.61,130
ORD-17963,2023-01-29,Furniture,Tables,West,Delayed - Customs,1,379.98,464.21,0.59,118
ORD-17964,2023-03-20,Furniture,Desks,West,On-Time,2,314.98,407.88,0.62,97
ORD-17965,2023-06-04,Apparel,Pants,South,On-Time,4,295.28,661.19,0.0,40
ORD-17966,2023-07-02,Electronics,Audio,West,Delayed - Transit,5,19.24,24.21,0.39,170
ORD-17967,2023-04-17,Furniture,Tables,East,On-Time,2,253.51,328.48,0.47,128
ORD-17968,2023-07-31,Apparel,Shirts,North,On-Time,1,338.31,651.34,0.05,11
ORD-17969,2023-04-29,Electronics,Accessories,North,On-Time,4,263.57,447.87,0.05,15
ORD-17970,2023-07-04,Apparel,Pants,West,On-Time,4,127.67,241.16,0.0,47
ORD-17971,2023-12-18,Apparel,Shirts,West,On-Time,1,57.52,114.22,0.05,33
ORD-17972,2023-08-27,Electronics,Accessories,West,On-Time,1,81.8,172.88,0.05,31
ORD-17973,2023-10-09,Apparel,Footwear,North,Delayed - Transit,1,375.8,498.57,0.63,131
ORD-17974,2023-02-03,Apparel,Pants,West,Delayed - Customs,1,383.8,427.11,0.05,61
ORD-17975,2023-02-27,Electronics,Audio,North,On-Time,5,334.18,724.16,0.0,35
ORD-17976,2023-07-28,Electronics,Computers,North,On-Time,5,200.66,397.9,0.05,33
ORD-17977,2023-11-17,Apparel,Pants,East,On-Time,5,290.46,473.95,0.0,33
ORD-17978,2023-08-29,Apparel,Footwear,North,Delayed - Transit,2,74.08,88.23,0.49,120
ORD-17979,2023-03-11,Furniture,Chairs,South,Delayed - Transit,4,228.21,299.88,0.43,95
ORD-17980,2023-09-11,Apparel,Pants,East,On-Time,3,27.46,63.79,0.05,25
ORD-17981,2023-07-14,Electronics,,South,On-Time,5,20.41,35.93,0.05,27
ORD-17982,2023-11-23,Furniture,Chairs,North,On-Time,4,128.61,165.27,0.48,139
ORD-17983,2023-01-11,Apparel,Shirts,West,Delayed - Customs,2,267.74,335.12,0.58,166
ORD-17984,2023-07-21,Furniture,Desks,West,On-Time,3,152.58,205.95,0.49,99
ORD-17985,2023-02-27,Electronics,Audio,North,Delayed - Customs,2,337.34,366.6,0.57,157
ORD-17986,2023-01-09,Furniture,Desks,West,Delayed - Transit,1,269.36,337.43,0.54,116
ORD-17987,2023-07-19,Furniture,Chairs,North,On-Time,5,333.17,378.94,0.47,152
ORD-17988,2023-10-18,Furniture,Chairs,West,On-Time,5,370.71,448.48,0.64,104
ORD-17989,2023-06-28,Electronics,Audio,East,On-Time,2,285.22,478.7,0.05,36
ORD-17990,2023-11-16,Furniture,Desks,South,Delayed - Customs,1,108.05,137.44,0.45,131
ORD-17991,2023-11-01,Apparel,Pants,South,Delayed - Customs,5,152.78,201.99,0.62,145
ORD-17992,2023-08-12,Electronics,Accessories,East,On-Time,2,146.0,327.04,0.05,43
ORD-17993,2023-09-24,Furniture,Desks,North,On-Time,3,351.26,379.6,0.49,88
ORD-17994,2023-08-19,Electronics,Audio,West,On-Time,1,250.15,413.27,0.05,23
ORD-17995,2023-02-21,Apparel,Pants,West,On-Time,3,396.84,839.16,0.0,32
ORD-17996,2023-11-14,Electronics,Audio,East,On-Time,5,333.36,645.29,0.0,43
ORD-17997,2023-10-22,Furniture,Tables,South,On-Time,5,108.3,126.14,0.36,120
ORD-17998,2023-06-15,Apparel,Shirts,South,On-Time,5,139.9,328.46,0.0,21
ORD-17999,2023-06-21,Furniture,Tables,East,Delayed - Transit,3,324.7,355.54,0.57,112
ORD-18000,2023-10-21,Apparel,Pants,West,Delayed - Transit,1,80.0,89.36,0.59,133
ORD-18001,2023-08-28,Electronics,Computers,South,On-Time,3,248.45,555.88,0.0,54
ORD-18002,2023-01-03,Electronics,Computers,South,On-Time,3,358.8,637.83,0.05,10
ORD-18003,2023-01-29,Apparel,Footwear,North,On-Time,3,121.34,257.87,0.0,39
ORD-18004,2023-09-22,Furniture,Tables,East,Delayed - Transit,5,135.89,168.9,0.54,118
ORD-18005,2023-12-02,Electronics,Audio,West,Delayed - Customs,1,132.34,140.95,0.41,131
ORD-18006,2023-03-15,Electronics,Computers,East,On-Time,4,252.71,482.49,0.0,26
ORD-18007,2023-03-11,Furniture,Tables,East,On-Time,1,155.05,178.08,0.05,83
ORD-18008,2023-07-03,Electronics,Computers,South,Delayed - Transit,5,224.58,242.03,0.53,102
ORD-18009,2023-06-14,Furniture,Chairs,West,On-Time,2,76.49,101.44,0.0,78
ORD-18010,2023-01-14,Apparel,Footwear,East,On-Time,3,386.04,853.42,0.05,20
ORD-18011,2023-01-14,Electronics,Audio,West,On-Time,5,37.17,60.43,0.0,41
ORD-18012,2023-09-02,Electronics,Accessories,East,On-Time,4,327.58,687.22,0.05,22
ORD-18013,2023-02-23,Apparel,Shirts,West,On-Time,5,121.01,198.18,0.0,21
ORD-18014,2023-11-11,Electronics,Accessories,East,Delayed - Customs,1,23.74,29.96,0.54,109
ORD-18015,2023-04-29,Electronics,Computers,East,On-Time,5,275.18,487.47,0.05,25
ORD-18016,2023-04-16,Furniture,Tables,West,On-Time,1,182.61,215.41,0.35,114
ORD-18017,2023-01-27,Furniture,Chairs,East,On-Time,1,253.29,320.62,0.39,128
ORD-18018,2023-02-16,Electronics,Computers,South,Delayed - Transit,1,208.3,224.55,0.54,111
ORD-18019,2023-11-27,Furniture,Tables,East,Delayed - Transit,4,44.82,59.83,0.0,63
ORD-18020,2023-07-21,Electronics,Computers,South,On-Time,1,220.78,439.8,0.05,26
ORD-18021,2023-07-09,Furniture,Tables,North,Delayed - Customs,5,107.01,143.94,0.4,129
ORD-18022,2023-10-12,Apparel,Pants,North,Delayed - Customs,4,331.5,393.95,0.05,78
ORD-18023,2023-08-12,Electronics,Audio,South,On-Time,5,84.13,166.66,0.05,5
ORD-18024,2023-03-10,Apparel,Shirts,North,On-Time,5,274.79,564.66,0.0,26
ORD-18025,2023-02-05,Electronics,Audio,North,On-Time,1,84.16,143.08,0.05,29
ORD-18026,2023-05-24,Electronics,Computers,West,On-Time,5,381.17,837.03,0.0,22
ORD-18027,2023-11-06,Furniture,Tables,North,Delayed - Transit,1,110.37,117.61,0.44,153
ORD-18028,2023-09-29,Electronics,,West,On-Time,2,312.23,553.46,0.05,1
ORD-18029,2023-01-03,Electronics,Accessories,North,On-Time,3,378.04,652.85,0.05,30
ORD-18030,2023-08-29,Furniture,Chairs,South,Delayed - Transit,4,329.62,363.68,0.44,108
ORD-18031,2023-09-24,Apparel,Shirts,North,On-Time,2,294.25,703.88,0.05,26
ORD-18032,2023-06-20,Apparel,Shirts,East,Delayed - Transit,1,47.5,61.86,0.6,161
ORD-18033,2023-02-16,Electronics,Audio,South,On-Time,4,103.7,211.18,0.05,47
ORD-18034,2023-07-18,Apparel,Footwear,South,On-Time,4,75.34,169.73,0.0,25
ORD-18035,2023-06-03,Furniture,Chairs,North,Delayed - Customs,1,260.24,328.59,0.55,105
ORD-18036,2023-03-09,Apparel,Pants,East,Delayed - Customs,2,197.86,236.73,0.47,105
ORD-18037,2023-11-20,Furniture,Desks,East,Delayed - Transit,1,116.3,124.86,0.59,116
ORD-18038,2023-07-25,Electronics,Accessories,East,Delayed - Customs,2,225.34,261.12,0.44,127
ORD-18039,2023-02-19,Furniture,Chairs,South,On-Time,2,288.43,356.29,0.61,138
ORD-18040,2023-07-08,Apparel,Shirts,West,On-Time,3,377.49,872.27,0.05,23
ORD-18041,2023-12-23,Electronics,Audio,North,On-Time,5,294.91,582.18,0.0,4
ORD-18042,2023-04-03,Apparel,Footwear,South,On-Time,5,358.9,728.58,0.0,40
ORD-18043,2023-02-17,Apparel,Pants,South,Delayed - Customs,3,314.47,379.1,0.59,103
ORD-18044,2023-07-17,Apparel,Pants,North,On-Time,5,40.03,68.59,0.0,42
ORD-18045,2023-07-05,Furniture,Tables,East,On-Time,5,40.14,42.35,0.43,108
ORD-18046,2023-05-04,Apparel,Shirts,South,On-Time,5,387.76,907.24,0.05,48
ORD-18047,2023-06-29,Furniture,Desks,North,On-Time,5,144.39,177.24,0.44,136
ORD-18048,2023-12-21,Furniture,Tables,South,On-Time,5,191.07,234.55,0.65,101
ORD-18049,2023-12-02,Furniture,Tables,East,Delayed - Customs,5,162.64,196.96,0.0,85
ORD-18050,2023-08-07,Furniture,Desks,South,On-Time,4,385.87,448.94,0.58,143
ORD-18051,2023-01-04,Apparel,,North,On-Time,5,329.92,646.04,0.05,31
ORD-18052,2023-08-18,Apparel,Pants,North,Delayed - Customs,2,163.52,210.69,0.05,78
ORD-18053,2023-03-11,Apparel,Footwear,West,Delayed - Transit,5,235.29,251.34,0.39,102
ORD-18054,2023-02-03,Electronics,Accessories,South,On-Time,5,152.06,309.06,0.05,33
ORD-18055,2023-02-12,Apparel,Shirts,West,On-Time,1,189.15,368.26,0.0,35
ORD-18056,2023-02-14,Apparel,Footwear,South,On-Time,2,106.18,204.91,0.0,10
ORD-18057,2023-06-18,Furniture,Chairs,West,On-Time,3,289.25,326.26,0.41,113
ORD-18058,2023-01-21,Apparel,Pants,North,On-Time,1,336.57,673.39,0.05,4
ORD-18059,2023-07-07,Electronics,Audio,East,Delayed - Customs,2,23.85,26.34,0.0,62
ORD-18060,2023-04-15,Electronics,Computers,West,On-Time,1,349.32,762.66,0.05,23
ORD-18061,2023-06-11,Apparel,Shirts,West,On-Time,3,133.82,233.73,0.0,38
ORD-18062,2023-11-12,Apparel,Shirts,East,On-Time,2,361.37,794.38,0.0,33
ORD-18063,2023-08-06,Electronics,Computers,South,Delayed - Transit,2,185.11,225.06,0.62,135
ORD-18064,2023-06-21,Electronics,Computers,East,On-Time,5,226.57,465.64,0.05,34
ORD-18065,2023-05-09,Electronics,Audio,West,Delayed - Transit,5,68.68,75.4,0.47,126
ORD-18066,2023-08-12,Apparel,Footwear,South,On-Time,5,305.17,692.83,0.0,28
ORD-18067,2023-01-27,Apparel,Pants,East,Delayed - Transit,2,356.3,414.57,0.6,99
ORD-18068,2023-09-03,Furniture,Desks,West,On-Time,1,25.91,30.11,0.46,140
ORD-18069,2023-03-18,Furniture,Tables,West,Delayed - Transit,1,75.3,90.83,0.55,97
ORD-18070,2023-06-24,Apparel,Pants,North,On-Time,5,18.33,30.7,0.0,40
ORD-18071,2023-09-23,Electronics,Computers,West,On-Time,1,135.39,239.51,0.05,43
ORD-18072,2023-01-31,Electronics,Audio,South,On-Time,3,123.05,281.86,0.0,30
ORD-18073,2023-03-17,Furniture,Tables,East,On-Time,1,192.12,231.62,0.44,100
ORD-18074,2023-05-17,Furniture,Tables,East,Delayed - Transit,5,97.51,112.39,0.0,80
ORD-18075,2023-05-15,Electronics,Accessories,South,On-Time,5,205.23,484.43,0.05,26
ORD-18076,2023-10-22,Electronics,Computers,North,On-Time,4,263.51,601.7,0.0,13
ORD-18077,2023-07-06,Apparel,Shirts,North,On-Time,3,305.81,731.6,0.0,62
ORD-18078,2023-10-15,Apparel,Pants,East,On-Time,3,329.73,541.07,0.05,41
ORD-18079,2023-09-03,Apparel,Pants,East,On-Time,3,49.29,101.85,0.0,21
ORD-18080,2023-05-12,Furniture,Tables,West,On-Time,1,74.45,96.46,0.6,127
ORD-18081,2023-03-20,Furniture,Chairs,West,On-Time,2,50.04,61.86,0.52,115
ORD-18082,2023-09-02,Apparel,Pants,East,On-Time,4,331.45,790.58,0.05,38
ORD-18083,2023-05-22,Apparel,Footwear,West,On-Time,4,334.87,546.29,0.0,33
ORD-18084,2023-03-22,Furniture,Tables,West,On-Time,4,155.01,163.09,0.43,107
ORD-18085,2023-10-06,Furniture,Tables,South,On-Time,2,50.99,66.51,0.0,75
ORD-18086,2023-11-18,Electronics,Computers,West,On-Time,5,169.41,275.14,0.0,59
ORD-18087,2023-11-13,Electronics,Accessories,West,On-Time,3,359.19,703.37,0.0,20
ORD-18088,2023-03-09,Apparel,Footwear,North,On-Time,2,241.72,524.76,0.0,19
ORD-18089,2023-11-03,Furniture,Tables,East,Delayed - Customs,3,152.51,181.67,0.41,162
ORD-18090,2023-09-11,Electronics,Accessories,South,Delayed - Customs,5,230.93,299.65,0.56,88
ORD-18091,2023-09-27,Furniture,Tables,West,On-Time,2,72.63,86.06,0.58,136
ORD-18092,2023-06-08,Apparel,Pants,West,On-Time,1,180.09,329.07,0.0,1
ORD-18093,2023-10-19,Apparel,Footwear,East,On-Time,2,173.75,288.55,0.05,22
ORD-18094,2023-08-08,Furniture,Tables,East,On-Time,3,146.73,165.71,0.0,76
ORD-18095,2023-09-29,Apparel,Pants,East,On-Time,3,373.22,670.11,0.0,32
ORD-18096,2023-09-02,Apparel,Shirts,North,On-Time,1,42.18,95.96,0.0,27
ORD-18097,2023-03-07,Electronics,Audio,North,On-Time,4,134.01,255.97,0.05,45
ORD-18098,2023-11-24,Apparel,Shirts,South,On-Time,4,96.92,198.12,0.05,23
ORD-18099,2023-10-05,Furniture,,West,On-Time,5,339.43,362.99,0.42,90
ORD-18100,2023-03-18,Apparel,Pants,South,On-Time,5,251.41,487.68,0.05,33
ORD-18101,2023-12-13,Furniture,Chairs,South,Delayed - Transit,2,366.62,411.27,0.49,145
ORD-18102,2023-03-13,Furniture,Chairs,East,On-Time,5,136.27,164.56,0.0,74
ORD-18103,2023-09-12,Furniture,Chairs,North,On-Time,4,258.76,336.68,0.0,70
ORD-18104,2023-12-12,Furniture,Chairs,West,On-Time,3,110.71,144.35,0.53,86
ORD-18105,2023-05-26,Electronics,Accessories,East,On-Time,5,45.99,84.94,0.05,19
ORD-18106,2023-06-14,Apparel,Shirts,North,On-Time,1,127.61,288.75,0.0,15
ORD-18107,2023-05-20,Furniture,Chairs,East,On-Time,5,248.3,305.01,0.05,83
ORD-18108,2023-03-06,Apparel,Shirts,West,On-Time,1,17.68,40.8,0.05,26
ORD-18109,2023-11-12,Furniture,Tables,North,On-Time,4,312.15,376.11,0.56,126
ORD-18110,2023-06-15,Electronics,Audio,North,Delayed - Customs,2,103.1,112.72,0.56,112
ORD-18111,2023-06-01,Electronics,Accessories,South,Delayed - Customs,2,31.8,39.33,0.59,129
ORD-18112,2023-12-05,Furniture,Chairs,North,On-Time,1,308.43,368.22,0.05,28
ORD-18113,2023-12-23,Electronics,Computers,East,On-Time,2,303.0,652.05,0.05,40
ORD-18114,2023-11-07,Electronics,Audio,North,On-Time,2,301.31,694.43,0.0,33
ORD-18115,2023-01-05,Apparel,Pants,East,On-Time,1,29.31,52.98,0.05,26
ORD-18116,2023-10-27,Furniture,Tables,East,On-Time,2,352.29,395.58,0.54,87
ORD-18117,2023-08-20,Furniture,Tables,West,On-Time,5,32.29,39.46,0.52,125
ORD-18118,2023-10-27,Apparel,Footwear,West,On-Time,3,136.59,292.99,0.05,32
ORD-18119,2023-09-04,Furniture,,South,On-Time,4,371.22,487.0,0.38,117
ORD-18120,2023-01-20,Furniture,Chairs,North,On-Time,5,259.14,315.86,0.64,109
ORD-18121,2023-07-28,Furniture,Tables,North,On-Time,1,112.26,118.74,0.47,117
ORD-18122,2023-10-23,Apparel,Shirts,North,On-Time,2,131.45,249.29,0.0,46
ORD-18123,2023-12-11,Furniture,Chairs,South,On-Time,5,269.63,297.91,0.56,89
ORD-18124,2023-11-15,Furniture,Tables,South,Delayed - Customs,2,67.97,81.48,0.64,104
ORD-18125,2023-04-24,Furniture,Chairs,South,On-Time,5,274.23,349.34,0.49,102
ORD-18126,2023-07-24,Furniture,Chairs,East,On-Time,4,324.04,350.57,0.64,130
ORD-18127,2023-06-01,Electronics,Accessories,North,Delayed - Transit,4,252.85,295.69,0.43,130
ORD-18128,2023-04-01,Furniture,Desks,West,On-Time,3,318.34,417.68,0.42,153
ORD-18129,2023-08-08,Furniture,Tables,South,On-Time,3,175.52,186.88,0.37,119
ORD-18130,2023-08-03,Apparel,Shirts,West,On-Time,3,59.2,103.9,0.0,33
ORD-18131,2023-01-20,Electronics,Audio,South,On-Time,3,315.32,536.93,0.05,25
ORD-18132,2023-06-25,Electronics,Accessories,South,On-Time,3,193.04,392.09,0.0,7
ORD-18133,2023-06-13,Apparel,Pants,East,On-Time,2,183.75,356.76,0.0,27
ORD-18134,2023-08-19,Apparel,Pants,West,Delayed - Transit,3,370.0,479.81,0.51,130
ORD-18135,2023-10-12,Electronics,Audio,East,On-Time,5,216.24,515.18,0.0,25
ORD-18136,2023-11-19,Furniture,Chairs,East,On-Time,1,334.92,365.48,0.49,136
ORD-18137,2023-11-24,Apparel,,South,On-Time,1,334.09,565.56,0.0,30
ORD-18138,2023-10-30,Apparel,Pants,North,On-Time,1,34.89,79.71,0.05,23
ORD-18139,2023-11-23,Apparel,Pants,North,On-Time,2,397.54,921.04,0.05,31
ORD-18140,2023-08-20,Apparel,Pants,East,On-Time,4,211.19,375.23,0.05,39
ORD-18141,2023-10-07,Apparel,Footwear,West,On-Time,1,26.12,56.87,0.0,29
ORD-18142,2023-09-14,Furniture,Tables,West,On-Time,1,377.07,463.27,0.4,130
ORD-18143,2023-08-06,Apparel,Shirts,North,On-Time,5,368.12,771.36,0.05,55
ORD-18144,2023-04-21,Apparel,,North,On-Time,3,177.89,407.79,0.05,28
ORD-18145,2023-03-08,Furniture,Desks,South,On-Time,1,327.74,416.64,0.5,110
ORD-18146,2023-10-31,Electronics,Audio,North,On-Time,1,188.74,352.03,0.0,24
ORD-18147,2023-02-13,Apparel,Footwear,North,On-Time,1,187.18,322.59,0.0,37
ORD-18148,2023-08-22,Apparel,Shirts,North,On-Time,4,167.99,338.12,0.05,33
ORD-18149,2023-03-25,Electronics,Computers,North,Delayed - Customs,2,66.02,84.4,0.37,117
ORD-18150,2023-03-14,Apparel,Shirts,East,On-Time,2,365.23,868.97,0.0,44
ORD-18151,2023-05-06,Furniture,Tables,South,On-Time,3,342.99,455.61,0.48,138
ORD-18152,2023-06-07,Apparel,Shirts,North,On-Time,5,254.68,465.65,0.05,18
ORD-18153,2023-01-01,Apparel,,North,On-Time,3,114.62,264.16,0.05,5
ORD-18154,2023-12-02,Apparel,Shirts,West,On-Time,2,146.54,311.18,0.05,36
ORD-18155,2023-10-04,Apparel,Footwear,East,On-Time,2,205.47,490.26,0.0,37
ORD-18156,2023-03-20,Apparel,Shirts,East,Delayed - Transit,2,86.65,93.62,0.44,155
ORD-18157,2023-01-29,Apparel,Shirts,West,On-Time,5,139.87,229.98,0.05,23
ORD-18158,2023-08-24,Electronics,Accessories,East,Delayed - Transit,1,299.45,396.87,0.36,118
ORD-18159,2023-08-02,Furniture,Desks,West,Delayed - Customs,4,55.81,70.98,0.0,59
ORD-18160,2023-11-21,Furniture,Tables,North,On-Time,5,177.65,190.79,0.51,86
ORD-18161,2023-04-03,Furniture,Tables,East,On-Time,3,32.88,34.63,0.0,73
ORD-18162,2023-01-18,Electronics,,South,On-Time,3,375.75,751.6,0.05,24
ORD-18163,2023-08-05,Apparel,Footwear,East,On-Time,2,59.61,115.06,0.05,39
ORD-18164,2023-09-01,Furniture,Chairs,South,On-Time,3,280.09,368.78,0.56,128
ORD-18165,2023-03-14,Apparel,Pants,West,On-Time,2,54.41,112.24,0.05,22
ORD-18166,2023-06-08,Furniture,Tables,West,On-Time,3,271.36,318.0,0.58,109
ORD-18167,2023-09-12,Apparel,Footwear,South,On-Time,1,216.72,459.74,0.0,27
ORD-18168,2023-10-24,Furniture,Desks,South,On-Time,4,228.93,284.48,0.39,110
ORD-18169,2023-11-15,Electronics,Computers,North,On-Time,2,318.0,575.49,0.05,26
ORD-18170,2023-09-19,Apparel,Footwear,West,On-Time,5,236.48,534.07,0.05,51
ORD-18171,2023-06-04,Furniture,Chairs,West,On-Time,4,23.49,26.17,0.52,120
ORD-18172,2023-06-04,Electronics,Accessories,North,Delayed - Transit,3,164.98,189.83,0.63,105
ORD-18173,2023-06-20,Electronics,Audio,West,Delayed - Customs,5,25.27,30.94,0.48,119
ORD-18174,2023-01-20,Electronics,Computers,North,On-Time,5,78.07,130.9,0.05,37
ORD-18175,2023-10-02,Furniture,Chairs,East,On-Time,3,365.84,477.12,0.46,111
ORD-18176,2023-10-23,Furniture,Tables,North,On-Time,5,31.98,41.4,0.45,104
ORD-18177,2023-09-16,Apparel,Pants,East,On-Time,5,78.56,178.81,0.0,41
ORD-18178,2023-11-26,Furniture,Chairs,West,On-Time,4,360.24,473.81,0.63,133
ORD-18179,2023-06-12,Electronics,Audio,South,On-Time,2,370.56,750.51,0.05,48
ORD-18180,2023-10-11,Electronics,Computers,East,On-Time,5,71.8,162.54,0.05,34
ORD-18181,2023-03-06,Furniture,Chairs,South,On-Time,2,241.91,281.74,0.62,121
ORD-18182,2023-03-24,Electronics,Computers,South,On-Time,3,195.96,369.23,0.0,34
ORD-18183,2023-03-30,Electronics,Accessories,North,On-Time,1,127.64,281.76,0.05,47
ORD-18184,2023-10-06,Electronics,Computers,North,On-Time,4,327.46,774.16,0.0,25
ORD-18185,2023-11-29,Electronics,Computers,South,On-Time,4,227.77,436.82,0.0,17
ORD-18186,2023-01-26,Electronics,Audio,South,On-Time,5,68.97,150.88,0.05,13
ORD-18187,2023-03-30,Electronics,Audio,East,On-Time,4,398.55,904.2,0.05,36
ORD-18188,2023-06-19,Furniture,Chairs,South,On-Time,3,231.61,285.93,0.41,113
ORD-18189,2023-04-19,Furniture,Tables,East,On-Time,1,110.39,124.6,0.5,97
ORD-18190,2023-05-10,Apparel,Pants,North,On-Time,1,293.94,503.91,0.0,30
ORD-18191,2023-01-11,Apparel,Footwear,North,Delayed - Transit,5,126.25,149.78,0.43,129
ORD-18192,2023-08-11,Electronics,,North,Delayed - Transit,5,108.52,125.16,0.0,70
ORD-18193,2023-04-28,Apparel,Pants,East,Delayed - Transit,1,333.8,443.29,0.59,96
ORD-18194,2023-11-02,Electronics,Computers,East,On-Time,2,305.22,587.45,0.0,25
ORD-18195,2023-11-04,Electronics,Audio,South,On-Time,4,349.18,670.89,0.05,36
ORD-18196,2023-10-12,Electronics,Audio,East,On-Time,5,117.67,274.98,0.0,49
ORD-18197,2023-04-29,Apparel,Footwear,West,Delayed - Transit,4,20.24,21.98,0.53,133
ORD-18198,2023-07-28,Apparel,,North,On-Time,1,260.26,437.13,0.05,21
ORD-18199,2023-10-30,Furniture,Desks,North,Delayed - Customs,5,338.29,422.25,0.64,146
ORD-18200,2023-02-05,Electronics,Computers,East,On-Time,4,170.77,404.93,0.05,49
ORD-18201,2023-12-05,Furniture,Chairs,West,On-Time,3,121.37,152.12,0.4,121
ORD-18202,2023-03-12,Electronics,Audio,West,On-Time,4,91.27,217.5,0.05,17
ORD-18203,2023-02-15,Apparel,Shirts,East,On-Time,2,41.57,83.94,0.05,13
ORD-18204,2023-08-08,Electronics,Computers,West,On-Time,2,244.52,403.96,0.0,27
ORD-18205,2023-07-26,Apparel,Pants,West,Delayed - Customs,4,324.4,341.9,0.38,130
ORD-18206,2023-10-10,Electronics,Computers,North,On-Time,2,239.46,551.36,0.05,17
ORD-18207,2023-05-02,Furniture,Desks,South,On-Time,1,348.51,368.61,0.57,123
ORD-18208,2023-08-04,Electronics,Audio,North,On-Time,2,193.64,321.32,0.05,36
ORD-18209,2023-08-13,Electronics,Audio,South,On-Time,5,361.41,660.67,0.0,22
ORD-18210,2023-07-01,Apparel,Shirts,West,Delayed - Customs,3,162.88,194.64,0.63,132
ORD-18211,2023-09-16,Electronics,Accessories,South,Delayed - Transit,2,167.25,210.2,0.58,113
ORD-18212,2023-10-29,Apparel,Shirts,North,On-Time,1,206.17,381.24,0.0,22
ORD-18213,2023-12-21,Furniture,Chairs,East,On-Time,4,269.71,342.19,0.5,88
ORD-18214,2023-03-08,Electronics,Audio,South,On-Time,4,360.96,692.51,0.0,1
ORD-18215,2023-12-19,Furniture,Tables,South,On-Time,2,259.77,327.9,0.54,95
ORD-18216,2023-01-03,Electronics,Audio,South,Delayed - Customs,5,366.45,453.02,0.6,100
ORD-18217,2023-04-14,Electronics,Audio,South,On-Time,5,179.86,291.1,0.05,17
ORD-18218,2023-11-15,Apparel,Pants,North,On-Time,3,264.49,434.23,0.05,21
ORD-18219,2023-08-03,Apparel,,East,On-Time,1,207.81,398.05,0.0,35
ORD-18220,2023-09-16,Electronics,Audio,East,Delayed - Transit,1,167.32,215.51,0.56,93
ORD-18221,2023-05-05,Electronics,,East,Delayed - Customs,1,295.41,349.09,0.42,100
ORD-18222,2023-02-18,Electronics,Accessories,South,Delayed - Transit,4,28.95,38.45,0.58,96
ORD-18223,2023-01-28,Furniture,Chairs,East,Delayed - Customs,1,295.56,348.11,0.38,86
ORD-18224,2023-12-28,Electronics,Accessories,West,On-Time,3,92.6,204.81,0.0,35
ORD-18225,2023-05-06,Apparel,Pants,West,On-Time,4,355.05,663.24,0.05,27
ORD-18226,2023-01-23,Furniture,Tables,West,On-Time,3,29.21,36.04,0.38,125
ORD-18227,2023-03-24,Furniture,Chairs,North,On-Time,1,148.74,161.38,0.49,159
ORD-18228,2023-10-27,Electronics,Accessories,East,Delayed - Transit,4,249.37,289.22,0.0,85
ORD-18229,2023-11-22,Apparel,Shirts,North,On-Time,4,150.45,325.88,0.05,3
ORD-18230,2023-04-30,Electronics,Audio,North,Delayed - Transit,2,202.69,257.34,0.05,85
ORD-18231,2023-01-23,Electronics,,East,On-Time,5,175.06,315.81,0.05,51
ORD-18232,2023-11-22,Electronics,Computers,West,On-Time,1,16.98,39.57,0.05,46
ORD-18233,2023-12-10,Apparel,Pants,North,Delayed - Transit,4,106.17,134.58,0.59,131
ORD-18234,2023-11-28,Apparel,Shirts,East,Delayed - Customs,5,75.46,97.35,0.36,128
ORD-18235,2023-05-23,Electronics,Accessories,North,On-Time,3,103.35,217.72,0.05,29
ORD-18236,2023-07-23,Apparel,Footwear,East,On-Time,2,392.94,844.77,0.0,17
ORD-18237,2023-12-21,Electronics,Accessories,North,On-Time,1,346.41,698.22,0.05,36
ORD-18238,2023-10-08,Electronics,Accessories,East,On-Time,4,372.48,795.58,0.0,23
ORD-18239,2023-04-29,Electronics,Accessories,East,On-Time,2,31.24,60.71,0.0,40
ORD-18240,2023-04-16,Electronics,Audio,North,Delayed - Customs,2,41.31,44.36,0.43,107
ORD-18241,2023-08-23,Furniture,Chairs,North,On-Time,1,210.29,248.06,0.5,125
ORD-18242,2023-08-19,Apparel,Pants,South,On-Time,3,303.52,728.45,0.05,37
ORD-18243,2023-01-30,Apparel,Shirts,North,On-Time,5,344.11,592.83,0.05,25
ORD-18244,2023-06-17,Furniture,Tables,North,Delayed - Transit,3,174.59,214.23,0.42,156
ORD-18245,2023-06-25,Furniture,Desks,South,Delayed - Customs,3,319.87,349.97,0.54,105
ORD-18246,2023-07-23,Electronics,Computers,East,On-Time,1,175.04,373.62,0.0,30
ORD-18247,2023-02-06,Apparel,Shirts,East,Delayed - Transit,4,231.96,300.97,0.0,83
ORD-18248,2023-01-27,Electronics,,West,On-Time,4,141.41,296.24,0.0,27
ORD-18249,2023-03-15,Furniture,Desks,West,Delayed - Transit,2,111.58,144.23,0.42,118
ORD-18250,2023-12-07,Furniture,Chairs,East,On-Time,4,49.86,62.84,0.5,120
ORD-18251,2023-08-16,Apparel,Pants,West,On-Time,2,215.77,391.72,0.0,33
ORD-18252,2023-01-18,Furniture,Chairs,North,On-Time,4,277.12,319.38,0.49,108
ORD-18253,2023-10-12,Furniture,Desks,East,Delayed - Customs,4,42.05,46.16,0.42,133
ORD-18254,2023-12-01,Electronics,Audio,West,On-Time,4,360.18,663.21,0.0,40
ORD-18255,2023-02-25,Apparel,Shirts,West,On-Time,2,19.5,44.36,0.05,13
ORD-18256,2023-07-05,Apparel,Footwear,East,On-Time,3,90.77,167.42,0.05,51
ORD-18257,2023-07-31,Furniture,Desks,East,On-Time,1,93.42,111.69,0.05,74
ORD-18258,2023-07-17,Electronics,Audio,West,On-Time,5,180.11,310.45,0.0,61
ORD-18259,2023-05-08,Apparel,Pants,North,On-Time,1,124.17,270.11,0.05,27
ORD-18260,2023-12-21,Electronics,Accessories,North,On-Time,2,377.75,773.46,0.05,35
ORD-18261,2023-05-18,Electronics,Accessories,South,On-Time,2,296.34,585.21,0.0,55
ORD-18262,2023-08-04,Furniture,Chairs,West,On-Time,1,279.87,330.23,0.64,202
ORD-18263,2023-05-01,Furniture,Desks,South,On-Time,1,51.27,65.35,0.58,90
ORD-18264,2023-12-16,Electronics,Accessories,South,Delayed - Transit,5,348.7,407.98,0.59,131
ORD-18265,2023-08-13,Furniture,Tables,South,On-Time,2,214.04,283.96,0.38,149
ORD-18266,2023-01-08,Furniture,Desks,North,On-Time,2,388.6,447.8,0.61,119
ORD-18267,2023-04-20,Furniture,Desks,South,On-Time,5,393.96,475.5,0.46,160
ORD-18268,2023-08-07,Apparel,Shirts,North,Delayed - Customs,4,336.86,374.09,0.62,117
ORD-18269,2023-01-24,Electronics,Audio,South,On-Time,3,238.5,446.83,0.05,36
ORD-18270,2023-12-26,Furniture,Chairs,North,Delayed - Transit,1,136.85,152.0,0.48,117
ORD-18271,2023-01-12,Electronics,Computers,North,On-Time,5,16.51,26.52,0.0,23
ORD-18272,2023-03-31,Apparel,Pants,South,On-Time,5,198.75,391.95,0.05,28
ORD-18273,2023-10-07,Apparel,Shirts,North,Delayed - Transit,1,325.65,398.48,0.53,130
ORD-18274,2023-06-15,Electronics,Computers,East,Delayed - Transit,1,345.97,395.22,0.55,144
ORD-18275,2023-07-08,Apparel,Shirts,West,On-Time,3,224.78,408.32,0.05,22
ORD-18276,2023-09-18,Apparel,Shirts,East,Delayed - Customs,2,347.79,446.16,0.39,169
ORD-18277,2023-04-07,Electronics,Accessories,West,Delayed - Customs,5,78.92,94.04,0.64,137
ORD-18278,2023-07-24,Electronics,Computers,West,On-Time,3,179.1,401.53,0.0,20
ORD-18279,2023-07-06,Electronics,Audio,South,On-Time,1,106.15,218.91,0.0,39
ORD-18280,2023-05-09,Furniture,Chairs,East,On-Time,1,181.37,225.84,0.0,73
ORD-18281,2023-07-14,Electronics,Accessories,North,On-Time,4,306.34,595.8,0.0,27
ORD-18282,2023-04-29,Furniture,,South,On-Time,5,158.49,170.15,0.35,136
ORD-18283,2023-03-27,Electronics,Accessories,East,On-Time,1,297.08,631.11,0.0,46
ORD-18284,2023-09-01,Electronics,Accessories,North,Delayed - Customs,1,229.4,280.25,0.05,82
ORD-18285,2023-08-27,Electronics,Audio,East,On-Time,4,45.31,84.69,0.05,36
ORD-18286,2023-04-25,Electronics,Computers,East,Delayed - Transit,4,334.14,429.81,0.47,124
ORD-18287,2023-03-01,Furniture,Tables,North,On-Time,2,387.18,500.12,0.5,111
ORD-18288,2023-09-02,Electronics,Computers,South,On-Time,4,259.29,606.69,0.0,17
ORD-18289,2023-11-27,Apparel,Shirts,West,On-Time,4,389.15,764.81,0.05,24
ORD-18290,2023-11-25,Apparel,Pants,South,On-Time,3,353.56,581.76,0.05,36
ORD-18291,2023-07-06,Apparel,Shirts,West,Delayed - Customs,4,169.56,221.25,0.38,116
ORD-18292,2023-06-14,Furniture,Desks,East,On-Time,1,239.42,270.75,0.48,117
ORD-18293,2023-03-28,Furniture,Desks,North,On-Time,5,158.35,178.2,0.41,130
ORD-18294,2023-08-09,Furniture,Chairs,East,On-Time,5,348.11,372.97,0.39,98
ORD-18295,2023-02-18,Electronics,Audio,East,On-Time,5,229.41,371.75,0.0,27
ORD-18296,2023-09-10,Electronics,Computers,East,On-Time,1,360.52,653.12,0.0,35
ORD-18297,2023-02-10,Electronics,Computers,South,On-Time,5,101.36,238.25,0.05,38
ORD-18298,2023-05-31,Electronics,Accessories,East,On-Time,5,313.23,523.59,0.05,7
ORD-18299,2023-03-18,Apparel,Pants,South,On-Time,3,262.04,489.41,0.0,23
ORD-18300,2023-07-01,Furniture,Desks,East,Delayed - Customs,5,266.61,294.66,0.42,181
ORD-18301,2023-06-22,Furniture,Desks,East,On-Time,5,159.36,201.78,0.0,76
ORD-18302,2023-02-10,Furniture,Chairs,East,On-Time,5,273.9,348.47,0.57,87
ORD-18303,2023-11-25,Apparel,Shirts,East,Delayed - Transit,4,133.25,175.59,0.41,108
ORD-18304,2023-04-21,Apparel,Pants,North,On-Time,1,283.27,651.65,0.0,26
ORD-18305,2023-09-16,Furniture,Desks,East,On-Time,5,131.9,156.87,0.51,121
ORD-18306,2023-12-21,Electronics,Computers,East,On-Time,5,383.97,702.51,0.0,42
ORD-18307,2023-03-01,Electronics,Audio,North,On-Time,3,98.23,211.15,0.0,19
ORD-18308,2023-02-17,Apparel,Footwear,East,On-Time,3,32.98,55.7,0.0,38
ORD-18309,2023-05-11,Apparel,Pants,North,Delayed - Transit,5,301.42,368.96,0.45,120
ORD-18310,2023-02-14,Furniture,Tables,West,Delayed - Customs,4,306.27,383.4,0.55,131
ORD-18311,2023-06-13,Electronics,Accessories,North,On-Time,2,125.0,246.88,0.0,17
ORD-18312,2023-02-14,Apparel,Footwear,West,On-Time,5,286.44,626.7,0.05,42
ORD-18313,2023-08-05,Furniture,Chairs,South,On-Time,2,206.16,261.63,0.36,97
ORD-18314,2023-10-18,Electronics,Computers,East,On-Time,3,372.85,796.43,0.05,43
ORD-18315,2023-09-10,Apparel,Shirts,East,Delayed - Transit,3,21.79,24.38,0.05,50
ORD-18316,2023-05-10,Electronics,Audio,North,Delayed - Transit,4,209.12,263.81,0.52,94
ORD-18317,2023-02-19,Furniture,Desks,North,On-Time,2,380.19,446.49,0.0,66
ORD-18318,2023-03-16,Apparel,Pants,East,Delayed - Transit,3,102.41,133.13,0.52,100
ORD-18319,2023-05-19,Apparel,Pants,South,On-Time,5,313.28,515.13,0.0,48
ORD-18320,2023-10-02,Apparel,Shirts,West,On-Time,1,347.96,800.0,0.0,33
ORD-18321,2023-09-22,Electronics,Accessories,East,On-Time,5,242.22,570.35,0.0,33
ORD-18322,2023-05-20,Apparel,Shirts,East,Delayed - Transit,5,160.7,212.77,0.45,107
ORD-18323,2023-09-02,Electronics,Audio,West,On-Time,2,166.26,293.5,0.05,25
ORD-18324,2023-11-23,Furniture,Desks,North,On-Time,3,160.99,205.61,0.35,150
ORD-18325,2023-06-23,Electronics,Audio,South,On-Time,5,288.17,588.9,0.0,47
ORD-18326,2023-04-16,Furniture,Desks,East,On-Time,3,173.47,191.94,0.38,92
ORD-18327,2023-08-27,Electronics,Computers,North,Delayed - Transit,4,219.09,265.91,0.0,69
ORD-18328,2023-11-12,Furniture,Chairs,West,On-Time,2,87.16,117.39,0.46,91
ORD-18329,2023-08-04,Apparel,Pants,West,Delayed - Transit,5,337.56,395.61,0.4,87
ORD-18330,2023-09-16,Electronics,Accessories,South,On-Time,2,77.05,149.45,0.05,35
ORD-18331,2023-05-18,Electronics,Accessories,East,On-Time,4,305.74,629.83,0.05,27
ORD-18332,2023-04-21,Electronics,Audio,South,Delayed - Transit,4,163.55,185.77,0.46,161
ORD-18333,2023-01-01,Apparel,Pants,North,On-Time,4,368.1,623.26,0.0,42
ORD-18334,2023-10-04,Apparel,Footwear,West,Delayed - Transit,2,19.31,21.82,0.37,96
ORD-18335,2023-07-19,Apparel,Pants,North,On-Time,2,194.35,342.33,0.0,22
ORD-18336,2023-04-04,Apparel,Footwear,East,On-Time,1,119.11,198.0,0.05,37
ORD-18337,2023-12-25,Apparel,Footwear,West,On-Time,2,178.46,304.64,0.05,25
ORD-18338,2023-01-18,Electronics,Accessories,North,On-Time,2,226.89,382.65,0.05,60
ORD-18339,2023-12-30,Apparel,Pants,East,On-Time,1,101.62,195.4,0.05,32
ORD-18340,2023-10-10,Electronics,Computers,West,On-Time,4,169.32,306.87,0.0,38
ORD-18341,2023-07-10,Furniture,Desks,North,On-Time,2,42.15,52.76,0.05,85
ORD-18342,2023-02-12,Apparel,,East,On-Time,2,98.94,230.27,0.0,37
ORD-18343,2023-02-09,Furniture,Desks,South,On-Time,2,275.0,345.57,0.6,124
ORD-18344,2023-11-29,Electronics,Accessories,South,On-Time,5,399.61,883.5,0.0,14
ORD-18345,2023-07-16,Furniture,Tables,North,On-Time,2,74.78,99.21,0.05,73
ORD-18346,2023-11-03,Electronics,Audio,North,On-Time,2,258.49,454.61,0.05,4
ORD-18347,2023-05-17,Furniture,Desks,North,Delayed - Transit,1,119.48,155.85,0.39,100
ORD-18348,2023-01-21,Apparel,Footwear,North,Delayed - Transit,4,293.55,318.32,0.49,91
ORD-18349,2023-04-18,Furniture,Desks,East,Delayed - Transit,4,84.26,105.7,0.52,105
ORD-18350,2023-12-08,Apparel,Footwear,East,On-Time,2,133.22,313.51,0.0,23
ORD-18351,2023-05-07,Apparel,Shirts,North,Delayed - Transit,4,32.91,41.49,0.35,124
ORD-18352,2023-06-30,Electronics,Audio,East,On-Time,5,373.91,601.06,0.05,31
ORD-18353,2023-11-25,Furniture,,West,On-Time,5,45.44,49.32,0.46,107
ORD-18354,2023-06-10,Furniture,Tables,West,Delayed - Transit,2,109.57,145.21,0.37,122
ORD-18355,2023-12-05,Electronics,Audio,South,On-Time,3,15.66,31.38,0.0,38
ORD-18356,2023-02-15,Apparel,Pants,West,On-Time,3,87.97,145.75,0.0,26
ORD-18357,2023-02-01,Furniture,Tables,South,On-Time,4,393.65,464.52,0.39,89
ORD-18358,2023-09-22,Apparel,Footwear,South,On-Time,3,347.03,657.53,0.0,41
ORD-18359,2023-07-11,Furniture,Tables,North,Delayed - Transit,2,354.67,406.24,0.61,114
ORD-18360,2023-06-18,Electronics,Accessories,West,On-Time,1,261.45,578.68,0.0,44
ORD-18361,2023-04-25,Apparel,Footwear,South,Delayed - Customs,1,52.37,65.94,0.05,85
ORD-18362,2023-04-14,Electronics,Accessories,South,On-Time,4,46.12,91.47,0.05,10
ORD-18363,2023-08-01,Furniture,Tables,East,Delayed - Transit,5,235.41,285.67,0.0,85
ORD-18364,2023-09-25,Apparel,,South,On-Time,5,382.04,806.53,0.0,30
ORD-18365,2023-08-28,Electronics,Audio,West,On-Time,2,164.78,321.51,0.05,17
ORD-18366,2023-06-07,Apparel,Footwear,North,On-Time,1,212.11,350.9,0.05,24
ORD-18367,2023-05-12,Electronics,Computers,North,Delayed - Transit,2,247.67,316.91,0.52,143
ORD-18368,2023-11-09,Furniture,Tables,East,Delayed - Customs,5,233.66,283.48,0.51,103
ORD-18369,2023-07-19,Electronics,Computers,North,On-Time,3,17.23,31.9,0.0,31
ORD-18370,2023-06-13,Electronics,Computers,South,On-Time,2,271.12,464.0,0.0,22
ORD-18371,2023-03-03,Electronics,,North,On-Time,1,228.03,480.95,0.0,16
ORD-18372,2023-06-11,Apparel,Footwear,East,On-Time,2,318.83,630.89,0.0,15
ORD-18373,2023-06-11,Apparel,Pants,East,On-Time,2,186.16,394.9,0.0,21
ORD-18374,2023-03-07,Apparel,Shirts,West,On-Time,5,52.41,116.51,0.05,20
ORD-18375,2023-09-26,Electronics,Computers,West,On-Time,4,330.7,750.11,0.05,22
ORD-18376,2023-04-19,Apparel,Pants,East,Delayed - Customs,1,56.16,72.59,0.05,82
ORD-18377,2023-07-16,Furniture,Tables,South,On-Time,4,55.82,64.04,0.41,104
ORD-18378,2023-09-27,Electronics,Computers,East,On-Time,4,378.91,853.37,0.05,57
ORD-18379,2023-10-19,Electronics,Computers,East,On-Time,1,49.71,106.3,0.0,11
ORD-18380,2023-02-11,Furniture,Tables,North,On-Time,1,254.38,290.15,0.45,167
ORD-18381,2023-06-24,Furniture,Chairs,South,On-Time,4,198.84,249.61,0.61,142
ORD-18382,2023-05-29,Furniture,Tables,East,Delayed - Customs,4,376.33,478.81,0.64,99
ORD-18383,2023-06-02,Electronics,Audio,North,On-Time,5,233.67,512.99,0.05,30
ORD-18384,2023-11-11,Apparel,Footwear,East,On-Time,5,24.93,54.22,0.05,34
ORD-18385,2023-05-01,Apparel,Footwear,East,On-Time,1,382.35,727.16,0.0,18
ORD-18386,2023-05-24,Electronics,Audio,East,On-Time,3,340.5,653.54,0.0,46
ORD-18387,2023-03-31,Apparel,Shirts,North,Delayed - Transit,1,263.72,343.75,0.65,88
ORD-18388,2023-04-28,Electronics,Computers,West,Delayed - Transit,3,87.26,100.89,0.0,59
ORD-18389,2023-10-29,Electronics,Accessories,East,On-Time,1,281.59,496.39,0.0,13
ORD-18390,2023-08-28,Electronics,Audio,South,On-Time,2,320.16,618.87,0.05,38
ORD-18391,2023-09-24,Furniture,Chairs,North,Delayed - Transit,5,251.84,275.32,0.52,119
ORD-18392,2023-05-27,Furniture,Desks,East,Delayed - Transit,5,102.47,133.3,0.41,93
ORD-18393,2023-07-23,Apparel,Shirts,North,On-Time,2,282.38,669.25,0.05,48
ORD-18394,2023-08-26,Furniture,Chairs,East,On-Time,4,17.59,20.78,0.39,111
ORD-18395,2023-11-03,Electronics,Accessories,North,On-Time,2,120.05,252.17,0.0,33
ORD-18396,2023-08-16,Electronics,Audio,North,Delayed - Transit,5,53.16,65.98,0.35,112
ORD-18397,2023-07-14,Furniture,Desks,South,On-Time,2,61.99,81.99,0.44,96
ORD-18398,2023-01-25,Apparel,Footwear,West,On-Time,2,269.93,488.87,0.05,47
ORD-18399,2023-10-19,Apparel,Shirts,South,Delayed - Customs,1,230.06,263.54,0.44,121
ORD-18400,2023-07-01,Furniture,Chairs,North,On-Time,3,172.28,222.59,0.51,125
ORD-18401,2023-05-21,Electronics,Computers,North,Delayed - Customs,5,60.42,80.49,0.63,119
ORD-18402,2023-03-25,Apparel,Footwear,North,On-Time,3,394.51,828.18,0.05,6
ORD-18403,2023-09-20,Electronics,Audio,West,On-Time,3,314.06,531.72,0.05,15
ORD-18404,2023-09-11,Apparel,Pants,West,On-Time,2,129.8,217.4,0.0,38
ORD-18405,2023-04-24,Apparel,Pants,North,On-Time,3,264.29,622.28,0.05,48
ORD-18406,2023-04-04,Furniture,Tables,North,On-Time,5,288.16,329.09,0.45,118
ORD-18407,2023-01-20,Furniture,Tables,South,On-Time,2,113.09,151.04,0.05,60
ORD-18408,2023-08-03,Electronics,Audio,South,Delayed - Customs,5,141.34,172.61,0.0,82
ORD-18409,2023-06-12,Electronics,Accessories,South,Delayed - Customs,2,229.89,281.18,0.05,47
ORD-18410,2023-10-19,Electronics,Accessories,North,On-Time,4,189.54,421.89,0.0,44
ORD-18411,2023-01-06,Electronics,Audio,West,Delayed - Transit,4,333.15,373.19,0.05,83
ORD-18412,2023-10-11,Apparel,Footwear,West,On-Time,1,302.72,521.72,0.0,31
ORD-18413,2023-09-26,Electronics,Audio,South,On-Time,3,208.63,366.44,0.0,26
ORD-18414,2023-02-10,Electronics,Computers,South,On-Time,3,134.72,322.79,0.05,49
ORD-18415,2023-02-19,Electronics,Accessories,East,On-Time,5,83.7,159.76,0.05,51
ORD-18416,2023-12-23,Furniture,Chairs,West,On-Time,4,68.16,80.43,0.52,123
ORD-18417,2023-08-11,Furniture,Chairs,North,On-Time,1,335.38,399.42,0.54,140
ORD-18418,2023-02-03,Apparel,Footwear,West,On-Time,4,134.68,279.79,0.05,28
ORD-18419,2023-11-17,Electronics,Audio,North,On-Time,5,143.08,251.47,0.0,25
ORD-18420,2023-05-11,Furniture,Tables,East,Delayed - Transit,4,335.56,415.15,0.61,120
ORD-18421,2023-10-23,Electronics,Computers,South,Delayed - Transit,3,185.43,224.97,0.42,110
ORD-18422,2023-06-17,Electronics,Computers,North,On-Time,5,393.54,891.81,0.0,13
ORD-18423,2023-11-14,Apparel,Shirts,North,On-Time,1,109.92,256.69,0.05,41
ORD-18424,2023-10-05,Electronics,Computers,West,On-Time,2,118.83,233.4,0.0,31
ORD-18425,2023-08-29,Furniture,Chairs,South,On-Time,1,357.17,446.52,0.51,189
ORD-18426,2023-04-26,Electronics,Accessories,East,On-Time,5,220.48,422.78,0.05,33
ORD-18427,2023-07-25,Apparel,Pants,South,On-Time,3,178.82,294.83,0.05,2
ORD-18428,2023-02-08,Apparel,Footwear,East,On-Time,4,328.32,707.5,0.0,33
ORD-18429,2023-02-14,Furniture,Tables,West,On-Time,1,127.02,169.98,0.62,97
ORD-18430,2023-06-09,Apparel,Pants,South,Delayed - Transit,4,288.77,304.02,0.62,136
ORD-18431,2023-01-04,Electronics,Computers,West,On-Time,5,265.46,460.01,0.05,37
ORD-18432,2023-10-29,Apparel,Footwear,East,On-Time,2,193.78,396.06,0.05,22
ORD-18433,2023-12-19,Electronics,Computers,North,On-Time,5,335.99,639.04,0.05,32
ORD-18434,2023-12-18,Electronics,Accessories,South,On-Time,5,104.16,173.29,0.05,22
ORD-18435,2023-09-28,Furniture,Desks,West,On-Time,4,75.8,96.56,0.49,145
ORD-18436,2023-01-28,Electronics,Computers,North,On-Time,5,257.59,508.85,0.05,16
ORD-18437,2023-03-25,Apparel,Footwear,North,Delayed - Customs,2,56.63,75.45,0.65,90
ORD-18438,2023-09-18,Apparel,,East,On-Time,4,66.54,148.59,0.05,18
ORD-18439,2023-05-21,Furniture,Chairs,West,Delayed - Transit,4,209.73,262.79,0.5,152
ORD-18440,2023-03-31,Furniture,Desks,North,On-Time,1,140.79,153.13,0.61,106
ORD-18441,2023-09-15,Furniture,Desks,South,On-Time,3,70.29,77.17,0.37,104
ORD-18442,2023-06-08,Electronics,Audio,South,On-Time,5,116.7,228.16,0.0,13
ORD-18443,2023-04-13,Apparel,Shirts,South,On-Time,3,367.34,672.15,0.05,33
ORD-18444,2023-01-02,Electronics,Accessories,West,On-Time,4,162.29,379.72,0.05,11
ORD-18445,2023-11-21,Furniture,Desks,South,On-Time,5,121.28,155.36,0.45,106
ORD-18446,2023-11-25,Electronics,Audio,South,On-Time,1,63.35,138.66,0.0,47
ORD-18447,2023-11-28,Electronics,Computers,South,Delayed - Customs,2,49.32,65.44,0.37,137
ORD-18448,2023-06-26,Apparel,Footwear,East,On-Time,4,353.85,846.04,0.05,30
ORD-18449,2023-08-26,Furniture,Desks,South,On-Time,4,335.52,411.62,0.4,113
ORD-18450,2023-01-23,Electronics,Accessories,North,On-Time,3,41.31,80.82,0.0,43
ORD-18451,2023-09-15,Apparel,Pants,East,Delayed - Transit,2,368.1,487.83,0.43,138
ORD-18452,2023-07-04,Apparel,Pants,East,Delayed - Transit,5,310.82,383.36,0.57,136
ORD-18453,2023-09-28,Apparel,Shirts,South,On-Time,1,354.48,637.06,0.05,27
ORD-18454,2023-06-09,Apparel,Shirts,South,On-Time,3,251.57,440.01,0.0,40
ORD-18455,2023-01-03,Apparel,Footwear,West,On-Time,1,381.47,848.57,0.05,53
ORD-18456,2023-09-29,Electronics,Audio,South,On-Time,5,64.21,108.72,0.05,33
ORD-18457,2023-07-31,Apparel,Footwear,West,Delayed - Transit,4,190.3,215.04,0.52,155
ORD-18458,2023-11-16,Apparel,Pants,North,On-Time,2,103.35,198.7,0.05,20
ORD-18459,2023-07-02,Electronics,Audio,East,Delayed - Customs,4,340.62,421.14,0.37,110
ORD-18460,2023-10-11,Furniture,Desks,East,Delayed - Transit,5,247.79,287.59,0.65,115
ORD-18461,2023-02-22,Furniture,Desks,North,On-Time,2,330.19,367.93,0.0,76
ORD-18462,2023-07-11,Electronics,,North,On-Time,4,60.19,110.66,0.05,8
ORD-18463,2023-02-10,Furniture,Tables,South,On-Time,3,356.18,395.35,0.58,130
ORD-18464,2023-10-14,Furniture,Desks,West,Delayed - Transit,4,137.6,164.91,0.43,139
ORD-18465,2023-08-31,Furniture,Desks,South,On-Time,3,99.45,110.44,0.54,119
ORD-18466,2023-12-04,Apparel,Footwear,West,Delayed - Transit,4,121.13,150.09,0.44,125
ORD-18467,2023-11-02,Apparel,Shirts,East,On-Time,4,37.94,63.13,0.05,27
ORD-18468,2023-10-26,Furniture,Chairs,South,On-Time,3,355.18,421.19,0.49,109
ORD-18469,2023-02-02,Furniture,Chairs,South,On-Time,3,255.36,309.96,0.57,88
ORD-18470,2023-09-05,Apparel,Shirts,East,On-Time,5,201.52,441.44,0.0,33
ORD-18471,2023-10-18,Apparel,Footwear,South,On-Time,2,22.32,36.32,0.05,35
ORD-18472,2023-09-09,Electronics,Audio,West,On-Time,1,137.95,257.7,0.05,27
ORD-18473,2023-06-02,Furniture,Tables,South,On-Time,3,377.97,398.34,0.43,127
ORD-18474,2023-04-13,Apparel,Shirts,North,On-Time,5,338.24,678.96,0.0,9
ORD-18475,2023-09-06,Furniture,Chairs,North,On-Time,2,239.03,317.89,0.48,139
ORD-18476,2023-12-07,Apparel,Shirts,West,On-Time,1,138.36,291.45,0.05,37
ORD-18477,2023-01-23,Furniture,Desks,West,Delayed - Transit,2,384.1,459.28,0.05,82
ORD-18478,2023-10-10,Apparel,Pants,East,On-Time,5,245.18,401.16,0.0,30
ORD-18479,2023-01-24,Furniture,Chairs,North,On-Time,1,194.69,221.32,0.36,153
ORD-18480,2023-12-03,Electronics,Audio,West,On-Time,4,61.91,133.85,0.05,8
ORD-18481,2023-01-21,Apparel,Pants,West,Delayed - Transit,2,156.35,187.35,0.49,92
ORD-18482,2023-03-23,Furniture,Chairs,East,Delayed - Transit,4,266.8,309.43,0.62,148
ORD-18483,2023-04-18,Furniture,Tables,North,Delayed - Customs,2,350.68,376.83,0.44,111
ORD-18484,2023-11-19,Furniture,Desks,East,On-Time,1,23.35,26.86,0.49,156
ORD-18485,2023-09-21,Apparel,Footwear,North,Delayed - Transit,1,207.12,267.0,0.45,86
ORD-18486,2023-05-10,Furniture,Desks,East,On-Time,4,291.53,376.33,0.55,149
ORD-18487,2023-06-11,Electronics,Accessories,West,Delayed - Transit,1,165.58,203.25,0.56,177
ORD-18488,2023-07-17,Electronics,Accessories,North,On-Time,2,37.33,68.0,0.05,35
ORD-18489,2023-04-19,Apparel,Shirts,West,On-Time,4,288.42,594.94,0.05,32
ORD-18490,2023-01-29,Furniture,Chairs,West,On-Time,2,156.12,206.15,0.46,96
ORD-18491,2023-09-12,Furniture,Desks,East,On-Time,2,367.85,480.93,0.4,112
ORD-18492,2023-08-19,Apparel,,North,On-Time,3,250.32,425.33,0.0,12
ORD-18493,2023-07-13,Apparel,Footwear,North,On-Time,3,265.53,564.4,0.0,23
ORD-18494,2023-01-14,Furniture,Tables,North,On-Time,1,391.76,492.27,0.51,95
ORD-18495,2023-03-21,Apparel,Shirts,South,On-Time,3,195.63,408.92,0.05,48
ORD-18496,2023-10-04,Apparel,Footwear,North,On-Time,1,186.36,359.8,0.0,24
ORD-18497,2023-09-17,Furniture,Desks,West,On-Time,3,270.23,315.04,0.59,106
ORD-18498,2023-06-18,Furniture,Desks,East,On-Time,3,336.42,433.33,0.61,108
ORD-18499,2023-07-09,Furniture,Desks,East,On-Time,1,345.66,367.46,0.62,114
ORD-18500,2023-01-27,Furniture,Tables,West,On-Time,4,39.13,45.82,0.58,123
ORD-18501,2023-10-22,Electronics,Accessories,South,On-Time,5,167.32,395.74,0.05,44
ORD-18502,2023-06-01,Electronics,Audio,North,On-Time,4,176.22,345.97,0.05,22
ORD-18503,2023-12-02,Furniture,Desks,South,On-Time,3,334.43,439.57,0.65,141
ORD-18504,2023-10-01,Electronics,Computers,South,On-Time,5,315.77,668.68,0.05,34
ORD-18505,2023-08-09,Furniture,Desks,West,Delayed - Customs,2,207.0,226.25,0.64,120
ORD-18506,2023-07-25,Electronics,Accessories,North,On-Time,4,102.72,224.52,0.05,22
ORD-18507,2023-01-14,Furniture,Tables,East,On-Time,1,280.19,322.5,0.62,87
ORD-18508,2023-04-20,Furniture,Tables,East,Delayed - Transit,3,245.01,267.41,0.39,105
ORD-18509,2023-06-23,Furniture,Tables,West,On-Time,4,111.04,123.61,0.64,105
ORD-18510,2023-08-08,Furniture,Chairs,East,On-Time,4,19.45,23.39,0.05,82
ORD-18511,2023-05-05,Electronics,Audio,East,Delayed - Customs,5,344.92,451.45,0.62,103
ORD-18512,2023-06-17,Furniture,Desks,West,On-Time,4,34.81,42.69,0.48,146
ORD-18513,2023-12-06,Furniture,Chairs,South,On-Time,5,264.24,298.66,0.37,125
ORD-18514,2023-02-21,Apparel,Pants,East,On-Time,5,116.9,247.01,0.0,20
ORD-18515,2023-07-29,Furniture,Chairs,South,On-Time,5,301.85,387.65,0.52,127
ORD-18516,2023-02-03,Electronics,Accessories,West,On-Time,3,245.82,509.13,0.05,34
ORD-18517,2023-03-20,Apparel,Footwear,North,On-Time,5,196.92,462.09,0.05,32
ORD-18518,2023-05-22,Apparel,Shirts,East,On-Time,3,138.36,258.79,0.0,23
ORD-18519,2023-10-30,Electronics,Computers,South,Delayed - Transit,3,82.05,94.01,0.43,86
ORD-18520,2023-08-19,Apparel,Pants,West,On-Time,5,166.45,319.73,0.0,31
ORD-18521,2023-07-29,Electronics,Computers,West,On-Time,4,289.8,666.2,0.05,25
ORD-18522,2023-12-12,Apparel,Pants,West,On-Time,5,280.49,471.91,0.0,39
ORD-18523,2023-03-14,Electronics,Computers,West,On-Time,3,297.49,583.38,0.05,23
ORD-18524,2023-08-26,Electronics,Computers,West,On-Time,1,34.32,63.13,0.05,45
ORD-18525,2023-04-18,Furniture,Chairs,North,On-Time,3,137.69,153.88,0.53,121
ORD-18526,2023-12-04,Apparel,Shirts,East,Delayed - Customs,4,379.11,504.23,0.38,139
ORD-18527,2023-01-07,Apparel,Pants,North,On-Time,5,339.06,549.63,0.05,28
ORD-18528,2023-10-05,Electronics,Accessories,South,On-Time,5,179.25,420.78,0.05,1
ORD-18529,2023-09-07,Apparel,Footwear,East,On-Time,4,172.33,364.3,0.0,26
ORD-18530,2023-08-17,Furniture,Desks,North,Delayed - Customs,3,186.83,225.58,0.41,119
ORD-18531,2023-09-19,Apparel,Pants,East,On-Time,1,296.17,556.22,0.05,29
ORD-18532,2023-09-17,Electronics,Computers,South,Delayed - Transit,1,55.18,61.35,0.45,114
ORD-18533,2023-02-17,Furniture,,West,On-Time,2,264.7,325.45,0.45,116
ORD-18534,2023-04-03,Apparel,Shirts,South,Delayed - Customs,3,295.49,370.1,0.49,144
ORD-18535,2023-08-05,Furniture,Chairs,East,On-Time,5,135.56,159.11,0.64,116
ORD-18536,2023-10-01,Electronics,Accessories,East,On-Time,4,37.93,81.85,0.0,17
ORD-18537,2023-03-04,Furniture,Desks,East,On-Time,1,160.7,209.69,0.0,70
ORD-18538,2023-10-18,Apparel,Pants,East,On-Time,1,152.8,285.74,0.0,50
ORD-18539,2023-11-12,Electronics,,East,Delayed - Customs,5,321.8,413.01,0.53,124
ORD-18540,2023-02-20,Electronics,Computers,East,On-Time,5,395.02,864.45,0.05,28
ORD-18541,2023-04-27,Electronics,Audio,West,Delayed - Customs,3,209.73,228.34,0.0,58
ORD-18542,2023-03-24,Apparel,Shirts,East,On-Time,2,116.03,219.85,0.05,39
ORD-18543,2023-02-07,Furniture,Tables,West,Delayed - Transit,2,312.96,346.31,0.4,112
ORD-18544,2023-06-22,Electronics,Accessories,North,On-Time,1,356.79,571.13,0.0,9
ORD-18545,2023-10-20,Furniture,Desks,East,Delayed - Transit,3,36.06,45.2,0.55,127
ORD-18546,2023-07-24,Furniture,Desks,South,On-Time,5,82.47,88.64,0.43,159
ORD-18547,2023-04-13,Apparel,Pants,North,Delayed - Transit,1,214.03,254.66,0.45,135
ORD-18548,2023-09-20,Furniture,Desks,North,On-Time,1,374.92,460.64,0.48,112
ORD-18549,2023-12-26,Electronics,Computers,South,Delayed - Customs,5,388.65,417.91,0.64,155
ORD-18550,2023-06-15,Apparel,Shirts,South,On-Time,4,311.54,695.92,0.0,37
ORD-18551,2023-10-04,Electronics,Audio,North,On-Time,4,97.94,229.16,0.05,39
ORD-18552,2023-05-19,Furniture,Chairs,North,On-Time,1,172.39,224.48,0.36,131
ORD-18553,2023-02-01,Electronics,Accessories,East,Delayed - Transit,4,111.3,118.64,0.55,120
ORD-18554,2023-11-25,Furniture,Desks,South,On-Time,1,377.16,496.31,0.52,152
ORD-18555,2023-06-14,Furniture,,South,On-Time,4,247.57,316.66,0.51,95
ORD-18556,2023-11-18,Electronics,Audio,West,On-Time,3,188.67,340.59,0.05,29
ORD-18557,2023-05-22,Electronics,Audio,East,On-Time,2,41.7,85.33,0.05,9
ORD-18558,2023-05-22,Electronics,Computers,West,On-Time,2,120.03,213.63,0.05,33
ORD-18559,2023-06-21,Apparel,Footwear,South,On-Time,1,381.3,862.56,0.0,1
ORD-18560,2023-07-26,Apparel,Footwear,South,On-Time,2,203.16,487.11,0.05,19
ORD-18561,2023-12-22,Furniture,Chairs,West,On-Time,3,191.12,212.2,0.37,107
ORD-18562,2023-03-04,Apparel,Footwear,South,On-Time,3,97.94,183.45,0.05,33
ORD-18563,2023-12-07,Furniture,Chairs,North,Delayed - Transit,1,164.47,202.93,0.53,107
ORD-18564,2023-10-20,Electronics,Audio,East,On-Time,1,224.55,403.86,0.0,38
ORD-18565,2023-05-26,Electronics,Audio,West,Delayed - Customs,5,354.66,417.14,0.37,117
ORD-18566,2023-03-26,Furniture,Desks,West,On-Time,5,355.95,417.55,0.44,111
ORD-18567,2023-02-15,Furniture,Chairs,East,Delayed - Transit,5,326.76,433.78,0.61,164
ORD-18568,2023-03-14,Apparel,Footwear,West,On-Time,3,234.68,532.94,0.05,32
ORD-18569,2023-05-15,Electronics,Audio,North,On-Time,5,43.76,100.55,0.05,28
ORD-18570,2023-03-20,Electronics,Accessories,West,On-Time,1,382.06,790.06,0.0,42
ORD-18571,2023-09-02,Electronics,Audio,East,Delayed - Transit,2,76.88,86.97,0.48,146
ORD-18572,2023-05-17,Apparel,Shirts,West,On-Time,5,347.22,598.81,0.05,22
ORD-18573,2023-03-12,Furniture,Chairs,North,On-Time,4,143.98,188.94,0.42,94
ORD-18574,2023-04-17,Furniture,Tables,East,On-Time,1,118.65,151.78,0.48,128
ORD-18575,2023-10-11,Apparel,Footwear,East,On-Time,3,117.21,247.15,0.05,46
ORD-18576,2023-04-26,Electronics,Accessories,East,On-Time,5,376.09,770.22,0.0,33
ORD-18577,2023-06-09,Apparel,Shirts,East,On-Time,1,378.75,881.86,0.05,25
ORD-18578,2023-02-14,Furniture,Desks,East,On-Time,4,151.9,165.19,0.54,154
ORD-18579,2023-11-19,Furniture,Desks,North,On-Time,1,140.87,182.83,0.52,127
ORD-18580,2023-04-10,Apparel,Pants,East,On-Time,4,256.46,412.34,0.05,38
ORD-18581,2023-11-17,Electronics,Accessories,East,On-Time,4,22.63,42.73,0.05,31
ORD-18582,2023-02-21,Electronics,Computers,East,On-Time,1,148.94,272.27,0.0,36
ORD-18583,2023-04-14,Apparel,Pants,North,Delayed - Customs,1,121.3,132.33,0.42,95
ORD-18584,2023-12-16,Apparel,Shirts,South,On-Time,4,353.8,807.04,0.0,46
ORD-18585,2023-08-05,Electronics,Audio,East,On-Time,4,248.44,524.66,0.0,28
ORD-18586,2023-02-06,Apparel,Footwear,South,Delayed - Transit,2,52.29,64.42,0.44,106
ORD-18587,2023-11-22,Apparel,Shirts,East,On-Time,5,152.91,348.88,0.0,43
ORD-18588,2023-11-23,Apparel,Pants,East,On-Time,4,29.81,62.59,0.0,12
ORD-18589,2023-04-14,Electronics,Computers,East,On-Time,4,30.67,68.52,0.0,25
ORD-18590,2023-09-27,Electronics,Audio,North,On-Time,5,22.35,36.52,0.05,15
ORD-18591,2023-12-17,Apparel,Pants,North,Delayed - Transit,3,272.74,321.04,0.53,121
ORD-18592,2023-06-22,Electronics,Audio,West,On-Time,4,158.63,254.64,0.05,36
ORD-18593,2023-09-19,Apparel,Shirts,South,Delayed - Transit,1,69.83,83.15,0.38,135
ORD-18594,2023-11-19,Furniture,Desks,South,On-Time,1,350.1,423.51,0.46,139
ORD-18595,2023-09-09,Furniture,Chairs,North,Delayed - Transit,5,145.16,172.36,0.36,135
ORD-18596,2023-01-13,Apparel,Shirts,West,On-Time,2,286.05,678.53,0.05,35
ORD-18597,2023-08-27,Furniture,Tables,North,On-Time,4,282.03,364.92,0.53,104
ORD-18598,2023-06-10,Apparel,Pants,North,On-Time,1,310.62,520.16,0.0,30
ORD-18599,2023-07-07,Furniture,Chairs,East,On-Time,1,74.15,80.18,0.0,75
ORD-18600,2023-09-06,Furniture,Chairs,West,Delayed - Transit,3,361.32,400.97,0.38,119
ORD-18601,2023-04-19,Electronics,Audio,North,On-Time,1,94.33,193.27,0.05,5
ORD-18602,2023-12-26,Apparel,Shirts,West,On-Time,1,285.36,479.96,0.05,14
ORD-18603,2023-06-04,Electronics,Computers,West,On-Time,1,259.66,538.03,0.0,40
ORD-18604,2023-12-11,Electronics,Computers,West,Delayed - Transit,1,325.73,401.15,0.44,116
ORD-18605,2023-11-06,Electronics,Audio,South,On-Time,5,214.72,509.74,0.0,45
ORD-18606,2023-10-14,Apparel,Footwear,West,On-Time,5,25.03,44.09,0.0,44
ORD-18607,2023-10-08,Apparel,Shirts,East,On-Time,3,304.82,502.68,0.05,48
ORD-18608,2023-10-16,Furniture,Desks,West,On-Time,1,354.06,419.84,0.41,156
ORD-18609,2023-12-01,Apparel,Footwear,East,Delayed - Transit,3,25.18,29.38,0.57,111
ORD-18610,2023-05-01,Apparel,Pants,East,On-Time,4,346.61,578.37,0.0,31
ORD-18611,2023-02-15,Electronics,Audio,South,Delayed - Transit,5,131.22,165.04,0.52,97
ORD-18612,2023-11-25,Apparel,Footwear,West,On-Time,4,229.14,533.52,0.05,36
ORD-18613,2023-12-31,Electronics,Accessories,East,Delayed - Transit,2,171.37,185.92,0.56,86
ORD-18614,2023-07-10,Apparel,Shirts,West,On-Time,3,180.78,328.72,0.0,33
ORD-18615,2023-05-23,Furniture,Chairs,South,On-Time,5,134.86,144.11,0.43,120
ORD-18616,2023-06-29,Electronics,Computers,West,On-Time,3,121.6,251.18,0.0,48
ORD-18617,2023-01-31,Furniture,Tables,West,On-Time,5,380.11,501.83,0.46,88
ORD-18618,2023-09-11,Apparel,Shirts,West,Delayed - Transit,5,55.78,69.38,0.51,98
ORD-18619,2023-06-21,Electronics,Audio,South,On-Time,1,75.97,144.42,0.0,19
ORD-18620,2023-08-04,Furniture,,North,On-Time,3,263.85,300.17,0.42,155
ORD-18621,2023-02-02,Apparel,Shirts,West,On-Time,2,256.68,448.76,0.0,36
ORD-18622,2023-10-22,Furniture,Tables,East,Delayed - Transit,3,54.57,58.96,0.39,121
ORD-18623,2023-12-04,Electronics,Accessories,East,On-Time,3,80.84,137.16,0.0,3
ORD-18624,2023-05-27,Furniture,Desks,South,On-Time,2,166.82,209.49,0.44,126
ORD-18625,2023-11-25,Furniture,Desks,West,On-Time,5,310.04,385.21,0.58,98
ORD-18626,2023-06-11,Apparel,Footwear,North,Delayed - Transit,5,321.59,414.01,0.55,135
ORD-18627,2023-01-14,Electronics,Accessories,North,Delayed - Transit,2,237.5,289.06,0.37,115
ORD-18628,2023-02-05,Electronics,Computers,North,Delayed - Transit,5,294.31,360.54,0.0,59
ORD-18629,2023-01-31,Furniture,Chairs,West,Delayed - Transit,2,392.0,500.94,0.53,153
ORD-18630,2023-07-19,Furniture,Tables,West,On-Time,2,305.97,377.08,0.56,128
ORD-18631,2023-03-14,Electronics,Accessories,West,Delayed - Customs,4,323.72,382.1,0.36,114
ORD-18632,2023-06-04,Apparel,Footwear,North,Delayed - Transit,1,323.85,354.76,0.57,101
ORD-18633,2023-03-13,Apparel,Pants,West,Delayed - Transit,2,70.1,93.39,0.56,96
ORD-18634,2023-07-24,Furniture,Chairs,East,Delayed - Transit,5,336.24,359.86,0.05,84
ORD-18635,2023-01-15,Electronics,Audio,North,On-Time,1,294.62,523.9,0.05,46
ORD-18636,2023-03-20,Apparel,Pants,West,On-Time,4,238.45,506.07,0.05,19
ORD-18637,2023-03-13,Apparel,Footwear,West,On-Time,1,164.29,328.77,0.0,45
ORD-18638,2023-12-03,Apparel,Shirts,South,On-Time,5,287.96,649.85,0.05,21
ORD-18639,2023-02-20,Furniture,Chairs,North,On-Time,5,306.22,357.21,0.05,81
ORD-18640,2023-07-10,Electronics,Computers,North,On-Time,1,213.17,343.89,0.05,43
ORD-18641,2023-12-17,Electronics,Computers,North,On-Time,3,106.76,217.77,0.05,42
ORD-18642,2023-10-22,Electronics,Accessories,North,On-Time,5,364.49,769.6,0.05,41
ORD-18643,2023-02-16,Electronics,Accessories,East,On-Time,4,292.26,509.45,0.05,23
ORD-18644,2023-08-03,Electronics,Audio,North,On-Time,4,370.27,661.78,0.0,11
ORD-18645,2023-06-13,Furniture,Chairs,East,On-Time,3,84.97,106.5,0.43,90
ORD-18646,2023-09-17,Furniture,Desks,North,On-Time,4,300.29,399.66,0.43,90
ORD-18647,2023-03-09,Electronics,Computers,West,On-Time,1,282.02,492.79,0.0,26
ORD-18648,2023-03-06,Apparel,Footwear,South,On-Time,2,75.93,141.04,0.05,19
ORD-18649,2023-06-21,Electronics,Accessories,West,On-Time,5,137.92,282.43,0.0,29
ORD-18650,2023-08-25,Furniture,Tables,South,Delayed - Customs,3,224.9,298.34,0.52,134
ORD-18651,2023-05-28,Electronics,Computers,East,On-Time,1,144.33,243.42,0.05,48
ORD-18652,2023-11-18,Apparel,Footwear,East,On-Time,4,299.25,536.09,0.05,37
ORD-18653,2023-08-27,Electronics,Computers,East,On-Time,4,142.59,268.77,0.05,38
ORD-18654,2023-06-16,Furniture,Chairs,South,On-Time,1,290.95,334.93,0.52,120
ORD-18655,2023-05-22,Apparel,Shirts,South,On-Time,2,180.21,340.11,0.0,45
ORD-18656,2023-12-13,Electronics,Computers,East,On-Time,1,143.12,246.19,0.05,19
ORD-18657,2023-05-21,Electronics,Computers,West,On-Time,1,367.5,617.8,0.0,39
ORD-18658,2023-10-05,Electronics,Audio,South,Delayed - Transit,5,189.24,234.57,0.41,129
ORD-18659,2023-02-22,Apparel,Footwear,South,On-Time,2,61.57,147.43,0.05,41
ORD-18660,2023-04-23,Electronics,Computers,North,On-Time,2,119.88,214.39,0.0,26
ORD-18661,2023-08-07,Apparel,Footwear,East,On-Time,2,142.93,340.75,0.0,19
ORD-18662,2023-11-20,Electronics,Accessories,South,On-Time,2,351.08,753.21,0.05,28
ORD-18663,2023-03-09,Apparel,Shirts,West,On-Time,1,174.56,285.03,0.05,18
ORD-18664,2023-09-20,Electronics,Computers,South,On-Time,4,375.07,824.91,0.0,29
ORD-18665,2023-07-20,Furniture,Desks,West,On-Time,4,249.79,286.9,0.05,66
ORD-18666,2023-02-05,Furniture,Tables,North,On-Time,4,138.19,175.22,0.51,121
ORD-18667,2023-08-29,Furniture,Desks,North,On-Time,4,98.96,127.69,0.36,134
ORD-18668,2023-11-26,Apparel,Footwear,South,On-Time,5,139.33,261.44,0.05,47
ORD-18669,2023-06-27,Furniture,Tables,South,On-Time,1,322.65,424.44,0.64,94
ORD-18670,2023-08-25,Apparel,Footwear,North,Delayed - Transit,1,377.11,501.18,0.0,85
ORD-18671,2023-03-07,Electronics,Accessories,East,Delayed - Transit,1,344.35,419.4,0.64,95
ORD-18672,2023-06-26,Electronics,Computers,North,On-Time,3,39.3,76.45,0.05,14
ORD-18673,2023-06-05,Electronics,Accessories,East,On-Time,5,70.77,136.48,0.05,28
ORD-18674,2023-01-18,Apparel,Shirts,North,On-Time,3,63.87,109.24,0.05,35
ORD-18675,2023-03-17,Apparel,Pants,North,On-Time,5,309.78,590.78,0.0,56
ORD-18676,2023-08-25,Electronics,Computers,West,On-Time,3,120.29,239.75,0.0,34
ORD-18677,2023-04-21,Electronics,,South,Delayed - Customs,2,377.22,496.56,0.58,110
ORD-18678,2023-06-28,Furniture,Desks,South,On-Time,4,167.44,211.07,0.47,113
ORD-18679,2023-01-15,Furniture,Chairs,East,On-Time,5,253.1,287.71,0.6,100
ORD-18680,2023-02-20,Electronics,Computers,North,On-Time,4,39.65,95.12,0.05,17
ORD-18681,2023-11-21,Apparel,Pants,South,On-Time,5,88.37,155.63,0.0,42
ORD-18682,2023-04-20,Electronics,Computers,South,On-Time,2,150.77,297.02,0.0,4
ORD-18683,2023-03-04,Apparel,Shirts,West,On-Time,2,106.62,207.03,0.05,11
ORD-18684,2023-02-26,Furniture,Chairs,East,On-Time,4,168.73,219.28,0.51,120
ORD-18685,2023-11-03,Furniture,Chairs,East,Delayed - Transit,1,173.53,232.34,0.54,119
ORD-18686,2023-10-11,Furniture,Desks,South,Delayed - Customs,5,323.32,384.12,0.49,88
ORD-18687,2023-02-28,Furniture,Tables,South,Delayed - Customs,3,222.27,252.92,0.44,130
ORD-18688,2023-03-21,Apparel,Shirts,South,On-Time,5,222.19,366.68,0.05,25
ORD-18689,2023-04-10,Electronics,Audio,South,Delayed - Transit,5,214.47,243.63,0.48,110
ORD-18690,2023-12-16,Electronics,Computers,East,On-Time,4,18.34,40.28,0.05,20
ORD-18691,2023-04-14,Furniture,,South,On-Time,4,157.23,198.41,0.57,122
ORD-18692,2023-10-25,Electronics,Audio,West,On-Time,1,283.85,458.68,0.05,55
ORD-18693,2023-03-20,Electronics,Accessories,West,On-Time,3,267.67,458.73,0.0,49
ORD-18694,2023-01-12,Apparel,Shirts,South,On-Time,2,79.47,167.86,0.0,36
ORD-18695,2023-01-03,Apparel,Pants,North,On-Time,2,272.24,490.71,0.0,50
ORD-18696,2023-01-19,Electronics,Computers,West,On-Time,2,259.0,495.26,0.05,34
ORD-18697,2023-04-03,Electronics,Accessories,South,Delayed - Customs,2,99.4,125.9,0.6,143
ORD-18698,2023-07-28,Electronics,Computers,East,On-Time,1,124.56,208.58,0.05,40
ORD-18699,2023-03-05,Electronics,Computers,West,Delayed - Customs,5,177.18,218.39,0.6,149
ORD-18700,2023-12-05,Furniture,Chairs,South,On-Time,1,60.52,80.07,0.55,145
ORD-18701,2023-11-20,Electronics,Accessories,East,On-Time,5,259.75,491.98,0.05,27
ORD-18702,2023-03-18,Apparel,Shirts,East,On-Time,1,116.14,250.17,0.05,15
ORD-18703,2023-09-02,Furniture,Tables,South,On-Time,4,316.05,338.69,0.62,125
ORD-18704,2023-10-04,Electronics,Computers,North,On-Time,5,169.96,326.45,0.0,41
ORD-18705,2023-06-05,Electronics,Computers,South,On-Time,5,350.54,744.95,0.0,45
ORD-18706,2023-07-05,Furniture,Chairs,West,Delayed - Transit,3,93.45,110.6,0.56,120
ORD-18707,2023-04-21,Electronics,Accessories,North,On-Time,5,137.98,251.5,0.05,43
ORD-18708,2023-12-09,Apparel,Shirts,East,On-Time,2,26.61,47.7,0.05,25
ORD-18709,2023-05-25,Apparel,Shirts,North,On-Time,5,393.91,787.85,0.05,39
ORD-18710,2023-09-26,Furniture,Tables,East,On-Time,2,252.97,315.04,0.42,124
ORD-18711,2023-12-19,Apparel,Pants,North,On-Time,3,134.37,265.1,0.0,24
ORD-18712,2023-04-03,Apparel,Shirts,North,On-Time,4,271.29,535.41,0.0,26
ORD-18713,2023-02-10,Furniture,,North,On-Time,4,37.41,40.12,0.54,89
ORD-18714,2023-12-24,Furniture,Desks,West,Delayed - Customs,4,248.39,291.89,0.36,97
ORD-18715,2023-01-09,Furniture,Chairs,South,Delayed - Customs,1,287.0,377.97,0.41,118
ORD-18716,2023-05-06,Furniture,Desks,South,On-Time,3,284.62,382.4,0.45,128
ORD-18717,2023-11-29,Apparel,Shirts,North,On-Time,3,84.09,147.47,0.05,44
ORD-18718,2023-08-05,Furniture,Chairs,West,On-Time,3,222.18,241.91,0.0,75
ORD-18719,2023-03-26,Electronics,Computers,North,On-Time,5,185.76,405.19,0.0,36
ORD-18720,2023-06-27,Furniture,Chairs,South,On-Time,1,346.22,408.99,0.38,138
ORD-18721,2023-01-17,Furniture,Tables,South,On-Time,3,291.54,370.59,0.43,150
ORD-18722,2023-02-01,Furniture,Desks,North,On-Time,3,207.02,246.22,0.61,115
ORD-18723,2023-06-17,Electronics,Computers,West,On-Time,3,253.64,500.76,0.0,26
ORD-18724,2023-12-21,Furniture,Desks,South,On-Time,2,247.09,312.99,0.44,116
ORD-18725,2023-10-25,Electronics,Accessories,North,Delayed - Transit,2,246.71,277.41,0.05,81
ORD-18726,2023-10-06,Furniture,Chairs,West,On-Time,2,171.51,181.74,0.56,91
ORD-18727,2023-06-18,Furniture,Desks,North,On-Time,1,383.51,440.17,0.05,67
ORD-18728,2023-12-07,Electronics,Computers,South,Delayed - Customs,3,306.52,336.87,0.38,138
ORD-18729,2023-01-08,Apparel,Shirts,West,On-Time,2,42.37,81.41,0.0,24
ORD-18730,2023-04-15,Electronics,Audio,West,On-Time,1,239.8,471.64,0.0,50
ORD-18731,2023-12-22,Electronics,Computers,North,Delayed - Transit,3,36.09,45.42,0.36,102
ORD-18732,2023-09-28,Apparel,Pants,South,Delayed - Transit,2,264.99,310.87,0.45,123
ORD-18733,2023-08-26,Apparel,Pants,South,On-Time,3,122.14,228.31,0.05,44
ORD-18734,2023-06-09,Apparel,Shirts,South,On-Time,4,358.85,742.3,0.0,45
ORD-18735,2023-05-29,Electronics,Accessories,North,On-Time,5,221.24,461.32,0.0,19
ORD-18736,2023-08-02,Electronics,Audio,East,On-Time,5,380.97,767.9,0.0,33
ORD-18737,2023-04-11,Furniture,Desks,West,Delayed - Customs,3,161.81,179.2,0.48,132
ORD-18738,2023-04-30,Furniture,Tables,East,On-Time,5,309.57,337.74,0.55,105
ORD-18739,2023-09-28,Electronics,Computers,West,On-Time,2,305.4,504.93,0.05,40
ORD-18740,2023-04-24,Furniture,Desks,East,On-Time,4,162.69,189.27,0.42,103
ORD-18741,2023-10-11,Electronics,Audio,East,On-Time,1,381.82,743.26,0.05,18
ORD-18742,2023-11-05,Furniture,Tables,East,Delayed - Customs,4,124.82,158.41,0.46,117
ORD-18743,2023-05-16,Furniture,Tables,West,On-Time,4,57.52,65.14,0.46,118
ORD-18744,2023-11-28,Furniture,Chairs,East,Delayed - Transit,4,227.47,288.44,0.51,136
ORD-18745,2023-02-24,Electronics,Computers,South,On-Time,3,235.24,542.89,0.05,42
ORD-18746,2023-10-18,Furniture,Desks,East,On-Time,3,165.53,223.37,0.62,95
ORD-18747,2023-05-16,Apparel,,South,On-Time,4,183.61,296.09,0.0,45
ORD-18748,2023-12-25,Apparel,Shirts,West,On-Time,4,305.6,621.7,0.05,20
ORD-18749,2023-04-27,Furniture,Desks,South,On-Time,2,35.93,42.38,0.65,139
ORD-18750,2023-07-06,Furniture,Tables,North,On-Time,1,355.13,431.47,0.41,112
ORD-18751,2023-03-23,Furniture,,North,On-Time,4,113.08,125.02,0.54,86
ORD-18752,2023-09-28,Apparel,Footwear,North,On-Time,4,263.79,518.61,0.0,30
ORD-18753,2023-09-24,Furniture,Desks,South,Delayed - Transit,4,301.21,404.25,0.65,120
ORD-18754,2023-04-02,Furniture,Chairs,West,Delayed - Transit,2,392.14,485.07,0.6,133
ORD-18755,2023-11-01,Apparel,Shirts,East,Delayed - Transit,3,126.51,170.67,0.44,146
ORD-18756,2023-01-23,Electronics,Audio,North,On-Time,5,71.12,161.67,0.05,23
ORD-18757,2023-11-08,Electronics,Audio,North,On-Time,1,264.89,516.9,0.0,24
ORD-18758,2023-03-28,Furniture,Tables,North,On-Time,5,235.83,286.53,0.62,107
ORD-18759,2023-05-29,Furniture,Chairs,West,On-Time,5,34.69,41.39,0.37,134
ORD-18760,2023-05-18,Electronics,Accessories,West,On-Time,3,364.75,819.43,0.05,33
ORD-18761,2023-01-14,Apparel,Footwear,West,On-Time,3,279.98,470.31,0.05,39
ORD-18762,2023-06-17,Furniture,Tables,North,On-Time,5,304.06,369.91,0.38,137
ORD-18763,2023-08-29,Furniture,Tables,West,On-Time,2,150.98,169.04,0.38,106
ORD-18764,2023-10-28,Electronics,Audio,North,On-Time,3,43.74,85.48,0.05,28
ORD-18765,2023-07-04,Electronics,Audio,South,Delayed - Customs,5,264.45,326.54,0.35,110
ORD-18766,2023-10-17,Furniture,Chairs,West,On-Time,4,224.02,281.72,0.56,142
ORD-18767,2023-11-07,Apparel,Pants,East,On-Time,4,202.5,458.5,0.0,45
ORD-18768,2023-06-07,Apparel,Pants,South,On-Time,5,76.61,144.09,0.05,43
ORD-18769,2023-11-30,Furniture,Tables,East,On-Time,5,208.23,264.14,0.4,123
ORD-18770,2023-10-16,Electronics,Audio,West,On-Time,1,77.35,182.58,0.05,38
ORD-18771,2023-10-01,Electronics,Accessories,North,On-Time,2,184.7,298.63,0.05,21
ORD-18772,2023-06-03,Apparel,Footwear,South,On-Time,1,259.88,462.2,0.0,12
ORD-18773,2023-07-02,Furniture,Chairs,South,Delayed - Transit,3,66.39,86.26,0.65,98
ORD-18774,2023-07-15,Furniture,Chairs,West,On-Time,4,247.94,314.39,0.36,141
ORD-18775,2023-01-15,Furniture,Tables,West,On-Time,2,17.7,20.61,0.55,120
ORD-18776,2023-11-15,Apparel,Shirts,East,On-Time,2,165.06,326.51,0.05,32
ORD-18777,2023-09-10,Furniture,Tables,South,On-Time,1,294.11,347.02,0.41,133
ORD-18778,2023-09-15,Electronics,Audio,South,Delayed - Transit,4,279.11,311.73,0.48,121
ORD-18779,2023-09-12,Electronics,Computers,South,On-Time,2,228.78,465.63,0.05,15
ORD-18780,2023-05-08,Apparel,Pants,North,Delayed - Transit,1,168.72,207.77,0.49,130
ORD-18781,2023-02-11,Furniture,Chairs,East,On-Time,3,265.26,304.98,0.45,102
ORD-18782,2023-12-10,Electronics,Accessories,South,On-Time,4,359.51,666.67,0.0,46
ORD-18783,2023-11-16,Furniture,Chairs,North,On-Time,2,31.0,41.02,0.42,110
ORD-18784,2023-03-17,Electronics,Accessories,North,On-Time,1,200.36,466.61,0.0,28
ORD-18785,2023-09-24,Apparel,Pants,West,Delayed - Customs,3,334.69,399.44,0.47,94
ORD-18786,2023-10-04,Furniture,Desks,North,On-Time,5,72.12,88.68,0.39,122
ORD-18787,2023-10-21,Electronics,Audio,East,On-Time,4,317.21,655.59,0.05,29
ORD-18788,2023-07-18,Apparel,Shirts,West,Delayed - Customs,4,20.75,25.74,0.58,100
ORD-18789,2023-05-04,Apparel,Shirts,South,Delayed - Transit,1,322.91,373.93,0.48,129
ORD-18790,2023-07-27,Apparel,,East,On-Time,3,310.51,621.45,0.05,31
ORD-18791,2023-12-01,Apparel,Footwear,West,On-Time,1,194.17,330.82,0.05,35
ORD-18792,2023-06-24,Electronics,Accessories,South,Delayed - Customs,5,51.48,56.73,0.62,133
ORD-18793,2023-11-16,Electronics,Accessories,North,On-Time,4,300.59,533.91,0.05,22
ORD-18794,2023-01-20,Electronics,Accessories,West,On-Time,1,130.21,292.72,0.0,27
ORD-18795,2023-11-25,Apparel,Pants,West,On-Time,1,20.29,35.83,0.0,30
ORD-18796,2023-04-22,Apparel,Shirts,South,On-Time,2,135.8,218.1,0.05,28
ORD-18797,2023-11-21,Furniture,Chairs,North,On-Time,2,292.44,384.39,0.46,115
ORD-18798,2023-12-24,Apparel,Pants,North,On-Time,1,388.11,894.21,0.05,54
ORD-18799,2023-11-14,Electronics,Computers,North,On-Time,3,226.81,413.23,0.0,40
ORD-18800,2023-02-11,Apparel,Pants,South,On-Time,5,351.65,592.56,0.05,50
ORD-18801,2023-03-04,Furniture,Desks,East,On-Time,4,39.14,44.11,0.39,103
ORD-18802,2023-04-18,Apparel,Pants,West,On-Time,1,63.49,137.34,0.0,24
ORD-18803,2023-10-16,Electronics,Computers,South,On-Time,5,134.02,277.42,0.0,41
ORD-18804,2023-11-22,Electronics,Computers,East,On-Time,4,236.12,549.75,0.05,8
ORD-18805,2023-04-13,Apparel,Pants,West,On-Time,2,51.54,89.14,0.0,33
ORD-18806,2023-04-17,Electronics,Accessories,East,On-Time,1,72.62,172.69,0.0,20
ORD-18807,2023-12-10,Furniture,Tables,East,Delayed - Transit,3,185.05,201.96,0.4,92
ORD-18808,2023-02-07,Apparel,Shirts,West,On-Time,2,167.91,308.36,0.0,22
ORD-18809,2023-07-15,Furniture,Chairs,North,On-Time,2,290.7,389.21,0.59,99
ORD-18810,2023-08-25,Furniture,Desks,East,On-Time,2,125.7,139.35,0.61,116
ORD-18811,2023-07-13,Furniture,Chairs,East,On-Time,1,263.74,356.02,0.44,88
ORD-18812,2023-08-29,Apparel,Footwear,North,On-Time,4,52.32,85.62,0.05,51
ORD-18813,2023-04-02,Furniture,Desks,South,Delayed - Customs,5,175.02,189.09,0.36,118
ORD-18814,2023-03-27,Electronics,Computers,West,On-Time,5,374.82,852.47,0.05,33
ORD-18815,2023-12-19,Electronics,Accessories,South,On-Time,5,133.67,292.27,0.0,10
ORD-18816,2023-04-05,Furniture,Chairs,North,Delayed - Customs,4,300.99,379.65,0.52,125
ORD-18817,2023-05-14,Apparel,Pants,North,On-Time,4,74.17,170.65,0.05,18
ORD-18818,2023-06-22,Apparel,Shirts,North,On-Time,4,170.18,374.74,0.05,24
ORD-18819,2023-03-25,Electronics,Audio,East,On-Time,1,378.73,817.88,0.05,32
ORD-18820,2023-11-21,Apparel,Shirts,East,On-Time,5,174.93,337.27,0.0,27
ORD-18821,2023-04-12,Furniture,Desks,West,Delayed - Customs,2,328.02,403.08,0.0,54
ORD-18822,2023-03-03,Apparel,Shirts,South,On-Time,3,245.77,455.39,0.05,40
ORD-18823,2023-02-07,Electronics,Audio,East,Delayed - Transit,1,25.29,32.91,0.54,103
ORD-18824,2023-08-10,Apparel,Shirts,West,Delayed - Customs,5,112.26,143.96,0.6,125
ORD-18825,2023-05-18,Furniture,Chairs,South,On-Time,4,65.77,83.0,0.4,119
ORD-18826,2023-02-15,Electronics,Audio,North,On-Time,5,369.5,723.71,0.05,48
ORD-18827,2023-03-30,Electronics,Computers,South,On-Time,3,62.06,111.88,0.05,39
ORD-18828,2023-01-15,Apparel,Footwear,East,On-Time,1,91.61,215.34,0.05,49
ORD-18829,2023-09-10,Apparel,Pants,West,On-Time,2,303.24,558.06,0.05,45
ORD-18830,2023-06-17,Electronics,Computers,North,On-Time,1,393.77,880.16,0.05,36
ORD-18831,2023-09-06,Apparel,Pants,South,Delayed - Transit,2,204.0,227.47,0.45,135
ORD-18832,2023-01-25,Apparel,Footwear,South,Delayed - Transit,4,24.94,31.62,0.55,100
ORD-18833,2023-02-14,Electronics,Accessories,East,Delayed - Transit,3,118.17,154.84,0.0,61
ORD-18834,2023-08-01,Electronics,Computers,North,On-Time,1,59.8,137.79,0.05,10
ORD-18835,2023-05-27,Furniture,Tables,North,Delayed - Transit,4,80.31,100.94,0.41,101
ORD-18836,2023-11-03,Electronics,Computers,West,On-Time,5,300.74,528.31,0.05,26
ORD-18837,2023-02-08,Electronics,Accessories,West,On-Time,1,236.28,539.19,0.0,20
ORD-18838,2023-10-31,Furniture,,East,On-Time,3,257.19,279.75,0.52,108
ORD-18839,2023-05-01,Furniture,Tables,East,On-Time,2,148.37,171.6,0.51,122
ORD-18840,2023-07-21,Electronics,Computers,West,Delayed - Customs,3,88.38,117.88,0.38,138
ORD-18841,2023-07-07,Apparel,Pants,North,Delayed - Transit,3,193.64,221.44,0.44,104
ORD-18842,2023-11-16,Electronics,Accessories,South,On-Time,5,53.69,97.91,0.0,30
ORD-18843,2023-07-27,Apparel,Pants,South,On-Time,4,140.58,296.07,0.0,16
ORD-18844,2023-10-10,Apparel,,West,On-Time,5,80.1,149.05,0.05,54
ORD-18845,2023-07-08,Electronics,Computers,South,On-Time,1,135.45,237.54,0.0,35
ORD-18846,2023-09-28,Apparel,Pants,West,On-Time,5,364.17,829.11,0.05,44
ORD-18847,2023-03-06,Furniture,Chairs,East,On-Time,4,351.07,427.41,0.36,111
ORD-18848,2023-12-30,Electronics,Audio,South,On-Time,3,294.68,660.33,0.05,52
ORD-18849,2023-11-30,Electronics,Accessories,North,On-Time,3,236.89,556.48,0.0,15
ORD-18850,2023-08-25,Electronics,Accessories,East,On-Time,5,163.73,349.36,0.0,30
ORD-18851,2023-07-02,Electronics,Accessories,South,On-Time,2,186.08,426.51,0.0,38
ORD-18852,2023-10-01,Electronics,Audio,South,On-Time,1,219.08,371.64,0.05,15
ORD-18853,2023-09-11,Apparel,Shirts,South,On-Time,4,121.72,214.42,0.0,25
ORD-18854,2023-08-28,Apparel,Footwear,East,Delayed - Transit,5,307.6,336.42,0.48,122
ORD-18855,2023-12-30,Electronics,Audio,East,Delayed - Customs,1,294.2,387.71,0.48,110
ORD-18856,2023-01-13,Furniture,Desks,East,Delayed - Transit,3,379.96,511.43,0.65,93
ORD-18857,2023-03-17,Apparel,Pants,North,Delayed - Customs,2,249.41,298.35,0.49,95
ORD-18858,2023-01-17,Electronics,Accessories,North,Delayed - Customs,4,343.14,441.99,0.54,96
ORD-18859,2023-11-05,Furniture,Tables,South,Delayed - Transit,2,233.64,282.01,0.45,116
ORD-18860,2023-08-21,Furniture,Tables,East,Delayed - Customs,3,226.27,282.6,0.38,112
ORD-18861,2023-05-01,Electronics,Computers,North,On-Time,4,37.01,67.28,0.05,35
ORD-18862,2023-11-04,Apparel,Pants,West,On-Time,1,38.66,77.55,0.05,19
ORD-18863,2023-04-26,Apparel,Shirts,North,Delayed - Customs,2,309.76,368.08,0.43,109
ORD-18864,2023-05-16,Furniture,Desks,North,On-Time,2,82.22,96.82,0.37,153
ORD-18865,2023-09-09,Apparel,Footwear,East,On-Time,3,261.22,614.24,0.0,37
ORD-18866,2023-09-04,Apparel,Pants,West,On-Time,1,333.6,594.07,0.05,28
ORD-18867,2023-08-15,Furniture,Desks,West,On-Time,1,227.14,241.56,0.37,86
ORD-18868,2023-09-17,Furniture,Desks,North,On-Time,3,34.91,38.79,0.59,140
ORD-18869,2023-10-09,Apparel,Footwear,West,Delayed - Transit,4,265.53,279.49,0.37,135
ORD-18870,2023-09-06,Electronics,Audio,North,On-Time,1,133.98,231.74,0.05,11
ORD-18871,2023-07-04,Apparel,Shirts,East,On-Time,5,118.96,264.96,0.0,44
ORD-18872,2023-07-18,Electronics,Accessories,North,On-Time,3,160.36,319.96,0.0,30
ORD-18873,2023-03-08,Apparel,Footwear,North,On-Time,2,206.64,400.31,0.0,22
ORD-18874,2023-01-21,Electronics,Accessories,West,On-Time,1,397.06,862.67,0.0,21
ORD-18875,2023-12-15,Apparel,Shirts,West,Delayed - Transit,4,279.56,338.3,0.43,134
ORD-18876,2023-04-06,Electronics,Computers,North,On-Time,5,76.38,123.62,0.05,12
ORD-18877,2023-09-09,Furniture,,North,Delayed - Transit,2,280.94,340.05,0.35,144
ORD-18878,2023-03-19,Electronics,,West,On-Time,1,111.04,183.14,0.05,24
ORD-18879,2023-05-18,Furniture,Desks,East,On-Time,4,216.87,244.2,0.6,123
ORD-18880,2023-09-28,Electronics,Audio,North,On-Time,2,44.42,91.18,0.0,25
ORD-18881,2023-04-27,Furniture,Tables,East,On-Time,4,149.43,185.8,0.62,184
ORD-18882,2023-03-28,Apparel,Pants,East,Delayed - Transit,5,379.09,455.4,0.53,136
ORD-18883,2023-02-19,Electronics,Audio,North,On-Time,1,242.77,480.61,0.0,25
ORD-18884,2023-05-14,Apparel,Shirts,East,On-Time,3,398.98,826.19,0.0,25
ORD-18885,2023-02-26,Furniture,Chairs,West,Delayed - Customs,4,338.93,412.04,0.58,156
ORD-18886,2023-01-25,Electronics,Accessories,North,On-Time,1,227.18,395.88,0.0,48
ORD-18887,2023-11-21,Furniture,Chairs,East,On-Time,2,72.84,95.58,0.61,106
ORD-18888,2023-11-30,Electronics,Audio,East,On-Time,5,311.96,724.87,0.05,26
ORD-18889,2023-04-10,Apparel,Pants,South,Delayed - Transit,5,284.42,373.58,0.37,125
ORD-18890,2023-09-05,Apparel,Shirts,West,On-Time,5,131.57,296.24,0.0,17
ORD-18891,2023-04-15,Furniture,Tables,North,On-Time,1,250.24,280.8,0.64,92
ORD-18892,2023-07-05,Apparel,Footwear,South,On-Time,4,351.65,695.83,0.05,20
ORD-18893,2023-10-20,Electronics,Audio,West,On-Time,5,257.46,511.75,0.0,23
ORD-18894,2023-07-30,Electronics,Accessories,North,On-Time,5,369.76,639.95,0.0,37
ORD-18895,2023-05-13,Electronics,Computers,East,On-Time,2,41.01,85.71,0.05,28
ORD-18896,2023-02-06,Furniture,Chairs,East,Delayed - Customs,5,278.65,334.42,0.61,105
ORD-18897,2023-10-26,Electronics,Audio,South,Delayed - Customs,5,96.95,110.94,0.35,136
ORD-18898,2023-06-01,Furniture,Tables,West,Delayed - Customs,5,150.24,202.77,0.39,107
ORD-18899,2023-03-05,Apparel,Footwear,West,Delayed - Customs,3,109.11,141.33,0.43,131
ORD-18900,2023-12-16,Apparel,Shirts,South,On-Time,3,385.12,641.32,0.05,21
ORD-18901,2023-09-25,Electronics,Accessories,North,On-Time,2,68.13,154.26,0.0,38
ORD-18902,2023-03-01,Electronics,Computers,South,On-Time,1,325.21,525.07,0.05,48
ORD-18903,2023-03-06,Electronics,Audio,East,On-Time,5,293.54,683.91,0.0,9
ORD-18904,2023-01-29,Furniture,Tables,East,On-Time,1,197.91,225.61,0.54,121
ORD-18905,2023-06-29,Electronics,Audio,West,On-Time,2,82.81,169.31,0.0,29
ORD-18906,2023-12-17,Electronics,Audio,West,Delayed - Customs,4,76.21,92.68,0.05,74
ORD-18907,2023-03-12,Furniture,Chairs,West,On-Time,1,66.89,70.28,0.43,103
ORD-18908,2023-01-21,Furniture,Chairs,East,On-Time,3,330.74,403.83,0.6,113
ORD-18909,2023-10-16,Electronics,Computers,North,On-Time,2,307.46,550.69,0.0,38
ORD-18910,2023-05-26,Electronics,Audio,North,On-Time,3,390.04,851.88,0.0,17
ORD-18911,2023-12-22,Apparel,Pants,West,On-Time,5,213.51,380.57,0.0,15
ORD-18912,2023-07-25,Apparel,Footwear,West,Delayed - Customs,2,145.69,161.54,0.65,98
ORD-18913,2023-04-28,Apparel,Footwear,East,Delayed - Transit,5,297.89,335.34,0.41,142
ORD-18914,2023-05-08,Furniture,Chairs,East,On-Time,1,159.86,175.4,0.46,121
ORD-18915,2023-04-04,Apparel,Shirts,South,On-Time,2,256.01,431.65,0.05,18
ORD-18916,2023-07-01,Electronics,Audio,North,On-Time,1,114.62,202.66,0.05,16
ORD-18917,2023-11-18,Furniture,Chairs,North,On-Time,1,182.18,230.05,0.48,109
ORD-18918,2023-08-27,Electronics,Audio,East,On-Time,1,216.57,501.74,0.05,42
ORD-18919,2023-02-21,Furniture,Desks,South,On-Time,2,394.7,496.02,0.49,135
ORD-18920,2023-05-22,Electronics,Computers,West,On-Time,5,143.16,315.2,0.0,18
ORD-18921,2023-07-05,Apparel,Footwear,East,Delayed - Customs,3,171.2,204.71,0.0,71
ORD-18922,2023-10-04,Furniture,Tables,East,Delayed - Transit,2,362.12,384.36,0.45,99
ORD-18923,2023-06-21,Apparel,Footwear,East,On-Time,2,67.37,111.59,0.0,28
ORD-18924,2023-12-12,Electronics,Computers,North,Delayed - Transit,1,369.75,405.94,0.49,158
ORD-18925,2023-04-18,Furniture,Chairs,South,On-Time,5,89.58,101.73,0.51,99
ORD-18926,2023-03-10,Furniture,Tables,South,On-Time,3,234.84,294.51,0.51,111
ORD-18927,2023-11-23,Electronics,Accessories,North,On-Time,4,30.08,52.32,0.0,30
ORD-18928,2023-02-11,Furniture,Chairs,South,On-Time,5,169.93,220.1,0.53,130
ORD-18929,2023-10-27,Apparel,Footwear,South,On-Time,2,332.49,543.71,0.05,13
ORD-18930,2023-06-23,Furniture,Desks,West,On-Time,4,180.22,197.59,0.48,117
ORD-18931,2023-09-15,Apparel,Footwear,East,On-Time,5,220.75,499.16,0.05,44
ORD-18932,2023-10-12,Apparel,Pants,South,Delayed - Transit,3,212.72,281.23,0.0,53
ORD-18933,2023-11-18,Furniture,Tables,North,Delayed - Transit,3,50.54,63.94,0.47,120
ORD-18934,2023-12-04,Electronics,Accessories,North,On-Time,3,56.94,123.87,0.05,29
ORD-18935,2023-06-14,Furniture,Desks,North,On-Time,3,187.28,221.06,0.61,127
ORD-18936,2023-01-05,Furniture,Chairs,West,On-Time,1,313.18,344.03,0.58,109
ORD-18937,2023-02-20,Electronics,Audio,South,On-Time,1,198.29,378.28,0.0,44
ORD-18938,2023-05-26,Furniture,Tables,East,On-Time,5,104.63,119.42,0.51,125
ORD-18939,2023-10-22,Electronics,Computers,North,Delayed - Transit,1,336.9,376.4,0.36,102
ORD-18940,2023-11-25,Furniture,Tables,North,On-Time,2,166.01,188.84,0.57,122
ORD-18941,2023-05-01,Furniture,Tables,East,Delayed - Customs,3,124.55,168.12,0.53,99
ORD-18942,2023-05-23,Electronics,Computers,West,On-Time,5,207.35,465.48,0.0,30
ORD-18943,2023-11-27,Electronics,,South,On-Time,1,111.69,180.11,0.0,38
ORD-18944,2023-02-26,Electronics,Audio,East,On-Time,5,199.34,453.96,0.0,15
ORD-18945,2023-03-27,Furniture,Desks,North,On-Time,3,300.1,317.53,0.58,108
ORD-18946,2023-02-01,Furniture,Desks,East,On-Time,5,305.55,352.89,0.62,103
ORD-18947,2023-08-28,Electronics,Accessories,South,On-Time,2,384.01,784.78,0.0,35
ORD-18948,2023-06-16,Apparel,Pants,South,On-Time,3,227.73,367.6,0.05,31
ORD-18949,2023-12-20,Furniture,Tables,North,On-Time,1,130.23,137.1,0.51,113
ORD-18950,2023-07-11,Furniture,Chairs,West,On-Time,5,378.28,436.99,0.47,115
ORD-18951,2023-07-14,Furniture,Chairs,South,On-Time,2,272.38,340.82,0.65,119
ORD-18952,2023-07-17,Furniture,Desks,North,On-Time,4,184.39,238.94,0.52,120
ORD-18953,2023-03-05,Furniture,Desks,East,On-Time,1,24.22,32.17,0.65,144
ORD-18954,2023-04-07,Furniture,Tables,South,On-Time,3,133.24,151.66,0.62,139
ORD-18955,2023-10-03,Furniture,Chairs,South,On-Time,2,344.42,379.63,0.58,103
ORD-18956,2023-04-10,Apparel,Footwear,South,On-Time,4,58.05,131.5,0.05,43
ORD-18957,2023-10-08,Electronics,Audio,North,On-Time,2,238.96,539.0,0.0,26
ORD-18958,2023-11-18,Electronics,Computers,North,On-Time,4,320.91,723.24,0.05,41
ORD-18959,2023-04-16,Apparel,Pants,West,On-Time,4,120.03,207.41,0.05,55
ORD-18960,2023-06-06,Apparel,Pants,North,Delayed - Customs,3,399.19,496.75,0.63,124
ORD-18961,2023-05-30,Furniture,Tables,East,On-Time,5,188.06,200.25,0.44,168
ORD-18962,2023-05-21,Apparel,Footwear,West,On-Time,3,83.95,193.62,0.05,9
ORD-18963,2023-11-20,Apparel,Pants,West,On-Time,3,284.72,603.34,0.05,26
ORD-18964,2023-05-20,Apparel,Pants,West,Delayed - Transit,3,79.03,87.26,0.5,129
ORD-18965,2023-07-09,Apparel,Pants,North,Delayed - Customs,5,250.56,273.23,0.05,81
ORD-18966,2023-06-13,Electronics,Computers,South,On-Time,5,301.87,714.17,0.0,39
ORD-18967,2023-12-08,Electronics,Accessories,South,On-Time,2,373.04,668.0,0.05,17
ORD-18968,2023-01-28,Apparel,Footwear,West,On-Time,3,299.2,711.39,0.05,18
ORD-18969,2023-04-23,Apparel,Footwear,East,Delayed - Transit,2,336.4,429.75,0.44,100
ORD-18970,2023-10-05,Apparel,,North,Delayed - Transit,1,173.27,182.86,0.42,102
ORD-18971,2023-11-23,Apparel,Footwear,East,On-Time,5,23.67,48.86,0.0,44
ORD-18972,2023-10-30,Electronics,Audio,East,On-Time,5,352.29,793.39,0.05,20
ORD-18973,2023-10-07,Electronics,Audio,South,On-Time,4,222.14,473.07,0.05,46
ORD-18974,2023-01-06,Apparel,Footwear,East,On-Time,3,373.17,776.35,0.05,44
ORD-18975,2023-10-08,Furniture,Tables,South,On-Time,1,290.7,365.0,0.44,123
ORD-18976,2023-08-29,Apparel,Footwear,North,On-Time,1,210.53,476.53,0.0,30
ORD-18977,2023-04-21,Electronics,Accessories,North,Delayed - Transit,2,396.38,464.51,0.64,93
ORD-18978,2023-06-07,Furniture,Tables,North,On-Time,2,233.68,264.26,0.57,145
ORD-18979,2023-01-17,Electronics,Accessories,South,On-Time,1,146.96,266.74,0.05,26
ORD-18980,2023-09-18,Apparel,Pants,East,On-Time,3,368.56,744.96,0.05,34
ORD-18981,2023-05-16,Furniture,Desks,North,On-Time,3,233.25,260.83,0.55,140
ORD-18982,2023-09-26,Electronics,Audio,North,On-Time,5,310.16,585.54,0.0,34
ORD-18983,2023-12-20,Electronics,Computers,East,On-Time,5,376.65,660.1,0.05,30
ORD-18984,2023-01-30,Electronics,Accessories,North,On-Time,5,310.45,538.37,0.05,19
ORD-18985,2023-04-06,Apparel,Footwear,South,On-Time,5,272.53,455.56,0.05,25
ORD-18986,2023-10-29,Furniture,Chairs,East,On-Time,2,187.39,239.79,0.6,103
ORD-18987,2023-02-17,Furniture,Chairs,South,On-Time,3,311.98,389.16,0.63,114
ORD-18988,2023-07-23,Furniture,Desks,South,On-Time,1,288.18,365.86,0.61,107
ORD-18989,2023-06-06,Electronics,Computers,East,Delayed - Customs,2,149.33,163.73,0.46,198
ORD-18990,2023-10-13,Apparel,Shirts,South,On-Time,5,28.74,56.57,0.05,34
ORD-18991,2023-01-02,Apparel,Pants,South,Delayed - Customs,5,137.84,180.84,0.41,127
ORD-18992,2023-03-03,Furniture,Desks,South,On-Time,3,339.53,452.65,0.63,126
ORD-18993,2023-07-29,Apparel,Shirts,North,On-Time,2,399.81,777.02,0.0,48
ORD-18994,2023-03-04,Furniture,Tables,West,On-Time,1,147.47,167.24,0.58,110
ORD-18995,2023-10-06,Electronics,Audio,North,On-Time,5,41.5,88.14,0.0,38
ORD-18996,2023-02-26,Apparel,Shirts,North,On-Time,3,289.49,571.5,0.05,6
ORD-18997,2023-05-07,Electronics,Accessories,East,Delayed - Customs,4,68.98,82.07,0.55,107
ORD-18998,2023-06-30,Apparel,Shirts,West,On-Time,2,126.71,267.57,0.0,33
ORD-18999,2023-12-04,Electronics,Accessories,North,On-Time,3,214.58,383.05,0.05,24
ORD-19000,2023-09-07,Electronics,,East,On-Time,2,252.67,442.71,0.05,18
ORD-19001,2023-06-26,Electronics,Computers,North,On-Time,2,318.04,740.39,0.0,21
ORD-19002,2023-03-15,Electronics,Audio,South,On-Time,1,343.53,638.01,0.05,50
ORD-19003,2023-03-08,Furniture,Chairs,West,On-Time,5,325.28,418.26,0.57,139
ORD-19004,2023-03-27,Apparel,Footwear,East,On-Time,4,357.1,843.05,0.0,34
ORD-19005,2023-07-30,Apparel,Shirts,North,On-Time,5,341.75,662.05,0.0,37
ORD-19006,2023-11-23,Furniture,Tables,North,On-Time,4,73.67,84.44,0.47,112
ORD-19007,2023-02-05,Apparel,Pants,East,Delayed - Customs,5,366.94,402.66,0.38,106
ORD-19008,2023-01-13,Electronics,Computers,South,On-Time,3,262.88,451.5,0.05,24
ORD-19009,2023-12-19,Apparel,Pants,North,On-Time,4,201.06,352.28,0.05,18
ORD-19010,2023-03-22,Apparel,Shirts,East,Delayed - Transit,1,140.77,161.23,0.49,113
ORD-19011,2023-03-26,Furniture,Desks,West,On-Time,2,122.12,147.77,0.41,89
ORD-19012,2023-11-27,Electronics,Accessories,South,On-Time,2,81.82,135.05,0.0,16
ORD-19013,2023-05-13,Electronics,Computers,East,Delayed - Transit,2,260.95,293.49,0.53,99
ORD-19014,2023-09-09,Apparel,Shirts,East,Delayed - Customs,4,50.13,60.81,0.45,99
ORD-19015,2023-03-01,Apparel,Pants,East,On-Time,5,113.95,201.31,0.0,50
ORD-19016,2023-07-06,Furniture,Chairs,South,On-Time,1,37.45,48.32,0.4,157
ORD-19017,2023-10-27,Electronics,Accessories,South,On-Time,2,44.14,81.59,0.0,42
ORD-19018,2023-05-28,Electronics,Audio,West,On-Time,1,31.03,68.52,0.05,51
ORD-19019,2023-02-18,Furniture,Chairs,East,On-Time,2,211.39,282.97,0.6,147
ORD-19020,2023-10-04,Electronics,Accessories,South,On-Time,5,303.52,613.85,0.0,23
ORD-19021,2023-06-04,Furniture,Chairs,East,On-Time,1,104.23,127.83,0.4,119
ORD-19022,2023-11-25,Furniture,Tables,South,Delayed - Customs,3,276.13,307.55,0.51,112
ORD-19023,2023-08-10,Electronics,Accessories,West,On-Time,1,246.88,544.51,0.05,29
ORD-19024,2023-10-01,Furniture,Desks,East,Delayed - Customs,2,102.94,120.48,0.0,74
ORD-19025,2023-05-26,Electronics,Computers,West,On-Time,1,181.96,350.06,0.0,37
ORD-19026,2023-04-14,Apparel,Pants,East,Delayed - Customs,4,194.54,207.35,0.5,143
ORD-19027,2023-04-20,Furniture,Chairs,East,On-Time,2,114.99,132.1,0.36,119
ORD-19028,2023-02-11,Furniture,Desks,South,Delayed - Customs,4,272.34,300.49,0.41,94
ORD-19029,2023-09-19,Electronics,Accessories,North,On-Time,4,205.28,392.46,0.05,30
ORD-19030,2023-10-19,Electronics,Audio,North,On-Time,3,364.87,867.62,0.05,44
ORD-19031,2023-06-19,Apparel,Footwear,North,Delayed - Transit,4,136.66,180.74,0.37,87
ORD-19032,2023-08-16,Furniture,Desks,North,On-Time,5,234.02,257.23,0.41,139
ORD-19033,2023-04-07,Electronics,Accessories,East,Delayed - Transit,4,137.27,162.1,0.6,141
ORD-19034,2023-02-03,Apparel,Footwear,East,On-Time,4,334.95,756.89,0.0,34
ORD-19035,2023-08-22,Electronics,Audio,East,On-Time,5,134.87,267.44,0.05,35
ORD-19036,2023-01-04,Apparel,Shirts,West,On-Time,5,136.13,304.79,0.0,5
ORD-19037,2023-04-05,Apparel,Footwear,East,On-Time,5,171.33,326.67,0.0,29
ORD-19038,2023-10-23,Electronics,Computers,East,On-Time,4,119.56,196.38,0.05,18
ORD-19039,2023-06-10,Furniture,Desks,South,On-Time,1,227.08,248.84,0.58,103
ORD-19040,2023-06-24,Furniture,Desks,North,On-Time,3,272.83,320.23,0.48,150
ORD-19041,2023-01-22,Apparel,Pants,South,On-Time,2,331.14,715.82,0.05,21
ORD-19042,2023-04-10,Furniture,Desks,West,On-Time,1,186.22,219.82,0.61,113
ORD-19043,2023-05-13,Furniture,Tables,East,On-Time,3,238.07,273.49,0.42,129
ORD-19044,2023-01-14,Electronics,Accessories,South,On-Time,2,250.85,601.69,0.0,14
ORD-19045,2023-06-30,Apparel,Shirts,East,On-Time,4,312.54,676.71,0.0,29
ORD-19046,2023-12-24,Apparel,Pants,South,On-Time,2,36.75,67.46,0.0,27
ORD-19047,2023-01-14,Apparel,Footwear,East,On-Time,5,399.72,747.28,0.05,20
ORD-19048,2023-10-20,Apparel,Shirts,North,On-Time,3,145.09,319.36,0.05,31
ORD-19049,2023-04-23,Electronics,Accessories,West,On-Time,1,50.92,89.09,0.0,26
ORD-19050,2023-12-03,Electronics,Computers,West,On-Time,2,202.46,471.11,0.0,30
ORD-19051,2023-06-02,Furniture,Chairs,West,On-Time,3,341.48,380.6,0.46,125
ORD-19052,2023-04-14,Electronics,Audio,South,On-Time,4,383.78,649.13,0.05,5
ORD-19053,2023-09-30,Furniture,Desks,North,On-Time,1,269.63,363.1,0.55,140
ORD-19054,2023-06-28,Apparel,Footwear,North,On-Time,1,345.08,760.23,0.0,10
ORD-19055,2023-04-24,Electronics,Computers,South,On-Time,1,312.77,706.84,0.05,47
ORD-19056,2023-05-23,Electronics,Computers,North,On-Time,4,227.62,513.63,0.0,28
ORD-19057,2023-01-24,Apparel,Pants,East,Delayed - Transit,5,312.38,412.91,0.0,82
ORD-19058,2023-08-03,Apparel,Pants,West,Delayed - Transit,5,226.22,294.97,0.0,48
ORD-19059,2023-02-05,Electronics,Computers,South,On-Time,3,48.62,115.65,0.0,29
ORD-19060,2023-06-17,Furniture,Desks,South,On-Time,1,383.13,402.8,0.6,109
ORD-19061,2023-12-21,Apparel,Footwear,West,On-Time,2,348.37,563.75,0.05,27
ORD-19062,2023-01-06,Furniture,Tables,East,On-Time,1,276.19,371.7,0.36,110
ORD-19063,2023-02-27,Apparel,Shirts,West,On-Time,3,209.88,368.06,0.05,14
ORD-19064,2023-06-16,Furniture,Tables,West,On-Time,5,108.84,137.19,0.43,106
ORD-19065,2023-07-18,Furniture,Chairs,East,Delayed - Transit,5,213.04,266.75,0.44,149
ORD-19066,2023-01-15,Electronics,Computers,West,On-Time,5,161.55,364.46,0.05,27
ORD-19067,2023-05-22,Furniture,Chairs,North,Delayed - Customs,3,81.02,85.83,0.6,131
ORD-19068,2023-05-08,Furniture,Chairs,South,On-Time,5,81.44,107.9,0.61,112
ORD-19069,2023-02-25,Electronics,Accessories,West,Delayed - Transit,5,301.32,386.91,0.05,58
ORD-19070,2023-10-19,Apparel,Footwear,North,On-Time,5,280.48,623.39,0.0,31
ORD-19071,2023-08-06,Apparel,Footwear,West,On-Time,5,377.42,712.36,0.0,25
ORD-19072,2023-04-07,Apparel,Pants,North,On-Time,3,311.33,524.58,0.05,26
ORD-19073,2023-05-20,Apparel,Shirts,North,Delayed - Customs,2,305.18,324.5,0.63,102
ORD-19074,2023-04-10,Furniture,Desks,North,On-Time,3,339.17,415.35,0.46,100
ORD-19075,2023-03-17,Furniture,Chairs,South,On-Time,2,123.56,152.26,0.57,127
ORD-19076,2023-03-24,Apparel,Footwear,South,Delayed - Transit,2,73.93,96.5,0.62,86
ORD-19077,2023-11-12,Electronics,Audio,North,On-Time,3,366.2,596.04,0.05,45
ORD-19078,2023-01-11,Apparel,Shirts,North,On-Time,2,226.93,443.16,0.0,42
ORD-19079,2023-01-04,Apparel,Pants,North,Delayed - Transit,5,157.8,205.58,0.56,121
ORD-19080,2023-04-01,Electronics,Audio,North,On-Time,5,138.84,315.36,0.0,31
ORD-19081,2023-05-18,Electronics,Accessories,East,On-Time,3,359.52,603.04,0.0,46
ORD-19082,2023-03-16,Furniture,Desks,West,Delayed - Transit,4,324.88,420.05,0.6,171
ORD-19083,2023-11-28,Electronics,Accessories,West,On-Time,3,157.18,274.02,0.0,26
ORD-19084,2023-06-04,Apparel,Footwear,North,On-Time,1,291.12,500.23,0.0,44
ORD-19085,2023-03-15,Apparel,Pants,East,Delayed - Transit,4,138.26,156.63,0.59,98
ORD-19086,2023-12-17,Apparel,Footwear,North,Delayed - Transit,3,354.93,381.87,0.46,129
ORD-19087,2023-03-08,Electronics,Accessories,North,On-Time,4,190.54,351.46,0.05,7
ORD-19088,2023-07-26,Apparel,Footwear,North,Delayed - Transit,5,101.78,126.92,0.0,57
ORD-19089,2023-06-22,Apparel,Shirts,South,Delayed - Customs,1,373.64,455.21,0.54,89
ORD-19090,2023-09-10,Electronics,Audio,West,On-Time,1,361.39,625.99,0.0,51
ORD-19091,2023-05-18,Electronics,Computers,East,Delayed - Customs,1,327.13,392.43,0.47,131
ORD-19092,2023-04-10,Apparel,Footwear,East,On-Time,4,274.3,655.93,0.0,25
ORD-19093,2023-05-29,Furniture,Tables,North,On-Time,5,331.3,352.76,0.05,66
ORD-19094,2023-01-09,Electronics,Computers,East,On-Time,2,201.59,342.08,0.05,34
ORD-19095,2023-09-08,Furniture,Tables,South,On-Time,2,325.92,405.08,0.47,148
ORD-19096,2023-10-06,Electronics,,North,Delayed - Customs,5,302.5,395.5,0.39,91
ORD-19097,2023-06-16,Apparel,Shirts,West,On-Time,3,338.98,795.13,0.0,18
ORD-19098,2023-09-15,Furniture,Tables,North,On-Time,2,118.57,128.23,0.51,153
ORD-19099,2023-06-05,Electronics,Accessories,North,On-Time,2,238.19,566.09,0.0,40
ORD-19100,2023-10-01,Apparel,Footwear,North,Delayed - Customs,1,74.57,79.82,0.45,88
ORD-19101,2023-06-04,Electronics,Accessories,East,On-Time,1,170.13,319.98,0.05,26
ORD-19102,2023-09-24,Electronics,Audio,East,On-Time,2,306.04,623.56,0.05,47
ORD-19103,2023-07-10,Electronics,Computers,North,Delayed - Customs,3,280.66,298.47,0.35,119
ORD-19104,2023-02-02,Furniture,Tables,West,Delayed - Customs,3,85.42,112.84,0.05,66
ORD-19105,2023-10-07,Electronics,Audio,East,On-Time,5,87.93,196.98,0.0,23
ORD-19106,2023-07-15,Apparel,Pants,East,On-Time,2,179.11,297.67,0.0,33
ORD-19107,2023-08-16,Furniture,Tables,West,On-Time,5,242.36,311.41,0.39,101
ORD-19108,2023-12-19,Furniture,Chairs,West,On-Time,1,174.07,219.86,0.52,132
ORD-19109,2023-07-06,Electronics,Audio,North,On-Time,5,78.06,139.79,0.05,20
ORD-19110,2023-05-10,Apparel,Pants,West,Delayed - Customs,1,389.57,522.04,0.46,89
ORD-19111,2023-02-16,Electronics,Audio,West,On-Time,5,81.52,186.72,0.0,34
ORD-19112,2023-05-08,Furniture,Desks,South,On-Time,4,270.21,324.56,0.45,99
ORD-19113,2023-05-20,Furniture,Chairs,North,Delayed - Customs,1,320.5,371.67,0.46,102
ORD-19114,2023-12-19,Furniture,Chairs,South,On-Time,4,180.92,206.9,0.55,116
ORD-19115,2023-05-26,Furniture,Tables,East,On-Time,3,138.05,153.9,0.05,69
ORD-19116,2023-10-11,Apparel,Pants,North,Delayed - Transit,4,304.74,370.65,0.64,119
ORD-19117,2023-08-27,Electronics,Accessories,West,On-Time,4,393.52,722.41,0.05,25
ORD-19118,2023-01-11,Furniture,Chairs,South,Delayed - Transit,3,108.14,139.87,0.45,168
ORD-19119,2023-03-20,Furniture,Chairs,East,On-Time,4,117.86,127.85,0.38,130
ORD-19120,2023-07-01,Electronics,Audio,West,Delayed - Transit,3,209.67,266.45,0.42,103
ORD-19121,2023-01-26,Furniture,Chairs,West,On-Time,2,19.86,23.31,0.5,139
ORD-19122,2023-04-17,Electronics,Accessories,South,On-Time,5,385.38,741.04,0.05,41
ORD-19123,2023-11-30,Electronics,Computers,East,On-Time,2,220.12,454.5,0.0,53
ORD-19124,2023-05-09,Furniture,Desks,East,On-Time,1,382.8,441.08,0.38,86
ORD-19125,2023-01-25,Electronics,Computers,North,Delayed - Transit,2,86.35,97.73,0.57,133
ORD-19126,2023-09-06,Furniture,Chairs,East,On-Time,1,63.54,79.17,0.47,110
ORD-19127,2023-11-14,Apparel,Pants,North,On-Time,3,238.21,535.0,0.0,39
ORD-19128,2023-04-02,Electronics,Computers,North,On-Time,3,135.53,250.75,0.05,24
ORD-19129,2023-08-29,Electronics,Computers,East,On-Time,5,143.29,254.72,0.05,28
ORD-19130,2023-01-23,Apparel,Pants,South,On-Time,5,170.74,304.54,0.05,50
ORD-19131,2023-03-13,Furniture,Tables,South,On-Time,3,33.62,37.43,0.5,115
ORD-19132,2023-01-03,Electronics,Audio,West,On-Time,3,385.07,694.57,0.05,37
ORD-19133,2023-04-16,Furniture,Desks,West,On-Time,4,57.12,67.21,0.55,145
ORD-19134,2023-05-18,Electronics,,West,On-Time,3,321.61,678.15,0.0,33
ORD-19135,2023-01-15,Furniture,Tables,North,On-Time,5,196.35,264.69,0.46,141
ORD-19136,2023-04-26,Furniture,Chairs,North,On-Time,2,333.19,397.13,0.05,80
ORD-19137,2023-07-23,Electronics,Accessories,West,On-Time,4,30.74,57.59,0.05,22
ORD-19138,2023-03-30,Apparel,Footwear,South,On-Time,4,337.83,626.55,0.05,25
ORD-19139,2023-12-19,Apparel,Pants,East,Delayed - Customs,1,130.89,144.25,0.46,103
ORD-19140,2023-04-05,Apparel,Footwear,East,On-Time,3,18.93,38.41,0.05,38
ORD-19141,2023-05-25,Apparel,,North,On-Time,2,48.97,82.9,0.05,28
ORD-19142,2023-02-08,Apparel,Shirts,South,Delayed - Customs,2,275.97,324.19,0.52,142
ORD-19143,2023-05-24,Apparel,Footwear,East,On-Time,1,125.46,218.4,0.0,43
ORD-19144,2023-03-11,Electronics,Computers,West,On-Time,3,19.75,39.23,0.0,26
ORD-19145,2023-05-26,Electronics,Audio,West,Delayed - Customs,4,235.53,310.56,0.59,88
ORD-19146,2023-12-26,Furniture,Tables,East,Delayed - Transit,3,21.58,24.83,0.4,151
ORD-19147,2023-05-07,Furniture,Tables,East,On-Time,3,135.62,159.96,0.51,128
ORD-19148,2023-05-06,Apparel,Footwear,South,Delayed - Transit,4,171.77,210.39,0.38,122
ORD-19149,2023-06-24,Furniture,Tables,South,On-Time,1,164.14,184.74,0.05,79
ORD-19150,2023-09-11,Furniture,Tables,South,On-Time,1,361.58,444.17,0.0,80
ORD-19151,2023-02-06,Apparel,Pants,South,On-Time,1,94.7,203.58,0.0,18
ORD-19152,2023-04-13,Apparel,Pants,South,On-Time,3,140.66,315.71,0.0,31
ORD-19153,2023-08-09,Apparel,Footwear,South,On-Time,1,189.7,416.93,0.0,8
ORD-19154,2023-02-23,Furniture,Chairs,North,On-Time,5,98.86,133.37,0.45,119
ORD-19155,2023-09-23,Apparel,Shirts,North,Delayed - Customs,4,392.43,502.46,0.64,114
ORD-19156,2023-11-05,Electronics,Audio,South,On-Time,5,293.29,542.25,0.0,27
ORD-19157,2023-09-18,Electronics,Accessories,West,On-Time,5,349.37,721.58,0.0,29
ORD-19158,2023-05-22,Apparel,Pants,West,On-Time,5,181.88,407.56,0.05,24
ORD-19159,2023-10-19,Apparel,Shirts,North,On-Time,4,259.3,528.14,0.0,20
ORD-19160,2023-10-15,Electronics,Accessories,East,Delayed - Transit,2,285.88,329.08,0.39,112
ORD-19161,2023-05-19,Furniture,Desks,East,Delayed - Customs,2,58.99,76.18,0.49,130
ORD-19162,2023-05-03,Electronics,Audio,South,On-Time,4,253.49,456.72,0.05,1
ORD-19163,2023-07-28,Furniture,Chairs,North,Delayed - Customs,4,32.89,34.94,0.59,153
ORD-19164,2023-12-04,Apparel,Shirts,East,On-Time,2,271.88,621.82,0.05,27
ORD-19165,2023-10-04,Furniture,Desks,East,On-Time,1,225.84,292.78,0.51,119
ORD-19166,2023-09-20,Electronics,Accessories,East,On-Time,2,96.62,226.84,0.05,32
ORD-19167,2023-02-09,Electronics,Computers,East,On-Time,2,111.6,225.13,0.0,22
ORD-19168,2023-05-26,Electronics,Accessories,East,Delayed - Customs,1,20.46,26.97,0.53,118
ORD-19169,2023-04-25,Electronics,Accessories,South,On-Time,1,130.73,300.46,0.0,27
ORD-19170,2023-07-15,Apparel,Shirts,West,On-Time,4,138.7,327.77,0.0,35
ORD-19171,2023-04-10,Electronics,Computers,East,On-Time,4,285.67,618.61,0.0,48
ORD-19172,2023-12-04,Electronics,Audio,South,On-Time,1,217.98,405.81,0.0,33
ORD-19173,2023-10-10,Furniture,Desks,South,On-Time,4,92.25,123.86,0.45,133
ORD-19174,2023-10-03,Apparel,Shirts,East,Delayed - Transit,2,219.29,259.54,0.63,118
ORD-19175,2023-05-07,Furniture,Chairs,North,On-Time,2,270.55,347.67,0.62,153
ORD-19176,2023-05-30,Electronics,,North,On-Time,3,94.76,217.17,0.05,58
ORD-19177,2023-09-29,Furniture,Chairs,West,On-Time,1,67.9,72.04,0.35,106
ORD-19178,2023-03-12,Furniture,Chairs,North,On-Time,4,373.91,395.12,0.5,142
ORD-19179,2023-03-03,Furniture,Desks,West,On-Time,1,189.68,220.95,0.57,102
ORD-19180,2023-09-08,Furniture,Tables,East,On-Time,1,292.68,327.45,0.47,99
ORD-19181,2023-04-14,Furniture,Tables,North,On-Time,1,285.4,365.74,0.5,103
ORD-19182,2023-10-24,Apparel,Shirts,North,Delayed - Transit,2,28.49,30.85,0.38,134
ORD-19183,2023-02-09,Electronics,Computers,South,Delayed - Customs,1,172.94,189.71,0.35,113
ORD-19184,2023-01-08,Electronics,Accessories,South,On-Time,5,173.0,376.6,0.0,21
ORD-19185,2023-02-15,Furniture,Chairs,South,On-Time,5,341.88,398.26,0.55,109
ORD-19186,2023-03-02,Furniture,Chairs,North,On-Time,3,108.11,126.51,0.46,169
ORD-19187,2023-04-26,Apparel,Shirts,South,On-Time,4,218.66,419.25,0.05,25
ORD-19188,2023-01-16,Apparel,Shirts,West,On-Time,4,266.05,497.26,0.05,34
ORD-19189,2023-05-11,Electronics,Audio,South,On-Time,4,118.81,210.04,0.0,23
ORD-19190,2023-11-03,Electronics,Accessories,East,Delayed - Transit,1,21.74,26.28,0.44,149
ORD-19191,2023-04-10,Furniture,Chairs,North,On-Time,4,384.93,431.1,0.61,100
ORD-19192,2023-04-19,Electronics,Computers,West,On-Time,2,325.63,772.55,0.0,30
ORD-19193,2023-10-02,Electronics,Audio,West,On-Time,3,53.93,121.94,0.0,44
ORD-19194,2023-10-24,Apparel,Footwear,East,On-Time,4,252.02,484.31,0.0,36
ORD-19195,2023-03-02,Furniture,Desks,North,On-Time,3,225.87,291.97,0.59,107
ORD-19196,2023-06-08,Apparel,Footwear,East,Delayed - Transit,4,50.95,53.95,0.39,129
ORD-19197,2023-10-03,Furniture,Chairs,South,On-Time,5,90.19,100.76,0.42,143
ORD-19198,2023-11-15,Furniture,Desks,East,On-Time,3,109.96,119.07,0.55,87
ORD-19199,2023-01-29,Furniture,Desks,North,Delayed - Customs,1,249.82,336.32,0.0,84
ORD-19200,2023-05-17,Apparel,Shirts,West,Delayed - Transit,4,130.0,139.87,0.35,98
ORD-19201,2023-02-21,Apparel,Shirts,West,On-Time,5,78.47,181.32,0.0,51
ORD-19202,2023-11-25,Furniture,Desks,East,Delayed - Customs,2,17.42,21.5,0.64,149
ORD-19203,2023-07-21,Furniture,Chairs,East,Delayed - Customs,2,326.6,419.81,0.52,106
ORD-19204,2023-10-25,Apparel,Footwear,East,Delayed - Customs,5,355.89,403.49,0.53,128
ORD-19205,2023-08-31,Furniture,Tables,North,On-Time,1,188.14,222.29,0.56,113
ORD-19206,2023-11-25,Furniture,Desks,West,On-Time,2,284.92,374.99,0.0,77
ORD-19207,2023-05-04,Apparel,Shirts,South,On-Time,4,258.52,421.55,0.0,4
ORD-19208,2023-09-07,Furniture,Tables,East,On-Time,1,174.49,187.3,0.55,86
ORD-19209,2023-01-05,Apparel,Footwear,West,On-Time,2,144.75,296.7,0.0,48
ORD-19210,2023-04-16,Electronics,Accessories,West,On-Time,1,15.95,28.7,0.05,20
ORD-19211,2023-01-09,Apparel,Shirts,South,Delayed - Customs,3,252.66,338.67,0.64,128
ORD-19212,2023-07-15,Apparel,Pants,North,On-Time,1,268.41,592.64,0.05,17
ORD-19213,2023-08-19,Furniture,Desks,North,On-Time,5,364.33,479.96,0.0,80
ORD-19214,2023-03-12,Apparel,Pants,East,On-Time,4,330.82,534.91,0.05,37
ORD-19215,2023-11-18,Furniture,Desks,South,On-Time,2,167.84,193.08,0.05,76
ORD-19216,2023-08-02,Apparel,Pants,West,On-Time,3,132.2,227.79,0.05,28
ORD-19217,2023-07-19,Electronics,Audio,South,Delayed - Transit,5,83.93,98.13,0.45,101
ORD-19218,2023-09-11,Apparel,Pants,North,Delayed - Transit,4,280.04,325.1,0.47,122
ORD-19219,2023-09-07,Furniture,Tables,North,On-Time,4,165.44,211.19,0.39,102
ORD-19220,2023-08-28,Apparel,Shirts,West,On-Time,2,34.02,67.1,0.0,47
ORD-19221,2023-11-22,Electronics,Audio,West,On-Time,1,379.31,698.26,0.0,27
ORD-19222,2023-09-04,Apparel,Shirts,North,On-Time,2,290.54,604.85,0.0,29
ORD-19223,2023-10-04,Electronics,Computers,South,On-Time,3,152.82,246.38,0.0,28
ORD-19224,2023-05-02,Furniture,Desks,West,Delayed - Transit,2,86.87,94.67,0.37,160
ORD-19225,2023-09-23,Electronics,Accessories,East,On-Time,1,239.48,436.91,0.0,30
ORD-19226,2023-06-28,Electronics,Computers,South,Delayed - Transit,4,246.58,262.81,0.41,170
ORD-19227,2023-12-01,Apparel,Shirts,West,On-Time,1,377.77,875.48,0.0,17
ORD-19228,2023-07-15,Electronics,Computers,West,On-Time,2,332.23,595.31,0.05,52
ORD-19229,2023-02-28,Furniture,Tables,North,On-Time,5,341.77,437.05,0.0,82
ORD-19230,2023-07-08,Apparel,Pants,East,On-Time,2,263.62,613.69,0.05,21
ORD-19231,2023-09-08,Apparel,Pants,North,On-Time,5,173.62,375.81,0.05,25
ORD-19232,2023-11-24,Furniture,Desks,West,On-Time,4,379.98,419.26,0.57,101
ORD-19233,2023-10-11,Furniture,Chairs,East,On-Time,3,303.37,379.39,0.44,92
ORD-19234,2023-08-14,Electronics,Accessories,South,On-Time,1,61.76,121.21,0.0,40
ORD-19235,2023-12-02,Electronics,Accessories,South,On-Time,3,354.81,702.67,0.0,55
ORD-19236,2023-10-28,Furniture,Chairs,East,On-Time,1,207.12,221.54,0.62,139
ORD-19237,2023-10-06,Apparel,Footwear,North,Delayed - Transit,2,64.93,78.97,0.55,130
ORD-19238,2023-03-02,Electronics,Accessories,South,On-Time,1,330.1,539.48,0.05,24
ORD-19239,2023-08-19,Furniture,Chairs,West,On-Time,1,384.48,468.34,0.43,139
ORD-19240,2023-05-29,Furniture,Chairs,South,On-Time,2,278.41,339.23,0.42,140
ORD-19241,2023-03-02,Apparel,Shirts,East,On-Time,1,101.05,161.94,0.0,64
ORD-19242,2023-03-18,Electronics,Computers,South,On-Time,4,309.95,545.57,0.0,43
ORD-19243,2023-12-15,Furniture,Desks,South,On-Time,2,322.73,355.49,0.47,87
ORD-19244,2023-05-23,Apparel,Footwear,West,On-Time,5,107.07,184.04,0.05,37
ORD-19245,2023-03-23,Apparel,Footwear,West,On-Time,4,74.18,174.88,0.0,35
ORD-19246,2023-06-08,Furniture,Chairs,South,On-Time,3,33.36,37.15,0.51,127
ORD-19247,2023-07-25,Electronics,Computers,South,On-Time,5,393.39,864.9,0.0,37
ORD-19248,2023-12-25,Furniture,Chairs,East,On-Time,4,36.03,39.26,0.36,121
ORD-19249,2023-06-24,Apparel,Footwear,South,On-Time,2,129.19,246.84,0.0,29
ORD-19250,2023-10-05,Electronics,Audio,North,Delayed - Customs,1,184.14,224.05,0.36,140
ORD-19251,2023-02-25,Electronics,Accessories,West,On-Time,5,183.74,330.43,0.0,37
ORD-19252,2023-11-21,Electronics,Audio,West,On-Time,3,260.6,538.97,0.0,18
ORD-19253,2023-01-16,Apparel,Pants,East,On-Time,2,139.27,234.5,0.0,37
ORD-19254,2023-04-06,Furniture,Desks,East,On-Time,1,391.72,438.82,0.61,119
ORD-19255,2023-11-24,Apparel,Pants,South,On-Time,2,245.88,430.29,0.0,34
ORD-19256,2023-08-28,Apparel,Pants,North,On-Time,5,357.8,651.21,0.0,1
ORD-19257,2023-06-25,Apparel,Footwear,South,Delayed - Transit,5,42.46,44.88,0.35,124
ORD-19258,2023-09-10,Apparel,Footwear,South,Delayed - Transit,5,293.17,395.76,0.63,121
ORD-19259,2023-11-20,Electronics,Audio,East,On-Time,4,272.79,523.28,0.0,38
ORD-19260,2023-11-26,Apparel,Pants,East,On-Time,5,261.9,493.58,0.0,28
ORD-19261,2023-01-17,Apparel,Footwear,East,On-Time,2,393.45,875.99,0.0,20
ORD-19262,2023-08-28,Electronics,Accessories,South,On-Time,3,102.35,167.79,0.05,20
ORD-19263,2023-09-28,Electronics,Audio,West,Delayed - Transit,1,159.43,200.12,0.49,121
ORD-19264,2023-09-29,Apparel,Footwear,West,Delayed - Customs,3,263.43,332.5,0.36,155
ORD-19265,2023-03-29,Furniture,Tables,East,On-Time,2,176.87,238.59,0.0,82
ORD-19266,2023-04-01,Electronics,Audio,South,On-Time,5,249.03,431.98,0.05,42
ORD-19267,2023-02-24,Electronics,Computers,South,On-Time,2,100.55,181.61,0.05,58
ORD-19268,2023-01-02,Electronics,Audio,South,On-Time,5,133.24,244.03,0.0,28
ORD-19269,2023-12-07,Apparel,,East,On-Time,3,336.23,578.02,0.05,40
ORD-19270,2023-07-02,Electronics,Audio,West,On-Time,4,17.88,33.25,0.05,22
ORD-19271,2023-09-14,Electronics,Computers,North,Delayed - Transit,3,326.35,439.69,0.49,141
ORD-19272,2023-07-01,Furniture,Tables,West,On-Time,5,211.71,241.56,0.55,177
ORD-19273,2023-04-20,Apparel,,East,On-Time,3,208.61,404.73,0.05,34
ORD-19274,2023-06-16,Apparel,Pants,South,Delayed - Transit,4,86.09,102.77,0.55,136
ORD-19275,2023-08-24,Electronics,Audio,North,On-Time,2,230.69,526.15,0.05,44
ORD-19276,2023-10-29,Electronics,Computers,North,On-Time,5,61.37,121.33,0.05,26
ORD-19277,2023-04-15,Furniture,Chairs,West,On-Time,1,216.2,285.58,0.56,124
ORD-19278,2023-01-22,Electronics,,West,On-Time,1,141.14,273.93,0.05,44
ORD-19279,2023-10-12,Apparel,Footwear,South,On-Time,5,124.09,245.86,0.05,19
ORD-19280,2023-07-31,Apparel,Pants,South,On-Time,5,398.33,675.3,0.05,20
ORD-19281,2023-04-29,Electronics,Accessories,East,On-Time,5,98.16,200.26,0.0,27
ORD-19282,2023-12-31,Furniture,Desks,East,Delayed - Transit,5,388.86,433.56,0.05,72
ORD-19283,2023-09-29,Furniture,Desks,South,On-Time,2,361.3,484.44,0.61,88
ORD-19284,2023-11-15,Electronics,Audio,South,On-Time,3,202.5,371.84,0.05,35
ORD-19285,2023-05-11,Furniture,Desks,South,On-Time,3,148.99,194.62,0.05,61
ORD-19286,2023-11-17,Electronics,Computers,West,On-Time,4,52.19,93.32,0.0,25
ORD-19287,2023-12-09,Furniture,Desks,North,On-Time,2,168.87,187.45,0.05,78
ORD-19288,2023-07-10,Electronics,Computers,South,On-Time,3,138.43,238.84,0.0,15
ORD-19289,2023-10-12,Furniture,,East,On-Time,1,333.53,351.18,0.61,86
ORD-19290,2023-10-29,Apparel,Footwear,West,On-Time,4,382.93,615.84,0.05,38
ORD-19291,2023-05-29,Apparel,Pants,East,On-Time,5,106.28,251.86,0.0,35
ORD-19292,2023-08-28,Furniture,Desks,East,Delayed - Transit,2,105.48,114.08,0.58,159
ORD-19293,2023-05-01,Electronics,Computers,West,On-Time,5,44.36,76.58,0.0,9
ORD-19294,2023-08-09,Furniture,Tables,East,On-Time,4,396.03,478.18,0.59,147
ORD-19295,2023-06-16,Electronics,Audio,West,On-Time,5,163.95,301.87,0.0,43
ORD-19296,2023-12-21,Electronics,Audio,East,On-Time,5,82.09,188.82,0.05,38
ORD-19297,2023-03-03,Electronics,Computers,East,Delayed - Transit,2,325.42,344.26,0.6,118
ORD-19298,2023-05-21,Electronics,Computers,East,On-Time,5,388.43,779.52,0.05,54
ORD-19299,2023-01-09,Electronics,Audio,North,On-Time,1,309.24,552.2,0.0,29
ORD-19300,2023-07-26,Furniture,Tables,East,On-Time,1,241.24,318.9,0.62,116
ORD-19301,2023-06-06,Apparel,Pants,West,On-Time,1,289.51,638.59,0.05,25
ORD-19302,2023-05-03,Furniture,Tables,East,On-Time,3,205.99,271.88,0.56,162
ORD-19303,2023-06-01,Furniture,Desks,West,Delayed - Transit,2,196.63,232.88,0.5,111
ORD-19304,2023-03-11,Furniture,Desks,East,Delayed - Transit,4,264.53,297.24,0.6,191
ORD-19305,2023-02-28,Furniture,Tables,West,On-Time,2,153.18,202.02,0.65,113
ORD-19306,2023-06-28,Furniture,Tables,East,On-Time,1,373.07,456.86,0.48,146
ORD-19307,2023-11-01,Electronics,Audio,West,Delayed - Transit,1,306.53,386.55,0.51,92
ORD-19308,2023-09-13,Furniture,Tables,East,On-Time,1,158.41,190.05,0.5,102
ORD-19309,2023-03-15,Furniture,Tables,West,On-Time,2,283.11,355.47,0.51,99
ORD-19310,2023-11-20,Electronics,Audio,West,On-Time,2,133.91,296.97,0.0,15
ORD-19311,2023-07-03,Apparel,Shirts,South,On-Time,4,198.94,388.99,0.05,39
ORD-19312,2023-10-07,Electronics,Accessories,South,On-Time,5,375.91,678.85,0.0,34
ORD-19313,2023-03-01,Electronics,Accessories,West,On-Time,3,18.47,43.85,0.05,25
ORD-19314,2023-08-25,Apparel,Footwear,North,On-Time,2,390.85,772.78,0.05,26
ORD-19315,2023-01-19,Furniture,Chairs,South,On-Time,2,390.78,472.63,0.41,117
ORD-19316,2023-03-23,Furniture,,South,Delayed - Transit,2,300.1,377.04,0.51,97
ORD-19317,2023-06-26,Apparel,Footwear,East,On-Time,4,28.86,49.42,0.0,26
ORD-19318,2023-06-19,Apparel,Footwear,North,On-Time,1,183.53,415.83,0.0,35
ORD-19319,2023-09-24,Apparel,Pants,East,On-Time,3,33.08,61.38,0.05,18
ORD-19320,2023-10-19,Furniture,Tables,East,On-Time,1,131.03,151.49,0.39,113
ORD-19321,2023-01-09,Furniture,Chairs,West,On-Time,2,57.17,74.82,0.53,99
ORD-19322,2023-12-01,Apparel,Footwear,South,On-Time,3,379.68,669.7,0.05,43
ORD-19323,2023-01-26,Electronics,Audio,West,On-Time,3,38.29,76.37,0.05,15
ORD-19324,2023-03-31,Furniture,Chairs,North,Delayed - Transit,3,277.2,319.21,0.47,130
ORD-19325,2023-01-24,Furniture,Tables,East,Delayed - Transit,2,200.45,241.16,0.47,109
ORD-19326,2023-12-30,Furniture,Chairs,South,On-Time,4,36.76,45.89,0.38,126
ORD-19327,2023-06-23,Electronics,Audio,South,On-Time,5,244.33,427.2,0.05,30
ORD-19328,2023-09-09,Furniture,Tables,North,Delayed - Customs,2,393.63,442.28,0.44,121
ORD-19329,2023-09-14,Electronics,Audio,North,Delayed - Transit,5,118.16,154.78,0.44,120
ORD-19330,2023-06-10,Furniture,Desks,South,On-Time,2,252.57,271.68,0.47,138
ORD-19331,2023-10-16,Apparel,Footwear,East,On-Time,5,202.62,391.7,0.05,23
ORD-19332,2023-10-09,Apparel,Footwear,West,On-Time,5,296.94,480.02,0.0,23
ORD-19333,2023-07-03,Apparel,Shirts,South,On-Time,1,116.03,262.45,0.05,12
ORD-19334,2023-10-20,Apparel,Footwear,West,On-Time,5,21.58,40.84,0.0,12
ORD-19335,2023-06-22,Electronics,Audio,South,On-Time,4,323.06,669.85,0.05,12
ORD-19336,2023-04-02,Electronics,Audio,North,On-Time,2,150.22,358.14,0.05,19
ORD-19337,2023-01-16,Furniture,Tables,East,Delayed - Transit,4,307.25,332.35,0.61,113
ORD-19338,2023-11-16,Furniture,Chairs,West,On-Time,1,198.81,215.91,0.44,105
ORD-19339,2023-10-25,Electronics,,South,On-Time,5,62.41,143.25,0.05,33
ORD-19340,2023-11-22,Electronics,Computers,South,On-Time,5,271.95,440.04,0.05,48
ORD-19341,2023-10-09,Apparel,Shirts,North,On-Time,4,375.39,874.94,0.0,16
ORD-19342,2023-03-21,Electronics,Computers,East,On-Time,1,170.22,287.7,0.0,1
ORD-19343,2023-01-25,Apparel,Shirts,East,On-Time,1,268.85,642.79,0.0,32
ORD-19344,2023-01-13,Apparel,,East,Delayed - Customs,4,259.32,346.32,0.4,127
ORD-19345,2023-08-09,Apparel,Shirts,North,On-Time,2,139.54,302.2,0.05,39
ORD-19346,2023-02-14,Electronics,Accessories,South,On-Time,5,354.2,701.12,0.0,51
ORD-19347,2023-10-23,Apparel,Pants,East,On-Time,4,175.93,384.04,0.05,46
ORD-19348,2023-10-20,Furniture,Desks,East,On-Time,3,148.61,188.93,0.46,125
ORD-19349,2023-06-15,Electronics,Computers,South,On-Time,1,259.81,601.94,0.05,48
ORD-19350,2023-03-26,Furniture,Chairs,North,On-Time,5,399.37,525.93,0.41,117
ORD-19351,2023-01-19,Furniture,Tables,South,On-Time,4,365.06,461.3,0.58,136
ORD-19352,2023-10-08,Apparel,Shirts,West,Delayed - Transit,1,355.44,465.47,0.58,102
ORD-19353,2023-12-10,Furniture,Tables,North,On-Time,5,236.54,299.71,0.39,130
ORD-19354,2023-11-27,Electronics,Accessories,West,On-Time,5,239.88,574.19,0.05,35
ORD-19355,2023-07-07,Electronics,Audio,South,On-Time,5,353.08,773.51,0.0,25
ORD-19356,2023-04-30,Furniture,Chairs,North,On-Time,2,377.49,484.26,0.46,119
ORD-19357,2023-02-20,Furniture,Chairs,East,On-Time,3,373.57,429.05,0.62,117
ORD-19358,2023-08-27,Furniture,Chairs,South,On-Time,2,276.96,373.57,0.46,126
ORD-19359,2023-07-23,Electronics,Accessories,North,Delayed - Transit,2,278.66,326.33,0.49,122
ORD-19360,2023-11-15,Apparel,Pants,West,On-Time,3,325.07,553.19,0.0,14
ORD-19361,2023-05-23,Furniture,Desks,East,On-Time,5,65.56,75.66,0.4,112
ORD-19362,2023-11-01,Electronics,Audio,East,On-Time,5,118.69,197.67,0.0,27
ORD-19363,2023-03-21,Furniture,Tables,South,On-Time,5,285.79,336.45,0.05,75
ORD-19364,2023-08-15,Furniture,Desks,West,On-Time,4,196.57,207.98,0.62,141
ORD-19365,2023-07-15,Apparel,Pants,West,On-Time,3,375.05,646.15,0.05,34
ORD-19366,2023-08-06,Electronics,Accessories,South,On-Time,1,281.88,530.02,0.0,27
ORD-19367,2023-12-31,Furniture,Tables,North,On-Time,5,20.41,23.03,0.53,123
ORD-19368,2023-04-12,Electronics,Audio,East,On-Time,2,158.88,331.07,0.0,70
ORD-19369,2023-04-13,Electronics,Accessories,North,Delayed - Customs,4,313.23,353.03,0.62,96
ORD-19370,2023-12-24,Electronics,Audio,South,Delayed - Transit,1,67.99,80.22,0.0,84
ORD-19371,2023-05-16,Apparel,Pants,North,Delayed - Customs,1,374.64,456.41,0.45,137
ORD-19372,2023-04-07,Apparel,Pants,South,On-Time,3,238.62,502.64,0.05,38
ORD-19373,2023-12-25,Furniture,Chairs,North,On-Time,4,115.14,139.08,0.57,131
ORD-19374,2023-07-28,Apparel,Pants,West,On-Time,2,247.51,559.38,0.0,60
ORD-19375,2023-11-28,Furniture,Chairs,South,On-Time,5,392.31,422.55,0.43,146
ORD-19376,2023-09-23,Apparel,Pants,West,On-Time,5,168.38,302.57,0.05,43
ORD-19377,2023-10-14,Electronics,Accessories,South,On-Time,3,61.15,144.76,0.05,8
ORD-19378,2023-04-21,Furniture,Chairs,South,On-Time,2,215.13,289.17,0.48,108
ORD-19379,2023-08-18,Furniture,Tables,North,On-Time,5,80.9,100.76,0.37,151
ORD-19380,2023-07-31,Furniture,Tables,South,On-Time,1,63.43,73.54,0.36,140
ORD-19381,2023-09-10,Furniture,Desks,East,On-Time,1,191.32,209.62,0.52,138
ORD-19382,2023-11-08,Electronics,Audio,South,Delayed - Customs,4,62.94,70.56,0.57,144
ORD-19383,2023-11-18,Furniture,Tables,East,Delayed - Customs,1,251.02,290.61,0.56,113
ORD-19384,2023-03-23,Furniture,Desks,West,Delayed - Customs,1,198.89,245.79,0.57,104
ORD-19385,2023-07-31,Furniture,Chairs,East,On-Time,3,141.32,172.81,0.64,101
ORD-19386,2023-02-01,Electronics,Accessories,West,On-Time,5,28.51,67.84,0.0,36
ORD-19387,2023-01-29,Apparel,Pants,South,On-Time,5,391.39,790.36,0.05,19
ORD-19388,2023-12-10,Electronics,Audio,South,Delayed - Transit,2,65.29,79.55,0.39,139
ORD-19389,2023-04-26,Electronics,Accessories,South,On-Time,1,203.57,403.0,0.0,26
ORD-19390,2023-10-25,Electronics,Accessories,East,On-Time,4,211.68,444.1,0.05,41
ORD-19391,2023-12-03,Furniture,Chairs,East,On-Time,5,365.89,443.37,0.39,106
ORD-19392,2023-03-18,Furniture,Desks,West,On-Time,4,190.49,205.23,0.44,142
ORD-19393,2023-08-22,Electronics,Accessories,East,On-Time,1,282.67,642.75,0.0,47
ORD-19394,2023-08-23,Furniture,Desks,East,On-Time,3,149.78,191.1,0.61,124
ORD-19395,2023-06-02,Electronics,Accessories,East,On-Time,2,307.37,610.07,0.0,31
ORD-19396,2023-06-10,Furniture,Tables,South,Delayed - Transit,3,332.31,375.41,0.42,115
ORD-19397,2023-07-02,Apparel,Footwear,North,On-Time,5,111.72,207.31,0.05,27
ORD-19398,2023-06-21,Electronics,Accessories,South,On-Time,4,362.42,835.66,0.05,5
ORD-19399,2023-06-18,Electronics,Computers,South,On-Time,3,157.26,313.24,0.0,36
ORD-19400,2023-05-21,Apparel,Pants,North,Delayed - Transit,2,303.57,323.37,0.36,111
ORD-19401,2023-09-10,Furniture,Desks,East,Delayed - Customs,4,156.89,183.28,0.54,122
ORD-19402,2023-09-23,Electronics,Audio,East,Delayed - Customs,1,190.27,204.72,0.53,136
ORD-19403,2023-08-31,Apparel,Pants,West,On-Time,1,399.61,798.4,0.05,35
ORD-19404,2023-07-09,Electronics,Audio,East,On-Time,2,392.79,743.92,0.05,31
ORD-19405,2023-11-12,Electronics,Accessories,East,On-Time,5,241.47,525.29,0.05,30
ORD-19406,2023-04-01,Apparel,Pants,South,On-Time,4,202.47,422.72,0.0,32
ORD-19407,2023-01-07,Apparel,Pants,North,On-Time,4,79.2,153.73,0.05,25
ORD-19408,2023-04-01,Electronics,Audio,North,Delayed - Customs,4,150.29,191.72,0.43,112
ORD-19409,2023-10-29,Electronics,Audio,East,On-Time,4,113.77,255.83,0.05,30
ORD-19410,2023-01-14,Furniture,,West,On-Time,4,116.41,125.33,0.58,105
ORD-19411,2023-07-09,Furniture,Desks,North,Delayed - Customs,4,207.18,227.91,0.61,127
ORD-19412,2023-10-16,Electronics,Accessories,North,Delayed - Customs,1,316.27,397.47,0.49,121
ORD-19413,2023-01-06,Furniture,Chairs,North,On-Time,4,97.98,103.21,0.65,89
ORD-19414,2023-07-31,Apparel,Footwear,East,On-Time,2,363.5,705.36,0.05,29
ORD-19415,2023-05-04,Furniture,Desks,North,On-Time,5,389.7,501.55,0.58,103
ORD-19416,2023-06-08,Furniture,Desks,South,On-Time,4,241.88,269.64,0.38,121
ORD-19417,2023-07-31,Electronics,Computers,North,On-Time,4,44.62,94.55,0.05,29
ORD-19418,2023-05-21,Electronics,Audio,East,On-Time,2,98.87,165.25,0.05,20
ORD-19419,2023-06-02,Electronics,Accessories,South,Delayed - Transit,3,77.77,85.16,0.49,127
ORD-19420,2023-01-23,Furniture,Desks,East,On-Time,4,148.03,193.1,0.39,90
ORD-19421,2023-10-19,Apparel,Footwear,East,On-Time,3,90.85,209.31,0.05,16
ORD-19422,2023-07-14,Apparel,Pants,East,On-Time,2,135.78,230.04,0.05,27
ORD-19423,2023-08-06,Electronics,Audio,East,On-Time,2,359.87,666.25,0.05,20
ORD-19424,2023-12-17,Furniture,Tables,South,On-Time,1,119.12,132.64,0.61,98
ORD-19425,2023-10-15,Electronics,Audio,West,Delayed - Customs,3,42.34,51.55,0.59,134
ORD-19426,2023-02-12,Electronics,Computers,West,Delayed - Transit,3,72.19,91.35,0.36,113
ORD-19427,2023-09-13,Apparel,Footwear,East,Delayed - Transit,3,275.8,317.56,0.48,131
ORD-19428,2023-07-24,Apparel,Shirts,East,On-Time,3,164.53,339.64,0.05,18
ORD-19429,2023-05-25,Apparel,Shirts,West,On-Time,1,341.52,727.28,0.05,50
ORD-19430,2023-02-18,Electronics,Audio,East,On-Time,1,353.81,569.67,0.05,14
ORD-19431,2023-12-31,Apparel,Footwear,North,Delayed - Transit,2,135.47,173.99,0.49,131
ORD-19432,2023-02-24,Electronics,Audio,South,Delayed - Transit,1,133.16,155.1,0.46,92
ORD-19433,2023-03-06,Electronics,Audio,North,On-Time,5,96.36,155.61,0.05,38
ORD-19434,2023-03-12,Apparel,Shirts,East,Delayed - Transit,3,93.88,103.39,0.54,125
ORD-19435,2023-06-12,Furniture,Desks,South,On-Time,3,183.09,215.15,0.38,125
ORD-19436,2023-02-10,Electronics,Audio,West,Delayed - Customs,1,197.28,232.82,0.4,141
ORD-19437,2023-06-03,Apparel,Footwear,North,On-Time,4,88.29,184.72,0.0,26
ORD-19438,2023-06-15,Furniture,Desks,North,On-Time,5,314.86,414.54,0.59,133
ORD-19439,2023-11-13,Electronics,Accessories,East,On-Time,4,135.78,321.59,0.05,32
ORD-19440,2023-08-04,Furniture,Chairs,West,On-Time,1,144.29,154.47,0.37,106
ORD-19441,2023-01-13,Apparel,Shirts,South,On-Time,1,77.89,150.25,0.0,9
ORD-19442,2023-04-29,Furniture,Chairs,South,On-Time,4,118.68,142.43,0.4,126
ORD-19443,2023-07-21,Electronics,Audio,East,On-Time,5,344.61,559.25,0.0,38
ORD-19444,2023-12-10,Electronics,Accessories,West,On-Time,1,20.96,40.9,0.0,26
ORD-19445,2023-08-24,Furniture,Tables,East,On-Time,1,87.32,105.23,0.54,104
ORD-19446,2023-03-22,Electronics,Accessories,East,On-Time,1,311.76,527.8,0.05,45
ORD-19447,2023-03-08,Furniture,Tables,East,On-Time,1,221.74,269.0,0.42,122
ORD-19448,2023-03-10,Apparel,Footwear,North,On-Time,1,192.01,326.23,0.05,33
ORD-19449,2023-09-27,Electronics,Computers,West,On-Time,4,86.81,161.87,0.05,22
ORD-19450,2023-01-31,Apparel,Shirts,West,On-Time,1,37.2,86.95,0.05,36
ORD-19451,2023-02-26,Apparel,Shirts,West,On-Time,3,139.57,282.05,0.0,10
ORD-19452,2023-04-28,Furniture,Chairs,West,Delayed - Customs,1,51.5,58.37,0.43,91
ORD-19453,2023-03-15,Furniture,Tables,East,On-Time,2,191.69,211.51,0.48,124
ORD-19454,2023-04-01,Electronics,Computers,East,On-Time,2,224.9,362.1,0.0,20
ORD-19455,2023-04-21,Apparel,Shirts,East,On-Time,3,300.08,711.48,0.05,35
ORD-19456,2023-08-06,Electronics,Accessories,South,On-Time,4,19.21,37.58,0.05,13
ORD-19457,2023-11-03,Furniture,,East,On-Time,5,348.44,404.3,0.4,93
ORD-19458,2023-09-11,Electronics,Accessories,East,On-Time,1,316.77,558.64,0.05,34
ORD-19459,2023-11-30,Apparel,Footwear,North,On-Time,3,186.95,310.7,0.05,31
ORD-19460,2023-07-23,Electronics,Accessories,South,On-Time,2,266.56,542.45,0.05,21
ORD-19461,2023-03-04,Furniture,Desks,North,On-Time,1,233.56,306.37,0.49,116
ORD-19462,2023-12-10,Apparel,Pants,South,On-Time,3,129.89,260.51,0.05,26
ORD-19463,2023-03-31,Apparel,Footwear,South,Delayed - Customs,1,217.72,275.1,0.44,104
ORD-19464,2023-01-29,Furniture,Tables,West,Delayed - Transit,2,253.02,333.41,0.05,81
ORD-19465,2023-12-19,Electronics,,West,On-Time,2,373.43,823.21,0.05,12
ORD-19466,2023-10-31,Furniture,Tables,South,On-Time,2,75.44,85.29,0.45,129
ORD-19467,2023-03-17,Apparel,Footwear,South,On-Time,2,88.54,193.82,0.0,18
ORD-19468,2023-08-02,Furniture,Tables,East,Delayed - Transit,2,357.25,445.64,0.57,101
ORD-19469,2023-11-27,Apparel,Pants,North,On-Time,2,115.82,192.54,0.05,13
ORD-19470,2023-08-05,Apparel,Footwear,East,On-Time,4,312.75,662.54,0.0,37
ORD-19471,2023-01-04,Electronics,Computers,West,On-Time,1,127.41,299.16,0.05,29
ORD-19472,2023-03-16,Electronics,Accessories,South,On-Time,4,357.54,619.73,0.05,29
ORD-19473,2023-12-31,Electronics,Audio,West,On-Time,4,306.01,502.99,0.05,29
ORD-19474,2023-04-30,Electronics,Computers,North,Delayed - Transit,4,386.35,407.64,0.05,80
ORD-19475,2023-11-11,Electronics,Computers,West,On-Time,4,241.65,438.05,0.05,27
ORD-19476,2023-01-02,Apparel,Footwear,East,On-Time,1,70.82,122.28,0.0,41
ORD-19477,2023-12-01,Electronics,Audio,East,On-Time,3,163.22,330.19,0.0,45
ORD-19478,2023-08-10,Electronics,Computers,West,On-Time,5,24.44,55.0,0.05,17
ORD-19479,2023-04-02,Electronics,Audio,North,On-Time,3,397.18,799.08,0.05,33
ORD-19480,2023-04-14,Electronics,Accessories,South,On-Time,1,152.15,321.19,0.05,21
ORD-19481,2023-06-15,Furniture,Chairs,West,On-Time,4,248.59,319.04,0.48,87
ORD-19482,2023-12-17,Apparel,Pants,West,On-Time,4,145.93,324.52,0.0,24
ORD-19483,2023-05-29,Electronics,Computers,South,On-Time,3,252.07,456.83,0.0,31
ORD-19484,2023-12-14,Electronics,Accessories,East,On-Time,2,38.32,84.13,0.0,13
ORD-19485,2023-09-22,Apparel,Footwear,South,On-Time,3,57.76,96.24,0.0,46
ORD-19486,2023-05-15,Apparel,Pants,East,On-Time,5,368.04,629.26,0.0,28
ORD-19487,2023-07-09,Furniture,Chairs,East,On-Time,4,346.84,389.75,0.39,138
ORD-19488,2023-09-06,Apparel,Footwear,North,On-Time,2,92.51,154.55,0.05,35
ORD-19489,2023-08-13,Apparel,Footwear,East,Delayed - Transit,2,127.41,167.31,0.0,56
ORD-19490,2023-04-26,Furniture,Chairs,West,On-Time,4,376.99,426.44,0.55,144
ORD-19491,2023-08-05,Apparel,Pants,East,On-Time,1,343.22,613.2,0.0,43
ORD-19492,2023-02-12,Electronics,Computers,North,On-Time,2,20.22,38.3,0.05,27
ORD-19493,2023-03-21,Furniture,Desks,East,On-Time,4,218.43,254.84,0.0,50
ORD-19494,2023-05-13,Furniture,Tables,North,On-Time,1,134.27,146.14,0.57,124
ORD-19495,2023-10-18,Electronics,Accessories,South,On-Time,4,53.06,124.03,0.05,35
ORD-19496,2023-06-04,Apparel,Footwear,West,On-Time,2,54.34,118.63,0.0,31
ORD-19497,2023-09-22,Apparel,Footwear,South,On-Time,3,264.83,540.66,0.05,36
ORD-19498,2023-09-28,Furniture,Tables,North,Delayed - Customs,1,276.72,305.71,0.61,98
ORD-19499,2023-12-22,Electronics,Audio,South,Delayed - Transit,5,291.88,351.45,0.4,155
ORD-19500,2023-02-13,Electronics,Audio,East,On-Time,3,383.94,754.17,0.05,33
ORD-19501,2023-07-17,Furniture,Chairs,East,On-Time,2,179.01,225.62,0.62,91
ORD-19502,2023-07-21,Electronics,Accessories,South,On-Time,3,269.75,582.87,0.05,14
ORD-19503,2023-01-23,Electronics,Accessories,South,On-Time,4,242.02,401.32,0.05,22
ORD-19504,2023-08-29,Apparel,Footwear,West,On-Time,4,240.51,514.39,0.0,41
ORD-19505,2023-07-15,Furniture,Tables,South,Delayed - Transit,4,84.44,100.36,0.43,147
ORD-19506,2023-05-26,Electronics,Accessories,South,On-Time,2,128.72,211.09,0.05,29
ORD-19507,2023-09-08,Furniture,Tables,North,On-Time,2,151.8,202.56,0.36,109
ORD-19508,2023-10-18,Electronics,Accessories,West,On-Time,3,101.98,226.31,0.0,22
ORD-19509,2023-01-07,Electronics,Accessories,North,On-Time,1,282.56,649.58,0.05,42
ORD-19510,2023-12-07,Furniture,Desks,East,On-Time,1,90.4,114.88,0.46,102
ORD-19511,2023-11-03,Apparel,Shirts,East,Delayed - Transit,5,22.45,23.64,0.36,126
ORD-19512,2023-02-17,Furniture,Chairs,North,On-Time,2,160.98,201.75,0.42,162
ORD-19513,2023-06-20,Furniture,Tables,South,On-Time,5,353.7,453.94,0.4,116
ORD-19514,2023-04-11,Apparel,Pants,East,On-Time,3,198.46,447.46,0.05,24
ORD-19515,2023-12-24,Electronics,Computers,North,On-Time,2,140.27,257.14,0.05,39
ORD-19516,2023-04-30,Electronics,Audio,East,On-Time,1,106.7,204.89,0.0,45
ORD-19517,2023-12-21,Furniture,Desks,West,On-Time,5,171.79,201.93,0.53,99
ORD-19518,2023-01-01,Electronics,Accessories,South,On-Time,1,248.38,486.53,0.0,39
ORD-19519,2023-06-18,Apparel,Shirts,East,Delayed - Transit,1,142.75,166.03,0.52,99
ORD-19520,2023-07-21,Electronics,Computers,West,On-Time,2,272.3,524.26,0.0,17
ORD-19521,2023-02-17,Apparel,Shirts,West,Delayed - Transit,2,100.13,123.15,0.48,166
ORD-19522,2023-11-10,Electronics,Accessories,West,On-Time,5,352.83,720.54,0.0,19
ORD-19523,2023-11-24,Electronics,Audio,West,Delayed - Transit,1,145.08,175.61,0.64,100
ORD-19524,2023-04-12,Furniture,Chairs,South,Delayed - Transit,4,339.47,400.86,0.52,124
ORD-19525,2023-05-16,Apparel,Footwear,North,On-Time,3,382.69,773.54,0.05,39
ORD-19526,2023-07-06,Furniture,Chairs,South,On-Time,3,210.07,259.67,0.41,144
ORD-19527,2023-06-09,Electronics,Computers,South,On-Time,2,178.54,378.08,0.0,40
ORD-19528,2023-05-17,Furniture,Chairs,South,On-Time,3,282.47,356.96,0.0,73
ORD-19529,2023-10-30,Electronics,Audio,North,Delayed - Transit,5,339.17,430.0,0.57,134
ORD-19530,2023-03-01,Electronics,Computers,South,On-Time,4,172.85,285.36,0.05,34
ORD-19531,2023-02-09,Apparel,Footwear,South,On-Time,4,266.64,612.9,0.05,26
ORD-19532,2023-09-29,Furniture,Chairs,East,On-Time,3,94.46,102.99,0.4,152
ORD-19533,2023-06-05,Furniture,Desks,South,On-Time,2,180.26,226.13,0.0,75
ORD-19534,2023-09-12,Electronics,Audio,West,Delayed - Transit,4,148.24,188.18,0.44,114
ORD-19535,2023-02-11,Furniture,Chairs,West,On-Time,4,218.58,236.06,0.55,144
ORD-19536,2023-02-28,Electronics,Audio,West,On-Time,4,238.12,402.58,0.05,38
ORD-19537,2023-12-01,Apparel,Pants,South,On-Time,1,16.63,39.57,0.05,38
ORD-19538,2023-10-16,Apparel,Pants,East,On-Time,5,134.12,234.88,0.0,42
ORD-19539,2023-03-19,Apparel,Shirts,West,On-Time,2,262.4,471.57,0.0,18
ORD-19540,2023-10-20,Electronics,Audio,South,On-Time,3,91.49,193.16,0.05,17
ORD-19541,2023-05-12,Furniture,Chairs,North,On-Time,2,117.66,137.39,0.0,67
ORD-19542,2023-12-17,Furniture,Tables,North,On-Time,4,305.62,406.16,0.45,103
ORD-19543,2023-05-07,Apparel,Pants,South,On-Time,4,398.91,917.85,0.05,20
ORD-19544,2023-09-09,Apparel,Shirts,West,Delayed - Transit,1,213.69,235.05,0.63,113
ORD-19545,2023-10-04,Furniture,Tables,North,On-Time,1,145.73,195.13,0.0,79
ORD-19546,2023-03-22,Furniture,Chairs,East,On-Time,1,198.53,227.68,0.4,116
ORD-19547,2023-12-20,Furniture,Tables,East,Delayed - Transit,1,366.31,450.69,0.52,129
ORD-19548,2023-04-22,Apparel,Shirts,South,On-Time,5,128.24,259.49,0.0,51
ORD-19549,2023-04-17,Electronics,Accessories,South,Delayed - Transit,2,206.12,232.79,0.05,70
ORD-19550,2023-05-10,Apparel,Shirts,South,On-Time,4,46.77,85.27,0.05,53
ORD-19551,2023-12-19,Apparel,Footwear,North,On-Time,4,18.79,32.38,0.0,31
ORD-19552,2023-09-24,Electronics,Accessories,South,On-Time,2,148.61,345.24,0.0,24
ORD-19553,2023-03-15,Electronics,Audio,East,On-Time,1,215.96,421.92,0.0,33
ORD-19554,2023-03-31,Furniture,Chairs,South,On-Time,4,370.94,451.92,0.59,123
ORD-19555,2023-12-30,Apparel,Shirts,North,On-Time,1,103.61,201.72,0.05,31
ORD-19556,2023-06-15,Electronics,Audio,South,Delayed - Transit,3,87.09,112.29,0.0,75
ORD-19557,2023-09-10,Apparel,Footwear,North,On-Time,1,398.89,728.01,0.05,26
ORD-19558,2023-04-20,Apparel,Footwear,West,On-Time,5,338.14,637.47,0.05,26
ORD-19559,2023-10-11,Electronics,Audio,West,On-Time,2,19.6,39.64,0.0,9
ORD-19560,2023-03-10,Apparel,Shirts,South,Delayed - Transit,4,33.01,41.16,0.0,84
ORD-19561,2023-03-31,Apparel,Shirts,North,Delayed - Transit,3,22.57,26.54,0.37,141
ORD-19562,2023-04-20,Furniture,Desks,East,Delayed - Transit,4,388.13,518.73,0.49,137
ORD-19563,2023-06-13,Furniture,Tables,East,On-Time,4,392.24,517.6,0.41,105
ORD-19564,2023-06-28,Furniture,Chairs,South,Delayed - Transit,5,111.96,149.8,0.57,126
ORD-19565,2023-06-15,Electronics,Computers,West,On-Time,2,345.19,615.09,0.05,42
ORD-19566,2023-02-17,Electronics,Computers,West,On-Time,4,389.32,686.87,0.05,24
ORD-19567,2023-01-24,Apparel,Shirts,North,On-Time,1,52.09,123.48,0.0,25
ORD-19568,2023-12-17,Apparel,Shirts,West,On-Time,2,307.52,707.14,0.05,45
ORD-19569,2023-07-02,Furniture,Desks,North,On-Time,4,109.13,137.9,0.61,110
ORD-19570,2023-05-11,Furniture,Desks,East,On-Time,1,185.53,231.62,0.64,114
ORD-19571,2023-10-02,Furniture,Desks,South,On-Time,3,232.73,282.12,0.44,96
ORD-19572,2023-02-22,Apparel,Footwear,East,Delayed - Customs,1,120.85,127.61,0.41,87
ORD-19573,2023-08-24,Apparel,Footwear,North,On-Time,5,91.83,153.6,0.0,47
ORD-19574,2023-05-05,Electronics,Computers,North,On-Time,2,230.2,385.09,0.0,8
ORD-19575,2023-02-03,Electronics,Computers,North,Delayed - Transit,3,365.81,445.61,0.53,94
ORD-19576,2023-04-06,Furniture,Tables,West,On-Time,2,310.27,358.97,0.58,163
ORD-19577,2023-02-22,Furniture,Desks,North,On-Time,2,294.64,388.08,0.47,102
ORD-19578,2023-04-06,Apparel,Footwear,North,On-Time,4,106.47,210.01,0.05,23
ORD-19579,2023-06-03,Electronics,Accessories,East,On-Time,5,240.84,483.6,0.05,24
ORD-19580,2023-04-28,Furniture,Chairs,North,On-Time,2,183.82,211.81,0.46,135
ORD-19581,2023-06-05,Apparel,Pants,South,On-Time,5,248.62,525.06,0.05,27
ORD-19582,2023-08-28,Electronics,Accessories,East,Delayed - Customs,3,301.99,325.81,0.6,133
ORD-19583,2023-08-29,Electronics,Computers,East,On-Time,3,29.18,59.44,0.05,40
ORD-19584,2023-10-22,Furniture,Tables,West,On-Time,2,24.77,33.06,0.49,135
ORD-19585,2023-06-20,Furniture,Chairs,East,On-Time,3,345.0,414.58,0.0,83
ORD-19586,2023-02-20,Electronics,Computers,South,On-Time,1,273.69,481.06,0.0,30
ORD-19587,2023-11-10,Furniture,Desks,North,On-Time,3,138.47,178.63,0.53,139
ORD-19588,2023-02-17,Furniture,Chairs,East,On-Time,4,107.79,131.3,0.37,126
ORD-19589,2023-03-30,Electronics,Computers,East,On-Time,5,351.19,629.29,0.0,42
ORD-19590,2023-10-24,Furniture,Chairs,West,Delayed - Customs,4,321.13,424.16,0.55,138
ORD-19591,2023-03-10,Electronics,Accessories,East,On-Time,3,138.23,303.23,0.0,26
ORD-19592,2023-11-11,Furniture,Chairs,West,Delayed - Customs,1,335.12,394.21,0.64,108
ORD-19593,2023-09-30,Apparel,Pants,North,Delayed - Customs,4,183.35,233.26,0.05,78
ORD-19594,2023-04-09,Furniture,Tables,South,On-Time,2,58.9,66.97,0.56,144
ORD-19595,2023-11-10,Furniture,Desks,East,On-Time,4,45.37,49.72,0.38,133
ORD-19596,2023-02-08,Apparel,Footwear,South,On-Time,2,309.94,608.73,0.05,21
ORD-19597,2023-05-31,Electronics,Accessories,West,Delayed - Customs,2,367.48,409.28,0.51,99
ORD-19598,2023-10-11,Furniture,Chairs,North,On-Time,2,285.34,327.22,0.42,102
ORD-19599,2023-09-21,Furniture,Tables,West,On-Time,2,108.71,120.66,0.6,142
ORD-19600,2023-06-27,Furniture,Chairs,South,On-Time,5,157.77,179.08,0.56,107
ORD-19601,2023-01-28,Apparel,Footwear,West,On-Time,3,94.67,163.42,0.05,33
ORD-19602,2023-06-12,Apparel,Footwear,North,Delayed - Transit,5,299.73,348.14,0.57,91
ORD-19603,2023-10-26,Furniture,Desks,East,On-Time,5,193.88,219.7,0.36,134
ORD-19604,2023-05-23,Electronics,Audio,South,On-Time,2,17.84,35.87,0.0,47
ORD-19605,2023-08-28,Furniture,Chairs,East,Delayed - Transit,1,365.1,478.89,0.63,110
ORD-19606,2023-03-30,Apparel,Footwear,West,Delayed - Customs,4,374.65,442.84,0.62,102
ORD-19607,2023-03-24,Apparel,Pants,South,On-Time,5,290.0,487.07,0.0,27
ORD-19608,2023-06-21,Furniture,Tables,West,On-Time,5,28.91,31.08,0.47,87
ORD-19609,2023-06-18,Apparel,Shirts,South,On-Time,1,360.69,657.08,0.0,39
ORD-19610,2023-03-26,Furniture,Desks,West,On-Time,5,391.8,485.88,0.6,132
ORD-19611,2023-02-08,Electronics,Computers,North,On-Time,5,105.24,228.3,0.05,39
ORD-19612,2023-10-16,Furniture,Desks,East,On-Time,4,156.53,199.64,0.63,99
ORD-19613,2023-07-13,Apparel,Shirts,South,Delayed - Transit,2,295.18,314.9,0.55,119
ORD-19614,2023-11-15,Furniture,Chairs,South,On-Time,2,57.6,62.65,0.05,76
ORD-19615,2023-01-18,Electronics,Accessories,South,Delayed - Customs,4,205.84,230.75,0.53,114
ORD-19616,2023-10-12,Furniture,Chairs,East,On-Time,1,131.91,159.39,0.48,109
ORD-19617,2023-01-28,Apparel,Pants,East,On-Time,3,67.19,141.08,0.05,47
ORD-19618,2023-08-26,Apparel,Shirts,East,On-Time,4,161.48,287.69,0.0,42
ORD-19619,2023-12-14,Electronics,Audio,West,On-Time,2,157.57,343.9,0.05,39
ORD-19620,2023-04-15,Furniture,Desks,West,On-Time,3,134.36,154.29,0.62,97
ORD-19621,2023-08-26,Apparel,Shirts,West,On-Time,1,48.54,92.97,0.05,34
ORD-19622,2023-08-07,Electronics,Computers,North,On-Time,4,357.58,666.37,0.0,35
ORD-19623,2023-08-19,Apparel,Shirts,South,Delayed - Customs,2,394.81,507.11,0.47,123
ORD-19624,2023-12-09,Apparel,Shirts,South,On-Time,5,116.1,259.45,0.05,15
ORD-19625,2023-05-12,Electronics,Computers,North,On-Time,3,198.74,394.4,0.05,27
ORD-19626,2023-07-13,Apparel,Shirts,South,On-Time,2,102.45,180.4,0.0,33
ORD-19627,2023-05-10,Electronics,Computers,West,Delayed - Customs,5,393.95,487.97,0.5,122
ORD-19628,2023-02-06,Furniture,Tables,West,On-Time,1,378.78,426.6,0.64,162
ORD-19629,2023-11-06,Electronics,Accessories,East,On-Time,2,202.06,394.8,0.0,18
ORD-19630,2023-07-27,Electronics,Audio,West,On-Time,5,267.18,514.44,0.0,42
ORD-19631,2023-05-04,Furniture,Chairs,West,On-Time,5,152.69,178.96,0.42,118
ORD-19632,2023-02-11,Electronics,Audio,South,Delayed - Customs,5,280.43,335.08,0.39,118
ORD-19633,2023-06-07,Furniture,Tables,East,Delayed - Transit,2,230.38,285.77,0.62,141
ORD-19634,2023-05-06,Furniture,Desks,South,On-Time,4,106.17,140.44,0.63,134
ORD-19635,2023-02-14,Furniture,Chairs,West,On-Time,4,360.46,381.98,0.46,124
ORD-19636,2023-09-29,Furniture,Chairs,North,On-Time,1,355.31,470.7,0.37,129
ORD-19637,2023-05-21,Furniture,Tables,West,On-Time,3,24.48,29.94,0.45,122
ORD-19638,2023-10-15,Electronics,Computers,West,On-Time,4,274.99,454.0,0.05,20
ORD-19639,2023-05-03,Furniture,Tables,East,On-Time,3,311.83,383.54,0.35,125
ORD-19640,2023-08-11,Electronics,Accessories,East,On-Time,2,153.18,260.05,0.0,26
ORD-19641,2023-02-11,Electronics,Audio,South,On-Time,1,92.21,165.41,0.05,48
ORD-19642,2023-03-19,Apparel,Pants,South,On-Time,4,252.48,528.47,0.0,36
ORD-19643,2023-06-27,Apparel,Shirts,East,On-Time,5,94.88,152.46,0.0,48
ORD-19644,2023-11-19,Furniture,Desks,West,Delayed - Customs,3,208.91,267.94,0.47,145
ORD-19645,2023-08-17,Apparel,Footwear,North,On-Time,4,63.27,122.95,0.05,28
ORD-19646,2023-07-14,Electronics,Audio,West,Delayed - Transit,2,215.43,265.52,0.05,75
ORD-19647,2023-01-03,Furniture,Tables,East,On-Time,1,369.39,496.77,0.44,87
ORD-19648,2023-04-02,Electronics,Computers,West,On-Time,1,304.01,663.32,0.0,2
ORD-19649,2023-10-24,Electronics,Computers,South,On-Time,5,211.32,351.5,0.0,24
ORD-19650,2023-01-03,Furniture,Desks,South,On-Time,2,181.77,221.37,0.63,99
ORD-19651,2023-06-13,Furniture,Desks,North,On-Time,1,64.63,86.09,0.37,134
ORD-19652,2023-11-14,Electronics,Audio,North,Delayed - Customs,4,174.03,220.73,0.37,126
ORD-19653,2023-11-09,Apparel,Pants,East,On-Time,3,199.67,353.67,0.05,39
ORD-19654,2023-10-17,Apparel,Shirts,South,Delayed - Transit,5,55.13,58.73,0.46,119
ORD-19655,2023-02-12,Furniture,Chairs,East,On-Time,2,212.09,266.09,0.0,75
ORD-19656,2023-08-16,Apparel,Footwear,East,On-Time,2,59.4,102.21,0.05,32
ORD-19657,2023-04-13,Furniture,Desks,North,On-Time,1,315.78,376.77,0.61,97
ORD-19658,2023-08-12,Electronics,Computers,East,Delayed - Transit,4,252.24,308.0,0.62,92
ORD-19659,2023-07-15,Electronics,Accessories,East,On-Time,5,173.94,375.73,0.05,48
ORD-19660,2023-01-12,Apparel,Shirts,East,On-Time,2,322.06,572.87,0.0,12
ORD-19661,2023-03-25,Electronics,Accessories,South,Delayed - Transit,3,189.73,229.65,0.64,94
ORD-19662,2023-11-19,Electronics,Accessories,South,On-Time,3,183.19,401.26,0.05,18
ORD-19663,2023-10-26,Furniture,Desks,West,On-Time,3,109.53,145.66,0.48,132
ORD-19664,2023-08-18,Furniture,Chairs,South,Delayed - Customs,3,294.39,351.91,0.35,119
ORD-19665,2023-06-21,Furniture,Desks,West,On-Time,2,103.94,123.12,0.61,111
ORD-19666,2023-01-17,Apparel,Shirts,South,On-Time,5,248.26,593.3,0.05,32
ORD-19667,2023-03-29,Apparel,Pants,North,On-Time,1,350.46,608.05,0.0,16
ORD-19668,2023-05-28,Electronics,Audio,East,On-Time,1,49.63,90.83,0.0,41
ORD-19669,2023-06-12,Apparel,Shirts,North,Delayed - Transit,1,242.04,265.47,0.45,98
ORD-19670,2023-03-11,Apparel,Pants,North,On-Time,4,154.68,255.1,0.05,28
ORD-19671,2023-07-17,Electronics,Audio,South,On-Time,1,21.79,42.68,0.05,20
ORD-19672,2023-06-20,Apparel,Footwear,East,On-Time,5,342.04,617.91,0.0,30
ORD-19673,2023-10-03,Apparel,Footwear,South,On-Time,1,315.25,522.43,0.0,37
ORD-19674,2023-01-07,Apparel,Pants,South,On-Time,1,360.91,702.72,0.0,27
ORD-19675,2023-05-04,Apparel,Footwear,West,On-Time,3,255.4,589.67,0.05,27
ORD-19676,2023-07-01,Apparel,Shirts,East,On-Time,1,111.22,206.22,0.05,50
ORD-19677,2023-05-10,Apparel,Footwear,East,On-Time,3,235.79,439.16,0.05,28
ORD-19678,2023-10-17,Electronics,Accessories,North,Delayed - Customs,1,75.78,94.71,0.48,122
ORD-19679,2023-03-03,Furniture,Chairs,West,On-Time,3,175.53,222.27,0.46,180
ORD-19680,2023-04-22,Electronics,Accessories,West,On-Time,1,168.93,303.21,0.05,34
ORD-19681,2023-09-20,Furniture,Tables,North,On-Time,3,33.46,43.42,0.62,104
ORD-19682,2023-09-24,Apparel,Footwear,East,On-Time,2,109.61,258.74,0.05,41
ORD-19683,2023-03-12,Apparel,Shirts,West,On-Time,1,296.85,475.88,0.05,22
ORD-19684,2023-03-24,Furniture,Desks,West,On-Time,2,46.9,54.0,0.52,101
ORD-19685,2023-12-07,Apparel,Pants,North,On-Time,1,269.09,640.54,0.05,26
ORD-19686,2023-11-09,Apparel,Pants,South,On-Time,3,375.03,766.44,0.0,10
ORD-19687,2023-04-09,Apparel,Shirts,North,Delayed - Transit,4,381.52,458.83,0.44,98
ORD-19688,2023-05-13,Apparel,Footwear,South,On-Time,1,207.84,361.44,0.05,24
ORD-19689,2023-04-03,Electronics,Audio,East,On-Time,1,308.69,717.85,0.0,15
ORD-19690,2023-11-16,Furniture,Desks,East,On-Time,1,367.91,414.99,0.62,125
ORD-19691,2023-12-18,Electronics,Computers,North,On-Time,3,363.03,854.95,0.05,30
ORD-19692,2023-10-01,Apparel,Shirts,East,On-Time,5,376.25,794.95,0.05,3
ORD-19693,2023-04-04,Furniture,Chairs,East,Delayed - Transit,4,250.64,326.02,0.35,95
ORD-19694,2023-04-14,Electronics,Audio,East,On-Time,5,154.31,342.08,0.05,27
ORD-19695,2023-11-21,Furniture,Tables,West,On-Time,1,164.34,208.38,0.59,151
ORD-19696,2023-09-23,Apparel,Shirts,North,On-Time,1,268.1,614.17,0.05,28
ORD-19697,2023-03-14,Furniture,Chairs,South,On-Time,4,307.14,381.66,0.52,149
ORD-19698,2023-02-06,Apparel,Pants,West,On-Time,1,344.77,678.46,0.0,18
ORD-19699,2023-10-17,Electronics,Accessories,East,Delayed - Transit,2,258.74,281.37,0.51,161
ORD-19700,2023-07-01,Furniture,Chairs,South,Delayed - Transit,1,58.26,73.58,0.38,161
ORD-19701,2023-09-22,Electronics,Audio,West,On-Time,4,372.78,816.5,0.05,29
ORD-19702,2023-10-08,Apparel,Shirts,West,Delayed - Customs,4,199.53,247.58,0.59,132
ORD-19703,2023-02-24,Electronics,Audio,East,On-Time,3,120.17,211.38,0.05,29
ORD-19704,2023-01-22,Apparel,Shirts,North,On-Time,3,359.22,744.1,0.0,30
ORD-19705,2023-07-11,Electronics,Audio,East,On-Time,2,20.92,36.64,0.0,20
ORD-19706,2023-03-26,Furniture,Chairs,South,On-Time,4,256.27,323.31,0.36,105
ORD-19707,2023-03-06,Furniture,Tables,South,On-Time,5,121.0,155.35,0.58,115
ORD-19708,2023-05-01,Furniture,Tables,East,Delayed - Customs,3,61.83,66.33,0.05,80
ORD-19709,2023-07-24,Apparel,Pants,West,Delayed - Customs,5,268.27,325.79,0.63,121
ORD-19710,2023-09-11,Furniture,Tables,East,On-Time,3,200.25,234.29,0.4,118
ORD-19711,2023-06-12,Apparel,Pants,East,On-Time,1,339.05,657.65,0.0,7
ORD-19712,2023-12-04,Apparel,Pants,North,On-Time,2,100.66,201.63,0.05,33
ORD-19713,2023-03-16,Electronics,Computers,West,On-Time,1,89.28,172.94,0.0,26
ORD-19714,2023-03-27,Apparel,Shirts,West,On-Time,4,24.75,47.07,0.05,26
ORD-19715,2023-10-28,Electronics,Computers,South,On-Time,5,103.29,198.86,0.05,19
ORD-19716,2023-12-15,Apparel,Footwear,North,On-Time,4,93.87,197.92,0.0,29
ORD-19717,2023-11-11,Apparel,Footwear,North,On-Time,5,321.17,669.76,0.05,22
ORD-19718,2023-03-18,Apparel,Footwear,South,On-Time,3,172.31,401.31,0.05,42
ORD-19719,2023-07-16,Furniture,Desks,East,Delayed - Transit,4,56.06,71.14,0.45,156
ORD-19720,2023-06-21,Apparel,,West,On-Time,3,79.28,188.89,0.05,19
ORD-19721,2023-01-08,Electronics,Computers,South,On-Time,5,362.33,789.88,0.05,37
ORD-19722,2023-07-05,Apparel,Shirts,East,On-Time,5,28.83,48.35,0.05,42
ORD-19723,2023-01-17,Furniture,Tables,East,On-Time,3,278.8,339.27,0.0,85
ORD-19724,2023-10-15,Furniture,Chairs,West,On-Time,5,355.48,383.97,0.36,109
ORD-19725,2023-06-21,Apparel,Shirts,East,On-Time,3,130.6,251.65,0.05,38
ORD-19726,2023-11-08,Electronics,Computers,West,On-Time,1,242.15,561.19,0.05,21
ORD-19727,2023-02-12,Furniture,Desks,East,On-Time,2,84.26,95.07,0.43,95
ORD-19728,2023-02-18,Electronics,Audio,East,On-Time,3,224.31,535.58,0.0,26
ORD-19729,2023-08-13,Furniture,Tables,South,On-Time,4,75.4,84.71,0.53,139
ORD-19730,2023-09-02,Electronics,Audio,South,On-Time,3,217.12,359.5,0.05,38
ORD-19731,2023-10-08,Furniture,Desks,East,Delayed - Transit,2,158.6,201.69,0.41,143
ORD-19732,2023-05-27,Apparel,Footwear,North,On-Time,2,16.48,27.56,0.0,27
ORD-19733,2023-03-16,Apparel,Shirts,North,On-Time,1,47.92,101.79,0.0,37
ORD-19734,2023-03-28,Apparel,Pants,West,On-Time,1,397.15,659.51,0.05,62
ORD-19735,2023-12-20,Apparel,Pants,East,On-Time,1,52.51,86.09,0.05,42
ORD-19736,2023-05-20,Furniture,Chairs,South,On-Time,4,28.0,31.92,0.53,116
ORD-19737,2023-05-28,Apparel,Pants,East,On-Time,3,218.03,373.14,0.0,49
ORD-19738,2023-04-12,Furniture,Desks,South,On-Time,3,350.35,373.4,0.57,110
ORD-19739,2023-06-29,Apparel,Footwear,South,On-Time,2,125.33,268.4,0.0,47
ORD-19740,2023-01-30,Apparel,Footwear,West,On-Time,2,277.79,526.18,0.05,39
ORD-19741,2023-12-31,Apparel,Footwear,East,On-Time,4,140.82,272.8,0.0,32
ORD-19742,2023-04-10,Electronics,Computers,East,On-Time,3,353.02,588.38,0.05,23
ORD-19743,2023-11-05,Furniture,,North,On-Time,2,222.44,243.29,0.42,162
ORD-19744,2023-11-30,Apparel,Shirts,North,Delayed - Transit,2,19.98,25.19,0.37,131
ORD-19745,2023-02-17,Electronics,Audio,North,On-Time,4,374.82,768.7,0.05,34
ORD-19746,2023-07-17,Electronics,Audio,East,Delayed - Transit,1,20.44,23.86,0.59,95
ORD-19747,2023-11-04,Apparel,Shirts,North,On-Time,4,265.93,606.84,0.0,30
ORD-19748,2023-02-17,Electronics,Audio,South,On-Time,3,325.18,745.68,0.0,39
ORD-19749,2023-07-07,Apparel,Shirts,East,On-Time,2,53.4,101.93,0.0,41
ORD-19750,2023-11-03,Electronics,Computers,North,On-Time,3,311.33,508.0,0.05,27
ORD-19751,2023-01-18,Electronics,Audio,West,On-Time,5,49.26,79.2,0.05,47
ORD-19752,2023-07-25,Furniture,Chairs,South,Delayed - Customs,3,102.22,137.84,0.65,86
ORD-19753,2023-09-21,Apparel,Pants,East,On-Time,1,346.06,587.81,0.0,29
ORD-19754,2023-08-08,Furniture,Tables,West,On-Time,5,44.3,50.13,0.57,134
ORD-19755,2023-10-04,Electronics,Audio,South,On-Time,1,191.58,388.27,0.05,36
ORD-19756,2023-11-10,Electronics,Accessories,East,Delayed - Transit,2,127.2,166.41,0.49,127
ORD-19757,2023-03-04,Electronics,Audio,West,On-Time,4,52.14,122.54,0.05,18
ORD-19758,2023-11-02,Furniture,Chairs,East,On-Time,5,328.61,408.53,0.05,82
ORD-19759,2023-01-15,Electronics,Audio,East,Delayed - Customs,4,231.27,266.4,0.5,108
ORD-19760,2023-07-23,Electronics,Audio,South,On-Time,3,120.27,287.36,0.0,45
ORD-19761,2023-05-26,Electronics,Audio,North,Delayed - Transit,4,85.98,94.33,0.48,122
ORD-19762,2023-04-17,Furniture,Chairs,West,On-Time,5,203.72,270.95,0.05,84
ORD-19763,2023-10-23,Apparel,Footwear,East,On-Time,2,177.86,411.18,0.0,28
ORD-19764,2023-12-28,Electronics,Accessories,East,On-Time,2,165.68,273.06,0.05,20
ORD-19765,2023-04-12,Furniture,Tables,North,On-Time,2,213.46,265.34,0.39,87
ORD-19766,2023-03-20,Apparel,Pants,West,On-Time,3,38.05,69.94,0.0,42
ORD-19767,2023-03-06,Electronics,Accessories,East,Delayed - Transit,4,346.93,459.62,0.55,153
ORD-19768,2023-06-18,Furniture,Tables,North,On-Time,1,183.37,216.0,0.45,126
ORD-19769,2023-01-21,Apparel,Pants,South,On-Time,5,274.93,453.49,0.05,13
ORD-19770,2023-01-27,Apparel,Shirts,North,On-Time,2,162.9,274.34,0.0,22
ORD-19771,2023-08-10,Apparel,Pants,South,On-Time,5,54.88,89.5,0.05,28
ORD-19772,2023-10-06,Furniture,Chairs,South,On-Time,5,174.91,202.86,0.48,156
ORD-19773,2023-04-05,Apparel,Footwear,West,On-Time,1,292.22,475.51,0.05,24
ORD-19774,2023-05-05,Apparel,Pants,North,On-Time,1,74.86,136.13,0.0,38
ORD-19775,2023-04-25,Apparel,Footwear,West,On-Time,3,216.19,440.12,0.05,9
ORD-19776,2023-02-18,Electronics,Accessories,North,On-Time,1,26.36,51.6,0.05,52
ORD-19777,2023-06-23,Electronics,Accessories,South,On-Time,4,160.02,273.52,0.05,35
ORD-19778,2023-06-11,Furniture,Tables,South,On-Time,4,374.07,395.13,0.37,93
ORD-19779,2023-05-17,Apparel,Pants,West,Delayed - Transit,5,148.31,169.06,0.59,119
ORD-19780,2023-02-01,Furniture,Desks,East,Delayed - Customs,3,144.8,166.68,0.53,116
ORD-19781,2023-01-17,Apparel,Shirts,East,On-Time,5,177.15,377.71,0.05,29
ORD-19782,2023-12-07,Electronics,Computers,South,Delayed - Customs,3,232.17,302.54,0.61,151
ORD-19783,2023-12-05,Furniture,Tables,South,On-Time,3,294.62,361.36,0.65,174
ORD-19784,2023-10-15,Apparel,Shirts,East,On-Time,5,34.16,70.72,0.0,15
ORD-19785,2023-02-03,Electronics,Audio,South,Delayed - Transit,5,367.67,430.72,0.47,87
ORD-19786,2023-02-12,Apparel,Shirts,West,On-Time,2,268.87,634.08,0.0,21
ORD-19787,2023-08-08,Furniture,Tables,North,Delayed - Transit,3,87.04,98.7,0.05,56
ORD-19788,2023-10-02,Apparel,Footwear,South,On-Time,5,218.05,420.83,0.0,27
ORD-19789,2023-01-11,Electronics,Accessories,South,On-Time,4,74.02,175.41,0.05,40
ORD-19790,2023-12-21,Furniture,Tables,North,On-Time,1,299.07,354.62,0.46,106
ORD-19791,2023-11-22,Electronics,Audio,West,On-Time,3,146.37,345.62,0.05,50
ORD-19792,2023-12-03,Furniture,Desks,West,On-Time,5,212.69,236.82,0.0,78
ORD-19793,2023-03-26,Electronics,,North,On-Time,3,313.66,592.89,0.0,24
ORD-19794,2023-08-15,Furniture,Desks,East,On-Time,5,25.71,27.53,0.05,70
ORD-19795,2023-01-23,Electronics,Audio,East,On-Time,3,105.31,220.98,0.0,38
ORD-19796,2023-02-22,Electronics,Audio,North,On-Time,1,107.9,225.09,0.05,29
ORD-19797,2023-04-21,Apparel,Pants,North,On-Time,4,245.15,457.98,0.0,23
ORD-19798,2023-12-08,Apparel,Pants,East,On-Time,2,279.16,516.18,0.05,25
ORD-19799,2023-06-29,Furniture,Chairs,North,Delayed - Transit,4,217.73,270.26,0.44,175
ORD-19800,2023-05-17,Apparel,Shirts,North,On-Time,2,343.83,668.53,0.05,25
ORD-19801,2023-01-28,Electronics,Accessories,South,On-Time,1,72.81,139.36,0.0,42
ORD-19802,2023-10-26,Furniture,Chairs,West,Delayed - Transit,5,101.03,112.6,0.64,120
ORD-19803,2023-11-22,Apparel,Footwear,South,On-Time,1,258.8,583.43,0.0,31
ORD-19804,2023-07-28,Electronics,Audio,South,On-Time,2,397.74,663.63,0.05,35
ORD-19805,2023-11-13,Furniture,Tables,East,Delayed - Customs,5,263.3,348.37,0.38,131
ORD-19806,2023-06-03,Furniture,Chairs,West,On-Time,1,135.43,177.53,0.44,145
ORD-19807,2023-05-07,Furniture,Chairs,North,On-Time,4,339.6,390.91,0.39,135
ORD-19808,2023-11-26,Apparel,Footwear,East,On-Time,2,199.69,443.52,0.0,26
ORD-19809,2023-02-13,Apparel,Shirts,South,On-Time,2,392.35,710.51,0.05,21
ORD-19810,2023-06-12,Furniture,Chairs,East,On-Time,1,161.31,199.33,0.6,134
ORD-19811,2023-10-02,Electronics,Audio,South,On-Time,3,104.3,224.07,0.0,70
ORD-19812,2023-12-29,Electronics,Computers,South,Delayed - Customs,1,369.22,478.42,0.59,142
ORD-19813,2023-04-03,Apparel,Footwear,North,On-Time,4,102.84,216.8,0.05,12
ORD-19814,2023-11-27,Electronics,Accessories,North,On-Time,1,378.07,832.75,0.0,50
ORD-19815,2023-04-09,Electronics,Audio,South,On-Time,4,120.63,243.67,0.0,41
ORD-19816,2023-11-03,Electronics,Accessories,South,On-Time,4,213.6,429.71,0.05,29
ORD-19817,2023-10-05,Apparel,Footwear,South,On-Time,4,176.88,297.85,0.05,35
ORD-19818,2023-03-27,Electronics,Audio,North,On-Time,4,243.59,443.82,0.0,31
ORD-19819,2023-09-24,Electronics,Accessories,West,On-Time,5,235.1,528.38,0.0,18
ORD-19820,2023-05-12,Furniture,Chairs,West,Delayed - Customs,2,203.87,253.78,0.61,108
ORD-19821,2023-08-29,Furniture,Chairs,South,On-Time,5,34.99,43.4,0.36,140
ORD-19822,2023-02-15,Furniture,Tables,North,On-Time,5,348.77,454.11,0.4,99
ORD-19823,2023-02-28,Furniture,Desks,South,Delayed - Transit,1,138.96,176.9,0.42,103
ORD-19824,2023-01-03,Apparel,Pants,North,On-Time,3,151.02,243.77,0.05,24
ORD-19825,2023-09-24,Furniture,Tables,East,Delayed - Customs,4,366.01,463.41,0.53,90
ORD-19826,2023-10-24,Furniture,Desks,East,Delayed - Transit,3,347.08,401.19,0.64,107
ORD-19827,2023-12-12,Electronics,Accessories,West,On-Time,5,50.02,104.34,0.05,28
ORD-19828,2023-03-08,Electronics,Accessories,North,On-Time,4,217.4,420.93,0.05,48
ORD-19829,2023-11-04,Furniture,Desks,East,On-Time,4,53.38,63.84,0.49,126
ORD-19830,2023-12-30,Furniture,Chairs,East,On-Time,4,295.39,390.12,0.54,101
ORD-19831,2023-04-06,Electronics,,North,On-Time,4,196.52,318.03,0.05,32
ORD-19832,2023-09-04,Furniture,Chairs,North,On-Time,2,28.96,31.92,0.59,88
ORD-19833,2023-09-07,Apparel,Shirts,West,On-Time,4,250.89,454.09,0.05,30
ORD-19834,2023-04-21,Apparel,Shirts,South,On-Time,1,374.67,807.26,0.05,23
ORD-19835,2023-09-18,Electronics,Computers,West,On-Time,1,157.28,366.41,0.0,27
ORD-19836,2023-04-21,Furniture,Chairs,South,On-Time,1,144.57,184.83,0.6,127
ORD-19837,2023-08-29,Furniture,Chairs,East,On-Time,4,265.47,352.76,0.65,151
ORD-19838,2023-02-20,Electronics,Accessories,South,On-Time,3,153.7,272.06,0.05,30
ORD-19839,2023-01-23,Electronics,Computers,West,Delayed - Customs,2,26.11,31.95,0.51,105
ORD-19840,2023-07-18,Furniture,Desks,South,On-Time,2,60.82,79.62,0.38,121
ORD-19841,2023-12-26,Apparel,Pants,East,On-Time,5,244.29,574.32,0.05,7
ORD-19842,2023-07-29,Electronics,,North,On-Time,3,348.43,579.37,0.0,40
ORD-19843,2023-02-23,Electronics,Computers,South,On-Time,3,49.89,117.89,0.05,17
ORD-19844,2023-07-04,Apparel,Pants,West,On-Time,2,260.21,592.79,0.0,39
ORD-19845,2023-05-14,Furniture,Desks,East,On-Time,4,16.95,21.41,0.48,105
ORD-19846,2023-10-15,Furniture,Tables,West,On-Time,5,306.17,381.03,0.5,102
ORD-19847,2023-02-20,Electronics,,West,On-Time,2,141.62,272.85,0.05,7
ORD-19848,2023-06-24,Furniture,Desks,North,On-Time,3,245.59,279.4,0.0,77
ORD-19849,2023-01-07,Electronics,Computers,North,On-Time,1,159.57,329.6,0.0,11
ORD-19850,2023-03-05,Apparel,Pants,North,On-Time,1,187.06,391.27,0.05,42
ORD-19851,2023-05-07,Apparel,Pants,West,On-Time,1,359.9,634.19,0.05,27
ORD-19852,2023-09-12,Furniture,Desks,East,On-Time,1,148.05,168.33,0.62,87
ORD-19853,2023-06-09,Electronics,Accessories,East,On-Time,1,134.21,219.45,0.05,3
ORD-19854,2023-10-25,Apparel,Footwear,South,Delayed - Transit,5,265.16,347.35,0.43,106
ORD-19855,2023-01-14,Apparel,Shirts,West,On-Time,1,137.38,310.98,0.0,46
ORD-19856,2023-06-19,Electronics,Audio,East,Delayed - Transit,2,245.88,285.65,0.58,114
ORD-19857,2023-03-28,Furniture,Tables,South,Delayed - Transit,1,337.13,401.77,0.51,126
ORD-19858,2023-05-25,Furniture,Desks,South,On-Time,3,214.22,225.58,0.62,115
ORD-19859,2023-05-17,Electronics,Computers,West,On-Time,1,142.82,310.94,0.0,26
ORD-19860,2023-05-19,Apparel,,South,On-Time,1,119.21,262.84,0.0,21
ORD-19861,2023-04-28,Furniture,Chairs,South,On-Time,2,33.99,38.7,0.0,83
ORD-19862,2023-08-28,Furniture,Desks,North,On-Time,3,55.2,58.23,0.5,96
ORD-19863,2023-06-30,Furniture,Chairs,North,On-Time,2,73.9,96.76,0.63,112
ORD-19864,2023-04-21,Furniture,Desks,East,On-Time,4,376.44,461.04,0.37,92
ORD-19865,2023-12-25,Electronics,Accessories,North,Delayed - Customs,5,189.36,254.16,0.39,111
ORD-19866,2023-03-01,Electronics,Audio,West,On-Time,3,169.79,370.18,0.0,17
ORD-19867,2023-10-01,Furniture,Desks,South,On-Time,1,330.98,368.79,0.43,125
ORD-19868,2023-02-21,Apparel,Shirts,North,Delayed - Customs,2,37.51,42.21,0.51,97
ORD-19869,2023-03-25,Furniture,Tables,South,Delayed - Customs,3,243.39,284.03,0.59,111
ORD-19870,2023-07-23,Electronics,Accessories,East,On-Time,2,310.71,632.09,0.0,16
ORD-19871,2023-11-30,Electronics,Accessories,West,On-Time,2,63.62,149.82,0.05,23
ORD-19872,2023-05-31,Furniture,Chairs,South,On-Time,2,168.78,210.76,0.56,116
ORD-19873,2023-05-26,Furniture,Desks,West,On-Time,1,163.53,194.21,0.0,62
ORD-19874,2023-02-08,Furniture,Desks,East,On-Time,1,64.08,71.11,0.38,111
ORD-19875,2023-07-02,Apparel,Pants,East,Delayed - Customs,1,105.22,129.94,0.48,120
ORD-19876,2023-06-27,Electronics,Audio,North,On-Time,2,97.53,186.59,0.05,27
ORD-19877,2023-10-17,Furniture,Tables,South,On-Time,1,378.74,448.65,0.44,91
ORD-19878,2023-07-31,Apparel,Footwear,North,Delayed - Transit,2,187.75,244.84,0.41,106
ORD-19879,2023-02-07,Apparel,Footwear,South,On-Time,1,357.32,841.42,0.05,3
ORD-19880,2023-11-19,Electronics,,West,Delayed - Transit,3,397.69,512.55,0.47,107
ORD-19881,2023-02-07,Electronics,Computers,West,On-Time,4,260.4,435.42,0.05,51
ORD-19882,2023-09-08,Electronics,Accessories,West,On-Time,2,370.67,837.26,0.0,37
ORD-19883,2023-11-07,Electronics,Audio,North,On-Time,1,218.04,497.65,0.05,67
ORD-19884,2023-07-27,Furniture,Desks,South,On-Time,4,225.31,290.37,0.62,176
ORD-19885,2023-08-12,Furniture,Chairs,East,Delayed - Customs,2,294.74,386.76,0.53,107
ORD-19886,2023-04-06,Furniture,Desks,North,On-Time,4,348.27,431.65,0.56,129
ORD-19887,2023-12-02,Electronics,Accessories,South,On-Time,4,234.19,378.19,0.0,9
ORD-19888,2023-06-03,Furniture,Desks,West,On-Time,4,238.93,289.54,0.61,119
ORD-19889,2023-01-16,Furniture,Tables,North,On-Time,4,63.39,75.46,0.46,107
ORD-19890,2023-11-01,Apparel,Footwear,West,Delayed - Customs,2,102.23,136.57,0.53,88
ORD-19891,2023-10-15,Furniture,Desks,East,On-Time,3,360.26,457.02,0.57,100
ORD-19892,2023-07-24,Apparel,Footwear,East,On-Time,5,291.21,691.87,0.05,35
ORD-19893,2023-07-22,Apparel,Shirts,West,Delayed - Transit,5,183.05,244.07,0.05,50
ORD-19894,2023-01-06,Electronics,Computers,North,On-Time,4,272.88,603.66,0.0,29
ORD-19895,2023-10-23,Furniture,Desks,East,Delayed - Transit,1,17.26,19.92,0.61,91
ORD-19896,2023-06-04,Electronics,Accessories,West,On-Time,2,42.79,90.66,0.05,11
ORD-19897,2023-10-21,Electronics,,West,On-Time,2,249.58,545.11,0.05,21
ORD-19898,2023-06-13,Apparel,Footwear,West,On-Time,2,223.45,499.46,0.0,21
ORD-19899,2023-05-13,Electronics,Computers,North,On-Time,3,214.79,377.96,0.0,27
ORD-19900,2023-10-29,Furniture,Tables,South,Delayed - Customs,5,208.41,241.69,0.05,84
ORD-19901,2023-12-07,Apparel,Pants,South,On-Time,4,390.87,879.32,0.0,17
ORD-19902,2023-05-31,Apparel,Shirts,West,Delayed - Customs,1,162.87,196.17,0.49,122
ORD-19903,2023-06-13,Electronics,Audio,North,Delayed - Transit,1,156.41,200.09,0.41,95
ORD-19904,2023-07-04,Apparel,,South,On-Time,1,236.0,501.64,0.05,10
ORD-19905,2023-03-17,Electronics,Audio,South,Delayed - Customs,2,82.08,97.37,0.0,82
ORD-19906,2023-10-27,Electronics,Accessories,West,On-Time,5,40.23,96.38,0.05,31
ORD-19907,2023-01-18,Furniture,Desks,East,On-Time,1,91.02,121.5,0.47,97
ORD-19908,2023-03-01,Electronics,Accessories,South,On-Time,1,374.51,682.57,0.0,7
ORD-19909,2023-06-01,Apparel,Footwear,South,Delayed - Customs,5,170.43,193.28,0.53,131
ORD-19910,2023-06-18,Apparel,Footwear,North,Delayed - Transit,2,123.89,147.46,0.42,144
ORD-19911,2023-03-21,Apparel,Footwear,West,Delayed - Customs,2,28.1,36.28,0.49,162
ORD-19912,2023-01-21,Apparel,Footwear,East,On-Time,4,354.14,635.97,0.0,23
ORD-19913,2023-02-17,Electronics,Computers,West,Delayed - Transit,3,237.88,268.25,0.65,91
ORD-19914,2023-07-07,Electronics,Computers,South,On-Time,5,388.26,900.75,0.0,43
ORD-19915,2023-02-04,Electronics,Computers,East,On-Time,5,172.83,318.0,0.05,41
ORD-19916,2023-11-12,Electronics,Computers,East,Delayed - Transit,3,328.58,350.2,0.57,105
ORD-19917,2023-11-01,Furniture,Chairs,East,On-Time,4,192.36,219.57,0.39,136
ORD-19918,2023-01-09,Electronics,Computers,East,On-Time,1,311.38,523.66,0.0,10
ORD-19919,2023-12-19,Furniture,Tables,West,Delayed - Customs,3,178.6,210.86,0.57,135
ORD-19920,2023-11-20,Electronics,Accessories,North,Delayed - Transit,3,355.91,377.25,0.0,66
ORD-19921,2023-10-21,Electronics,Accessories,North,On-Time,1,239.46,464.78,0.0,48
ORD-19922,2023-01-08,Electronics,Computers,North,On-Time,5,107.91,257.71,0.05,30
ORD-19923,2023-12-30,Apparel,Footwear,North,On-Time,3,37.53,77.01,0.05,5
ORD-19924,2023-01-19,Electronics,Audio,East,On-Time,4,105.25,241.13,0.0,20
ORD-19925,2023-05-07,Electronics,Audio,South,On-Time,3,202.78,467.37,0.0,39
ORD-19926,2023-04-20,Furniture,Desks,South,On-Time,2,237.24,286.78,0.41,126
ORD-19927,2023-08-07,Furniture,Desks,South,On-Time,2,175.13,209.58,0.56,86
ORD-19928,2023-07-15,Furniture,Chairs,East,Delayed - Customs,3,248.59,274.87,0.59,126
ORD-19929,2023-06-03,Furniture,Tables,East,On-Time,4,386.24,413.28,0.39,96
ORD-19930,2023-11-21,Furniture,Chairs,South,On-Time,3,309.35,343.28,0.47,122
ORD-19931,2023-11-17,Furniture,Desks,South,On-Time,2,270.77,341.46,0.57,141
ORD-19932,2023-03-01,Electronics,Accessories,North,On-Time,4,296.12,615.8,0.05,30
ORD-19933,2023-01-12,Furniture,Chairs,South,On-Time,1,123.62,150.82,0.44,93
ORD-19934,2023-01-03,Apparel,Pants,North,Delayed - Customs,5,297.33,365.17,0.44,107
ORD-19935,2023-12-26,Apparel,Shirts,South,On-Time,5,157.18,251.68,0.05,24
ORD-19936,2023-07-30,Apparel,Shirts,East,On-Time,5,314.81,664.53,0.05,25
ORD-19937,2023-04-17,Furniture,Chairs,West,Delayed - Transit,1,318.75,386.12,0.5,107
ORD-19938,2023-11-18,Electronics,Computers,West,On-Time,2,230.05,419.65,0.0,32
ORD-19939,2023-08-14,Furniture,Tables,West,On-Time,5,168.35,207.66,0.62,90
ORD-19940,2023-01-17,Furniture,Chairs,North,On-Time,2,189.01,223.44,0.56,132
ORD-19941,2023-08-20,Electronics,Audio,South,Delayed - Transit,1,383.08,436.84,0.46,101
ORD-19942,2023-04-24,Electronics,Accessories,South,Delayed - Customs,2,40.85,45.27,0.4,152
ORD-19943,2023-06-18,Electronics,Accessories,East,On-Time,3,61.63,109.41,0.05,36
ORD-19944,2023-07-14,Furniture,Chairs,East,Delayed - Transit,3,295.58,331.31,0.4,113
ORD-19945,2023-03-24,Electronics,Audio,West,Delayed - Customs,1,78.91,96.08,0.43,153
ORD-19946,2023-04-16,Apparel,Pants,South,On-Time,3,232.95,408.44,0.0,49
ORD-19947,2023-06-07,Electronics,Computers,East,On-Time,2,54.77,111.17,0.0,21
ORD-19948,2023-06-21,Furniture,Tables,North,On-Time,2,236.8,265.9,0.46,138
ORD-19949,2023-02-02,Electronics,Audio,West,On-Time,3,149.65,324.78,0.0,46
ORD-19950,2023-03-04,Electronics,Computers,East,On-Time,3,338.18,557.99,0.0,25
ORD-19951,2023-09-13,Apparel,Footwear,West,On-Time,1,135.64,265.49,0.0,28
ORD-19952,2023-05-23,Apparel,Shirts,East,On-Time,3,249.19,418.65,0.05,11
ORD-19953,2023-11-30,Apparel,Footwear,South,On-Time,3,49.21,81.18,0.0,36
ORD-19954,2023-07-30,Apparel,Pants,West,On-Time,1,38.81,78.87,0.05,25
ORD-19955,2023-05-20,Electronics,Accessories,South,Delayed - Transit,5,330.06,394.02,0.35,125
ORD-19956,2023-12-07,Furniture,Chairs,West,Delayed - Transit,3,200.82,244.37,0.39,116
ORD-19957,2023-09-05,Apparel,Pants,North,On-Time,2,276.04,528.01,0.0,36
ORD-19958,2023-12-25,Furniture,Desks,East,On-Time,5,61.71,82.74,0.54,97
ORD-19959,2023-12-16,Apparel,Shirts,North,On-Time,2,388.43,851.99,0.0,35
ORD-19960,2023-05-28,Electronics,Computers,East,On-Time,2,20.18,40.16,0.05,34
ORD-19961,2023-01-19,Furniture,Chairs,South,On-Time,5,27.09,30.18,0.63,97
ORD-19962,2023-07-17,Furniture,Desks,North,On-Time,2,86.85,104.74,0.38,158
ORD-19963,2023-02-13,Apparel,Shirts,West,On-Time,5,395.02,695.96,0.0,26
ORD-19964,2023-08-03,Apparel,Pants,East,Delayed - Customs,2,283.32,375.82,0.43,112
ORD-19965,2023-12-06,Furniture,Desks,South,On-Time,4,379.23,456.9,0.49,104
ORD-19966,2023-07-13,Apparel,Footwear,West,On-Time,3,210.86,361.7,0.05,22
ORD-19967,2023-12-30,Furniture,Chairs,North,On-Time,4,288.76,304.42,0.61,87
ORD-19968,2023-07-21,Electronics,Audio,East,On-Time,2,312.29,716.25,0.0,20
ORD-19969,2023-03-23,Electronics,Audio,South,On-Time,2,194.18,357.42,0.0,39
ORD-19970,2023-08-30,Furniture,Tables,North,On-Time,3,318.78,336.05,0.64,106
ORD-19971,2023-06-19,Apparel,Pants,West,On-Time,3,210.63,412.15,0.05,29
ORD-19972,2023-03-04,Apparel,Shirts,South,On-Time,2,83.15,165.4,0.0,22
ORD-19973,2023-12-28,Electronics,Computers,South,On-Time,2,43.08,93.82,0.05,27
ORD-19974,2023-08-22,Electronics,Accessories,East,On-Time,2,251.59,551.56,0.05,24
ORD-19975,2023-10-25,Apparel,Shirts,South,On-Time,5,155.51,312.86,0.0,22
ORD-19976,2023-02-12,Electronics,Computers,West,Delayed - Transit,3,302.57,402.24,0.4,119
ORD-19977,2023-10-07,Furniture,Desks,South,On-Time,5,345.88,391.36,0.05,72
ORD-19978,2023-07-07,Furniture,Tables,West,On-Time,2,312.6,332.34,0.63,142
ORD-19979,2023-11-03,Electronics,Audio,East,On-Time,3,382.36,798.59,0.0,37
ORD-19980,2023-12-07,Electronics,Accessories,West,On-Time,5,180.27,400.18,0.0,22
ORD-19981,2023-01-26,Apparel,Pants,West,Delayed - Customs,1,59.84,71.0,0.6,124
ORD-19982,2023-01-27,Apparel,Shirts,West,On-Time,1,30.08,58.73,0.05,27
ORD-19983,2023-01-10,Electronics,Accessories,South,Delayed - Customs,4,77.45,82.31,0.41,119
ORD-19984,2023-08-23,Furniture,Chairs,East,On-Time,2,94.3,121.3,0.37,114
ORD-19985,2023-11-11,Furniture,Desks,East,On-Time,4,107.41,127.94,0.47,118
ORD-19986,2023-10-10,Electronics,Audio,West,Delayed - Transit,2,135.85,155.88,0.0,70
ORD-19987,2023-03-26,Electronics,Computers,North,On-Time,3,65.24,152.83,0.05,44
ORD-19988,2023-08-27,Furniture,Chairs,North,On-Time,4,257.93,315.01,0.49,105
ORD-19989,2023-10-17,Furniture,Chairs,East,On-Time,1,345.77,443.3,0.62,111
ORD-19990,2023-02-23,Apparel,Footwear,South,On-Time,5,347.55,803.88,0.0,17
ORD-19991,2023-01-14,Furniture,Desks,South,On-Time,5,64.84,69.04,0.62,131
ORD-19992,2023-10-03,Electronics,Computers,South,On-Time,3,196.48,438.35,0.05,33
ORD-19993,2023-12-04,Apparel,Footwear,West,On-Time,1,196.77,368.48,0.0,46
ORD-19994,2023-09-08,Electronics,Accessories,North,On-Time,4,288.82,521.85,0.0,17
ORD-19995,2023-07-26,Furniture,Chairs,West,On-Time,5,303.57,336.28,0.42,104
ORD-19996,2023-01-19,Apparel,Footwear,North,On-Time,1,107.0,220.99,0.0,23
ORD-19997,2023-05-03,Electronics,Computers,West,On-Time,3,388.38,892.25,0.0,22
ORD-19998,2023-01-04,Electronics,,West,On-Time,4,65.95,111.0,0.05,24
ORD-19999,2023-09-03,Apparel,Shirts,East,On-Time,1,60.32,137.87,0.0,18
