order_id,order_date,category,sub_category,region,supply_chain_status,inventory_days,quantity,unit_cost,unit_price,discount_pct,gross_revenue,total_cost,net_revenue,net_profit,profit_margin_pct,season,ai_cluster,ai_risk_profile
ORD-10000,2023-02-10,Furniture,Tables,West,On-Time,131,5,336.05,425.6,0.41,2128.0,1680.25,1255.52,-424.73,-33.83,Winter,0.0,Tier 2: Warning
ORD-10001,2023-10-03,Furniture,Uncategorized,East,Delayed - Customs,107,2,104.46,112.3,0.53,224.6,208.92,105.56,-103.36,-97.91,Fall,2.0,Tier 3: Dead Stock
ORD-10002,2023-04-14,Apparel,Shirts,South,On-Time,30,3,86.98,179.45,0.05,538.35,260.94,511.43,250.49,48.98,Spring,1.0,Tier 1: Fast Mover
ORD-10003,2023-05-21,Apparel,Shirts,East,On-Time,32,3,381.86,715.95,0.0,2147.85,1145.58,2147.85,1002.27,46.66,Spring,1.0,Tier 1: Fast Mover
ORD-10004,2023-10-10,Furniture,Tables,South,On-Time,137,3,285.08,313.39,0.56,940.17,855.24,413.67,-441.57,-106.74,Fall,2.0,Tier 3: Dead Stock
ORD-10005,2023-04-24,Apparel,Pants,East,On-Time,15,5,358.98,642.44,0.05,3212.2,1794.9,3051.59,1256.69,41.18,Spring,1.0,Tier 1: Fast Mover
ORD-10006,2023-08-18,Apparel,Shirts,West,On-Time,13,4,192.53,326.16,0.05,1304.64,770.12,1239.41,469.29,37.86,Summer,1.0,Tier 1: Fast Mover
ORD-10007,2023-02-16,Apparel,Shirts,North,On-Time,43,4,178.46,379.27,0.05,1517.08,713.84,1441.23,727.39,50.47,Winter,1.0,Tier 1: Fast Mover
ORD-10008,2023-01-06,Electronics,Audio,East,Delayed - Transit,114,4,279.59,375.38,0.41,1501.52,1118.36,885.9,-232.46,-26.24,Winter,0.0,Tier 2: Warning
ORD-10009,2023-09-11,Furniture,Desks,South,Delayed - Customs,163,5,170.45,193.17,0.47,965.85,852.25,511.9,-340.35,-66.49,Fall,0.0,Tier 2: Warning
ORD-10010,2023-10-20,Furniture,Chairs,North,On-Time,88,2,274.98,322.75,0.42,645.5,549.96,374.39,-175.57,-46.89,Fall,0.0,Tier 2: Warning
ORD-10011,2023-11-04,Apparel,Pants,North,Delayed - Customs,147,3,150.3,190.89,0.62,572.67,450.9,217.61,-233.29,-107.2,Fall,2.0,Tier 3: Dead Stock
ORD-10012,2023-07-05,Apparel,Footwear,North,On-Time,23,3,332.15,584.64,0.05,1753.92,996.45,1666.22,669.77,40.2,Summer,1.0,Tier 1: Fast Mover
ORD-10013,2023-02-20,Apparel,Shirts,East,On-Time,46,1,262.83,515.39,0.0,515.39,262.83,515.39,252.56,49.0,Winter,1.0,Tier 1: Fast Mover
ORD-10014,2023-07-28,Apparel,Pants,South,On-Time,22,4,107.27,200.36,0.05,801.44,429.08,761.37,332.29,43.64,Summer,1.0,Tier 1: Fast Mover
ORD-10015,2023-01-12,Furniture,Chairs,West,On-Time,100,4,365.34,447.13,0.46,1788.52,1461.36,965.8,-495.56,-51.31,Winter,0.0,Tier 2: Warning
ORD-10016,2023-11-08,Electronics,Computers,West,On-Time,38,4,238.66,486.27,0.05,1945.08,954.64,1847.83,893.19,48.34,Fall,1.0,Tier 1: Fast Mover
ORD-10017,2023-12-06,Furniture,Chairs,East,On-Time,115,5,322.87,423.92,0.44,2119.6,1614.35,1186.98,-427.37,-36.01,Winter,0.0,Tier 2: Warning
ORD-10018,2023-01-26,Apparel,Shirts,East,Delayed - Transit,110,4,280.62,308.34,0.41,1233.36,1122.48,727.68,-394.8,-54.25,Winter,0.0,Tier 2: Warning
ORD-10019,2023-01-28,Apparel,Pants,South,On-Time,39,1,189.95,351.56,0.05,351.56,189.95,333.98,144.03,43.13,Winter,1.0,Tier 1: Fast Mover
ORD-10020,2023-06-22,Furniture,Desks,East,On-Time,80,2,265.5,329.05,0.05,658.1,531.0,625.2,94.2,15.07,Summer,1.0,Tier 1: Fast Mover
ORD-10021,2023-01-02,Apparel,Shirts,West,On-Time,27,5,206.16,365.51,0.0,1827.55,1030.8,1827.55,796.75,43.6,Winter,1.0,Tier 1: Fast Mover
ORD-10022,2023-10-25,Apparel,Shirts,North,On-Time,31,1,189.05,435.07,0.05,435.07,189.05,413.32,224.27,54.26,Fall,1.0,Tier 1: Fast Mover
ORD-10023,2023-12-26,Electronics,Computers,North,Delayed - Customs,106,2,55.49,65.72,0.48,131.44,110.98,68.35,-42.63,-62.37,Winter,0.0,Tier 2: Warning
ORD-10024,2023-04-08,Electronics,Accessories,South,On-Time,34,2,86.15,200.13,0.0,400.26,172.3,400.26,227.96,56.95,Spring,1.0,Tier 1: Fast Mover
ORD-10025,2023-01-14,Apparel,Shirts,South,On-Time,21,1,91.27,148.69,0.0,148.69,91.27,148.69,57.42,38.62,Winter,1.0,Tier 1: Fast Mover
ORD-10026,2023-12-10,Apparel,Footwear,East,On-Time,35,3,376.7,664.37,0.05,1993.11,1130.1,1893.45,763.35,40.32,Winter,1.0,Tier 1: Fast Mover
ORD-10027,2023-11-06,Electronics,Accessories,North,On-Time,21,1,132.74,300.09,0.0,300.09,132.74,300.09,167.35,55.77,Fall,1.0,Tier 1: Fast Mover
ORD-10028,2023-02-13,Furniture,Tables,West,Delayed - Customs,138,5,177.65,217.33,0.61,1086.65,888.25,423.79,-464.46,-109.6,Winter,2.0,Tier 3: Dead Stock
ORD-10029,2023-10-04,Apparel,Footwear,South,On-Time,37,5,225.79,363.69,0.0,1818.45,1128.95,1818.45,689.5,37.92,Fall,1.0,Tier 1: Fast Mover
ORD-10030,2023-03-30,Furniture,Tables,South,On-Time,124,1,174.64,202.27,0.51,202.27,174.64,99.11,-75.53,-76.2,Spring,0.0,Tier 2: Warning
ORD-10031,2023-03-08,Electronics,Accessories,South,On-Time,28,3,236.1,494.34,0.05,1483.02,708.3,1408.87,700.57,49.73,Spring,1.0,Tier 1: Fast Mover
ORD-10032,2023-07-27,Furniture,Desks,North,On-Time,119,1,285.91,310.65,0.37,310.65,285.91,195.71,-90.2,-46.09,Summer,0.0,Tier 2: Warning
ORD-10033,2023-10-14,Electronics,Computers,South,On-Time,31,2,187.35,388.1,0.05,776.2,374.7,737.39,362.69,49.19,Fall,1.0,Tier 1: Fast Mover
ORD-10034,2023-01-12,Furniture,Desks,West,Delayed - Transit,134,3,216.0,268.93,0.62,806.79,648.0,306.58,-341.42,-111.36,Winter,2.0,Tier 3: Dead Stock
ORD-10035,2023-04-16,Apparel,Pants,South,On-Time,46,4,310.64,521.65,0.05,2086.6,1242.56,1982.27,739.71,37.32,Spring,1.0,Tier 1: Fast Mover
ORD-10036,2023-12-11,Electronics,Computers,North,On-Time,30,4,263.93,464.26,0.05,1857.04,1055.72,1764.19,708.47,40.16,Winter,1.0,Tier 1: Fast Mover
ORD-10037,2023-06-28,Apparel,Shirts,South,On-Time,32,5,353.79,700.62,0.05,3503.1,1768.95,3327.95,1559.0,46.85,Summer,1.0,Tier 1: Fast Mover
ORD-10038,2023-11-29,Apparel,Footwear,South,Delayed - Transit,134,2,234.89,288.47,0.62,576.94,469.78,219.24,-250.54,-114.28,Fall,2.0,Tier 3: Dead Stock
ORD-10039,2023-02-24,Apparel,Footwear,East,Delayed - Customs,145,5,220.34,263.57,0.62,1317.85,1101.7,500.78,-600.92,-120.0,Winter,2.0,Tier 3: Dead Stock
ORD-10040,2023-01-14,Apparel,Pants,East,On-Time,31,1,347.95,566.51,0.05,566.51,347.95,538.18,190.23,35.35,Winter,1.0,Tier 1: Fast Mover
ORD-10041,2023-10-25,Apparel,Footwear,West,On-Time,32,4,282.73,580.14,0.0,2320.56,1130.92,2320.56,1189.64,51.27,Fall,1.0,Tier 1: Fast Mover
ORD-10042,2023-08-05,Electronics,Computers,North,On-Time,23,1,191.84,362.92,0.05,362.92,191.84,344.77,152.93,44.36,Summer,1.0,Tier 1: Fast Mover
ORD-10043,2023-03-04,Apparel,Pants,East,Delayed - Transit,107,3,201.29,261.5,0.51,784.5,603.87,384.41,-219.47,-57.09,Spring,0.0,Tier 2: Warning
ORD-10044,2023-01-18,Apparel,Footwear,East,On-Time,46,1,360.12,688.7,0.0,688.7,360.12,688.7,328.58,47.71,Winter,1.0,Tier 1: Fast Mover
ORD-10045,2023-07-10,Apparel,Pants,North,On-Time,30,5,264.93,509.22,0.0,2546.1,1324.65,2546.1,1221.45,47.97,Summer,1.0,Tier 1: Fast Mover
ORD-10046,2023-10-23,Furniture,Desks,North,On-Time,123,2,123.02,135.93,0.41,271.86,246.04,160.4,-85.64,-53.39,Fall,0.0,Tier 2: Warning
ORD-10047,2023-03-21,Furniture,Desks,West,On-Time,118,2,71.87,75.49,0.45,150.98,143.74,83.04,-60.7,-73.1,Spring,0.0,Tier 2: Warning
ORD-10048,2023-04-02,Apparel,Pants,East,On-Time,46,3,39.86,68.12,0.05,204.36,119.58,194.14,74.56,38.41,Spring,1.0,Tier 1: Fast Mover
ORD-10049,2023-09-16,Apparel,Shirts,West,On-Time,36,3,31.64,74.4,0.0,223.2,94.92,223.2,128.28,57.47,Fall,1.0,Tier 1: Fast Mover
ORD-10050,2023-10-22,Electronics,Accessories,South,On-Time,19,5,351.88,651.18,0.05,3255.9,1759.4,3093.11,1333.71,43.12,Fall,1.0,Tier 1: Fast Mover
ORD-10051,2023-05-07,Furniture,Chairs,West,Delayed - Customs,153,4,43.3,50.3,0.45,201.2,173.2,110.66,-62.54,-56.52,Spring,0.0,Tier 2: Warning
ORD-10052,2023-07-10,Electronics,Audio,North,Delayed - Customs,95,4,21.6,26.32,0.37,105.28,86.4,66.33,-20.07,-30.26,Summer,0.0,Tier 2: Warning
ORD-10053,2023-05-14,Furniture,Desks,South,On-Time,139,5,41.62,48.91,0.43,244.55,208.1,139.39,-68.71,-49.29,Spring,0.0,Tier 2: Warning
ORD-10054,2023-09-03,Furniture,Chairs,East,On-Time,104,3,64.49,80.93,0.41,242.79,193.47,143.25,-50.22,-35.06,Fall,0.0,Tier 2: Warning
ORD-10055,2023-10-03,Electronics,Computers,West,On-Time,45,5,243.55,550.92,0.0,2754.6,1217.75,2754.6,1536.85,55.79,Fall,1.0,Tier 1: Fast Mover
ORD-10056,2023-03-06,Furniture,Tables,East,On-Time,115,1,388.56,473.3,0.38,473.3,388.56,293.45,-95.11,-32.41,Spring,0.0,Tier 2: Warning
ORD-10057,2023-07-23,Furniture,Desks,East,On-Time,85,5,120.5,130.62,0.05,653.1,602.5,620.45,17.95,2.89,Summer,0.0,Tier 2: Warning
ORD-10058,2023-11-12,Apparel,Pants,South,On-Time,20,4,53.25,85.85,0.05,343.4,213.0,326.23,113.23,34.71,Fall,1.0,Tier 1: Fast Mover
ORD-10059,2023-05-12,Furniture,Uncategorized,North,On-Time,110,1,339.82,427.14,0.36,427.14,339.82,273.37,-66.45,-24.31,Spring,0.0,Tier 2: Warning
ORD-10060,2023-08-17,Apparel,Footwear,North,On-Time,38,2,200.88,425.11,0.05,850.22,401.76,807.71,405.95,50.26,Summer,1.0,Tier 1: Fast Mover
ORD-10061,2023-01-24,Apparel,Footwear,North,On-Time,12,4,30.11,57.28,0.05,229.12,120.44,217.66,97.22,44.67,Winter,1.0,Tier 1: Fast Mover
ORD-10062,2023-01-15,Electronics,Accessories,North,On-Time,33,4,206.63,410.23,0.05,1640.92,826.52,1558.87,732.35,46.98,Winter,1.0,Tier 1: Fast Mover
ORD-10063,2023-11-03,Furniture,Chairs,North,On-Time,123,1,34.83,39.86,0.37,39.86,34.83,25.11,-9.72,-38.7,Fall,0.0,Tier 2: Warning
ORD-10064,2023-05-12,Electronics,Accessories,South,Delayed - Transit,133,3,353.32,400.71,0.55,1202.13,1059.96,540.96,-519.0,-95.94,Spring,2.0,Tier 3: Dead Stock
ORD-10065,2023-01-12,Electronics,Accessories,East,On-Time,59,3,394.65,644.53,0.0,1933.59,1183.95,1933.59,749.64,38.77,Winter,1.0,Tier 1: Fast Mover
ORD-10066,2023-08-11,Electronics,Computers,West,On-Time,23,5,352.86,703.18,0.05,3515.9,1764.3,3340.11,1575.81,47.18,Summer,1.0,Tier 1: Fast Mover
ORD-10067,2023-02-28,Apparel,Pants,South,On-Time,62,5,167.41,398.58,0.0,1992.9,837.05,1992.9,1155.85,58.0,Winter,1.0,Tier 1: Fast Mover
ORD-10068,2023-06-01,Electronics,Accessories,West,On-Time,34,3,16.6,38.19,0.05,114.57,49.8,108.84,59.04,54.25,Summer,1.0,Tier 1: Fast Mover
ORD-10069,2023-12-29,Electronics,Computers,West,On-Time,17,4,393.89,633.26,0.0,2533.04,1575.56,2533.04,957.48,37.8,Winter,1.0,Tier 1: Fast Mover
ORD-10070,2023-11-05,Furniture,Chairs,East,On-Time,104,3,151.69,171.44,0.45,514.32,455.07,282.88,-172.19,-60.87,Fall,0.0,Tier 2: Warning
ORD-10071,2023-11-16,Apparel,Footwear,North,Delayed - Transit,141,1,207.21,258.16,0.51,258.16,207.21,126.5,-80.71,-63.8,Fall,0.0,Tier 2: Warning
ORD-10072,2023-02-17,Apparel,Pants,West,On-Time,39,1,20.78,43.06,0.05,43.06,20.78,40.91,20.13,49.2,Winter,1.0,Tier 1: Fast Mover
ORD-10073,2023-07-12,Furniture,Chairs,West,Delayed - Customs,156,2,46.66,61.71,0.63,123.42,93.32,45.67,-47.65,-104.36,Summer,2.0,Tier 3: Dead Stock
ORD-10074,2023-01-08,Apparel,Footwear,North,Delayed - Transit,115,5,169.21,208.62,0.39,1043.1,846.05,636.29,-209.76,-32.97,Winter,0.0,Tier 2: Warning
ORD-10075,2023-10-15,Electronics,Audio,South,Delayed - Customs,84,3,121.04,157.68,0.05,473.04,363.12,449.39,86.27,19.2,Fall,1.0,Tier 1: Fast Mover
ORD-10076,2023-04-12,Apparel,Shirts,South,On-Time,42,2,258.94,552.53,0.0,1105.06,517.88,1105.06,587.18,53.14,Spring,1.0,Tier 1: Fast Mover
ORD-10077,2023-04-02,Apparel,Pants,South,On-Time,30,1,380.11,742.68,0.0,742.68,380.11,742.68,362.57,48.82,Spring,1.0,Tier 1: Fast Mover
ORD-10078,2023-09-07,Apparel,Footwear,North,On-Time,11,3,170.02,352.77,0.0,1058.31,510.06,1058.31,548.25,51.8,Fall,1.0,Tier 1: Fast Mover
ORD-10079,2023-06-26,Furniture,Tables,South,On-Time,158,2,297.91,377.75,0.44,755.5,595.82,423.08,-172.74,-40.83,Summer,0.0,Tier 2: Warning
ORD-10080,2023-09-26,Electronics,Computers,West,On-Time,28,5,393.08,915.64,0.05,4578.2,1965.4,4349.29,2383.89,54.81,Fall,1.0,Tier 1: Fast Mover
ORD-10081,2023-02-07,Apparel,Pants,South,On-Time,36,1,100.4,179.06,0.0,179.06,100.4,179.06,78.66,43.93,Winter,1.0,Tier 1: Fast Mover
ORD-10082,2023-08-08,Furniture,Tables,West,On-Time,117,5,334.67,377.84,0.64,1889.2,1673.35,680.11,-993.24,-146.04,Summer,2.0,Tier 3: Dead Stock
ORD-10083,2023-01-29,Apparel,Pants,South,Delayed - Customs,109,5,156.39,197.0,0.41,985.0,781.95,581.15,-200.8,-34.55,Winter,0.0,Tier 2: Warning
ORD-10084,2023-04-16,Electronics,Computers,East,On-Time,47,4,246.52,462.85,0.05,1851.4,986.08,1758.83,772.75,43.94,Spring,1.0,Tier 1: Fast Mover
ORD-10085,2023-01-13,Electronics,Accessories,South,On-Time,23,4,36.98,60.18,0.05,240.72,147.92,228.68,80.76,35.32,Winter,1.0,Tier 1: Fast Mover
ORD-10086,2023-06-02,Furniture,Chairs,South,Delayed - Transit,140,4,288.63,364.76,0.62,1459.04,1154.52,554.44,-600.08,-108.23,Summer,2.0,Tier 3: Dead Stock
ORD-10087,2023-06-24,Apparel,Shirts,West,On-Time,22,1,343.57,564.5,0.0,564.5,343.57,564.5,220.93,39.14,Summer,1.0,Tier 1: Fast Mover
ORD-10088,2023-04-04,Furniture,Desks,West,On-Time,87,3,71.79,83.93,0.61,251.79,215.37,98.2,-117.17,-119.32,Spring,2.0,Tier 3: Dead Stock
ORD-10089,2023-11-01,Apparel,Shirts,East,On-Time,5,2,129.3,292.19,0.05,584.38,258.6,555.16,296.56,53.42,Fall,1.0,Tier 1: Fast Mover
ORD-10090,2023-03-05,Apparel,Pants,North,On-Time,52,3,219.1,518.5,0.0,1555.5,657.3,1555.5,898.2,57.74,Spring,1.0,Tier 1: Fast Mover
ORD-10091,2023-11-24,Apparel,Shirts,West,On-Time,46,1,183.53,420.12,0.05,420.12,183.53,399.11,215.58,54.02,Fall,1.0,Tier 1: Fast Mover
ORD-10092,2023-02-07,Furniture,Chairs,South,On-Time,112,1,242.16,278.75,0.5,278.75,242.16,139.38,-102.79,-73.75,Winter,0.0,Tier 2: Warning
ORD-10093,2023-01-05,Furniture,Desks,West,On-Time,56,2,79.84,89.96,0.05,179.92,159.68,170.92,11.24,6.58,Winter,1.0,Tier 1: Fast Mover
ORD-10094,2023-09-24,Apparel,Footwear,East,On-Time,30,2,80.55,160.45,0.0,320.9,161.1,320.9,159.8,49.8,Fall,1.0,Tier 1: Fast Mover
ORD-10095,2023-11-10,Apparel,Footwear,East,Delayed - Customs,106,5,128.4,160.62,0.57,803.1,642.0,345.33,-296.67,-85.91,Fall,2.0,Tier 3: Dead Stock
ORD-10096,2023-10-01,Furniture,Tables,West,On-Time,116,1,43.5,47.86,0.42,47.86,43.5,27.76,-15.74,-56.71,Fall,0.0,Tier 2: Warning
ORD-10097,2023-08-02,Electronics,Computers,South,On-Time,61,1,124.67,241.87,0.05,241.87,124.67,229.78,105.11,45.74,Summer,1.0,Tier 1: Fast Mover
ORD-10098,2023-12-14,Apparel,Pants,North,Delayed - Transit,116,2,109.51,117.65,0.47,235.3,219.02,124.71,-94.31,-75.62,Winter,0.0,Tier 2: Warning
ORD-10099,2023-10-19,Furniture,Desks,North,Delayed - Transit,108,4,56.38,74.95,0.39,299.8,225.52,182.88,-42.64,-23.32,Fall,0.0,Tier 2: Warning
ORD-10100,2023-12-30,Electronics,Computers,North,On-Time,29,3,273.01,476.72,0.05,1430.16,819.03,1358.65,539.62,39.72,Winter,1.0,Tier 1: Fast Mover
ORD-10101,2023-10-28,Apparel,Shirts,East,On-Time,27,5,177.1,398.77,0.0,1993.85,885.5,1993.85,1108.35,55.59,Fall,1.0,Tier 1: Fast Mover
ORD-10102,2023-01-30,Apparel,Shirts,North,Delayed - Transit,132,4,205.53,263.17,0.58,1052.68,822.12,442.13,-379.99,-85.95,Winter,2.0,Tier 3: Dead Stock
ORD-10103,2023-05-13,Furniture,Chairs,West,On-Time,125,5,16.27,19.85,0.64,99.25,81.35,35.73,-45.62,-127.68,Spring,2.0,Tier 3: Dead Stock
ORD-10104,2023-08-26,Furniture,Chairs,North,On-Time,131,1,28.95,37.46,0.6,37.46,28.95,14.98,-13.97,-93.21,Summer,2.0,Tier 3: Dead Stock
ORD-10105,2023-04-26,Apparel,Footwear,South,On-Time,20,4,166.54,272.32,0.05,1089.28,666.16,1034.82,368.66,35.63,Spring,1.0,Tier 1: Fast Mover
ORD-10106,2023-01-08,Apparel,Pants,East,On-Time,31,5,125.76,233.66,0.0,1168.3,628.8,1168.3,539.5,46.18,Winter,1.0,Tier 1: Fast Mover
ORD-10107,2023-03-29,Furniture,Tables,South,On-Time,190,2,94.28,112.84,0.44,225.68,188.56,126.38,-62.18,-49.2,Spring,0.0,Tier 2: Warning
ORD-10108,2023-11-01,Apparel,Pants,West,On-Time,26,1,140.68,315.84,0.05,315.84,140.68,300.05,159.37,53.11,Fall,1.0,Tier 1: Fast Mover
ORD-10109,2023-12-04,Furniture,Desks,South,On-Time,97,1,398.55,536.62,0.5,536.62,398.55,268.31,-130.24,-48.54,Winter,0.0,Tier 2: Warning
ORD-10110,2023-05-29,Furniture,Tables,West,On-Time,120,3,158.42,173.26,0.35,519.78,475.26,337.86,-137.4,-40.67,Spring,0.0,Tier 2: Warning
ORD-10111,2023-07-01,Furniture,Chairs,East,Delayed - Transit,91,5,177.23,190.97,0.45,954.85,886.15,525.17,-360.98,-68.74,Summer,0.0,Tier 2: Warning
ORD-10112,2023-07-02,Apparel,Footwear,East,Delayed - Customs,136,5,345.69,439.43,0.52,2197.15,1728.45,1054.63,-673.82,-63.89,Summer,0.0,Tier 2: Warning
ORD-10113,2023-02-01,Furniture,Tables,West,On-Time,145,4,106.12,142.55,0.37,570.2,424.48,359.23,-65.25,-18.17,Winter,0.0,Tier 2: Warning
ORD-10114,2023-09-27,Apparel,Shirts,North,On-Time,43,3,158.78,312.13,0.05,936.39,476.34,889.57,413.23,46.45,Fall,1.0,Tier 1: Fast Mover
ORD-10115,2023-03-11,Furniture,Desks,East,On-Time,112,1,231.71,299.98,0.51,299.98,231.71,146.99,-84.72,-57.64,Spring,0.0,Tier 2: Warning
ORD-10116,2023-09-17,Furniture,Tables,East,On-Time,85,2,235.07,269.96,0.05,539.92,470.14,512.92,42.78,8.34,Fall,1.0,Tier 1: Fast Mover
ORD-10117,2023-11-03,Apparel,Pants,South,Delayed - Transit,137,5,82.24,94.94,0.5,474.7,411.2,237.35,-173.85,-73.25,Fall,0.0,Tier 2: Warning
ORD-10118,2023-01-25,Furniture,Desks,East,Delayed - Transit,103,3,159.78,197.32,0.44,591.96,479.34,331.5,-147.84,-44.6,Winter,0.0,Tier 2: Warning
ORD-10119,2023-10-03,Furniture,Chairs,West,Delayed - Transit,97,1,326.27,353.36,0.63,353.36,326.27,130.74,-195.53,-149.55,Fall,2.0,Tier 3: Dead Stock
ORD-10120,2023-12-18,Apparel,Pants,East,On-Time,46,1,377.46,730.82,0.0,730.82,377.46,730.82,353.36,48.35,Winter,1.0,Tier 1: Fast Mover
ORD-10121,2023-03-23,Apparel,Shirts,North,On-Time,33,5,120.72,242.24,0.0,1211.2,603.6,1211.2,607.6,50.17,Spring,1.0,Tier 1: Fast Mover
ORD-10122,2023-06-04,Electronics,Accessories,East,On-Time,27,4,18.22,35.6,0.0,142.4,72.88,142.4,69.52,48.82,Summer,1.0,Tier 1: Fast Mover
ORD-10123,2023-10-03,Apparel,Footwear,East,On-Time,43,1,284.73,475.57,0.0,475.57,284.73,475.57,190.84,40.13,Fall,1.0,Tier 1: Fast Mover
ORD-10124,2023-07-28,Furniture,Tables,West,On-Time,118,4,381.56,431.09,0.53,1724.36,1526.24,810.45,-715.79,-88.32,Summer,2.0,Tier 3: Dead Stock
ORD-10125,2023-04-21,Apparel,Footwear,East,On-Time,22,4,182.81,397.1,0.0,1588.4,731.24,1588.4,857.16,53.96,Spring,1.0,Tier 1: Fast Mover
ORD-10126,2023-12-25,Apparel,Pants,South,Delayed - Customs,135,2,359.71,467.0,0.49,934.0,719.42,476.34,-243.08,-51.03,Winter,0.0,Tier 2: Warning
ORD-10127,2023-01-04,Furniture,Uncategorized,South,On-Time,98,1,73.97,95.97,0.55,95.97,73.97,43.19,-30.78,-71.28,Winter,0.0,Tier 2: Warning
ORD-10128,2023-05-20,Furniture,Chairs,East,On-Time,127,1,46.11,49.62,0.35,49.62,46.11,32.25,-13.86,-42.96,Spring,0.0,Tier 2: Warning
ORD-10129,2023-02-10,Furniture,Chairs,North,On-Time,112,1,375.22,465.61,0.41,465.61,375.22,274.71,-100.51,-36.59,Winter,0.0,Tier 2: Warning
ORD-10130,2023-06-24,Furniture,Desks,West,On-Time,137,5,301.81,321.52,0.48,1607.6,1509.05,835.95,-673.1,-80.52,Summer,2.0,Tier 3: Dead Stock
ORD-10131,2023-11-12,Apparel,Shirts,South,On-Time,25,1,396.42,860.29,0.0,860.29,396.42,860.29,463.87,53.92,Fall,1.0,Tier 1: Fast Mover
ORD-10132,2023-01-25,Electronics,Computers,East,On-Time,14,5,171.19,314.09,0.0,1570.45,855.95,1570.45,714.5,45.5,Winter,1.0,Tier 1: Fast Mover
ORD-10133,2023-06-14,Apparel,Shirts,North,On-Time,42,2,142.93,316.42,0.0,632.84,285.86,632.84,346.98,54.83,Summer,1.0,Tier 1: Fast Mover
ORD-10134,2023-03-15,Electronics,Audio,North,On-Time,35,2,41.46,74.9,0.0,149.8,82.92,149.8,66.88,44.65,Spring,1.0,Tier 1: Fast Mover
ORD-10135,2023-12-29,Furniture,Chairs,South,Delayed - Customs,116,5,132.2,160.55,0.58,802.75,661.0,337.16,-323.85,-96.05,Winter,2.0,Tier 3: Dead Stock
ORD-10136,2023-05-25,Apparel,Pants,North,On-Time,16,2,297.76,612.13,0.05,1224.26,595.52,1163.05,567.53,48.8,Spring,1.0,Tier 1: Fast Mover
ORD-10137,2023-04-20,Apparel,Pants,East,On-Time,16,5,110.98,244.01,0.05,1220.05,554.9,1159.05,604.15,52.12,Spring,1.0,Tier 1: Fast Mover
ORD-10138,2023-10-28,Furniture,Chairs,West,On-Time,106,1,145.38,171.07,0.46,171.07,145.38,92.38,-53.0,-57.38,Fall,0.0,Tier 2: Warning
ORD-10139,2023-09-07,Electronics,Uncategorized,South,On-Time,11,3,337.68,564.98,0.05,1694.94,1013.04,1610.19,597.15,37.09,Fall,1.0,Tier 1: Fast Mover
ORD-10140,2023-05-27,Electronics,Accessories,South,On-Time,29,2,130.73,311.72,0.0,623.44,261.46,623.44,361.98,58.06,Spring,1.0,Tier 1: Fast Mover
ORD-10141,2023-11-20,Electronics,Accessories,South,On-Time,30,1,250.45,587.43,0.05,587.43,250.45,558.06,307.61,55.12,Fall,1.0,Tier 1: Fast Mover
ORD-10142,2023-07-07,Furniture,Chairs,North,On-Time,97,4,125.03,144.6,0.37,578.4,500.12,364.39,-135.73,-37.25,Summer,0.0,Tier 2: Warning
ORD-10143,2023-09-18,Furniture,Desks,West,Delayed - Transit,101,3,374.86,497.52,0.54,1492.56,1124.58,686.58,-438.0,-63.8,Fall,0.0,Tier 2: Warning
ORD-10144,2023-09-04,Furniture,Chairs,North,On-Time,90,1,28.73,33.33,0.36,33.33,28.73,21.33,-7.4,-34.69,Fall,0.0,Tier 2: Warning
ORD-10145,2023-01-22,Apparel,Shirts,South,On-Time,50,5,178.91,306.5,0.05,1532.5,894.55,1455.88,561.33,38.56,Winter,1.0,Tier 1: Fast Mover
ORD-10146,2023-05-18,Apparel,Shirts,South,On-Time,19,1,77.96,171.59,0.0,171.59,77.96,171.59,93.63,54.57,Spring,1.0,Tier 1: Fast Mover
ORD-10147,2023-12-29,Electronics,Accessories,West,On-Time,24,5,93.74,212.43,0.0,1062.15,468.7,1062.15,593.45,55.87,Winter,1.0,Tier 1: Fast Mover
ORD-10148,2023-04-23,Apparel,Pants,North,Delayed - Transit,113,5,275.1,321.9,0.44,1609.5,1375.5,901.32,-474.18,-52.61,Spring,0.0,Tier 2: Warning
ORD-10149,2023-06-11,Furniture,Tables,South,On-Time,117,2,85.96,98.53,0.49,197.06,171.92,100.5,-71.42,-71.06,Summer,0.0,Tier 2: Warning
ORD-10150,2023-05-10,Apparel,Pants,North,Delayed - Customs,98,4,367.62,480.11,0.56,1920.44,1470.48,844.99,-625.49,-74.02,Spring,0.0,Tier 2: Warning
ORD-10151,2023-09-02,Electronics,Computers,South,On-Time,28,1,85.76,187.9,0.0,187.9,85.76,187.9,102.14,54.36,Fall,1.0,Tier 1: Fast Mover
ORD-10152,2023-05-20,Furniture,Desks,West,On-Time,144,1,140.77,173.31,0.63,173.31,140.77,64.12,-76.65,-119.53,Spring,2.0,Tier 3: Dead Stock
ORD-10153,2023-12-27,Apparel,Shirts,North,Delayed - Customs,108,3,41.66,51.61,0.45,154.83,124.98,85.16,-39.82,-46.77,Winter,0.0,Tier 2: Warning
ORD-10154,2023-05-09,Apparel,Shirts,North,On-Time,15,2,77.25,164.81,0.05,329.62,154.5,313.14,158.64,50.66,Spring,1.0,Tier 1: Fast Mover
ORD-10155,2023-09-23,Apparel,Footwear,South,Delayed - Transit,150,5,15.64,18.98,0.36,94.9,78.2,60.74,-17.46,-28.75,Fall,0.0,Tier 2: Warning
ORD-10156,2023-11-09,Apparel,Shirts,East,Delayed - Transit,139,4,169.2,200.71,0.47,802.84,676.8,425.51,-251.29,-59.06,Fall,0.0,Tier 2: Warning
ORD-10157,2023-10-12,Furniture,Desks,South,On-Time,78,2,71.19,86.41,0.0,172.82,142.38,172.82,30.44,17.61,Fall,1.0,Tier 1: Fast Mover
ORD-10158,2023-09-04,Apparel,Pants,West,On-Time,33,5,113.94,204.37,0.05,1021.85,569.7,970.76,401.06,41.31,Fall,1.0,Tier 1: Fast Mover
ORD-10159,2023-11-25,Apparel,Footwear,West,Delayed - Customs,118,2,187.94,244.46,0.45,488.92,375.88,268.91,-106.97,-39.78,Fall,0.0,Tier 2: Warning
ORD-10160,2023-01-17,Electronics,Computers,West,On-Time,52,5,39.77,73.18,0.05,365.9,198.85,347.61,148.76,42.79,Winter,1.0,Tier 1: Fast Mover
ORD-10161,2023-08-11,Furniture,Tables,West,On-Time,86,1,129.59,146.26,0.53,146.26,129.59,68.74,-60.85,-88.52,Summer,2.0,Tier 3: Dead Stock
ORD-10162,2023-10-11,Electronics,Accessories,West,On-Time,24,1,29.79,58.47,0.05,58.47,29.79,55.55,25.76,46.37,Fall,1.0,Tier 1: Fast Mover
ORD-10163,2023-01-22,Apparel,Shirts,North,Delayed - Transit,126,1,68.62,87.46,0.38,87.46,68.62,54.23,-14.39,-26.55,Winter,0.0,Tier 2: Warning
ORD-10164,2023-01-17,Furniture,Desks,North,Delayed - Transit,136,5,299.41,400.72,0.37,2003.6,1497.05,1262.27,-234.78,-18.6,Winter,0.0,Tier 2: Warning
ORD-10165,2023-04-22,Furniture,Chairs,North,On-Time,133,2,302.43,322.34,0.46,644.68,604.86,348.13,-256.73,-73.75,Spring,0.0,Tier 2: Warning
ORD-10166,2023-04-16,Electronics,Accessories,West,On-Time,30,2,377.46,747.96,0.05,1495.92,754.92,1421.12,666.2,46.88,Spring,1.0,Tier 1: Fast Mover
ORD-10167,2023-01-20,Apparel,Pants,East,On-Time,37,2,202.26,326.69,0.05,653.38,404.52,620.71,216.19,34.83,Winter,1.0,Tier 1: Fast Mover
ORD-10168,2023-04-17,Electronics,Accessories,North,On-Time,47,4,183.86,356.47,0.0,1425.88,735.44,1425.88,690.44,48.42,Spring,1.0,Tier 1: Fast Mover
ORD-10169,2023-05-25,Electronics,Audio,East,On-Time,37,2,122.39,287.42,0.0,574.84,244.78,574.84,330.06,57.42,Spring,1.0,Tier 1: Fast Mover
ORD-10170,2023-04-19,Furniture,Chairs,South,Delayed - Customs,94,1,60.02,69.07,0.54,69.07,60.02,31.77,-28.25,-88.91,Spring,2.0,Tier 3: Dead Stock
ORD-10171,2023-04-04,Furniture,Tables,West,Delayed - Transit,143,2,173.83,228.82,0.44,457.64,347.66,256.28,-91.38,-35.66,Spring,0.0,Tier 2: Warning
ORD-10172,2023-10-01,Electronics,Computers,West,On-Time,26,4,104.06,210.62,0.0,842.48,416.24,842.48,426.24,50.59,Fall,1.0,Tier 1: Fast Mover
ORD-10173,2023-11-13,Electronics,Accessories,West,On-Time,20,2,89.49,194.7,0.0,389.4,178.98,389.4,210.42,54.04,Fall,1.0,Tier 1: Fast Mover
ORD-10174,2023-02-05,Electronics,Computers,West,On-Time,28,4,17.98,42.76,0.05,171.04,71.92,162.49,90.57,55.74,Winter,1.0,Tier 1: Fast Mover
ORD-10175,2023-05-10,Apparel,Shirts,North,Delayed - Transit,74,3,36.11,41.28,0.05,123.84,108.33,117.65,9.32,7.92,Spring,1.0,Tier 1: Fast Mover
ORD-10176,2023-06-18,Electronics,Computers,West,On-Time,48,2,312.27,598.88,0.05,1197.76,624.54,1137.87,513.33,45.11,Summer,1.0,Tier 1: Fast Mover
ORD-10177,2023-01-17,Apparel,Footwear,East,Delayed - Transit,177,1,227.69,289.64,0.46,289.64,227.69,156.41,-71.28,-45.58,Winter,0.0,Tier 2: Warning
ORD-10178,2023-07-08,Apparel,Pants,West,On-Time,33,1,230.34,536.22,0.0,536.22,230.34,536.22,305.88,57.04,Summer,1.0,Tier 1: Fast Mover
ORD-10179,2023-10-05,Furniture,Tables,West,Delayed - Customs,90,2,390.57,523.25,0.61,1046.5,781.14,408.14,-373.01,-91.39,Fall,2.0,Tier 3: Dead Stock
ORD-10180,2023-11-21,Furniture,Chairs,East,On-Time,110,2,156.62,186.8,0.41,373.6,313.24,220.42,-92.82,-42.11,Fall,0.0,Tier 2: Warning
ORD-10181,2023-12-20,Electronics,Computers,East,On-Time,32,5,32.01,59.35,0.0,296.75,160.05,296.75,136.7,46.07,Winter,1.0,Tier 1: Fast Mover
ORD-10182,2023-01-02,Furniture,Desks,West,On-Time,130,4,193.9,244.76,0.41,979.04,775.6,577.63,-197.97,-34.27,Winter,0.0,Tier 2: Warning
ORD-10183,2023-04-29,Furniture,Tables,North,On-Time,108,2,361.9,385.31,0.59,770.62,723.8,315.95,-407.85,-129.08,Spring,2.0,Tier 3: Dead Stock
ORD-10184,2023-02-06,Electronics,Audio,West,On-Time,29,3,143.74,272.93,0.05,818.79,431.22,777.85,346.63,44.56,Winter,1.0,Tier 1: Fast Mover
ORD-10185,2023-10-16,Apparel,Pants,North,Delayed - Customs,56,2,125.18,160.68,0.05,321.36,250.36,305.29,54.93,17.99,Fall,1.0,Tier 1: Fast Mover
ORD-10186,2023-01-03,Furniture,Chairs,South,Delayed - Transit,137,1,394.11,446.93,0.57,446.93,394.11,192.18,-201.93,-105.07,Winter,2.0,Tier 3: Dead Stock
ORD-10187,2023-12-03,Apparel,Pants,East,On-Time,48,1,215.09,480.88,0.0,480.88,215.09,480.88,265.79,55.27,Winter,1.0,Tier 1: Fast Mover
ORD-10188,2023-02-06,Electronics,Audio,North,On-Time,45,2,210.16,408.38,0.05,816.76,420.32,775.92,355.6,45.83,Winter,1.0,Tier 1: Fast Mover
ORD-10189,2023-12-09,Apparel,Shirts,East,On-Time,39,2,72.07,136.63,0.05,273.26,144.14,259.6,115.46,44.48,Winter,1.0,Tier 1: Fast Mover
ORD-10190,2023-08-23,Electronics,Audio,South,On-Time,24,5,313.15,609.05,0.05,3045.25,1565.75,2892.99,1327.24,45.88,Summer,1.0,Tier 1: Fast Mover
ORD-10191,2023-11-04,Apparel,Pants,West,On-Time,23,5,63.49,137.14,0.0,685.7,317.45,685.7,368.25,53.7,Fall,1.0,Tier 1: Fast Mover
ORD-10192,2023-01-02,Apparel,Pants,South,On-Time,36,5,237.8,505.12,0.0,2525.6,1189.0,2525.6,1336.6,52.92,Winter,1.0,Tier 1: Fast Mover
ORD-10193,2023-06-20,Apparel,Shirts,East,On-Time,30,2,308.36,680.95,0.0,1361.9,616.72,1361.9,745.18,54.72,Summer,1.0,Tier 1: Fast Mover
ORD-10194,2023-11-21,Apparel,Shirts,South,On-Time,36,4,355.22,586.92,0.05,2347.68,1420.88,2230.3,809.42,36.29,Fall,1.0,Tier 1: Fast Mover
ORD-10195,2023-07-15,Apparel,Shirts,North,On-Time,24,4,396.07,894.55,0.0,3578.2,1584.28,3578.2,1993.92,55.72,Summer,1.0,Tier 1: Fast Mover
ORD-10196,2023-09-21,Furniture,Desks,East,On-Time,83,3,208.62,228.3,0.0,684.9,625.86,684.9,59.04,8.62,Fall,1.0,Tier 1: Fast Mover
ORD-10197,2023-12-18,Furniture,Chairs,North,On-Time,141,1,73.73,98.49,0.58,98.49,73.73,41.37,-32.36,-78.24,Winter,2.0,Tier 3: Dead Stock
ORD-10198,2023-08-30,Apparel,Shirts,North,On-Time,22,2,148.36,278.21,0.05,556.42,296.72,528.6,231.88,43.87,Summer,1.0,Tier 1: Fast Mover
ORD-10199,2023-05-29,Electronics,Audio,West,Delayed - Customs,100,1,328.11,364.33,0.38,364.33,328.11,225.88,-102.23,-45.26,Spring,0.0,Tier 2: Warning
ORD-10200,2023-12-05,Electronics,Audio,East,On-Time,5,1,339.5,714.2,0.0,714.2,339.5,714.2,374.7,52.46,Winter,1.0,Tier 1: Fast Mover
ORD-10201,2023-07-21,Electronics,Accessories,East,On-Time,24,2,293.8,583.51,0.0,1167.02,587.6,1167.02,579.42,49.65,Summer,1.0,Tier 1: Fast Mover
ORD-10202,2023-04-12,Electronics,Computers,West,On-Time,32,5,184.42,389.95,0.0,1949.75,922.1,1949.75,1027.65,52.71,Spring,1.0,Tier 1: Fast Mover
ORD-10203,2023-10-27,Furniture,Chairs,North,On-Time,113,1,130.12,147.24,0.58,147.24,130.12,61.84,-68.28,-110.41,Fall,2.0,Tier 3: Dead Stock
ORD-10204,2023-12-12,Furniture,Chairs,West,On-Time,67,2,333.97,351.59,0.0,703.18,667.94,703.18,35.24,5.01,Winter,1.0,Tier 1: Fast Mover
ORD-10205,2023-07-06,Electronics,Computers,South,Delayed - Customs,167,3,291.27,316.59,0.48,949.77,873.81,493.88,-379.93,-76.93,Summer,2.0,Tier 3: Dead Stock
ORD-10206,2023-09-06,Electronics,Audio,West,On-Time,14,3,61.67,104.26,0.05,312.78,185.01,297.14,112.13,37.74,Fall,1.0,Tier 1: Fast Mover
ORD-10207,2023-01-09,Electronics,Computers,South,On-Time,24,4,135.58,257.42,0.05,1029.68,542.32,978.2,435.88,44.56,Winter,1.0,Tier 1: Fast Mover
ORD-10208,2023-01-02,Electronics,Computers,South,On-Time,27,2,76.09,157.06,0.05,314.12,152.18,298.41,146.23,49.0,Winter,1.0,Tier 1: Fast Mover
ORD-10209,2023-10-23,Electronics,Accessories,East,Delayed - Transit,95,4,196.25,244.97,0.61,979.88,785.0,382.15,-402.85,-105.42,Fall,2.0,Tier 3: Dead Stock
ORD-10210,2023-06-10,Apparel,Pants,North,Delayed - Transit,165,2,23.19,29.71,0.57,59.42,46.38,25.55,-20.83,-81.52,Summer,2.0,Tier 3: Dead Stock
ORD-10211,2023-11-20,Apparel,Footwear,East,On-Time,43,5,307.21,683.62,0.0,3418.1,1536.05,3418.1,1882.05,55.06,Fall,1.0,Tier 1: Fast Mover
ORD-10212,2023-08-23,Furniture,Desks,East,Delayed - Customs,104,3,28.83,36.96,0.58,110.88,86.49,46.57,-39.92,-85.72,Summer,2.0,Tier 3: Dead Stock
ORD-10213,2023-04-23,Apparel,Uncategorized,South,Delayed - Customs,62,2,232.52,312.84,0.05,625.68,465.04,594.4,129.36,21.76,Spring,1.0,Tier 1: Fast Mover
ORD-10214,2023-12-30,Apparel,Shirts,East,On-Time,1,1,261.39,490.87,0.0,490.87,261.39,490.87,229.48,46.75,Winter,1.0,Tier 1: Fast Mover
ORD-10215,2023-10-10,Furniture,Chairs,North,On-Time,112,5,70.01,76.12,0.47,380.6,350.05,201.72,-148.33,-73.53,Fall,0.0,Tier 2: Warning
ORD-10216,2023-09-28,Apparel,Footwear,North,On-Time,40,3,158.07,320.1,0.0,960.3,474.21,960.3,486.09,50.62,Fall,1.0,Tier 1: Fast Mover
ORD-10217,2023-10-07,Furniture,Tables,North,Delayed - Customs,138,1,30.54,33.91,0.52,33.91,30.54,16.28,-14.26,-87.63,Fall,2.0,Tier 3: Dead Stock
ORD-10218,2023-05-13,Apparel,Pants,South,On-Time,24,2,131.41,222.1,0.05,444.2,262.82,421.99,159.17,37.72,Spring,1.0,Tier 1: Fast Mover
ORD-10219,2023-06-15,Furniture,Tables,East,On-Time,93,5,278.64,329.31,0.44,1646.55,1393.2,922.07,-471.13,-51.1,Summer,0.0,Tier 2: Warning
ORD-10220,2023-04-17,Furniture,Desks,East,On-Time,145,2,229.98,279.69,0.54,559.38,459.96,257.31,-202.65,-78.75,Spring,2.0,Tier 3: Dead Stock
ORD-10221,2023-11-22,Apparel,Shirts,East,On-Time,32,2,179.55,393.09,0.0,786.18,359.1,786.18,427.08,54.32,Fall,1.0,Tier 1: Fast Mover
ORD-10222,2023-08-29,Furniture,Tables,East,On-Time,116,4,63.77,69.23,0.6,276.92,255.08,110.77,-144.31,-130.28,Summer,2.0,Tier 3: Dead Stock
ORD-10223,2023-10-27,Electronics,Accessories,West,On-Time,33,4,348.32,786.44,0.0,3145.76,1393.28,3145.76,1752.48,55.71,Fall,1.0,Tier 1: Fast Mover
ORD-10224,2023-03-07,Furniture,Chairs,North,On-Time,109,4,239.44,258.67,0.56,1034.68,957.76,455.26,-502.5,-110.38,Spring,2.0,Tier 3: Dead Stock
ORD-10225,2023-04-24,Apparel,Shirts,East,Delayed - Transit,97,1,134.53,148.2,0.58,148.2,134.53,62.24,-72.29,-116.13,Spring,2.0,Tier 3: Dead Stock
ORD-10226,2023-06-07,Electronics,Accessories,South,On-Time,22,1,90.66,173.77,0.05,173.77,90.66,165.08,74.42,45.08,Summer,1.0,Tier 1: Fast Mover
ORD-10227,2023-11-06,Apparel,Footwear,East,Delayed - Transit,161,1,59.1,73.28,0.43,73.28,59.1,41.77,-17.33,-41.49,Fall,0.0,Tier 2: Warning
ORD-10228,2023-07-22,Electronics,Computers,West,On-Time,62,4,234.15,414.14,0.05,1656.56,936.6,1573.73,637.13,40.49,Summer,1.0,Tier 1: Fast Mover
ORD-10229,2023-12-28,Electronics,Computers,South,Delayed - Customs,124,4,49.46,52.63,0.37,210.52,197.84,132.63,-65.21,-49.17,Winter,0.0,Tier 2: Warning
ORD-10230,2023-05-11,Electronics,Audio,West,On-Time,27,3,372.97,783.78,0.05,2351.34,1118.91,2233.77,1114.86,49.91,Spring,1.0,Tier 1: Fast Mover
ORD-10231,2023-03-26,Electronics,Accessories,West,On-Time,36,3,353.61,769.26,0.0,2307.78,1060.83,2307.78,1246.95,54.03,Spring,1.0,Tier 1: Fast Mover
ORD-10232,2023-07-31,Furniture,Tables,West,On-Time,114,5,315.06,386.09,0.47,1930.45,1575.3,1023.14,-552.16,-53.97,Summer,0.0,Tier 2: Warning
ORD-10233,2023-11-04,Apparel,Pants,West,Delayed - Transit,105,5,373.0,458.79,0.49,2293.95,1865.0,1169.91,-695.09,-59.41,Fall,0.0,Tier 2: Warning
ORD-10234,2023-08-21,Furniture,Chairs,South,Delayed - Customs,124,1,296.9,396.5,0.36,396.5,296.9,253.76,-43.14,-17.0,Summer,0.0,Tier 2: Warning
ORD-10235,2023-04-05,Apparel,Shirts,North,Delayed - Transit,136,4,151.82,167.15,0.53,668.6,607.28,314.24,-293.04,-93.25,Spring,2.0,Tier 3: Dead Stock
ORD-10236,2023-10-18,Electronics,Accessories,West,On-Time,39,1,191.59,314.09,0.0,314.09,191.59,314.09,122.5,39.0,Fall,1.0,Tier 1: Fast Mover
ORD-10237,2023-08-23,Apparel,Shirts,South,On-Time,42,5,251.51,481.38,0.05,2406.9,1257.55,2286.56,1029.01,45.0,Summer,1.0,Tier 1: Fast Mover
ORD-10238,2023-02-21,Apparel,Footwear,West,On-Time,2,5,168.14,282.73,0.0,1413.65,840.7,1413.65,572.95,40.53,Winter,1.0,Tier 1: Fast Mover
ORD-10239,2023-06-30,Electronics,Computers,East,Delayed - Transit,100,5,121.83,163.91,0.54,819.55,609.15,376.99,-232.16,-61.58,Summer,0.0,Tier 2: Warning
ORD-10240,2023-10-07,Furniture,Tables,South,On-Time,84,4,339.81,453.43,0.0,1813.72,1359.24,1813.72,454.48,25.06,Fall,1.0,Tier 1: Fast Mover
ORD-10241,2023-01-18,Electronics,Computers,North,Delayed - Transit,85,5,320.4,337.56,0.0,1687.8,1602.0,1687.8,85.8,5.08,Winter,0.0,Tier 2: Warning
ORD-10242,2023-08-27,Apparel,Shirts,East,Delayed - Transit,144,1,108.39,130.3,0.55,130.3,108.39,58.64,-49.76,-84.86,Summer,2.0,Tier 3: Dead Stock
ORD-10243,2023-08-06,Furniture,Tables,West,On-Time,77,2,112.13,134.05,0.05,268.1,224.26,254.7,30.44,11.95,Summer,1.0,Tier 1: Fast Mover
ORD-10244,2023-10-10,Apparel,Footwear,North,On-Time,13,3,163.87,271.66,0.05,814.98,491.61,774.23,282.62,36.5,Fall,1.0,Tier 1: Fast Mover
ORD-10245,2023-01-21,Electronics,Computers,East,On-Time,28,1,220.93,529.4,0.05,529.4,220.93,502.93,282.0,56.07,Winter,1.0,Tier 1: Fast Mover
ORD-10246,2023-11-20,Apparel,Shirts,North,On-Time,15,5,258.95,543.27,0.05,2716.35,1294.75,2580.53,1285.78,49.83,Fall,1.0,Tier 1: Fast Mover
ORD-10247,2023-11-07,Electronics,Accessories,North,On-Time,49,2,81.75,163.01,0.05,326.02,163.5,309.72,146.22,47.21,Fall,1.0,Tier 1: Fast Mover
ORD-10248,2023-10-02,Electronics,Accessories,East,On-Time,32,5,252.03,515.96,0.0,2579.8,1260.15,2579.8,1319.65,51.15,Fall,1.0,Tier 1: Fast Mover
ORD-10249,2023-12-07,Electronics,Accessories,East,On-Time,40,1,357.16,601.3,0.0,601.3,357.16,601.3,244.14,40.6,Winter,1.0,Tier 1: Fast Mover
ORD-10250,2023-11-03,Furniture,Tables,East,Delayed - Transit,112,5,323.93,357.33,0.4,1786.65,1619.65,1071.99,-547.66,-51.09,Fall,0.0,Tier 2: Warning
ORD-10251,2023-08-11,Furniture,Chairs,South,On-Time,95,2,330.91,411.26,0.48,822.52,661.82,427.71,-234.11,-54.74,Summer,0.0,Tier 2: Warning
ORD-10252,2023-11-19,Furniture,Tables,North,On-Time,78,3,111.2,123.89,0.05,371.67,333.6,353.09,19.49,5.52,Fall,1.0,Tier 1: Fast Mover
ORD-10253,2023-11-27,Furniture,Desks,South,On-Time,142,3,75.52,99.79,0.64,299.37,226.56,107.77,-118.79,-110.22,Fall,2.0,Tier 3: Dead Stock
ORD-10254,2023-12-15,Electronics,Accessories,West,On-Time,30,1,295.21,595.85,0.05,595.85,295.21,566.06,270.85,47.85,Winter,1.0,Tier 1: Fast Mover
ORD-10255,2023-02-08,Apparel,Shirts,West,On-Time,28,4,355.1,731.47,0.05,2925.88,1420.4,2779.59,1359.19,48.9,Winter,1.0,Tier 1: Fast Mover
ORD-10256,2023-04-22,Furniture,Tables,South,Delayed - Transit,118,3,137.51,162.9,0.39,488.7,412.53,298.11,-114.42,-38.38,Spring,0.0,Tier 2: Warning
ORD-10257,2023-02-21,Electronics,Audio,East,On-Time,44,5,197.23,349.63,0.05,1748.15,986.15,1660.74,674.59,40.62,Winter,1.0,Tier 1: Fast Mover
ORD-10258,2023-07-17,Electronics,Computers,East,On-Time,24,1,201.24,327.42,0.05,327.42,201.24,311.05,109.81,35.3,Summer,1.0,Tier 1: Fast Mover
ORD-10259,2023-08-20,Electronics,Computers,East,On-Time,32,3,320.95,564.15,0.0,1692.45,962.85,1692.45,729.6,43.11,Summer,1.0,Tier 1: Fast Mover
ORD-10260,2023-01-23,Furniture,Tables,East,Delayed - Transit,125,5,318.63,359.45,0.59,1797.25,1593.15,736.87,-856.28,-116.2,Winter,2.0,Tier 3: Dead Stock
ORD-10261,2023-09-17,Furniture,Tables,East,On-Time,137,4,264.05,342.08,0.36,1368.32,1056.2,875.72,-180.48,-20.61,Fall,0.0,Tier 2: Warning
ORD-10262,2023-07-10,Electronics,Uncategorized,East,Delayed - Transit,142,3,25.05,28.91,0.63,86.73,75.15,32.09,-43.06,-134.18,Summer,2.0,Tier 3: Dead Stock
ORD-10263,2023-12-04,Apparel,Shirts,South,On-Time,20,3,241.02,454.09,0.05,1362.27,723.06,1294.16,571.1,44.13,Winter,1.0,Tier 1: Fast Mover
ORD-10264,2023-07-02,Furniture,Tables,East,On-Time,134,5,367.77,410.85,0.56,2054.25,1838.85,903.87,-934.98,-103.44,Summer,2.0,Tier 3: Dead Stock
ORD-10265,2023-04-25,Electronics,Computers,East,On-Time,15,2,193.24,389.91,0.05,779.82,386.48,740.83,354.35,47.83,Spring,1.0,Tier 1: Fast Mover
ORD-10266,2023-06-11,Electronics,Audio,West,On-Time,36,2,294.5,488.68,0.05,977.36,589.0,928.49,339.49,36.56,Summer,1.0,Tier 1: Fast Mover
ORD-10267,2023-10-11,Furniture,Chairs,West,Delayed - Transit,126,3,225.37,251.64,0.51,754.92,676.11,369.91,-306.2,-82.78,Fall,2.0,Tier 3: Dead Stock
ORD-10268,2023-05-26,Apparel,Pants,East,Delayed - Customs,96,5,36.87,47.12,0.55,235.6,184.35,106.02,-78.33,-73.88,Spring,0.0,Tier 2: Warning
ORD-10269,2023-01-15,Furniture,Desks,South,On-Time,83,3,104.79,128.09,0.0,384.27,314.37,384.27,69.9,18.19,Winter,1.0,Tier 1: Fast Mover
ORD-10270,2023-11-15,Furniture,Desks,West,On-Time,117,2,120.21,153.06,0.64,306.12,240.42,110.2,-130.22,-118.16,Fall,2.0,Tier 3: Dead Stock
ORD-10271,2023-09-08,Electronics,Audio,North,On-Time,37,3,175.34,381.92,0.0,1145.76,526.02,1145.76,619.74,54.09,Fall,1.0,Tier 1: Fast Mover
ORD-10272,2023-09-11,Apparel,Footwear,West,On-Time,36,3,338.88,586.28,0.05,1758.84,1016.64,1670.9,654.26,39.16,Fall,1.0,Tier 1: Fast Mover
ORD-10273,2023-12-19,Apparel,Footwear,North,Delayed - Customs,160,1,305.62,321.6,0.63,321.6,305.62,118.99,-186.63,-156.84,Winter,2.0,Tier 3: Dead Stock
ORD-10274,2023-02-15,Electronics,Accessories,East,On-Time,37,2,63.26,102.2,0.0,204.4,126.52,204.4,77.88,38.1,Winter,1.0,Tier 1: Fast Mover
ORD-10275,2023-08-24,Furniture,Chairs,West,On-Time,136,4,200.47,267.61,0.47,1070.44,801.88,567.33,-234.55,-41.34,Summer,0.0,Tier 2: Warning
ORD-10276,2023-02-19,Electronics,Computers,East,On-Time,11,1,382.71,848.37,0.05,848.37,382.71,805.95,423.24,52.51,Winter,1.0,Tier 1: Fast Mover
ORD-10277,2023-01-08,Apparel,Footwear,East,On-Time,54,2,340.39,688.08,0.05,1376.16,680.78,1307.35,626.57,47.93,Winter,1.0,Tier 1: Fast Mover
ORD-10278,2023-01-21,Apparel,Pants,North,Delayed - Customs,139,2,220.78,237.76,0.49,475.52,441.56,242.52,-199.04,-82.08,Winter,2.0,Tier 3: Dead Stock
ORD-10279,2023-08-24,Furniture,Desks,North,On-Time,100,3,82.49,91.21,0.64,273.63,247.47,98.51,-148.96,-151.22,Summer,2.0,Tier 3: Dead Stock
ORD-10280,2023-02-27,Furniture,Desks,South,Delayed - Transit,94,5,359.04,449.69,0.36,2248.45,1795.2,1439.01,-356.19,-24.75,Winter,0.0,Tier 2: Warning
ORD-10281,2023-08-10,Apparel,Footwear,East,Delayed - Customs,80,3,214.79,251.17,0.0,753.51,644.37,753.51,109.14,14.48,Summer,1.0,Tier 1: Fast Mover
ORD-10282,2023-05-17,Apparel,Shirts,East,Delayed - Transit,123,2,172.58,232.69,0.57,465.38,345.16,200.11,-145.05,-72.48,Spring,0.0,Tier 2: Warning
ORD-10283,2023-10-14,Electronics,Accessories,East,Delayed - Customs,158,4,323.34,378.93,0.46,1515.72,1293.36,818.49,-474.87,-58.02,Fall,0.0,Tier 2: Warning
ORD-10284,2023-07-27,Electronics,Audio,North,On-Time,20,3,302.85,520.08,0.05,1560.24,908.55,1482.23,573.68,38.7,Summer,1.0,Tier 1: Fast Mover
ORD-10285,2023-07-24,Furniture,Tables,North,On-Time,122,3,327.67,429.42,0.38,1288.26,983.01,798.72,-184.29,-23.07,Summer,0.0,Tier 2: Warning
ORD-10286,2023-08-05,Furniture,Chairs,North,On-Time,87,4,275.99,304.63,0.5,1218.52,1103.96,609.26,-494.7,-81.2,Summer,2.0,Tier 3: Dead Stock
ORD-10287,2023-01-31,Furniture,Tables,West,Delayed - Customs,125,2,190.07,244.1,0.47,488.2,380.14,258.75,-121.39,-46.92,Winter,0.0,Tier 2: Warning
ORD-10288,2023-12-26,Electronics,Computers,East,On-Time,33,5,255.35,502.95,0.0,2514.75,1276.75,2514.75,1238.0,49.23,Winter,1.0,Tier 1: Fast Mover
ORD-10289,2023-09-13,Electronics,Audio,North,On-Time,25,5,284.82,673.47,0.05,3367.35,1424.1,3198.98,1774.88,55.48,Fall,1.0,Tier 1: Fast Mover
ORD-10290,2023-11-28,Furniture,Chairs,East,On-Time,121,2,69.23,73.74,0.46,147.48,138.46,79.64,-58.82,-73.86,Fall,0.0,Tier 2: Warning
ORD-10291,2023-09-11,Furniture,Desks,East,Delayed - Transit,143,3,312.34,340.46,0.45,1021.38,937.02,561.76,-375.26,-66.8,Fall,0.0,Tier 2: Warning
ORD-10292,2023-03-20,Apparel,Shirts,East,Delayed - Customs,97,3,389.08,469.04,0.49,1407.12,1167.24,717.63,-449.61,-62.65,Spring,0.0,Tier 2: Warning
ORD-10293,2023-01-19,Apparel,Pants,North,On-Time,33,5,181.23,345.88,0.0,1729.4,906.15,1729.4,823.25,47.6,Winter,1.0,Tier 1: Fast Mover
ORD-10294,2023-10-30,Electronics,Accessories,South,Delayed - Transit,149,4,41.83,46.06,0.54,184.24,167.32,84.75,-82.57,-97.43,Fall,2.0,Tier 3: Dead Stock
ORD-10295,2023-09-26,Electronics,Accessories,East,On-Time,29,1,342.79,800.67,0.05,800.67,342.79,760.64,417.85,54.93,Fall,1.0,Tier 1: Fast Mover
ORD-10296,2023-01-11,Furniture,Tables,East,On-Time,93,4,164.3,175.29,0.39,701.16,657.2,427.71,-229.49,-53.66,Winter,0.0,Tier 2: Warning
ORD-10297,2023-11-13,Electronics,Audio,North,On-Time,45,3,68.53,138.13,0.05,414.39,205.59,393.67,188.08,47.78,Fall,1.0,Tier 1: Fast Mover
ORD-10298,2023-01-19,Furniture,Desks,North,Delayed - Transit,72,4,324.35,413.63,0.05,1654.52,1297.4,1571.79,274.39,17.46,Winter,1.0,Tier 1: Fast Mover
ORD-10299,2023-10-30,Furniture,Desks,South,On-Time,144,3,241.58,305.37,0.36,916.11,724.74,586.31,-138.43,-23.61,Fall,0.0,Tier 2: Warning
ORD-10300,2023-05-21,Apparel,Footwear,South,On-Time,25,4,240.39,413.58,0.0,1654.32,961.56,1654.32,692.76,41.88,Spring,1.0,Tier 1: Fast Mover
ORD-10301,2023-12-18,Furniture,Tables,South,On-Time,72,4,334.22,411.56,0.05,1646.24,1336.88,1563.93,227.05,14.52,Winter,1.0,Tier 1: Fast Mover
ORD-10302,2023-11-24,Furniture,Tables,West,Delayed - Customs,116,1,211.62,261.38,0.58,261.38,211.62,109.78,-101.84,-92.77,Fall,2.0,Tier 3: Dead Stock
ORD-10303,2023-09-27,Furniture,Desks,East,On-Time,124,5,244.6,325.4,0.5,1627.0,1223.0,813.5,-409.5,-50.34,Fall,0.0,Tier 2: Warning
ORD-10304,2023-10-01,Furniture,Chairs,South,On-Time,112,4,256.31,344.76,0.51,1379.04,1025.24,675.73,-349.51,-51.72,Fall,0.0,Tier 2: Warning
ORD-10305,2023-09-18,Electronics,Computers,West,On-Time,18,1,243.36,561.43,0.05,561.43,243.36,533.36,290.0,54.37,Fall,1.0,Tier 1: Fast Mover
ORD-10306,2023-07-27,Electronics,Accessories,West,Delayed - Transit,94,4,217.73,283.9,0.6,1135.6,870.92,454.24,-416.68,-91.73,Summer,2.0,Tier 3: Dead Stock
ORD-10307,2023-12-31,Electronics,Audio,South,On-Time,36,2,336.43,714.64,0.0,1429.28,672.86,1429.28,756.42,52.92,Winter,1.0,Tier 1: Fast Mover
ORD-10308,2023-11-02,Apparel,Footwear,West,On-Time,34,2,103.2,223.28,0.0,446.56,206.4,446.56,240.16,53.78,Fall,1.0,Tier 1: Fast Mover
ORD-10309,2023-08-05,Furniture,Desks,South,Delayed - Customs,88,4,397.12,534.24,0.38,2136.96,1588.48,1324.92,-263.56,-19.89,Summer,0.0,Tier 2: Warning
ORD-10310,2023-06-01,Apparel,Shirts,East,On-Time,52,4,70.39,157.42,0.05,629.68,281.56,598.2,316.64,52.93,Summer,1.0,Tier 1: Fast Mover
ORD-10311,2023-12-22,Furniture,Desks,North,On-Time,113,3,216.5,288.35,0.6,865.05,649.5,346.02,-303.48,-87.71,Winter,2.0,Tier 3: Dead Stock
ORD-10312,2023-10-27,Electronics,Audio,West,On-Time,34,4,42.25,100.76,0.0,403.04,169.0,403.04,234.04,58.07,Fall,1.0,Tier 1: Fast Mover
ORD-10313,2023-10-22,Furniture,Chairs,West,On-Time,152,1,273.84,352.46,0.53,352.46,273.84,165.66,-108.18,-65.31,Fall,0.0,Tier 2: Warning
ORD-10314,2023-02-28,Apparel,Shirts,East,On-Time,32,4,83.39,146.82,0.0,587.28,333.56,587.28,253.72,43.2,Winter,1.0,Tier 1: Fast Mover
ORD-10315,2023-12-02,Furniture,Tables,West,Delayed - Customs,92,1,149.98,159.77,0.53,159.77,149.98,75.09,-74.89,-99.73,Winter,2.0,Tier 3: Dead Stock
ORD-10316,2023-09-06,Furniture,Tables,North,On-Time,116,3,147.76,187.06,0.52,561.18,443.28,269.37,-173.91,-64.56,Fall,0.0,Tier 2: Warning
ORD-10317,2023-12-27,Apparel,Shirts,West,On-Time,27,3,139.76,236.34,0.0,709.02,419.28,709.02,289.74,40.86,Winter,1.0,Tier 1: Fast Mover
ORD-10318,2023-04-22,Furniture,Tables,West,On-Time,121,3,384.82,461.99,0.4,1385.97,1154.46,831.58,-322.88,-38.83,Spring,0.0,Tier 2: Warning
ORD-10319,2023-03-20,Electronics,Accessories,North,Delayed - Transit,95,2,80.44,92.1,0.49,184.2,160.88,93.94,-66.94,-71.25,Spring,0.0,Tier 2: Warning
ORD-10320,2023-11-05,Furniture,Tables,East,On-Time,83,4,380.67,463.77,0.05,1855.08,1522.68,1762.33,239.65,13.6,Fall,1.0,Tier 1: Fast Mover
ORD-10321,2023-12-12,Apparel,Uncategorized,West,On-Time,37,1,309.28,625.62,0.0,625.62,309.28,625.62,316.34,50.56,Winter,1.0,Tier 1: Fast Mover
ORD-10322,2023-12-18,Apparel,Pants,South,On-Time,34,1,61.57,141.74,0.0,141.74,61.57,141.74,80.17,56.56,Winter,1.0,Tier 1: Fast Mover
ORD-10323,2023-10-27,Apparel,Shirts,North,Delayed - Transit,127,2,324.15,346.2,0.37,692.4,648.3,436.21,-212.09,-48.62,Fall,0.0,Tier 2: Warning
ORD-10324,2023-06-25,Apparel,Shirts,East,On-Time,32,2,56.86,122.63,0.05,245.26,113.72,233.0,119.28,51.19,Summer,1.0,Tier 1: Fast Mover
ORD-10325,2023-05-27,Electronics,Computers,South,On-Time,28,3,151.59,363.0,0.0,1089.0,454.77,1089.0,634.23,58.24,Spring,1.0,Tier 1: Fast Mover
ORD-10326,2023-07-21,Furniture,Chairs,East,Delayed - Transit,96,3,60.51,79.25,0.52,237.75,181.53,114.12,-67.41,-59.07,Summer,0.0,Tier 2: Warning
ORD-10327,2023-12-06,Electronics,Audio,East,On-Time,10,3,333.0,783.34,0.05,2350.02,999.0,2232.52,1233.52,55.25,Winter,1.0,Tier 1: Fast Mover
ORD-10328,2023-07-06,Furniture,Chairs,North,On-Time,93,1,182.99,240.47,0.51,240.47,182.99,117.83,-65.16,-55.3,Summer,0.0,Tier 2: Warning
ORD-10329,2023-11-06,Electronics,Accessories,North,Delayed - Customs,83,4,183.96,218.64,0.0,874.56,735.84,874.56,138.72,15.86,Fall,1.0,Tier 1: Fast Mover
ORD-10330,2023-07-02,Apparel,Footwear,North,On-Time,35,4,265.39,599.82,0.05,2399.28,1061.56,2279.32,1217.76,53.43,Summer,1.0,Tier 1: Fast Mover
ORD-10331,2023-10-16,Electronics,Accessories,South,On-Time,45,3,60.8,100.77,0.05,302.31,182.4,287.19,104.79,36.49,Fall,1.0,Tier 1: Fast Mover
ORD-10332,2023-07-25,Furniture,Tables,East,Delayed - Customs,195,3,74.65,87.38,0.62,262.14,223.95,99.61,-124.34,-124.82,Summer,2.0,Tier 3: Dead Stock
ORD-10333,2023-02-10,Furniture,Tables,East,Delayed - Customs,136,4,290.19,353.82,0.42,1415.28,1160.76,820.86,-339.9,-41.41,Winter,0.0,Tier 2: Warning
ORD-10334,2023-01-25,Electronics,Accessories,South,On-Time,45,3,259.31,587.06,0.0,1761.18,777.93,1761.18,983.25,55.83,Winter,1.0,Tier 1: Fast Mover
ORD-10335,2023-04-06,Apparel,Footwear,East,On-Time,48,1,347.52,592.65,0.0,592.65,347.52,592.65,245.13,41.36,Spring,1.0,Tier 1: Fast Mover
ORD-10336,2023-01-09,Furniture,Desks,North,On-Time,133,1,180.49,194.13,0.39,194.13,180.49,118.42,-62.07,-52.42,Winter,0.0,Tier 2: Warning
ORD-10337,2023-05-05,Electronics,Accessories,South,Delayed - Customs,113,3,263.63,330.17,0.4,990.51,790.89,594.31,-196.58,-33.08,Spring,0.0,Tier 2: Warning
ORD-10338,2023-01-19,Furniture,Tables,East,On-Time,124,3,375.27,396.68,0.46,1190.04,1125.81,642.62,-483.19,-75.19,Winter,0.0,Tier 2: Warning
ORD-10339,2023-10-17,Electronics,Accessories,East,Delayed - Transit,101,3,185.12,219.01,0.58,657.03,555.36,275.95,-279.41,-101.25,Fall,2.0,Tier 3: Dead Stock
ORD-10340,2023-06-09,Apparel,Pants,South,On-Time,46,2,392.79,910.3,0.0,1820.6,785.58,1820.6,1035.02,56.85,Summer,1.0,Tier 1: Fast Mover
ORD-10341,2023-11-06,Electronics,Audio,North,On-Time,31,3,325.64,652.21,0.05,1956.63,976.92,1858.8,881.88,47.44,Fall,1.0,Tier 1: Fast Mover
ORD-10342,2023-12-16,Furniture,Desks,South,On-Time,83,3,392.78,423.26,0.05,1269.78,1178.34,1206.29,27.95,2.32,Winter,0.0,Tier 2: Warning
ORD-10343,2023-06-16,Apparel,Shirts,North,Delayed - Transit,127,4,396.31,499.21,0.45,1996.84,1585.24,1098.26,-486.98,-44.34,Summer,0.0,Tier 2: Warning
ORD-10344,2023-11-17,Electronics,Computers,South,On-Time,17,2,377.31,655.43,0.0,1310.86,754.62,1310.86,556.24,42.43,Fall,1.0,Tier 1: Fast Mover
ORD-10345,2023-10-05,Apparel,Pants,North,Delayed - Transit,125,3,55.61,64.11,0.4,192.33,166.83,115.4,-51.43,-44.57,Fall,0.0,Tier 2: Warning
ORD-10346,2023-10-11,Furniture,Desks,West,Delayed - Customs,83,4,206.68,220.67,0.05,882.68,826.72,838.55,11.83,1.41,Fall,0.0,Tier 2: Warning
ORD-10347,2023-08-22,Apparel,Shirts,North,On-Time,28,1,207.71,368.6,0.05,368.6,207.71,350.17,142.46,40.68,Summer,1.0,Tier 1: Fast Mover
ORD-10348,2023-10-30,Electronics,Audio,South,Delayed - Customs,121,1,323.25,392.53,0.47,392.53,323.25,208.04,-115.21,-55.38,Fall,0.0,Tier 2: Warning
ORD-10349,2023-07-08,Electronics,Audio,West,On-Time,29,5,93.37,169.77,0.05,848.85,466.85,806.41,339.56,42.11,Summer,1.0,Tier 1: Fast Mover
ORD-10350,2023-11-30,Furniture,Chairs,East,Delayed - Transit,124,4,112.36,148.42,0.6,593.68,449.44,237.47,-211.97,-89.26,Fall,2.0,Tier 3: Dead Stock
ORD-10351,2023-11-27,Furniture,Tables,West,On-Time,114,5,345.29,366.26,0.65,1831.3,1726.45,640.96,-1085.5,-169.36,Fall,2.0,Tier 3: Dead Stock
ORD-10352,2023-02-20,Furniture,Desks,East,On-Time,111,2,48.1,64.85,0.55,129.7,96.2,58.37,-37.84,-64.82,Winter,0.0,Tier 2: Warning
ORD-10353,2023-04-30,Electronics,Audio,West,On-Time,37,5,120.79,214.54,0.0,1072.7,603.95,1072.7,468.75,43.7,Spring,1.0,Tier 1: Fast Mover
ORD-10354,2023-11-26,Electronics,Computers,North,On-Time,19,4,373.56,759.19,0.0,3036.76,1494.24,3036.76,1542.52,50.79,Fall,1.0,Tier 1: Fast Mover
ORD-10355,2023-03-23,Furniture,Chairs,West,On-Time,108,2,101.95,132.93,0.53,265.86,203.9,124.95,-78.95,-63.18,Spring,0.0,Tier 2: Warning
ORD-10356,2023-05-12,Furniture,Desks,West,On-Time,111,5,181.16,192.25,0.5,961.25,905.8,480.63,-425.18,-88.46,Spring,2.0,Tier 3: Dead Stock
ORD-10357,2023-08-22,Apparel,Footwear,North,On-Time,51,5,364.76,684.51,0.0,3422.55,1823.8,3422.55,1598.75,46.71,Summer,1.0,Tier 1: Fast Mover
ORD-10358,2023-08-28,Furniture,Desks,East,On-Time,114,2,234.25,254.36,0.35,508.72,468.5,330.67,-137.83,-41.68,Summer,0.0,Tier 2: Warning
ORD-10359,2023-05-24,Furniture,Tables,East,On-Time,103,2,23.29,24.84,0.42,49.68,46.58,28.81,-17.77,-61.66,Spring,0.0,Tier 2: Warning
ORD-10360,2023-03-29,Electronics,Accessories,South,On-Time,33,4,345.05,565.46,0.05,2261.84,1380.2,2148.75,768.55,35.77,Spring,1.0,Tier 1: Fast Mover
ORD-10361,2023-11-14,Electronics,Audio,South,On-Time,37,1,112.69,190.7,0.0,190.7,112.69,190.7,78.01,40.91,Fall,1.0,Tier 1: Fast Mover
ORD-10362,2023-08-02,Furniture,Tables,South,On-Time,115,3,237.8,304.6,0.52,913.8,713.4,438.62,-274.78,-62.64,Summer,0.0,Tier 2: Warning
ORD-10363,2023-04-03,Electronics,Audio,East,On-Time,29,3,250.22,421.22,0.0,1263.66,750.66,1263.66,513.0,40.6,Spring,1.0,Tier 1: Fast Mover
ORD-10364,2023-12-16,Furniture,Chairs,South,On-Time,124,1,225.23,250.16,0.44,250.16,225.23,140.09,-85.14,-60.78,Winter,0.0,Tier 2: Warning
ORD-10365,2023-10-31,Electronics,Computers,East,On-Time,14,3,262.85,499.33,0.0,1497.99,788.55,1497.99,709.44,47.36,Fall,1.0,Tier 1: Fast Mover
ORD-10366,2023-07-11,Apparel,Footwear,West,On-Time,31,5,104.82,198.67,0.0,993.35,524.1,993.35,469.25,47.24,Summer,1.0,Tier 1: Fast Mover
ORD-10367,2023-07-02,Electronics,Audio,West,On-Time,42,1,256.99,534.57,0.05,534.57,256.99,507.84,250.85,49.4,Summer,1.0,Tier 1: Fast Mover
ORD-10368,2023-07-31,Furniture,Chairs,East,Delayed - Transit,114,3,232.14,272.27,0.59,816.81,696.42,334.89,-361.53,-107.95,Summer,2.0,Tier 3: Dead Stock
ORD-10369,2023-06-18,Electronics,Computers,South,On-Time,34,3,90.22,196.23,0.05,588.69,270.66,559.26,288.6,51.6,Summer,1.0,Tier 1: Fast Mover
ORD-10370,2023-12-21,Electronics,Audio,West,On-Time,34,1,93.79,175.04,0.0,175.04,93.79,175.04,81.25,46.42,Winter,1.0,Tier 1: Fast Mover
ORD-10371,2023-01-08,Apparel,Shirts,South,On-Time,53,3,19.48,38.95,0.0,116.85,58.44,116.85,58.41,49.99,Winter,1.0,Tier 1: Fast Mover
ORD-10372,2023-09-21,Apparel,Shirts,West,Delayed - Transit,76,4,119.48,136.36,0.0,545.44,477.92,545.44,67.52,12.38,Fall,1.0,Tier 1: Fast Mover
ORD-10373,2023-09-11,Furniture,Desks,South,Delayed - Transit,155,5,174.56,194.75,0.43,973.75,872.8,555.04,-317.76,-57.25,Fall,0.0,Tier 2: Warning
ORD-10374,2023-02-16,Apparel,Uncategorized,East,On-Time,25,3,127.67,276.69,0.05,830.07,383.01,788.57,405.56,51.43,Winter,1.0,Tier 1: Fast Mover
ORD-10375,2023-10-09,Furniture,Desks,South,On-Time,115,4,380.39,458.32,0.56,1833.28,1521.56,806.64,-714.92,-88.63,Fall,2.0,Tier 3: Dead Stock
ORD-10376,2023-03-28,Furniture,Desks,West,On-Time,63,1,126.48,147.67,0.0,147.67,126.48,147.67,21.19,14.35,Spring,1.0,Tier 1: Fast Mover
ORD-10377,2023-10-19,Electronics,Accessories,East,On-Time,13,5,337.37,783.05,0.05,3915.25,1686.85,3719.49,2032.64,54.65,Fall,1.0,Tier 1: Fast Mover
ORD-10378,2023-03-30,Apparel,Pants,South,On-Time,12,2,389.04,675.71,0.05,1351.42,778.08,1283.85,505.77,39.39,Spring,1.0,Tier 1: Fast Mover
ORD-10379,2023-09-16,Apparel,Footwear,East,On-Time,19,5,77.3,181.15,0.05,905.75,386.5,860.46,473.96,55.08,Fall,1.0,Tier 1: Fast Mover
ORD-10380,2023-11-12,Apparel,Shirts,West,On-Time,27,3,342.16,760.74,0.05,2282.22,1026.48,2168.11,1141.63,52.66,Fall,1.0,Tier 1: Fast Mover
ORD-10381,2023-12-14,Furniture,Chairs,East,On-Time,102,3,353.93,422.91,0.54,1268.73,1061.79,583.62,-478.17,-81.93,Winter,2.0,Tier 3: Dead Stock
ORD-10382,2023-06-01,Apparel,Pants,West,On-Time,40,5,362.86,731.71,0.0,3658.55,1814.3,3658.55,1844.25,50.41,Summer,1.0,Tier 1: Fast Mover
ORD-10383,2023-01-08,Apparel,Shirts,West,On-Time,35,3,271.94,554.91,0.05,1664.73,815.82,1581.49,765.67,48.41,Winter,1.0,Tier 1: Fast Mover
ORD-10384,2023-08-29,Apparel,Shirts,East,On-Time,20,5,385.59,648.16,0.05,3240.8,1927.95,3078.76,1150.81,37.38,Summer,1.0,Tier 1: Fast Mover
ORD-10385,2023-12-29,Electronics,Accessories,East,Delayed - Transit,148,1,177.55,188.81,0.63,188.81,177.55,69.86,-107.69,-154.15,Winter,2.0,Tier 3: Dead Stock
ORD-10386,2023-09-10,Electronics,Computers,South,On-Time,39,3,280.3,629.16,0.0,1887.48,840.9,1887.48,1046.58,55.45,Fall,1.0,Tier 1: Fast Mover
ORD-10387,2023-04-17,Furniture,Chairs,South,Delayed - Transit,113,4,43.92,56.89,0.5,227.56,175.68,113.78,-61.9,-54.4,Spring,0.0,Tier 2: Warning
ORD-10388,2023-03-07,Furniture,Chairs,East,Delayed - Transit,130,3,275.16,352.16,0.56,1056.48,825.48,464.85,-360.63,-77.58,Spring,2.0,Tier 3: Dead Stock
ORD-10389,2023-06-04,Electronics,Audio,North,On-Time,31,4,60.99,112.09,0.0,448.36,243.96,448.36,204.4,45.59,Summer,1.0,Tier 1: Fast Mover
ORD-10390,2023-11-02,Apparel,Pants,North,On-Time,30,2,333.54,661.85,0.0,1323.7,667.08,1323.7,656.62,49.6,Fall,1.0,Tier 1: Fast Mover
ORD-10391,2023-06-21,Electronics,Accessories,West,On-Time,48,5,331.13,703.91,0.0,3519.55,1655.65,3519.55,1863.9,52.96,Summer,1.0,Tier 1: Fast Mover
ORD-10392,2023-05-01,Apparel,Pants,West,On-Time,21,1,264.74,444.44,0.0,444.44,264.74,444.44,179.7,40.43,Spring,1.0,Tier 1: Fast Mover
ORD-10393,2023-02-24,Furniture,Desks,South,On-Time,76,1,197.86,228.62,0.0,228.62,197.86,228.62,30.76,13.45,Winter,1.0,Tier 1: Fast Mover
ORD-10394,2023-04-29,Electronics,Computers,East,Delayed - Customs,115,4,344.3,385.33,0.44,1541.32,1377.2,863.14,-514.06,-59.56,Spring,0.0,Tier 2: Warning
ORD-10395,2023-03-23,Furniture,Tables,North,On-Time,119,1,45.28,48.58,0.42,48.58,45.28,28.18,-17.1,-60.7,Spring,0.0,Tier 2: Warning
ORD-10396,2023-04-10,Electronics,Audio,East,On-Time,66,2,358.14,650.18,0.0,1300.36,716.28,1300.36,584.08,44.92,Spring,1.0,Tier 1: Fast Mover
ORD-10397,2023-03-17,Apparel,Shirts,South,On-Time,61,4,315.49,694.42,0.0,2777.68,1261.96,2777.68,1515.72,54.57,Spring,1.0,Tier 1: Fast Mover
ORD-10398,2023-01-06,Electronics,Accessories,East,On-Time,35,1,163.46,294.91,0.05,294.91,163.46,280.16,116.7,41.66,Winter,1.0,Tier 1: Fast Mover
ORD-10399,2023-12-21,Apparel,Footwear,North,On-Time,23,4,357.62,574.3,0.0,2297.2,1430.48,2297.2,866.72,37.73,Winter,1.0,Tier 1: Fast Mover
ORD-10400,2023-06-26,Electronics,Audio,East,Delayed - Transit,127,3,246.7,299.35,0.57,898.05,740.1,386.16,-353.94,-91.66,Summer,2.0,Tier 3: Dead Stock
ORD-10401,2023-12-29,Electronics,Audio,North,On-Time,33,2,231.5,455.07,0.05,910.14,463.0,864.63,401.63,46.45,Winter,1.0,Tier 1: Fast Mover
ORD-10402,2023-01-06,Electronics,Accessories,East,On-Time,23,2,290.94,547.46,0.0,1094.92,581.88,1094.92,513.04,46.86,Winter,1.0,Tier 1: Fast Mover
ORD-10403,2023-03-05,Electronics,Audio,North,On-Time,30,3,85.41,196.2,0.0,588.6,256.23,588.6,332.37,56.47,Spring,1.0,Tier 1: Fast Mover
ORD-10404,2023-05-29,Electronics,Computers,West,On-Time,25,4,160.21,263.05,0.05,1052.2,640.84,999.59,358.75,35.89,Spring,1.0,Tier 1: Fast Mover
ORD-10405,2023-01-24,Electronics,Accessories,North,On-Time,41,2,176.72,307.66,0.0,615.32,353.44,615.32,261.88,42.56,Winter,1.0,Tier 1: Fast Mover
ORD-10406,2023-06-06,Furniture,Desks,East,On-Time,117,3,250.58,289.44,0.4,868.32,751.74,520.99,-230.75,-44.29,Summer,0.0,Tier 2: Warning
ORD-10407,2023-04-29,Electronics,Accessories,South,On-Time,30,3,113.73,216.76,0.0,650.28,341.19,650.28,309.09,47.53,Spring,1.0,Tier 1: Fast Mover
ORD-10408,2023-07-05,Electronics,Audio,South,On-Time,32,1,268.43,472.34,0.0,472.34,268.43,472.34,203.91,43.17,Summer,1.0,Tier 1: Fast Mover
ORD-10409,2023-09-25,Apparel,Footwear,North,Delayed - Customs,110,5,155.54,166.77,0.45,833.85,777.7,458.62,-319.08,-69.57,Fall,0.0,Tier 2: Warning
ORD-10410,2023-11-22,Apparel,Pants,North,On-Time,43,5,301.05,506.89,0.0,2534.45,1505.25,2534.45,1029.2,40.61,Fall,1.0,Tier 1: Fast Mover
ORD-10411,2023-03-21,Electronics,Accessories,South,Delayed - Transit,117,4,71.9,80.44,0.41,321.76,287.6,189.84,-97.76,-51.5,Spring,0.0,Tier 2: Warning
ORD-10412,2023-09-06,Electronics,Computers,East,On-Time,24,5,384.99,670.42,0.0,3352.1,1924.95,3352.1,1427.15,42.57,Fall,1.0,Tier 1: Fast Mover
ORD-10413,2023-11-11,Furniture,Chairs,East,On-Time,101,2,183.79,242.02,0.56,484.04,367.58,212.98,-154.6,-72.59,Fall,0.0,Tier 2: Warning
ORD-10414,2023-02-26,Apparel,Shirts,North,On-Time,31,1,392.37,790.53,0.05,790.53,392.37,751.0,358.63,47.75,Winter,1.0,Tier 1: Fast Mover
ORD-10415,2023-10-15,Apparel,Footwear,West,On-Time,16,3,83.13,191.59,0.05,574.77,249.39,546.03,296.64,54.33,Fall,1.0,Tier 1: Fast Mover
ORD-10416,2023-09-28,Apparel,Shirts,East,On-Time,48,2,332.2,680.52,0.05,1361.04,664.4,1292.99,628.59,48.62,Fall,1.0,Tier 1: Fast Mover
ORD-10417,2023-06-17,Apparel,Pants,West,Delayed - Transit,124,3,70.57,92.22,0.53,276.66,211.71,130.03,-81.68,-62.82,Summer,0.0,Tier 2: Warning
ORD-10418,2023-08-17,Furniture,Chairs,North,Delayed - Customs,116,2,42.24,46.81,0.56,93.62,84.48,41.19,-43.29,-105.08,Summer,2.0,Tier 3: Dead Stock
ORD-10419,2023-02-17,Furniture,Tables,North,On-Time,110,3,286.64,380.37,0.62,1141.11,859.92,433.62,-426.3,-98.31,Winter,2.0,Tier 3: Dead Stock
ORD-10420,2023-12-24,Apparel,Footwear,West,Delayed - Transit,116,4,323.52,349.79,0.54,1399.16,1294.08,643.61,-650.47,-101.06,Winter,2.0,Tier 3: Dead Stock
ORD-10421,2023-10-31,Electronics,Audio,East,On-Time,24,1,173.46,358.15,0.0,358.15,173.46,358.15,184.69,51.57,Fall,1.0,Tier 1: Fast Mover
ORD-10422,2023-01-22,Furniture,Tables,West,On-Time,99,2,88.53,114.35,0.55,228.7,177.06,102.92,-74.15,-72.04,Winter,0.0,Tier 2: Warning
ORD-10423,2023-06-13,Furniture,Tables,South,On-Time,134,4,81.34,107.97,0.42,431.88,325.36,250.49,-74.87,-29.89,Summer,0.0,Tier 2: Warning
ORD-10424,2023-02-09,Apparel,Shirts,North,On-Time,20,2,209.63,493.77,0.05,987.54,419.26,938.16,518.9,55.31,Winter,1.0,Tier 1: Fast Mover
ORD-10425,2023-05-02,Furniture,Chairs,South,On-Time,98,1,302.24,325.43,0.36,325.43,302.24,208.28,-93.96,-45.12,Spring,0.0,Tier 2: Warning
ORD-10426,2023-02-09,Electronics,Audio,West,On-Time,30,2,75.75,177.14,0.05,354.28,151.5,336.57,185.07,54.99,Winter,1.0,Tier 1: Fast Mover
ORD-10427,2023-08-07,Electronics,Audio,West,On-Time,29,3,188.82,350.04,0.0,1050.12,566.46,1050.12,483.66,46.06,Summer,1.0,Tier 1: Fast Mover
ORD-10428,2023-04-07,Electronics,Computers,East,On-Time,20,2,209.52,467.78,0.0,935.56,419.04,935.56,516.52,55.21,Spring,1.0,Tier 1: Fast Mover
ORD-10429,2023-09-07,Furniture,Desks,West,On-Time,127,3,87.6,99.24,0.59,297.72,262.8,122.07,-140.73,-115.29,Fall,2.0,Tier 3: Dead Stock
ORD-10430,2023-03-19,Apparel,Footwear,South,On-Time,29,5,174.93,284.33,0.05,1421.65,874.65,1350.57,475.92,35.24,Spring,1.0,Tier 1: Fast Mover
ORD-10431,2023-03-19,Furniture,Tables,West,On-Time,121,1,158.69,174.38,0.56,174.38,158.69,76.73,-81.96,-106.82,Spring,2.0,Tier 3: Dead Stock
ORD-10432,2023-09-08,Apparel,Pants,East,Delayed - Transit,109,4,85.74,98.6,0.49,394.4,342.96,201.14,-141.82,-70.5,Fall,0.0,Tier 2: Warning
ORD-10433,2023-02-18,Electronics,Accessories,North,On-Time,18,2,70.18,149.97,0.0,299.94,140.36,299.94,159.58,53.2,Winter,1.0,Tier 1: Fast Mover
ORD-10434,2023-08-05,Furniture,Desks,North,On-Time,112,5,57.89,66.95,0.35,334.75,289.45,217.59,-71.86,-33.03,Summer,0.0,Tier 2: Warning
ORD-10435,2023-10-20,Electronics,Computers,South,Delayed - Transit,82,2,88.72,108.52,0.05,217.04,177.44,206.19,28.75,13.94,Fall,1.0,Tier 1: Fast Mover
ORD-10436,2023-03-05,Electronics,Accessories,South,On-Time,14,1,163.45,354.84,0.0,354.84,163.45,354.84,191.39,53.94,Spring,1.0,Tier 1: Fast Mover
ORD-10437,2023-08-18,Apparel,Footwear,South,On-Time,34,5,23.13,53.73,0.0,268.65,115.65,268.65,153.0,56.95,Summer,1.0,Tier 1: Fast Mover
ORD-10438,2023-06-29,Apparel,Uncategorized,South,On-Time,38,1,88.19,145.34,0.0,145.34,88.19,145.34,57.15,39.32,Summer,1.0,Tier 1: Fast Mover
ORD-10439,2023-08-25,Apparel,Pants,East,On-Time,39,4,173.72,413.4,0.05,1653.6,694.88,1570.92,876.04,55.77,Summer,1.0,Tier 1: Fast Mover
ORD-10440,2023-02-15,Furniture,Tables,East,On-Time,133,3,261.76,347.06,0.58,1041.18,785.28,437.3,-347.98,-79.58,Winter,2.0,Tier 3: Dead Stock
ORD-10441,2023-10-18,Electronics,Accessories,West,On-Time,40,1,177.79,292.53,0.0,292.53,177.79,292.53,114.74,39.22,Fall,1.0,Tier 1: Fast Mover
ORD-10442,2023-05-01,Furniture,Tables,South,On-Time,124,4,263.49,285.67,0.48,1142.68,1053.96,594.19,-459.77,-77.38,Spring,0.0,Tier 2: Warning
ORD-10443,2023-09-27,Apparel,Shirts,West,On-Time,39,1,133.57,228.17,0.05,228.17,133.57,216.76,83.19,38.38,Fall,1.0,Tier 1: Fast Mover
ORD-10444,2023-05-04,Electronics,Audio,West,On-Time,31,4,347.43,714.49,0.0,2857.96,1389.72,2857.96,1468.24,51.37,Spring,1.0,Tier 1: Fast Mover
ORD-10445,2023-02-22,Apparel,Pants,East,On-Time,15,5,264.18,474.59,0.0,2372.95,1320.9,2372.95,1052.05,44.34,Winter,1.0,Tier 1: Fast Mover
ORD-10446,2023-11-18,Furniture,Chairs,East,On-Time,105,5,348.87,416.42,0.57,2082.1,1744.35,895.3,-849.05,-94.83,Fall,2.0,Tier 3: Dead Stock
ORD-10447,2023-01-14,Furniture,Tables,West,On-Time,119,2,173.58,223.62,0.46,447.24,347.16,241.51,-105.65,-43.75,Winter,0.0,Tier 2: Warning
ORD-10448,2023-12-31,Electronics,Computers,West,Delayed - Transit,101,1,222.59,253.0,0.56,253.0,222.59,111.32,-111.27,-99.96,Winter,2.0,Tier 3: Dead Stock
ORD-10449,2023-05-21,Apparel,Pants,South,Delayed - Customs,123,5,22.9,26.7,0.36,133.5,114.5,85.44,-29.06,-34.01,Spring,0.0,Tier 2: Warning
ORD-10450,2023-09-01,Apparel,Footwear,West,Delayed - Customs,108,1,91.64,101.05,0.36,101.05,91.64,64.67,-26.97,-41.7,Fall,0.0,Tier 2: Warning
ORD-10451,2023-10-30,Electronics,Accessories,South,Delayed - Transit,142,4,274.1,298.94,0.38,1195.76,1096.4,741.37,-355.03,-47.89,Fall,0.0,Tier 2: Warning
ORD-10452,2023-03-04,Electronics,Audio,North,On-Time,31,1,193.57,352.78,0.0,352.78,193.57,352.78,159.21,45.13,Spring,1.0,Tier 1: Fast Mover
ORD-10453,2023-08-11,Apparel,Pants,North,On-Time,27,5,162.17,364.69,0.0,1823.45,810.85,1823.45,1012.6,55.53,Summer,1.0,Tier 1: Fast Mover
ORD-10454,2023-07-29,Furniture,Tables,East,On-Time,74,3,268.3,360.54,0.0,1081.62,804.9,1081.62,276.72,25.58,Summer,1.0,Tier 1: Fast Mover
ORD-10455,2023-03-23,Furniture,Chairs,West,On-Time,74,5,27.6,34.35,0.0,171.75,138.0,171.75,33.75,19.65,Spring,1.0,Tier 1: Fast Mover
ORD-10456,2023-04-13,Apparel,Pants,South,On-Time,25,5,134.67,315.92,0.05,1579.6,673.35,1500.62,827.27,55.13,Spring,1.0,Tier 1: Fast Mover
ORD-10457,2023-02-23,Furniture,Tables,West,On-Time,134,3,311.58,353.26,0.35,1059.78,934.74,688.86,-245.88,-35.69,Winter,0.0,Tier 2: Warning
ORD-10458,2023-10-20,Furniture,Desks,North,On-Time,120,3,19.15,22.77,0.41,68.31,57.45,40.3,-17.15,-42.55,Fall,0.0,Tier 2: Warning
ORD-10459,2023-03-25,Electronics,Computers,East,On-Time,14,5,273.98,496.09,0.05,2480.45,1369.9,2356.43,986.53,41.87,Spring,1.0,Tier 1: Fast Mover
ORD-10460,2023-02-17,Apparel,Footwear,North,On-Time,27,5,302.66,694.65,0.05,3473.25,1513.3,3299.59,1786.29,54.14,Winter,1.0,Tier 1: Fast Mover
ORD-10461,2023-03-13,Electronics,Computers,South,On-Time,21,2,315.07,596.41,0.05,1192.82,630.14,1133.18,503.04,44.39,Spring,1.0,Tier 1: Fast Mover
ORD-10462,2023-12-24,Electronics,Accessories,East,On-Time,31,1,158.75,327.01,0.0,327.01,158.75,327.01,168.26,51.45,Winter,1.0,Tier 1: Fast Mover
ORD-10463,2023-04-22,Apparel,Pants,North,Delayed - Transit,123,1,156.81,201.28,0.42,201.28,156.81,116.74,-40.07,-34.32,Spring,0.0,Tier 2: Warning
ORD-10464,2023-01-02,Furniture,Chairs,West,On-Time,115,5,325.49,358.49,0.41,1792.45,1627.45,1057.55,-569.9,-53.89,Winter,0.0,Tier 2: Warning
ORD-10465,2023-06-25,Furniture,Tables,North,Delayed - Transit,135,5,357.37,426.18,0.38,2130.9,1786.85,1321.16,-465.69,-35.25,Summer,0.0,Tier 2: Warning
ORD-10466,2023-03-12,Furniture,Chairs,East,On-Time,86,2,270.51,325.55,0.49,651.1,541.02,332.06,-208.96,-62.93,Spring,0.0,Tier 2: Warning
ORD-10467,2023-05-26,Apparel,Footwear,East,Delayed - Customs,189,3,141.25,188.53,0.59,565.59,423.75,231.89,-191.86,-82.74,Spring,2.0,Tier 3: Dead Stock
ORD-10468,2023-01-21,Apparel,Pants,East,On-Time,20,4,58.63,133.55,0.0,534.2,234.52,534.2,299.68,56.1,Winter,1.0,Tier 1: Fast Mover
ORD-10469,2023-06-19,Apparel,Footwear,North,On-Time,59,4,20.98,40.13,0.0,160.52,83.92,160.52,76.6,47.72,Summer,1.0,Tier 1: Fast Mover
ORD-10470,2023-03-05,Apparel,Pants,West,On-Time,44,2,60.09,138.97,0.0,277.94,120.18,277.94,157.76,56.76,Spring,1.0,Tier 1: Fast Mover
ORD-10471,2023-05-15,Apparel,Pants,North,On-Time,34,2,228.85,522.43,0.0,1044.86,457.7,1044.86,587.16,56.2,Spring,1.0,Tier 1: Fast Mover
ORD-10472,2023-12-08,Apparel,Footwear,East,On-Time,24,2,150.56,275.6,0.05,551.2,301.12,523.64,222.52,42.49,Winter,1.0,Tier 1: Fast Mover
ORD-10473,2023-12-25,Furniture,Tables,West,On-Time,94,3,230.93,303.47,0.51,910.41,692.79,446.1,-246.69,-55.3,Winter,0.0,Tier 2: Warning
ORD-10474,2023-09-05,Electronics,Computers,South,On-Time,30,5,283.49,627.58,0.05,3137.9,1417.45,2981.01,1563.56,52.45,Fall,1.0,Tier 1: Fast Mover
ORD-10475,2023-09-21,Electronics,Audio,South,Delayed - Transit,139,1,109.79,129.11,0.56,129.11,109.79,56.81,-52.98,-93.26,Fall,2.0,Tier 3: Dead Stock
ORD-10476,2023-06-29,Furniture,Tables,North,On-Time,106,5,335.44,444.73,0.42,2223.65,1677.2,1289.72,-387.48,-30.04,Summer,0.0,Tier 2: Warning
ORD-10477,2023-03-16,Apparel,Pants,North,On-Time,15,2,359.18,753.03,0.05,1506.06,718.36,1430.76,712.4,49.79,Spring,1.0,Tier 1: Fast Mover
ORD-10478,2023-03-23,Apparel,Pants,East,Delayed - Transit,110,5,78.09,102.04,0.62,510.2,390.45,193.88,-196.57,-101.39,Spring,2.0,Tier 3: Dead Stock
ORD-10479,2023-10-18,Electronics,Accessories,South,On-Time,15,1,69.1,135.55,0.0,135.55,69.1,135.55,66.45,49.02,Fall,1.0,Tier 1: Fast Mover
ORD-10480,2023-11-12,Apparel,Shirts,East,On-Time,29,3,360.47,605.35,0.0,1816.05,1081.41,1816.05,734.64,40.45,Fall,1.0,Tier 1: Fast Mover
ORD-10481,2023-03-17,Electronics,Computers,North,On-Time,33,4,133.34,314.79,0.0,1259.16,533.36,1259.16,725.8,57.64,Spring,1.0,Tier 1: Fast Mover
ORD-10482,2023-05-17,Apparel,Footwear,East,On-Time,21,2,159.11,376.27,0.0,752.54,318.22,752.54,434.32,57.71,Spring,1.0,Tier 1: Fast Mover
ORD-10483,2023-05-06,Apparel,Shirts,West,On-Time,54,5,308.08,724.94,0.05,3624.7,1540.4,3443.47,1903.07,55.27,Spring,1.0,Tier 1: Fast Mover
ORD-10484,2023-07-19,Furniture,Tables,North,Delayed - Customs,115,5,285.82,385.85,0.62,1929.25,1429.1,733.12,-695.99,-94.94,Summer,2.0,Tier 3: Dead Stock
ORD-10485,2023-07-19,Furniture,Tables,East,Delayed - Transit,114,3,330.34,364.77,0.45,1094.31,991.02,601.87,-389.15,-64.66,Summer,0.0,Tier 2: Warning
ORD-10486,2023-04-02,Electronics,Computers,West,Delayed - Transit,100,2,342.1,435.73,0.42,871.46,684.2,505.45,-178.75,-35.37,Spring,0.0,Tier 2: Warning
ORD-10487,2023-03-10,Electronics,Computers,South,On-Time,12,2,185.43,307.81,0.0,615.62,370.86,615.62,244.76,39.76,Spring,1.0,Tier 1: Fast Mover
ORD-10488,2023-12-18,Furniture,Chairs,North,On-Time,92,4,51.46,60.57,0.64,242.28,205.84,87.22,-118.62,-136.0,Winter,2.0,Tier 3: Dead Stock
ORD-10489,2023-04-20,Apparel,Pants,West,On-Time,41,4,394.54,697.24,0.0,2788.96,1578.16,2788.96,1210.8,43.41,Spring,1.0,Tier 1: Fast Mover
ORD-10490,2023-07-31,Electronics,Audio,West,Delayed - Transit,131,5,57.15,60.84,0.48,304.2,285.75,158.18,-127.57,-80.64,Summer,2.0,Tier 3: Dead Stock
ORD-10491,2023-06-18,Electronics,Audio,North,Delayed - Customs,107,2,379.08,401.81,0.54,803.62,758.16,369.67,-388.49,-105.09,Summer,2.0,Tier 3: Dead Stock
ORD-10492,2023-02-10,Furniture,Tables,East,On-Time,115,1,327.8,382.4,0.54,382.4,327.8,175.9,-151.9,-86.35,Winter,2.0,Tier 3: Dead Stock
ORD-10493,2023-09-27,Apparel,Uncategorized,West,On-Time,36,3,224.13,384.09,0.05,1152.27,672.39,1094.66,422.27,38.58,Fall,1.0,Tier 1: Fast Mover
ORD-10494,2023-06-13,Furniture,Desks,South,Delayed - Transit,108,1,337.27,425.28,0.42,425.28,337.27,246.66,-90.61,-36.73,Summer,0.0,Tier 2: Warning
ORD-10495,2023-03-01,Apparel,Footwear,West,On-Time,17,2,137.46,291.91,0.05,583.82,274.92,554.63,279.71,50.43,Spring,1.0,Tier 1: Fast Mover
ORD-10496,2023-07-18,Electronics,Accessories,East,On-Time,19,5,41.15,91.83,0.0,459.15,205.75,459.15,253.4,55.19,Summer,1.0,Tier 1: Fast Mover
ORD-10497,2023-02-07,Electronics,Computers,West,Delayed - Transit,53,2,232.18,292.95,0.0,585.9,464.36,585.9,121.54,20.74,Winter,1.0,Tier 1: Fast Mover
ORD-10498,2023-06-06,Furniture,Desks,North,Delayed - Customs,95,5,42.75,57.57,0.6,287.85,213.75,115.14,-98.61,-85.64,Summer,2.0,Tier 3: Dead Stock
ORD-10499,2023-07-03,Electronics,Accessories,South,Delayed - Customs,122,4,364.48,486.77,0.46,1947.08,1457.92,1051.42,-406.5,-38.66,Summer,0.0,Tier 2: Warning
ORD-10500,2023-09-19,Electronics,Audio,South,On-Time,41,3,172.46,286.97,0.05,860.91,517.38,817.86,300.48,36.74,Fall,1.0,Tier 1: Fast Mover
ORD-10501,2023-03-10,Furniture,Uncategorized,West,On-Time,83,2,308.79,350.49,0.05,700.98,617.58,665.93,48.35,7.26,Spring,1.0,Tier 1: Fast Mover
ORD-10502,2023-01-02,Apparel,Footwear,East,Delayed - Customs,136,5,143.54,186.21,0.64,931.05,717.7,335.18,-382.52,-114.13,Winter,2.0,Tier 3: Dead Stock
ORD-10503,2023-05-01,Electronics,Accessories,West,On-Time,30,4,394.03,762.4,0.0,3049.6,1576.12,3049.6,1473.48,48.32,Spring,1.0,Tier 1: Fast Mover
ORD-10504,2023-08-04,Furniture,Chairs,South,On-Time,94,4,26.91,32.86,0.46,131.44,107.64,70.98,-36.66,-51.65,Summer,0.0,Tier 2: Warning
ORD-10505,2023-01-19,Furniture,Chairs,East,On-Time,95,2,197.9,215.54,0.35,431.08,395.8,280.2,-115.6,-41.26,Winter,0.0,Tier 2: Warning
ORD-10506,2023-07-18,Furniture,Desks,West,On-Time,107,3,107.74,142.41,0.46,427.23,323.22,230.7,-92.52,-40.1,Summer,0.0,Tier 2: Warning
ORD-10507,2023-02-16,Furniture,Tables,South,On-Time,116,4,239.16,307.15,0.6,1228.6,956.64,491.44,-465.2,-94.66,Winter,2.0,Tier 3: Dead Stock
ORD-10508,2023-06-14,Apparel,Footwear,North,On-Time,6,3,360.65,816.89,0.05,2450.67,1081.95,2328.14,1246.19,53.53,Summer,1.0,Tier 1: Fast Mover
ORD-10509,2023-11-02,Furniture,Tables,East,Delayed - Customs,106,3,370.46,408.1,0.38,1224.3,1111.38,759.07,-352.31,-46.41,Fall,0.0,Tier 2: Warning
ORD-10510,2023-12-18,Electronics,Accessories,West,On-Time,28,3,235.38,392.75,0.05,1178.25,706.14,1119.34,413.2,36.91,Winter,1.0,Tier 1: Fast Mover
ORD-10511,2023-05-22,Apparel,Shirts,North,Delayed - Transit,87,5,90.07,121.52,0.52,607.6,450.35,291.65,-158.7,-54.42,Spring,0.0,Tier 2: Warning
ORD-10512,2023-06-08,Furniture,Chairs,West,On-Time,100,1,159.78,203.63,0.65,203.63,159.78,71.27,-88.51,-124.19,Summer,2.0,Tier 3: Dead Stock
ORD-10513,2023-03-08,Furniture,Desks,East,On-Time,112,2,133.18,164.73,0.48,329.46,266.36,171.32,-95.04,-55.48,Spring,0.0,Tier 2: Warning
ORD-10514,2023-12-31,Electronics,Audio,South,On-Time,26,5,117.98,275.81,0.0,1379.05,589.9,1379.05,789.15,57.22,Winter,1.0,Tier 1: Fast Mover
ORD-10515,2023-12-31,Electronics,Accessories,West,Delayed - Transit,75,2,241.44,284.25,0.0,568.5,482.88,568.5,85.62,15.06,Winter,1.0,Tier 1: Fast Mover
ORD-10516,2023-08-27,Furniture,Chairs,North,On-Time,139,5,161.99,206.79,0.61,1033.95,809.95,403.24,-406.71,-100.86,Summer,2.0,Tier 3: Dead Stock
ORD-10517,2023-12-03,Electronics,Audio,East,Delayed - Transit,75,1,87.71,114.1,0.0,114.1,87.71,114.1,26.39,23.13,Winter,1.0,Tier 1: Fast Mover
ORD-10518,2023-02-07,Electronics,Audio,West,On-Time,41,3,218.23,361.48,0.0,1084.44,654.69,1084.44,429.75,39.63,Winter,1.0,Tier 1: Fast Mover
ORD-10519,2023-09-24,Electronics,Audio,North,On-Time,42,1,283.56,628.0,0.05,628.0,283.56,596.6,313.04,52.47,Fall,1.0,Tier 1: Fast Mover
ORD-10520,2023-01-17,Furniture,Desks,East,On-Time,119,4,203.79,224.46,0.6,897.84,815.16,359.14,-456.02,-126.98,Winter,2.0,Tier 3: Dead Stock
ORD-10521,2023-06-15,Electronics,Audio,West,On-Time,16,1,16.43,39.39,0.05,39.39,16.43,37.42,20.99,56.09,Summer,1.0,Tier 1: Fast Mover
ORD-10522,2023-07-28,Apparel,Shirts,North,Delayed - Transit,117,5,109.59,125.62,0.54,628.1,547.95,288.93,-259.02,-89.65,Summer,2.0,Tier 3: Dead Stock
ORD-10523,2023-10-09,Apparel,Footwear,East,On-Time,29,5,366.4,607.92,0.05,3039.6,1832.0,2887.62,1055.62,36.56,Fall,1.0,Tier 1: Fast Mover
ORD-10524,2023-11-11,Apparel,Pants,West,On-Time,22,5,360.05,831.42,0.05,4157.1,1800.25,3949.25,2149.0,54.42,Fall,1.0,Tier 1: Fast Mover
ORD-10525,2023-02-21,Electronics,Audio,West,On-Time,4,4,363.67,808.28,0.05,3233.12,1454.68,3071.46,1616.78,52.64,Winter,1.0,Tier 1: Fast Mover
ORD-10526,2023-10-06,Apparel,Footwear,West,On-Time,16,3,76.92,172.48,0.05,517.44,230.76,491.57,260.81,53.06,Fall,1.0,Tier 1: Fast Mover
ORD-10527,2023-12-04,Furniture,Uncategorized,South,On-Time,133,2,185.99,229.9,0.43,459.8,371.98,262.09,-109.89,-41.93,Winter,0.0,Tier 2: Warning
ORD-10528,2023-01-06,Electronics,Audio,North,On-Time,44,3,392.45,847.39,0.05,2542.17,1177.35,2415.06,1237.71,51.25,Winter,1.0,Tier 1: Fast Mover
ORD-10529,2023-06-18,Furniture,Chairs,West,On-Time,113,5,221.36,258.53,0.47,1292.65,1106.8,685.1,-421.7,-61.55,Summer,0.0,Tier 2: Warning
ORD-10530,2023-02-03,Electronics,Accessories,North,On-Time,27,4,208.75,361.09,0.05,1444.36,835.0,1372.14,537.14,39.15,Winter,1.0,Tier 1: Fast Mover
ORD-10531,2023-02-23,Furniture,Chairs,West,On-Time,118,5,28.62,30.78,0.55,153.9,143.1,69.26,-73.85,-106.63,Winter,2.0,Tier 3: Dead Stock
ORD-10532,2023-07-12,Furniture,Tables,West,On-Time,87,3,149.73,180.09,0.38,540.27,449.19,334.97,-114.22,-34.1,Summer,0.0,Tier 2: Warning
ORD-10533,2023-04-15,Furniture,Desks,North,On-Time,89,1,334.37,445.49,0.55,445.49,334.37,200.47,-133.9,-66.79,Spring,0.0,Tier 2: Warning
ORD-10534,2023-10-22,Furniture,Desks,North,Delayed - Transit,134,4,166.88,199.92,0.53,799.68,667.52,375.85,-291.67,-77.6,Fall,2.0,Tier 3: Dead Stock
ORD-10535,2023-11-24,Electronics,Computers,South,On-Time,23,4,55.2,107.95,0.05,431.8,220.8,410.21,189.41,46.17,Fall,1.0,Tier 1: Fast Mover
ORD-10536,2023-09-10,Furniture,Desks,West,On-Time,81,3,108.49,116.95,0.05,350.85,325.47,333.31,7.84,2.35,Fall,1.0,Tier 1: Fast Mover
ORD-10537,2023-02-17,Electronics,Audio,North,On-Time,30,4,314.47,751.54,0.05,3006.16,1257.88,2855.85,1597.97,55.95,Winter,1.0,Tier 1: Fast Mover
ORD-10538,2023-03-27,Apparel,Pants,South,On-Time,24,1,171.05,301.93,0.0,301.93,171.05,301.93,130.88,43.35,Spring,1.0,Tier 1: Fast Mover
ORD-10539,2023-03-30,Electronics,Accessories,South,On-Time,1,4,32.81,71.8,0.05,287.2,131.24,272.84,141.6,51.9,Spring,1.0,Tier 1: Fast Mover
ORD-10540,2023-12-03,Electronics,Computers,South,On-Time,48,3,269.79,461.21,0.05,1383.63,809.37,1314.45,505.08,38.43,Winter,1.0,Tier 1: Fast Mover
ORD-10541,2023-04-09,Furniture,Chairs,East,Delayed - Transit,160,2,249.05,293.28,0.37,586.56,498.1,369.53,-128.57,-34.79,Spring,0.0,Tier 2: Warning
ORD-10542,2023-04-08,Electronics,Accessories,East,On-Time,35,4,277.19,578.98,0.0,2315.92,1108.76,2315.92,1207.16,52.12,Spring,1.0,Tier 1: Fast Mover
ORD-10543,2023-12-25,Furniture,Desks,North,On-Time,113,4,19.87,26.25,0.54,105.0,79.48,48.3,-31.18,-64.55,Winter,0.0,Tier 2: Warning
ORD-10544,2023-12-15,Furniture,Tables,North,On-Time,89,4,369.32,492.63,0.46,1970.52,1477.28,1064.08,-413.2,-38.83,Winter,0.0,Tier 2: Warning
ORD-10545,2023-12-13,Electronics,Computers,East,Delayed - Transit,116,3,155.68,208.39,0.61,625.17,467.04,243.82,-223.22,-91.55,Winter,2.0,Tier 3: Dead Stock
ORD-10546,2023-03-05,Electronics,Accessories,East,On-Time,29,1,124.6,273.57,0.05,273.57,124.6,259.89,135.29,52.06,Spring,1.0,Tier 1: Fast Mover
ORD-10547,2023-09-03,Furniture,Desks,East,On-Time,142,1,142.55,179.93,0.58,179.93,142.55,75.57,-66.98,-88.63,Fall,2.0,Tier 3: Dead Stock
ORD-10548,2023-12-25,Apparel,Pants,East,On-Time,14,4,195.17,318.24,0.0,1272.96,780.68,1272.96,492.28,38.67,Winter,1.0,Tier 1: Fast Mover
ORD-10549,2023-07-15,Electronics,Accessories,North,On-Time,56,3,177.67,289.11,0.05,867.33,533.01,823.96,290.95,35.31,Summer,1.0,Tier 1: Fast Mover
ORD-10550,2023-09-17,Furniture,Tables,South,Delayed - Transit,115,2,308.88,377.92,0.56,755.84,617.76,332.57,-285.19,-85.75,Fall,2.0,Tier 3: Dead Stock
ORD-10551,2023-08-24,Furniture,Tables,West,Delayed - Customs,115,3,247.13,300.45,0.53,901.35,741.39,423.63,-317.76,-75.01,Summer,0.0,Tier 2: Warning
ORD-10552,2023-11-25,Apparel,Pants,South,On-Time,18,3,253.69,553.85,0.0,1661.55,761.07,1661.55,900.48,54.2,Fall,1.0,Tier 1: Fast Mover
ORD-10553,2023-03-24,Furniture,Chairs,West,On-Time,126,4,332.16,412.24,0.61,1648.96,1328.64,643.09,-685.55,-106.6,Spring,2.0,Tier 3: Dead Stock
ORD-10554,2023-01-30,Apparel,Shirts,South,On-Time,29,5,350.42,598.48,0.0,2992.4,1752.1,2992.4,1240.3,41.45,Winter,1.0,Tier 1: Fast Mover
ORD-10555,2023-05-21,Apparel,Pants,North,On-Time,39,3,312.13,528.83,0.05,1586.49,936.39,1507.17,570.78,37.87,Spring,1.0,Tier 1: Fast Mover
ORD-10556,2023-08-14,Furniture,Desks,East,On-Time,130,1,234.53,314.12,0.35,314.12,234.53,204.18,-30.35,-14.87,Summer,0.0,Tier 2: Warning
ORD-10557,2023-04-28,Electronics,Computers,South,Delayed - Customs,174,5,58.47,75.55,0.4,377.75,292.35,226.65,-65.7,-28.99,Spring,0.0,Tier 2: Warning
ORD-10558,2023-08-09,Electronics,Computers,North,On-Time,8,2,97.17,193.75,0.05,387.5,194.34,368.13,173.79,47.21,Summer,1.0,Tier 1: Fast Mover
ORD-10559,2023-05-26,Electronics,Accessories,East,Delayed - Transit,92,2,267.9,281.75,0.4,563.5,535.8,338.1,-197.7,-58.47,Spring,0.0,Tier 2: Warning
ORD-10560,2023-08-19,Furniture,Desks,West,On-Time,129,2,133.08,172.61,0.35,345.22,266.16,224.39,-41.77,-18.61,Summer,0.0,Tier 2: Warning
ORD-10561,2023-02-10,Apparel,Uncategorized,North,On-Time,9,3,185.94,331.17,0.05,993.51,557.82,943.83,386.01,40.9,Winter,1.0,Tier 1: Fast Mover
ORD-10562,2023-02-25,Furniture,Chairs,North,On-Time,114,4,296.19,329.19,0.64,1316.76,1184.76,474.03,-710.73,-149.93,Winter,2.0,Tier 3: Dead Stock
ORD-10563,2023-10-02,Apparel,Footwear,South,On-Time,4,4,355.63,652.3,0.05,2609.2,1422.52,2478.74,1056.22,42.61,Fall,1.0,Tier 1: Fast Mover
ORD-10564,2023-05-11,Electronics,Accessories,West,On-Time,9,4,153.74,262.75,0.0,1051.0,614.96,1051.0,436.04,41.49,Spring,1.0,Tier 1: Fast Mover
ORD-10565,2023-11-22,Electronics,Accessories,West,On-Time,26,5,294.22,656.6,0.05,3283.0,1471.1,3118.85,1647.75,52.83,Fall,1.0,Tier 1: Fast Mover
ORD-10566,2023-06-06,Furniture,Desks,South,Delayed - Customs,93,4,220.91,272.74,0.52,1090.96,883.64,523.66,-359.98,-68.74,Summer,0.0,Tier 2: Warning
ORD-10567,2023-08-25,Furniture,Tables,East,On-Time,117,5,112.05,135.73,0.5,678.65,560.25,339.33,-220.93,-65.11,Summer,0.0,Tier 2: Warning
ORD-10568,2023-08-06,Furniture,Tables,North,Delayed - Transit,91,5,132.42,158.22,0.53,791.1,662.1,371.82,-290.28,-78.07,Summer,0.0,Tier 2: Warning
ORD-10569,2023-07-25,Electronics,Accessories,East,Delayed - Customs,109,2,208.31,257.94,0.62,515.88,416.62,196.03,-220.59,-112.52,Summer,2.0,Tier 3: Dead Stock
ORD-10570,2023-08-28,Apparel,Pants,North,On-Time,33,5,233.01,454.09,0.05,2270.45,1165.05,2156.93,991.88,45.99,Summer,1.0,Tier 1: Fast Mover
ORD-10571,2023-02-13,Apparel,Shirts,North,On-Time,4,4,222.07,358.03,0.0,1432.12,888.28,1432.12,543.84,37.97,Winter,1.0,Tier 1: Fast Mover
ORD-10572,2023-11-19,Apparel,Footwear,South,Delayed - Customs,125,3,212.36,223.78,0.39,671.34,637.08,409.52,-227.56,-55.57,Fall,0.0,Tier 2: Warning
ORD-10573,2023-03-31,Apparel,Footwear,South,On-Time,38,4,16.74,29.22,0.0,116.88,66.96,116.88,49.92,42.71,Spring,1.0,Tier 1: Fast Mover
ORD-10574,2023-12-15,Furniture,Tables,North,On-Time,76,5,314.94,357.44,0.0,1787.2,1574.7,1787.2,212.5,11.89,Winter,1.0,Tier 1: Fast Mover
ORD-10575,2023-02-28,Furniture,Tables,South,On-Time,122,2,80.24,107.1,0.62,214.2,160.48,81.4,-79.08,-97.16,Winter,2.0,Tier 3: Dead Stock
ORD-10576,2023-11-22,Apparel,Shirts,East,On-Time,40,1,213.86,450.59,0.05,450.59,213.86,428.06,214.2,50.04,Fall,1.0,Tier 1: Fast Mover
ORD-10577,2023-02-28,Apparel,Pants,West,On-Time,29,2,237.78,392.25,0.05,784.5,475.56,745.28,269.72,36.19,Winter,1.0,Tier 1: Fast Mover
ORD-10578,2023-08-12,Apparel,Pants,North,On-Time,40,1,311.09,525.38,0.0,525.38,311.09,525.38,214.29,40.79,Summer,1.0,Tier 1: Fast Mover
ORD-10579,2023-09-24,Apparel,Pants,South,On-Time,23,3,296.99,517.49,0.0,1552.47,890.97,1552.47,661.5,42.61,Fall,1.0,Tier 1: Fast Mover
ORD-10580,2023-05-26,Apparel,Footwear,East,On-Time,24,4,143.37,235.57,0.05,942.28,573.48,895.17,321.69,35.94,Spring,1.0,Tier 1: Fast Mover
ORD-10581,2023-02-26,Electronics,Computers,North,On-Time,3,2,136.85,291.23,0.05,582.46,273.7,553.34,279.64,50.54,Winter,1.0,Tier 1: Fast Mover
ORD-10582,2023-11-09,Apparel,Shirts,West,Delayed - Transit,101,3,350.77,432.18,0.43,1296.54,1052.31,739.03,-313.28,-42.39,Fall,0.0,Tier 2: Warning
ORD-10583,2023-11-27,Furniture,Chairs,North,On-Time,134,5,44.28,53.96,0.35,269.8,221.4,175.37,-46.03,-26.25,Fall,0.0,Tier 2: Warning
ORD-10584,2023-09-19,Electronics,Computers,North,On-Time,29,3,353.93,646.11,0.05,1938.33,1061.79,1841.41,779.62,42.34,Fall,1.0,Tier 1: Fast Mover
ORD-10585,2023-11-28,Apparel,Footwear,North,On-Time,2,5,105.01,219.66,0.05,1098.3,525.05,1043.39,518.34,49.68,Fall,1.0,Tier 1: Fast Mover
ORD-10586,2023-01-25,Apparel,Shirts,East,On-Time,18,4,205.9,487.09,0.05,1948.36,823.6,1850.94,1027.34,55.5,Winter,1.0,Tier 1: Fast Mover
ORD-10587,2023-01-17,Apparel,Pants,South,On-Time,13,4,357.65,620.77,0.05,2483.08,1430.6,2358.93,928.33,39.35,Winter,1.0,Tier 1: Fast Mover
ORD-10588,2023-05-16,Furniture,Tables,East,On-Time,139,1,41.48,47.55,0.64,47.55,41.48,17.12,-24.36,-142.32,Spring,2.0,Tier 3: Dead Stock
ORD-10589,2023-03-26,Furniture,Chairs,East,On-Time,79,4,72.9,78.26,0.0,313.04,291.6,313.04,21.44,6.85,Spring,1.0,Tier 1: Fast Mover
ORD-10590,2023-12-22,Furniture,Desks,South,On-Time,110,4,321.62,394.73,0.4,1578.92,1286.48,947.35,-339.13,-35.8,Winter,0.0,Tier 2: Warning
ORD-10591,2023-05-07,Furniture,Tables,North,On-Time,111,3,380.24,450.27,0.45,1350.81,1140.72,742.95,-397.77,-53.54,Spring,0.0,Tier 2: Warning
ORD-10592,2023-12-17,Electronics,Accessories,North,On-Time,29,2,269.25,473.48,0.0,946.96,538.5,946.96,408.46,43.13,Winter,1.0,Tier 1: Fast Mover
ORD-10593,2023-10-28,Apparel,Shirts,West,On-Time,30,4,332.33,604.57,0.0,2418.28,1329.32,2418.28,1088.96,45.03,Fall,1.0,Tier 1: Fast Mover
ORD-10594,2023-05-02,Furniture,Tables,South,On-Time,126,5,90.92,100.03,0.51,500.15,454.6,245.07,-209.53,-85.5,Spring,2.0,Tier 3: Dead Stock
ORD-10595,2023-03-02,Furniture,Chairs,West,On-Time,92,2,245.04,297.59,0.4,595.18,490.08,357.11,-132.97,-37.24,Spring,0.0,Tier 2: Warning
ORD-10596,2023-05-28,Furniture,Desks,West,Delayed - Customs,129,3,69.72,90.01,0.52,270.03,209.16,129.61,-79.55,-61.37,Spring,0.0,Tier 2: Warning
ORD-10597,2023-11-05,Apparel,Shirts,South,On-Time,45,3,287.97,503.91,0.05,1511.73,863.91,1436.14,572.23,39.85,Fall,1.0,Tier 1: Fast Mover
ORD-10598,2023-07-18,Furniture,Uncategorized,South,On-Time,96,3,320.57,364.72,0.62,1094.16,961.71,415.78,-545.93,-131.3,Summer,2.0,Tier 3: Dead Stock
ORD-10599,2023-04-07,Electronics,Accessories,North,On-Time,31,2,328.46,788.01,0.0,1576.02,656.92,1576.02,919.1,58.32,Spring,1.0,Tier 1: Fast Mover
ORD-10600,2023-07-30,Electronics,Audio,North,On-Time,34,4,228.26,491.52,0.0,1966.08,913.04,1966.08,1053.04,53.56,Summer,1.0,Tier 1: Fast Mover
ORD-10601,2023-03-04,Apparel,Footwear,North,On-Time,32,4,392.08,822.6,0.0,3290.4,1568.32,3290.4,1722.08,52.34,Spring,1.0,Tier 1: Fast Mover
ORD-10602,2023-08-08,Apparel,Pants,East,Delayed - Transit,75,3,371.68,443.98,0.0,1331.94,1115.04,1331.94,216.9,16.28,Summer,1.0,Tier 1: Fast Mover
ORD-10603,2023-08-25,Electronics,Accessories,South,On-Time,31,5,335.43,791.53,0.0,3957.65,1677.15,3957.65,2280.5,57.62,Summer,1.0,Tier 1: Fast Mover
ORD-10604,2023-07-30,Apparel,Footwear,North,Delayed - Transit,85,1,73.31,91.01,0.0,91.01,73.31,91.01,17.7,19.45,Summer,1.0,Tier 1: Fast Mover
ORD-10605,2023-02-11,Furniture,Desks,South,On-Time,111,5,64.33,68.74,0.38,343.7,321.65,213.09,-108.56,-50.94,Winter,0.0,Tier 2: Warning
ORD-10606,2023-01-12,Furniture,Desks,West,On-Time,113,2,234.28,263.65,0.63,527.3,468.56,195.1,-273.46,-140.16,Winter,2.0,Tier 3: Dead Stock
ORD-10607,2023-10-13,Furniture,Desks,North,On-Time,110,3,265.29,315.62,0.65,946.86,795.87,331.4,-464.47,-140.15,Fall,2.0,Tier 3: Dead Stock
ORD-10608,2023-07-27,Furniture,Tables,East,Delayed - Transit,104,1,224.59,246.08,0.38,246.08,224.59,152.57,-72.02,-47.2,Summer,0.0,Tier 2: Warning
ORD-10609,2023-01-03,Apparel,Footwear,East,On-Time,27,3,175.47,412.67,0.05,1238.01,526.41,1176.11,649.7,55.24,Winter,1.0,Tier 1: Fast Mover
ORD-10610,2023-01-13,Apparel,Pants,South,Delayed - Transit,86,4,397.9,451.61,0.35,1806.44,1591.6,1174.19,-417.41,-35.55,Winter,0.0,Tier 2: Warning
ORD-10611,2023-09-01,Electronics,Computers,East,On-Time,13,5,142.25,337.66,0.0,1688.3,711.25,1688.3,977.05,57.87,Fall,1.0,Tier 1: Fast Mover
ORD-10612,2023-01-06,Electronics,Computers,West,On-Time,30,1,42.5,85.09,0.0,85.09,42.5,85.09,42.59,50.05,Winter,1.0,Tier 1: Fast Mover
ORD-10613,2023-04-27,Electronics,Computers,South,On-Time,32,3,304.27,688.41,0.0,2065.23,912.81,2065.23,1152.42,55.8,Spring,1.0,Tier 1: Fast Mover
ORD-10614,2023-03-13,Apparel,Shirts,West,Delayed - Transit,87,2,20.5,26.55,0.42,53.1,41.0,30.8,-10.2,-33.13,Spring,0.0,Tier 2: Warning
ORD-10615,2023-11-14,Apparel,Shirts,South,Delayed - Transit,99,4,36.9,49.37,0.59,197.48,147.6,80.97,-66.63,-82.3,Fall,2.0,Tier 3: Dead Stock
ORD-10616,2023-02-03,Apparel,Footwear,East,On-Time,12,3,129.92,227.12,0.05,681.36,389.76,647.29,257.53,39.79,Winter,1.0,Tier 1: Fast Mover
ORD-10617,2023-02-22,Furniture,Chairs,East,On-Time,85,3,388.38,432.88,0.0,1298.64,1165.14,1298.64,133.5,10.28,Winter,1.0,Tier 1: Fast Mover
ORD-10618,2023-01-23,Apparel,Pants,North,On-Time,48,4,399.11,896.08,0.0,3584.32,1596.44,3584.32,1987.88,55.46,Winter,1.0,Tier 1: Fast Mover
ORD-10619,2023-08-22,Electronics,Audio,East,On-Time,13,3,156.37,273.91,0.05,821.73,469.11,780.64,311.53,39.91,Summer,1.0,Tier 1: Fast Mover
ORD-10620,2023-05-22,Electronics,Accessories,North,On-Time,32,2,215.61,461.74,0.05,923.48,431.22,877.31,446.09,50.85,Spring,1.0,Tier 1: Fast Mover
ORD-10621,2023-04-13,Furniture,Chairs,West,On-Time,100,4,269.14,359.94,0.49,1439.76,1076.56,734.28,-342.28,-46.61,Spring,0.0,Tier 2: Warning
ORD-10622,2023-11-08,Apparel,Pants,South,Delayed - Transit,96,3,345.66,386.16,0.47,1158.48,1036.98,613.99,-422.99,-68.89,Fall,0.0,Tier 2: Warning
ORD-10623,2023-11-08,Electronics,Computers,West,On-Time,21,2,379.36,785.16,0.0,1570.32,758.72,1570.32,811.6,51.68,Fall,1.0,Tier 1: Fast Mover
ORD-10624,2023-09-18,Furniture,Chairs,West,Delayed - Customs,102,1,131.53,143.65,0.62,143.65,131.53,54.59,-76.94,-140.95,Fall,2.0,Tier 3: Dead Stock
ORD-10625,2023-09-17,Electronics,Computers,East,On-Time,18,1,210.58,396.92,0.05,396.92,210.58,377.07,166.49,44.15,Fall,1.0,Tier 1: Fast Mover
ORD-10626,2023-11-09,Apparel,Pants,East,On-Time,12,1,273.41,486.7,0.05,486.7,273.41,462.37,188.96,40.87,Fall,1.0,Tier 1: Fast Mover
ORD-10627,2023-08-17,Electronics,Computers,South,On-Time,39,2,206.75,448.46,0.0,896.92,413.5,896.92,483.42,53.9,Summer,1.0,Tier 1: Fast Mover
ORD-10628,2023-05-26,Furniture,Chairs,West,On-Time,111,4,115.19,138.95,0.52,555.8,460.76,266.78,-193.98,-72.71,Spring,0.0,Tier 2: Warning
ORD-10629,2023-11-07,Furniture,Tables,East,Delayed - Customs,110,5,103.15,137.51,0.41,687.55,515.75,405.65,-110.1,-27.14,Fall,0.0,Tier 2: Warning
ORD-10630,2023-08-08,Furniture,Chairs,East,Delayed - Transit,155,3,72.37,97.36,0.64,292.08,217.11,105.15,-111.96,-106.48,Summer,2.0,Tier 3: Dead Stock
ORD-10631,2023-01-24,Electronics,Audio,East,On-Time,49,1,115.2,249.09,0.05,249.09,115.2,236.64,121.44,51.32,Winter,1.0,Tier 1: Fast Mover
ORD-10632,2023-04-19,Electronics,Accessories,South,Delayed - Customs,122,2,65.3,78.33,0.43,156.66,130.6,89.3,-41.3,-46.25,Spring,0.0,Tier 2: Warning
ORD-10633,2023-04-20,Electronics,Accessories,West,On-Time,35,1,356.82,615.61,0.05,615.61,356.82,584.83,228.01,38.99,Spring,1.0,Tier 1: Fast Mover
ORD-10634,2023-05-18,Furniture,Tables,East,Delayed - Customs,137,3,380.47,488.17,0.41,1464.51,1141.41,864.06,-277.35,-32.1,Spring,0.0,Tier 2: Warning
ORD-10635,2023-06-24,Apparel,Shirts,South,On-Time,18,2,77.45,133.93,0.0,267.86,154.9,267.86,112.96,42.17,Summer,1.0,Tier 1: Fast Mover
ORD-10636,2023-11-23,Apparel,Pants,East,On-Time,24,5,306.69,505.71,0.05,2528.55,1533.45,2402.12,868.67,36.16,Fall,1.0,Tier 1: Fast Mover
ORD-10637,2023-10-09,Electronics,Computers,North,On-Time,20,5,147.94,279.94,0.0,1399.7,739.7,1399.7,660.0,47.15,Fall,1.0,Tier 1: Fast Mover
ORD-10638,2023-03-22,Furniture,Tables,East,Delayed - Transit,118,1,55.73,64.39,0.65,64.39,55.73,22.54,-33.19,-147.29,Spring,2.0,Tier 3: Dead Stock
ORD-10639,2023-05-23,Furniture,Chairs,East,On-Time,151,1,308.02,349.31,0.62,349.31,308.02,132.74,-175.28,-132.05,Spring,2.0,Tier 3: Dead Stock
ORD-10640,2023-01-24,Apparel,Pants,West,On-Time,17,1,119.55,266.88,0.0,266.88,119.55,266.88,147.33,55.2,Winter,1.0,Tier 1: Fast Mover
ORD-10641,2023-09-03,Furniture,Desks,North,On-Time,104,4,212.02,249.25,0.41,997.0,848.08,588.23,-259.85,-44.17,Fall,0.0,Tier 2: Warning
ORD-10642,2023-08-04,Furniture,Tables,East,On-Time,133,5,202.82,271.63,0.43,1358.15,1014.1,774.15,-239.95,-31.0,Summer,0.0,Tier 2: Warning
ORD-10643,2023-05-16,Electronics,Accessories,West,On-Time,45,2,101.55,209.19,0.05,418.38,203.1,397.46,194.36,48.9,Spring,1.0,Tier 1: Fast Mover
ORD-10644,2023-02-17,Apparel,Shirts,West,On-Time,41,3,216.73,384.14,0.0,1152.42,650.19,1152.42,502.23,43.58,Winter,1.0,Tier 1: Fast Mover
ORD-10645,2023-04-14,Furniture,Desks,North,On-Time,143,3,344.68,369.73,0.5,1109.19,1034.04,554.6,-479.45,-86.45,Spring,2.0,Tier 3: Dead Stock
ORD-10646,2023-01-15,Apparel,Shirts,North,On-Time,37,5,298.43,557.46,0.05,2787.3,1492.15,2647.94,1155.79,43.65,Winter,1.0,Tier 1: Fast Mover
ORD-10647,2023-11-04,Electronics,Accessories,West,On-Time,34,4,19.53,44.73,0.0,178.92,78.12,178.92,100.8,56.34,Fall,1.0,Tier 1: Fast Mover
ORD-10648,2023-03-06,Apparel,Shirts,North,On-Time,50,4,372.43,632.7,0.0,2530.8,1489.72,2530.8,1041.08,41.14,Spring,1.0,Tier 1: Fast Mover
ORD-10649,2023-10-11,Electronics,Audio,North,On-Time,19,1,206.59,364.23,0.0,364.23,206.59,364.23,157.64,43.28,Fall,1.0,Tier 1: Fast Mover
ORD-10650,2023-12-14,Electronics,Computers,East,On-Time,34,5,105.4,188.02,0.05,940.1,527.0,893.1,366.1,40.99,Winter,1.0,Tier 1: Fast Mover
ORD-10651,2023-11-23,Apparel,Shirts,North,On-Time,36,5,273.14,481.92,0.0,2409.6,1365.7,2409.6,1043.9,43.32,Fall,1.0,Tier 1: Fast Mover
ORD-10652,2023-07-11,Electronics,Accessories,East,Delayed - Transit,156,4,163.0,198.58,0.4,794.32,652.0,476.59,-175.41,-36.8,Summer,0.0,Tier 2: Warning
ORD-10653,2023-08-04,Electronics,Accessories,East,On-Time,34,2,278.12,551.87,0.05,1103.74,556.24,1048.55,492.31,46.95,Summer,1.0,Tier 1: Fast Mover
ORD-10654,2023-07-17,Apparel,Footwear,South,On-Time,31,4,74.98,171.68,0.05,686.72,299.92,652.38,352.46,54.03,Summer,1.0,Tier 1: Fast Mover
ORD-10655,2023-06-27,Electronics,Accessories,West,Delayed - Customs,105,3,279.03,319.54,0.42,958.62,837.09,556.0,-281.09,-50.56,Summer,0.0,Tier 2: Warning
ORD-10656,2023-12-27,Electronics,Computers,South,On-Time,9,4,111.63,217.87,0.05,871.48,446.52,827.91,381.39,46.07,Winter,1.0,Tier 1: Fast Mover
ORD-10657,2023-12-01,Furniture,Tables,East,On-Time,127,1,196.77,251.14,0.64,251.14,196.77,90.41,-106.36,-117.64,Winter,2.0,Tier 3: Dead Stock
ORD-10658,2023-05-13,Electronics,Uncategorized,North,Delayed - Transit,90,4,283.68,304.89,0.63,1219.56,1134.72,451.24,-683.48,-151.47,Spring,2.0,Tier 3: Dead Stock
ORD-10659,2023-12-07,Apparel,Footwear,North,On-Time,18,1,126.72,221.42,0.05,221.42,126.72,210.35,83.63,39.76,Winter,1.0,Tier 1: Fast Mover
ORD-10660,2023-11-12,Electronics,Accessories,West,On-Time,36,2,25.79,49.78,0.0,99.56,51.58,99.56,47.98,48.19,Fall,1.0,Tier 1: Fast Mover
ORD-10661,2023-05-30,Electronics,Audio,North,On-Time,23,3,84.91,149.87,0.05,449.61,254.73,427.13,172.4,40.36,Spring,1.0,Tier 1: Fast Mover
ORD-10662,2023-04-01,Electronics,Accessories,North,On-Time,50,5,252.32,567.02,0.05,2835.1,1261.6,2693.35,1431.75,53.16,Spring,1.0,Tier 1: Fast Mover
ORD-10663,2023-10-23,Apparel,Pants,East,On-Time,28,5,394.05,759.74,0.0,3798.7,1970.25,3798.7,1828.45,48.13,Fall,1.0,Tier 1: Fast Mover
ORD-10664,2023-11-11,Electronics,Computers,East,On-Time,16,1,157.05,267.01,0.0,267.01,157.05,267.01,109.96,41.18,Fall,1.0,Tier 1: Fast Mover
ORD-10665,2023-01-07,Apparel,Footwear,East,On-Time,52,4,51.47,96.76,0.05,387.04,205.88,367.69,161.81,44.01,Winter,1.0,Tier 1: Fast Mover
ORD-10666,2023-10-27,Apparel,Shirts,South,On-Time,44,5,375.37,678.38,0.0,3391.9,1876.85,3391.9,1515.05,44.67,Fall,1.0,Tier 1: Fast Mover
ORD-10667,2023-08-10,Furniture,Chairs,West,Delayed - Transit,100,2,80.6,108.35,0.64,216.7,161.2,78.01,-83.19,-106.63,Summer,2.0,Tier 3: Dead Stock
ORD-10668,2023-06-08,Apparel,Shirts,South,On-Time,10,5,373.51,722.19,0.0,3610.95,1867.55,3610.95,1743.4,48.28,Summer,1.0,Tier 1: Fast Mover
ORD-10669,2023-08-06,Furniture,Chairs,East,Delayed - Customs,109,5,28.27,29.86,0.36,149.3,141.35,95.55,-45.8,-47.93,Summer,0.0,Tier 2: Warning
ORD-10670,2023-05-23,Apparel,Footwear,South,On-Time,32,5,159.21,329.41,0.0,1647.05,796.05,1647.05,851.0,51.67,Spring,1.0,Tier 1: Fast Mover
ORD-10671,2023-01-31,Apparel,Pants,East,On-Time,21,4,373.4,614.95,0.0,2459.8,1493.6,2459.8,966.2,39.28,Winter,1.0,Tier 1: Fast Mover
ORD-10672,2023-12-08,Electronics,Audio,East,Delayed - Customs,137,2,329.51,438.44,0.48,876.88,659.02,455.98,-203.04,-44.53,Winter,0.0,Tier 2: Warning
ORD-10673,2023-02-28,Electronics,Accessories,West,On-Time,34,2,197.37,424.05,0.0,848.1,394.74,848.1,453.36,53.46,Winter,1.0,Tier 1: Fast Mover
ORD-10674,2023-03-18,Electronics,Computers,East,On-Time,48,2,64.09,117.64,0.0,235.28,128.18,235.28,107.1,45.52,Spring,1.0,Tier 1: Fast Mover
ORD-10675,2023-05-07,Furniture,Tables,West,On-Time,130,4,163.27,183.98,0.54,735.92,653.08,338.52,-314.56,-92.92,Spring,2.0,Tier 3: Dead Stock
ORD-10676,2023-08-10,Electronics,Audio,South,On-Time,48,5,160.57,346.64,0.05,1733.2,802.85,1646.54,843.69,51.24,Summer,1.0,Tier 1: Fast Mover
ORD-10677,2023-01-20,Electronics,Audio,West,On-Time,38,1,83.72,200.12,0.05,200.12,83.72,190.11,106.39,55.96,Winter,1.0,Tier 1: Fast Mover
ORD-10678,2023-02-27,Electronics,Audio,East,Delayed - Transit,100,1,295.16,321.83,0.55,321.83,295.16,144.82,-150.34,-103.81,Winter,2.0,Tier 3: Dead Stock
ORD-10679,2023-11-29,Electronics,Computers,North,On-Time,13,5,251.37,546.31,0.0,2731.55,1256.85,2731.55,1474.7,53.99,Fall,1.0,Tier 1: Fast Mover
ORD-10680,2023-07-14,Electronics,Audio,South,On-Time,26,4,220.61,396.83,0.0,1587.32,882.44,1587.32,704.88,44.41,Summer,1.0,Tier 1: Fast Mover
ORD-10681,2023-12-19,Electronics,Computers,West,Delayed - Transit,179,4,295.78,315.97,0.56,1263.88,1183.12,556.11,-627.01,-112.75,Winter,2.0,Tier 3: Dead Stock
ORD-10682,2023-06-18,Apparel,Pants,South,On-Time,45,1,246.16,396.17,0.05,396.17,246.16,376.36,130.2,34.59,Summer,1.0,Tier 1: Fast Mover
ORD-10683,2023-07-24,Apparel,Pants,South,Delayed - Customs,82,4,327.05,431.28,0.05,1725.12,1308.2,1638.86,330.66,20.18,Summer,1.0,Tier 1: Fast Mover
ORD-10684,2023-04-20,Electronics,Audio,East,On-Time,27,1,20.12,41.93,0.0,41.93,20.12,41.93,21.81,52.02,Spring,1.0,Tier 1: Fast Mover
ORD-10685,2023-02-15,Electronics,Accessories,East,On-Time,18,1,352.32,822.8,0.0,822.8,352.32,822.8,470.48,57.18,Winter,1.0,Tier 1: Fast Mover
ORD-10686,2023-05-27,Furniture,Desks,East,On-Time,127,4,162.64,210.81,0.43,843.24,650.56,480.65,-169.91,-35.35,Spring,0.0,Tier 2: Warning
ORD-10687,2023-01-27,Furniture,Chairs,East,On-Time,108,4,273.5,352.16,0.61,1408.64,1094.0,549.37,-544.63,-99.14,Winter,2.0,Tier 3: Dead Stock
ORD-10688,2023-03-28,Electronics,Audio,West,On-Time,46,1,265.77,471.83,0.0,471.83,265.77,471.83,206.06,43.67,Spring,1.0,Tier 1: Fast Mover
ORD-10689,2023-04-15,Furniture,Tables,North,On-Time,141,4,347.29,404.82,0.52,1619.28,1389.16,777.25,-611.91,-78.73,Spring,2.0,Tier 3: Dead Stock
ORD-10690,2023-12-07,Apparel,Shirts,South,On-Time,20,4,316.92,687.31,0.0,2749.24,1267.68,2749.24,1481.56,53.89,Winter,1.0,Tier 1: Fast Mover
ORD-10691,2023-02-12,Apparel,Pants,West,On-Time,24,5,96.6,159.29,0.05,796.45,483.0,756.63,273.63,36.16,Winter,1.0,Tier 1: Fast Mover
ORD-10692,2023-11-22,Electronics,Computers,North,Delayed - Customs,90,3,294.76,355.33,0.36,1065.99,884.28,682.23,-202.05,-29.62,Fall,0.0,Tier 2: Warning
ORD-10693,2023-12-05,Electronics,Computers,East,Delayed - Transit,118,4,79.94,104.64,0.43,418.56,319.76,238.58,-81.18,-34.03,Winter,0.0,Tier 2: Warning
ORD-10694,2023-08-02,Electronics,Audio,East,Delayed - Transit,185,4,146.08,194.34,0.5,777.36,584.32,388.68,-195.64,-50.33,Summer,0.0,Tier 2: Warning
ORD-10695,2023-01-01,Apparel,Shirts,East,On-Time,39,3,221.33,446.15,0.0,1338.45,663.99,1338.45,674.46,50.39,Winter,1.0,Tier 1: Fast Mover
ORD-10696,2023-06-20,Apparel,Uncategorized,West,On-Time,1,5,383.26,796.4,0.0,3982.0,1916.3,3982.0,2065.7,51.88,Summer,1.0,Tier 1: Fast Mover
ORD-10697,2023-11-12,Electronics,Accessories,South,On-Time,31,4,16.27,29.42,0.05,117.68,65.08,111.8,46.72,41.79,Fall,1.0,Tier 1: Fast Mover
ORD-10698,2023-07-16,Apparel,Pants,West,On-Time,18,1,247.13,448.0,0.0,448.0,247.13,448.0,200.87,44.84,Summer,1.0,Tier 1: Fast Mover
ORD-10699,2023-08-06,Apparel,Footwear,North,On-Time,21,3,138.38,271.84,0.0,815.52,415.14,815.52,400.38,49.1,Summer,1.0,Tier 1: Fast Mover
ORD-10700,2023-08-27,Electronics,Audio,North,On-Time,27,4,60.46,118.05,0.05,472.2,241.84,448.59,206.75,46.09,Summer,1.0,Tier 1: Fast Mover
ORD-10701,2023-08-18,Electronics,Computers,North,Delayed - Transit,111,3,233.35,308.64,0.38,925.92,700.05,574.07,-125.98,-21.94,Summer,0.0,Tier 2: Warning
ORD-10702,2023-09-19,Apparel,Shirts,North,On-Time,28,2,119.06,214.34,0.05,428.68,238.12,407.25,169.13,41.53,Fall,1.0,Tier 1: Fast Mover
ORD-10703,2023-10-22,Electronics,Audio,West,On-Time,38,5,225.09,457.1,0.05,2285.5,1125.45,2171.23,1045.78,48.17,Fall,1.0,Tier 1: Fast Mover
ORD-10704,2023-10-04,Furniture,Chairs,South,Delayed - Customs,87,4,374.41,410.86,0.56,1643.44,1497.64,723.11,-774.53,-107.11,Fall,2.0,Tier 3: Dead Stock
ORD-10705,2023-07-07,Furniture,Desks,West,On-Time,98,1,67.69,84.12,0.49,84.12,67.69,42.9,-24.79,-57.78,Summer,0.0,Tier 2: Warning
ORD-10706,2023-04-07,Furniture,Tables,North,On-Time,122,3,292.98,359.65,0.43,1078.95,878.94,615.0,-263.94,-42.92,Spring,0.0,Tier 2: Warning
ORD-10707,2023-11-04,Apparel,Footwear,South,Delayed - Customs,109,4,104.16,112.59,0.45,450.36,416.64,247.7,-168.94,-68.2,Fall,0.0,Tier 2: Warning
ORD-10708,2023-08-09,Furniture,Chairs,East,On-Time,126,1,166.09,191.86,0.57,191.86,166.09,82.5,-83.59,-101.32,Summer,2.0,Tier 3: Dead Stock
ORD-10709,2023-09-19,Apparel,Pants,West,On-Time,43,4,39.63,78.51,0.05,314.04,158.52,298.34,139.82,46.87,Fall,1.0,Tier 1: Fast Mover
ORD-10710,2023-06-21,Furniture,Chairs,South,On-Time,124,5,203.13,266.34,0.38,1331.7,1015.65,825.65,-190.0,-23.01,Summer,0.0,Tier 2: Warning
ORD-10711,2023-08-31,Electronics,Computers,North,Delayed - Customs,133,3,127.14,165.29,0.6,495.87,381.42,198.35,-183.07,-92.3,Summer,2.0,Tier 3: Dead Stock
ORD-10712,2023-07-10,Apparel,Shirts,West,On-Time,10,4,157.04,271.78,0.0,1087.12,628.16,1087.12,458.96,42.22,Summer,1.0,Tier 1: Fast Mover
ORD-10713,2023-09-04,Furniture,Desks,South,On-Time,109,3,200.66,229.59,0.45,688.77,601.98,378.82,-223.16,-58.91,Fall,0.0,Tier 2: Warning
ORD-10714,2023-11-21,Electronics,Accessories,East,On-Time,32,2,123.63,289.98,0.0,579.96,247.26,579.96,332.7,57.37,Fall,1.0,Tier 1: Fast Mover
ORD-10715,2023-01-29,Furniture,Desks,East,Delayed - Customs,139,4,49.98,55.64,0.54,222.56,199.92,102.38,-97.54,-95.28,Winter,2.0,Tier 3: Dead Stock
ORD-10716,2023-03-28,Apparel,Pants,West,Delayed - Transit,139,4,88.88,119.2,0.44,476.8,355.52,267.01,-88.51,-33.15,Spring,0.0,Tier 2: Warning
ORD-10717,2023-03-03,Apparel,Shirts,East,On-Time,24,5,219.56,460.81,0.05,2304.05,1097.8,2188.85,1091.05,49.85,Spring,1.0,Tier 1: Fast Mover
ORD-10718,2023-04-03,Apparel,Shirts,South,On-Time,9,5,270.34,432.79,0.0,2163.95,1351.7,2163.95,812.25,37.54,Spring,1.0,Tier 1: Fast Mover
ORD-10719,2023-04-11,Electronics,Accessories,East,Delayed - Transit,73,4,223.78,290.2,0.0,1160.8,895.12,1160.8,265.68,22.89,Spring,1.0,Tier 1: Fast Mover
ORD-10720,2023-09-25,Apparel,Footwear,East,Delayed - Customs,126,2,156.62,200.13,0.52,400.26,313.24,192.12,-121.12,-63.04,Fall,0.0,Tier 2: Warning
ORD-10721,2023-05-31,Apparel,Footwear,West,On-Time,40,1,140.12,276.66,0.05,276.66,140.12,262.83,122.71,46.69,Spring,1.0,Tier 1: Fast Mover
ORD-10722,2023-10-27,Furniture,Tables,North,Delayed - Customs,108,2,50.64,57.48,0.63,114.96,101.28,42.54,-58.74,-138.11,Fall,2.0,Tier 3: Dead Stock
ORD-10723,2023-11-15,Electronics,Accessories,North,On-Time,53,3,178.97,325.91,0.0,977.73,536.91,977.73,440.82,45.09,Fall,1.0,Tier 1: Fast Mover
ORD-10724,2023-12-12,Apparel,Pants,East,On-Time,24,4,236.32,564.95,0.05,2259.8,945.28,2146.81,1201.53,55.97,Winter,1.0,Tier 1: Fast Mover
ORD-10725,2023-06-07,Apparel,Footwear,North,Delayed - Transit,123,3,247.06,262.03,0.43,786.09,741.18,448.07,-293.11,-65.42,Summer,0.0,Tier 2: Warning
ORD-10726,2023-10-14,Electronics,Accessories,East,Delayed - Customs,171,4,190.82,225.23,0.52,900.92,763.28,432.44,-330.84,-76.5,Fall,2.0,Tier 3: Dead Stock
ORD-10727,2023-07-21,Furniture,Chairs,South,On-Time,165,3,165.03,175.86,0.46,527.58,495.09,284.89,-210.2,-73.78,Summer,0.0,Tier 2: Warning
ORD-10728,2023-03-02,Furniture,Tables,West,On-Time,89,2,396.74,453.79,0.51,907.58,793.48,444.71,-348.77,-78.42,Spring,0.0,Tier 2: Warning
ORD-10729,2023-12-09,Furniture,Desks,South,Delayed - Customs,93,2,141.89,181.66,0.39,363.32,283.78,221.63,-62.15,-28.05,Winter,0.0,Tier 2: Warning
ORD-10730,2023-09-17,Electronics,Computers,East,On-Time,22,4,182.78,423.24,0.0,1692.96,731.12,1692.96,961.84,56.81,Fall,1.0,Tier 1: Fast Mover
ORD-10731,2023-06-02,Apparel,Footwear,West,On-Time,1,1,372.06,742.79,0.05,742.79,372.06,705.65,333.59,47.27,Summer,1.0,Tier 1: Fast Mover
ORD-10732,2023-02-10,Apparel,Footwear,North,On-Time,21,4,259.91,437.13,0.0,1748.52,1039.64,1748.52,708.88,40.54,Winter,1.0,Tier 1: Fast Mover
ORD-10733,2023-01-09,Apparel,Shirts,West,On-Time,28,1,336.9,669.74,0.0,669.74,336.9,669.74,332.84,49.7,Winter,1.0,Tier 1: Fast Mover
ORD-10734,2023-12-29,Electronics,Audio,South,On-Time,12,4,395.12,847.31,0.05,3389.24,1580.48,3219.78,1639.3,50.91,Winter,1.0,Tier 1: Fast Mover
ORD-10735,2023-07-23,Furniture,Tables,North,On-Time,139,1,51.86,60.13,0.6,60.13,51.86,24.05,-27.81,-115.62,Summer,2.0,Tier 3: Dead Stock
ORD-10736,2023-11-06,Apparel,Shirts,West,On-Time,8,4,340.52,622.59,0.05,2490.36,1362.08,2365.84,1003.76,42.43,Fall,1.0,Tier 1: Fast Mover
ORD-10737,2023-02-10,Apparel,Shirts,South,On-Time,63,2,267.56,622.95,0.05,1245.9,535.12,1183.61,648.49,54.79,Winter,1.0,Tier 1: Fast Mover
ORD-10738,2023-01-08,Electronics,Accessories,West,Delayed - Transit,137,4,134.16,158.56,0.53,634.24,536.64,298.09,-238.55,-80.02,Winter,2.0,Tier 3: Dead Stock
ORD-10739,2023-06-07,Furniture,Tables,West,On-Time,75,2,262.5,282.25,0.0,564.5,525.0,564.5,39.5,7.0,Summer,1.0,Tier 1: Fast Mover
ORD-10740,2023-09-14,Electronics,Computers,East,Delayed - Customs,122,5,192.86,231.13,0.6,1155.65,964.3,462.26,-502.04,-108.61,Fall,2.0,Tier 3: Dead Stock
ORD-10741,2023-03-25,Furniture,Chairs,West,Delayed - Transit,116,3,326.97,367.2,0.44,1101.6,980.91,616.9,-364.01,-59.01,Spring,0.0,Tier 2: Warning
ORD-10742,2023-05-23,Apparel,Pants,East,On-Time,22,5,332.62,685.9,0.05,3429.5,1663.1,3258.03,1594.93,48.95,Spring,1.0,Tier 1: Fast Mover
ORD-10743,2023-04-07,Apparel,Footwear,South,On-Time,21,3,165.01,353.58,0.0,1060.74,495.03,1060.74,565.71,53.33,Spring,1.0,Tier 1: Fast Mover
ORD-10744,2023-02-13,Apparel,Footwear,North,On-Time,53,1,291.12,533.93,0.0,533.93,291.12,533.93,242.81,45.48,Winter,1.0,Tier 1: Fast Mover
ORD-10745,2023-02-23,Apparel,Pants,East,Delayed - Transit,71,1,167.8,183.53,0.0,183.53,167.8,183.53,15.73,8.57,Winter,1.0,Tier 1: Fast Mover
ORD-10746,2023-06-22,Electronics,Computers,North,On-Time,28,5,350.69,763.89,0.05,3819.45,1753.45,3628.48,1875.03,51.68,Summer,1.0,Tier 1: Fast Mover
ORD-10747,2023-07-11,Furniture,Desks,North,Delayed - Transit,124,5,301.05,401.32,0.57,2006.6,1505.25,862.84,-642.41,-74.45,Summer,0.0,Tier 2: Warning
ORD-10748,2023-01-30,Furniture,Desks,East,On-Time,144,3,45.77,53.3,0.43,159.9,137.31,91.14,-46.17,-50.65,Winter,0.0,Tier 2: Warning
ORD-10749,2023-12-06,Apparel,Pants,East,On-Time,41,3,136.06,240.75,0.0,722.25,408.18,722.25,314.07,43.48,Winter,1.0,Tier 1: Fast Mover
ORD-10750,2023-09-14,Electronics,Audio,West,On-Time,44,3,186.43,323.59,0.05,970.77,559.29,922.23,362.94,39.35,Fall,1.0,Tier 1: Fast Mover
ORD-10751,2023-02-21,Furniture,Tables,East,On-Time,72,1,368.17,485.97,0.05,485.97,368.17,461.67,93.5,20.25,Winter,1.0,Tier 1: Fast Mover
ORD-10752,2023-06-18,Furniture,Chairs,North,On-Time,153,3,164.28,187.71,0.56,563.13,492.84,247.78,-245.06,-98.9,Summer,2.0,Tier 3: Dead Stock
ORD-10753,2023-07-22,Furniture,Desks,South,On-Time,94,2,146.93,167.36,0.39,334.72,293.86,204.18,-89.68,-43.92,Summer,0.0,Tier 2: Warning
ORD-10754,2023-04-03,Electronics,Accessories,East,Delayed - Customs,85,4,192.53,208.28,0.05,833.12,770.12,791.46,21.34,2.7,Spring,0.0,Tier 2: Warning
ORD-10755,2023-08-06,Apparel,Footwear,West,On-Time,35,2,355.63,627.55,0.0,1255.1,711.26,1255.1,543.84,43.33,Summer,1.0,Tier 1: Fast Mover
ORD-10756,2023-09-20,Electronics,Computers,East,On-Time,56,1,191.67,381.6,0.05,381.6,191.67,362.52,170.85,47.13,Fall,1.0,Tier 1: Fast Mover
ORD-10757,2023-04-12,Electronics,Audio,North,On-Time,13,1,244.69,554.79,0.05,554.79,244.69,527.05,282.36,53.57,Spring,1.0,Tier 1: Fast Mover
ORD-10758,2023-09-16,Apparel,Footwear,East,On-Time,28,4,170.06,284.41,0.0,1137.64,680.24,1137.64,457.4,40.21,Fall,1.0,Tier 1: Fast Mover
ORD-10759,2023-10-16,Apparel,Shirts,North,Delayed - Customs,102,1,306.3,406.73,0.54,406.73,306.3,187.1,-119.2,-63.71,Fall,0.0,Tier 2: Warning
ORD-10760,2023-03-31,Electronics,Audio,North,On-Time,33,1,397.86,801.14,0.05,801.14,397.86,761.08,363.22,47.72,Spring,1.0,Tier 1: Fast Mover
ORD-10761,2023-10-25,Electronics,Audio,West,On-Time,30,5,192.39,343.26,0.05,1716.3,961.95,1630.49,668.54,41.0,Fall,1.0,Tier 1: Fast Mover
ORD-10762,2023-02-07,Apparel,Shirts,South,Delayed - Customs,136,4,369.48,457.51,0.35,1830.04,1477.92,1189.53,-288.39,-24.24,Winter,0.0,Tier 2: Warning
ORD-10763,2023-07-21,Apparel,Footwear,North,On-Time,42,3,387.88,786.82,0.0,2360.46,1163.64,2360.46,1196.82,50.7,Summer,1.0,Tier 1: Fast Mover
ORD-10764,2023-07-06,Apparel,Pants,South,On-Time,6,3,204.5,379.77,0.05,1139.31,613.5,1082.34,468.84,43.32,Summer,1.0,Tier 1: Fast Mover
ORD-10765,2023-02-27,Apparel,Shirts,South,Delayed - Transit,122,4,267.92,285.15,0.37,1140.6,1071.68,718.58,-353.1,-49.14,Winter,0.0,Tier 2: Warning
ORD-10766,2023-03-17,Electronics,Computers,West,On-Time,40,3,111.84,198.44,0.0,595.32,335.52,595.32,259.8,43.64,Spring,1.0,Tier 1: Fast Mover
ORD-10767,2023-06-14,Electronics,Uncategorized,South,On-Time,7,4,25.38,42.91,0.0,171.64,101.52,171.64,70.12,40.85,Summer,1.0,Tier 1: Fast Mover
ORD-10768,2023-12-09,Furniture,Chairs,North,On-Time,99,2,107.3,113.28,0.53,226.56,214.6,106.48,-108.12,-101.53,Winter,2.0,Tier 3: Dead Stock
ORD-10769,2023-09-30,Apparel,Footwear,East,Delayed - Customs,78,3,40.21,53.73,0.05,161.19,120.63,153.13,32.5,21.22,Fall,1.0,Tier 1: Fast Mover
ORD-10770,2023-07-24,Electronics,Computers,South,On-Time,33,1,337.86,692.87,0.05,692.87,337.86,658.23,320.37,48.67,Summer,1.0,Tier 1: Fast Mover
ORD-10771,2023-11-15,Apparel,Footwear,South,On-Time,38,1,135.61,267.68,0.0,267.68,135.61,267.68,132.07,49.34,Fall,1.0,Tier 1: Fast Mover
ORD-10772,2023-02-01,Furniture,Tables,South,On-Time,124,3,28.63,36.38,0.36,109.14,85.89,69.85,-16.04,-22.96,Winter,0.0,Tier 2: Warning
ORD-10773,2023-02-24,Apparel,Footwear,East,On-Time,43,5,61.63,141.73,0.0,708.65,308.15,708.65,400.5,56.52,Winter,1.0,Tier 1: Fast Mover
ORD-10774,2023-04-20,Apparel,Uncategorized,North,On-Time,19,4,207.99,467.57,0.05,1870.28,831.96,1776.77,944.81,53.18,Spring,1.0,Tier 1: Fast Mover
ORD-10775,2023-11-25,Furniture,Tables,West,On-Time,144,2,387.22,478.21,0.61,956.42,774.44,373.0,-401.44,-107.62,Fall,2.0,Tier 3: Dead Stock
ORD-10776,2023-10-20,Electronics,Audio,South,On-Time,29,3,66.02,152.14,0.0,456.42,198.06,456.42,258.36,56.61,Fall,1.0,Tier 1: Fast Mover
ORD-10777,2023-04-18,Furniture,Desks,East,Delayed - Customs,115,4,291.42,379.36,0.59,1517.44,1165.68,622.15,-543.53,-87.36,Spring,2.0,Tier 3: Dead Stock
ORD-10778,2023-10-01,Electronics,Audio,North,On-Time,14,2,291.42,562.69,0.0,1125.38,582.84,1125.38,542.54,48.21,Fall,1.0,Tier 1: Fast Mover
ORD-10779,2023-12-26,Apparel,Uncategorized,East,On-Time,1,2,144.26,308.18,0.05,616.36,288.52,585.54,297.02,50.73,Winter,1.0,Tier 1: Fast Mover
ORD-10780,2023-01-16,Electronics,Accessories,South,On-Time,49,4,195.57,318.4,0.0,1273.6,782.28,1273.6,491.32,38.58,Winter,1.0,Tier 1: Fast Mover
ORD-10781,2023-12-14,Apparel,Pants,East,On-Time,37,3,285.22,586.58,0.05,1759.74,855.66,1671.75,816.09,48.82,Winter,1.0,Tier 1: Fast Mover
ORD-10782,2023-01-03,Furniture,Chairs,East,On-Time,117,1,30.84,36.84,0.42,36.84,30.84,21.37,-9.47,-44.33,Winter,0.0,Tier 2: Warning
ORD-10783,2023-12-18,Furniture,Chairs,South,On-Time,101,3,121.34,155.75,0.36,467.25,364.02,299.04,-64.98,-21.73,Winter,0.0,Tier 2: Warning
ORD-10784,2023-04-04,Electronics,Audio,North,On-Time,30,4,27.94,60.89,0.05,243.56,111.76,231.38,119.62,51.7,Spring,1.0,Tier 1: Fast Mover
ORD-10785,2023-03-29,Furniture,Chairs,East,On-Time,118,2,38.33,45.75,0.55,91.5,76.66,41.18,-35.49,-86.18,Spring,2.0,Tier 3: Dead Stock
ORD-10786,2023-06-07,Apparel,Footwear,North,On-Time,20,4,371.87,712.59,0.0,2850.36,1487.48,2850.36,1362.88,47.81,Summer,1.0,Tier 1: Fast Mover
ORD-10787,2023-11-13,Electronics,Computers,East,On-Time,17,5,121.51,225.51,0.0,1127.55,607.55,1127.55,520.0,46.12,Fall,1.0,Tier 1: Fast Mover
ORD-10788,2023-08-24,Apparel,Shirts,East,On-Time,34,2,332.42,637.09,0.0,1274.18,664.84,1274.18,609.34,47.82,Summer,1.0,Tier 1: Fast Mover
ORD-10789,2023-08-28,Apparel,Shirts,North,On-Time,20,1,25.31,47.73,0.0,47.73,25.31,47.73,22.42,46.97,Summer,1.0,Tier 1: Fast Mover
ORD-10790,2023-12-09,Electronics,Computers,West,On-Time,49,4,182.12,360.11,0.05,1440.44,728.48,1368.42,639.94,46.76,Winter,1.0,Tier 1: Fast Mover
ORD-10791,2023-08-01,Furniture,Desks,South,On-Time,98,5,239.17,307.27,0.55,1536.35,1195.85,691.36,-504.49,-72.97,Summer,0.0,Tier 2: Warning
ORD-10792,2023-12-18,Electronics,Computers,South,On-Time,28,4,172.34,327.38,0.0,1309.52,689.36,1309.52,620.16,47.36,Winter,1.0,Tier 1: Fast Mover
ORD-10793,2023-10-26,Electronics,Computers,North,On-Time,29,4,270.83,575.79,0.0,2303.16,1083.32,2303.16,1219.84,52.96,Fall,1.0,Tier 1: Fast Mover
ORD-10794,2023-10-26,Apparel,Shirts,South,On-Time,27,4,270.81,489.45,0.0,1957.8,1083.24,1957.8,874.56,44.67,Fall,1.0,Tier 1: Fast Mover
ORD-10795,2023-09-08,Electronics,Audio,South,On-Time,37,4,342.1,700.11,0.0,2800.44,1368.4,2800.44,1432.04,51.14,Fall,1.0,Tier 1: Fast Mover
ORD-10796,2023-07-14,Electronics,Accessories,South,On-Time,11,1,42.19,67.88,0.05,67.88,42.19,64.49,22.3,34.57,Summer,1.0,Tier 1: Fast Mover
ORD-10797,2023-03-25,Furniture,Chairs,South,On-Time,100,4,46.06,51.04,0.6,204.16,184.24,81.66,-102.58,-125.61,Spring,2.0,Tier 3: Dead Stock
ORD-10798,2023-12-21,Apparel,Footwear,South,On-Time,23,2,372.27,675.66,0.0,1351.32,744.54,1351.32,606.78,44.9,Winter,1.0,Tier 1: Fast Mover
ORD-10799,2023-01-29,Apparel,Shirts,North,Delayed - Transit,112,1,250.63,264.23,0.46,264.23,250.63,142.68,-107.95,-75.65,Winter,0.0,Tier 2: Warning
ORD-10800,2023-09-29,Apparel,Shirts,South,On-Time,26,3,350.44,727.6,0.0,2182.8,1051.32,2182.8,1131.48,51.84,Fall,1.0,Tier 1: Fast Mover
ORD-10801,2023-03-19,Furniture,Chairs,North,On-Time,126,4,392.82,510.63,0.56,2042.52,1571.28,898.71,-672.57,-74.84,Spring,0.0,Tier 2: Warning
ORD-10802,2023-03-31,Electronics,Computers,West,On-Time,23,1,361.37,800.62,0.0,800.62,361.37,800.62,439.25,54.86,Spring,1.0,Tier 1: Fast Mover
ORD-10803,2023-01-05,Furniture,Desks,West,On-Time,146,5,385.61,434.39,0.41,2171.95,1928.05,1281.45,-646.6,-50.46,Winter,0.0,Tier 2: Warning
ORD-10804,2023-06-09,Electronics,Accessories,South,On-Time,43,2,266.51,434.92,0.0,869.84,533.02,869.84,336.82,38.72,Summer,1.0,Tier 1: Fast Mover
ORD-10805,2023-01-20,Electronics,Audio,East,On-Time,27,1,360.81,635.57,0.0,635.57,360.81,635.57,274.76,43.23,Winter,1.0,Tier 1: Fast Mover
ORD-10806,2023-03-13,Apparel,Footwear,South,On-Time,12,2,197.8,324.42,0.05,648.84,395.6,616.4,220.8,35.82,Spring,1.0,Tier 1: Fast Mover
ORD-10807,2023-08-22,Furniture,Tables,South,On-Time,118,2,332.98,398.82,0.46,797.64,665.96,430.73,-235.23,-54.61,Summer,0.0,Tier 2: Warning
ORD-10808,2023-05-29,Furniture,Tables,West,On-Time,131,4,82.92,96.75,0.51,387.0,331.68,189.63,-142.05,-74.91,Spring,0.0,Tier 2: Warning
ORD-10809,2023-03-26,Electronics,Accessories,South,On-Time,22,4,22.89,45.58,0.0,182.32,91.56,182.32,90.76,49.78,Spring,1.0,Tier 1: Fast Mover
ORD-10810,2023-06-11,Electronics,Audio,West,Delayed - Customs,154,4,251.0,264.85,0.5,1059.4,1004.0,529.7,-474.3,-89.54,Summer,2.0,Tier 3: Dead Stock
ORD-10811,2023-09-08,Electronics,Audio,East,Delayed - Transit,144,1,298.7,362.4,0.48,362.4,298.7,188.45,-110.25,-58.51,Fall,0.0,Tier 2: Warning
ORD-10812,2023-02-12,Electronics,Accessories,West,On-Time,48,4,250.55,459.16,0.05,1836.64,1002.2,1744.81,742.61,42.56,Winter,1.0,Tier 1: Fast Mover
ORD-10813,2023-10-20,Apparel,Shirts,South,On-Time,19,1,80.88,141.65,0.05,141.65,80.88,134.57,53.69,39.9,Fall,1.0,Tier 1: Fast Mover
ORD-10814,2023-06-09,Furniture,Tables,West,On-Time,122,1,92.61,112.5,0.43,112.5,92.61,64.13,-28.49,-44.42,Summer,0.0,Tier 2: Warning
ORD-10815,2023-02-21,Electronics,Audio,East,Delayed - Customs,126,5,180.27,238.69,0.37,1193.45,901.35,751.87,-149.48,-19.88,Winter,0.0,Tier 2: Warning
ORD-10816,2023-10-29,Furniture,Chairs,North,On-Time,87,1,252.63,300.55,0.42,300.55,252.63,174.32,-78.31,-44.92,Fall,0.0,Tier 2: Warning
ORD-10817,2023-03-27,Apparel,Footwear,West,On-Time,34,3,318.45,626.18,0.05,1878.54,955.35,1784.61,829.26,46.47,Spring,1.0,Tier 1: Fast Mover
ORD-10818,2023-07-04,Furniture,Uncategorized,East,On-Time,119,3,152.12,186.38,0.45,559.14,456.36,307.53,-148.83,-48.4,Summer,0.0,Tier 2: Warning
ORD-10819,2023-06-06,Electronics,Computers,North,On-Time,22,3,190.52,456.21,0.05,1368.63,571.56,1300.2,728.64,56.04,Summer,1.0,Tier 1: Fast Mover
ORD-10820,2023-06-06,Furniture,Tables,South,On-Time,104,5,58.4,72.27,0.65,361.35,292.0,126.47,-165.53,-130.88,Summer,2.0,Tier 3: Dead Stock
ORD-10821,2023-09-04,Apparel,Pants,South,On-Time,24,5,265.16,624.74,0.05,3123.7,1325.8,2967.52,1641.72,55.32,Fall,1.0,Tier 1: Fast Mover
ORD-10822,2023-02-17,Electronics,Computers,South,On-Time,23,1,232.45,509.85,0.05,509.85,232.45,484.36,251.91,52.01,Winter,1.0,Tier 1: Fast Mover
ORD-10823,2023-12-26,Apparel,Footwear,West,On-Time,37,4,256.5,513.98,0.05,2055.92,1026.0,1953.12,927.12,47.47,Winter,1.0,Tier 1: Fast Mover
ORD-10824,2023-05-24,Furniture,Desks,East,Delayed - Transit,87,3,151.33,175.91,0.63,527.73,453.99,195.26,-258.73,-132.51,Spring,2.0,Tier 3: Dead Stock
ORD-10825,2023-07-04,Furniture,Desks,South,On-Time,129,2,131.97,177.19,0.41,354.38,263.94,209.08,-54.86,-26.24,Summer,0.0,Tier 2: Warning
ORD-10826,2023-09-24,Apparel,Pants,South,On-Time,15,4,227.4,467.13,0.0,1868.52,909.6,1868.52,958.92,51.32,Fall,1.0,Tier 1: Fast Mover
ORD-10827,2023-02-15,Electronics,Accessories,West,On-Time,12,2,229.98,415.35,0.0,830.7,459.96,830.7,370.74,44.63,Winter,1.0,Tier 1: Fast Mover
ORD-10828,2023-04-09,Electronics,Accessories,South,On-Time,29,5,260.93,535.73,0.0,2678.65,1304.65,2678.65,1374.0,51.29,Spring,1.0,Tier 1: Fast Mover
ORD-10829,2023-03-16,Apparel,Pants,South,Delayed - Transit,102,2,388.13,480.27,0.47,960.54,776.26,509.09,-267.17,-52.48,Spring,0.0,Tier 2: Warning
ORD-10830,2023-11-19,Apparel,Pants,East,On-Time,40,1,254.07,443.25,0.05,443.25,254.07,421.09,167.02,39.66,Fall,1.0,Tier 1: Fast Mover
ORD-10831,2023-10-05,Apparel,Pants,East,On-Time,36,4,305.52,641.84,0.05,2567.36,1222.08,2438.99,1216.91,49.89,Fall,1.0,Tier 1: Fast Mover
ORD-10832,2023-02-09,Apparel,Shirts,West,On-Time,19,4,35.8,59.09,0.0,236.36,143.2,236.36,93.16,39.41,Winter,1.0,Tier 1: Fast Mover
ORD-10833,2023-05-26,Furniture,Chairs,North,On-Time,109,5,241.24,302.66,0.62,1513.3,1206.2,575.05,-631.15,-109.75,Spring,2.0,Tier 3: Dead Stock
ORD-10834,2023-04-23,Electronics,Audio,West,On-Time,41,5,329.27,548.55,0.05,2742.75,1646.35,2605.61,959.26,36.82,Spring,1.0,Tier 1: Fast Mover
ORD-10835,2023-02-05,Electronics,Audio,North,Delayed - Customs,125,3,44.97,47.42,0.53,142.26,134.91,66.86,-68.05,-101.77,Winter,2.0,Tier 3: Dead Stock
ORD-10836,2023-10-05,Electronics,Computers,South,Delayed - Transit,132,3,351.96,420.02,0.64,1260.06,1055.88,453.62,-602.26,-132.77,Fall,2.0,Tier 3: Dead Stock
ORD-10837,2023-12-06,Furniture,Tables,West,On-Time,110,5,91.92,121.28,0.37,606.4,459.6,382.03,-77.57,-20.3,Winter,0.0,Tier 2: Warning
ORD-10838,2023-06-03,Apparel,Footwear,South,On-Time,30,2,86.4,159.73,0.0,319.46,172.8,319.46,146.66,45.91,Summer,1.0,Tier 1: Fast Mover
ORD-10839,2023-04-18,Electronics,Computers,South,Delayed - Transit,116,1,117.22,143.5,0.38,143.5,117.22,88.97,-28.25,-31.75,Spring,0.0,Tier 2: Warning
ORD-10840,2023-05-20,Apparel,Shirts,South,On-Time,42,5,382.45,614.96,0.05,3074.8,1912.25,2921.06,1008.81,34.54,Spring,1.0,Tier 1: Fast Mover
ORD-10841,2023-07-24,Electronics,Computers,South,On-Time,50,2,137.56,329.55,0.0,659.1,275.12,659.1,383.98,58.26,Summer,1.0,Tier 1: Fast Mover
ORD-10842,2023-12-29,Electronics,Accessories,West,On-Time,56,5,196.58,445.07,0.0,2225.35,982.9,2225.35,1242.45,55.83,Winter,1.0,Tier 1: Fast Mover
ORD-10843,2023-12-29,Electronics,Audio,East,Delayed - Customs,123,3,167.63,213.38,0.41,640.14,502.89,377.68,-125.21,-33.15,Winter,0.0,Tier 2: Warning
ORD-10844,2023-07-04,Apparel,Pants,West,On-Time,33,3,382.26,692.03,0.05,2076.09,1146.78,1972.29,825.51,41.86,Summer,1.0,Tier 1: Fast Mover
ORD-10845,2023-10-02,Electronics,Audio,South,On-Time,56,1,320.01,564.63,0.05,564.63,320.01,536.4,216.39,40.34,Fall,1.0,Tier 1: Fast Mover
ORD-10846,2023-09-30,Furniture,Tables,North,On-Time,141,3,66.21,72.98,0.63,218.94,198.63,81.01,-117.62,-145.2,Fall,2.0,Tier 3: Dead Stock
ORD-10847,2023-12-31,Electronics,Accessories,West,Delayed - Transit,119,1,191.16,218.52,0.59,218.52,191.16,89.59,-101.57,-113.36,Winter,2.0,Tier 3: Dead Stock
ORD-10848,2023-05-27,Apparel,Shirts,North,Delayed - Customs,114,1,259.73,334.59,0.6,334.59,259.73,133.84,-125.89,-94.07,Spring,2.0,Tier 3: Dead Stock
ORD-10849,2023-08-11,Furniture,Tables,East,On-Time,150,5,156.8,179.77,0.5,898.85,784.0,449.43,-334.58,-74.45,Summer,0.0,Tier 2: Warning
ORD-10850,2023-09-13,Apparel,Pants,West,On-Time,46,5,80.2,151.73,0.05,758.65,401.0,720.72,319.72,44.36,Fall,1.0,Tier 1: Fast Mover
ORD-10851,2023-11-16,Apparel,Footwear,East,On-Time,4,2,350.15,634.3,0.05,1268.6,700.3,1205.17,504.87,41.89,Fall,1.0,Tier 1: Fast Mover
ORD-10852,2023-11-07,Electronics,Computers,East,On-Time,41,5,145.32,321.98,0.05,1609.9,726.6,1529.41,802.81,52.49,Fall,1.0,Tier 1: Fast Mover
ORD-10853,2023-04-18,Furniture,Chairs,North,On-Time,60,1,217.47,252.19,0.05,252.19,217.47,239.58,22.11,9.23,Spring,1.0,Tier 1: Fast Mover
ORD-10854,2023-11-12,Apparel,Pants,West,On-Time,17,1,274.3,521.06,0.0,521.06,274.3,521.06,246.76,47.36,Fall,1.0,Tier 1: Fast Mover
ORD-10855,2023-07-22,Apparel,Footwear,West,On-Time,37,4,41.97,87.93,0.0,351.72,167.88,351.72,183.84,52.27,Summer,1.0,Tier 1: Fast Mover
ORD-10856,2023-05-09,Furniture,Desks,East,On-Time,135,2,135.37,143.48,0.53,286.96,270.74,134.87,-135.87,-100.74,Spring,2.0,Tier 3: Dead Stock
ORD-10857,2023-07-31,Electronics,Audio,North,On-Time,18,2,385.01,633.44,0.0,1266.88,770.02,1266.88,496.86,39.22,Summer,1.0,Tier 1: Fast Mover
ORD-10858,2023-09-20,Electronics,Accessories,South,On-Time,26,2,352.24,775.91,0.0,1551.82,704.48,1551.82,847.34,54.6,Fall,1.0,Tier 1: Fast Mover
ORD-10859,2023-10-01,Apparel,Shirts,West,On-Time,23,5,169.49,395.93,0.05,1979.65,847.45,1880.67,1033.22,54.94,Fall,1.0,Tier 1: Fast Mover
ORD-10860,2023-01-25,Electronics,Computers,East,Delayed - Transit,95,5,349.02,457.8,0.44,2289.0,1745.1,1281.84,-463.26,-36.14,Winter,0.0,Tier 2: Warning
ORD-10861,2023-03-09,Apparel,Footwear,East,On-Time,28,5,176.34,315.3,0.0,1576.5,881.7,1576.5,694.8,44.07,Spring,1.0,Tier 1: Fast Mover
ORD-10862,2023-08-28,Apparel,Shirts,West,Delayed - Transit,114,3,29.02,31.43,0.43,94.29,87.06,53.75,-33.31,-61.99,Summer,0.0,Tier 2: Warning
ORD-10863,2023-06-16,Furniture,Chairs,South,On-Time,103,5,358.36,415.59,0.55,2077.95,1791.8,935.08,-856.72,-91.62,Summer,2.0,Tier 3: Dead Stock
ORD-10864,2023-10-07,Electronics,Accessories,West,On-Time,8,5,365.94,616.95,0.05,3084.75,1829.7,2930.51,1100.81,37.56,Fall,1.0,Tier 1: Fast Mover
ORD-10865,2023-08-27,Electronics,Accessories,West,On-Time,39,1,125.1,295.04,0.05,295.04,125.1,280.29,155.19,55.37,Summer,1.0,Tier 1: Fast Mover
ORD-10866,2023-09-03,Electronics,Computers,East,Delayed - Customs,111,1,190.88,257.26,0.45,257.26,190.88,141.49,-49.39,-34.9,Fall,0.0,Tier 2: Warning
ORD-10867,2023-03-05,Apparel,Pants,North,On-Time,22,5,238.15,501.14,0.05,2505.7,1190.75,2380.42,1189.67,49.98,Spring,1.0,Tier 1: Fast Mover
ORD-10868,2023-04-26,Furniture,Tables,East,On-Time,114,2,246.2,299.39,0.58,598.78,492.4,251.49,-240.91,-95.79,Spring,2.0,Tier 3: Dead Stock
ORD-10869,2023-09-29,Electronics,Computers,South,On-Time,39,5,357.06,832.25,0.0,4161.25,1785.3,4161.25,2375.95,57.1,Fall,1.0,Tier 1: Fast Mover
ORD-10870,2023-05-05,Electronics,Computers,South,Delayed - Transit,119,5,240.2,314.68,0.4,1573.4,1201.0,944.04,-256.96,-27.22,Spring,0.0,Tier 2: Warning
ORD-10871,2023-12-24,Apparel,Footwear,South,Delayed - Transit,99,4,111.06,123.78,0.43,495.12,444.24,282.22,-162.02,-57.41,Winter,0.0,Tier 2: Warning
ORD-10872,2023-08-13,Apparel,Pants,East,Delayed - Transit,64,1,161.58,213.03,0.05,213.03,161.58,202.38,40.8,20.16,Summer,1.0,Tier 1: Fast Mover
ORD-10873,2023-11-08,Apparel,Footwear,East,On-Time,35,2,291.94,523.44,0.05,1046.88,583.88,994.54,410.66,41.29,Fall,1.0,Tier 1: Fast Mover
ORD-10874,2023-03-04,Apparel,Pants,West,On-Time,31,1,225.35,515.72,0.0,515.72,225.35,515.72,290.37,56.3,Spring,1.0,Tier 1: Fast Mover
ORD-10875,2023-01-10,Apparel,Pants,South,On-Time,33,4,257.84,499.94,0.05,1999.76,1031.36,1899.77,868.41,45.71,Winter,1.0,Tier 1: Fast Mover
ORD-10876,2023-05-11,Apparel,Footwear,South,On-Time,45,4,336.5,582.27,0.05,2329.08,1346.0,2212.63,866.63,39.17,Spring,1.0,Tier 1: Fast Mover
ORD-10877,2023-11-27,Furniture,Chairs,North,On-Time,95,2,77.02,100.7,0.59,201.4,154.04,82.57,-71.47,-86.55,Fall,2.0,Tier 3: Dead Stock
ORD-10878,2023-04-18,Apparel,Footwear,West,On-Time,29,3,347.08,766.75,0.0,2300.25,1041.24,2300.25,1259.01,54.73,Spring,1.0,Tier 1: Fast Mover
ORD-10879,2023-02-21,Furniture,Chairs,North,On-Time,83,3,175.5,189.45,0.05,568.35,526.5,539.93,13.43,2.49,Winter,0.0,Tier 2: Warning
ORD-10880,2023-04-18,Electronics,Accessories,South,On-Time,46,4,151.82,335.79,0.05,1343.16,607.28,1276.0,668.72,52.41,Spring,1.0,Tier 1: Fast Mover
ORD-10881,2023-08-31,Apparel,Uncategorized,West,Delayed - Transit,140,2,277.62,367.93,0.37,735.86,555.24,463.59,-91.65,-19.77,Summer,0.0,Tier 2: Warning
ORD-10882,2023-01-19,Electronics,Computers,West,Delayed - Customs,80,5,246.94,301.62,0.05,1508.1,1234.7,1432.7,198.0,13.82,Winter,1.0,Tier 1: Fast Mover
ORD-10883,2023-03-05,Electronics,Accessories,North,On-Time,39,1,76.77,129.2,0.05,129.2,76.77,122.74,45.97,37.45,Spring,1.0,Tier 1: Fast Mover
ORD-10884,2023-01-09,Electronics,Computers,West,Delayed - Customs,138,2,141.16,164.94,0.62,329.88,282.32,125.35,-156.97,-125.22,Winter,2.0,Tier 3: Dead Stock
ORD-10885,2023-07-26,Furniture,Tables,South,Delayed - Transit,106,4,144.53,169.23,0.49,676.92,578.12,345.23,-232.89,-67.46,Summer,0.0,Tier 2: Warning
ORD-10886,2023-02-26,Apparel,Pants,North,Delayed - Transit,94,4,122.81,153.94,0.43,615.76,491.24,350.98,-140.26,-39.96,Winter,0.0,Tier 2: Warning
ORD-10887,2023-12-29,Furniture,Tables,South,On-Time,82,3,123.89,138.54,0.0,415.62,371.67,415.62,43.95,10.57,Winter,1.0,Tier 1: Fast Mover
ORD-10888,2023-07-29,Electronics,Accessories,South,On-Time,27,3,312.43,549.5,0.05,1648.5,937.29,1566.08,628.79,40.15,Summer,1.0,Tier 1: Fast Mover
ORD-10889,2023-07-14,Furniture,Desks,West,Delayed - Transit,134,5,354.06,381.7,0.63,1908.5,1770.3,706.15,-1064.16,-150.7,Summer,2.0,Tier 3: Dead Stock
ORD-10890,2023-12-15,Apparel,Pants,South,On-Time,29,4,52.21,88.5,0.0,354.0,208.84,354.0,145.16,41.01,Winter,1.0,Tier 1: Fast Mover
ORD-10891,2023-12-24,Apparel,Footwear,East,On-Time,33,2,30.29,60.9,0.0,121.8,60.58,121.8,61.22,50.26,Winter,1.0,Tier 1: Fast Mover
ORD-10892,2023-04-17,Furniture,Desks,East,Delayed - Transit,123,5,76.36,100.72,0.55,503.6,381.8,226.62,-155.18,-68.48,Spring,0.0,Tier 2: Warning
ORD-10893,2023-02-04,Electronics,Audio,South,On-Time,31,2,56.58,115.67,0.05,231.34,113.16,219.77,106.61,48.51,Winter,1.0,Tier 1: Fast Mover
ORD-10894,2023-02-24,Furniture,Chairs,North,Delayed - Customs,100,5,273.48,287.95,0.39,1439.75,1367.4,878.25,-489.15,-55.7,Winter,0.0,Tier 2: Warning
ORD-10895,2023-05-09,Furniture,Desks,North,Delayed - Customs,151,4,170.32,215.89,0.54,863.56,681.28,397.24,-284.04,-71.5,Spring,0.0,Tier 2: Warning
ORD-10896,2023-07-20,Apparel,Pants,West,On-Time,42,4,275.32,659.9,0.0,2639.6,1101.28,2639.6,1538.32,58.28,Summer,1.0,Tier 1: Fast Mover
ORD-10897,2023-07-31,Electronics,Accessories,North,On-Time,20,1,366.51,615.53,0.0,615.53,366.51,615.53,249.02,40.46,Summer,1.0,Tier 1: Fast Mover
ORD-10898,2023-07-02,Apparel,Shirts,North,Delayed - Transit,97,4,277.65,322.27,0.42,1289.08,1110.6,747.67,-362.93,-48.54,Summer,0.0,Tier 2: Warning
ORD-10899,2023-04-23,Furniture,Tables,South,On-Time,133,3,259.93,317.5,0.42,952.5,779.79,552.45,-227.34,-41.15,Spring,0.0,Tier 2: Warning
ORD-10900,2023-06-19,Furniture,Desks,West,On-Time,107,3,294.16,381.2,0.4,1143.6,882.48,686.16,-196.32,-28.61,Summer,0.0,Tier 2: Warning
ORD-10901,2023-01-03,Electronics,Audio,East,On-Time,54,2,53.06,126.81,0.05,253.62,106.12,240.94,134.82,55.96,Winter,1.0,Tier 1: Fast Mover
ORD-10902,2023-03-24,Apparel,Pants,North,On-Time,19,5,169.7,346.03,0.05,1730.15,848.5,1643.64,795.14,48.38,Spring,1.0,Tier 1: Fast Mover
ORD-10903,2023-10-29,Furniture,Tables,South,Delayed - Customs,103,2,296.31,388.24,0.41,776.48,592.62,458.12,-134.5,-29.36,Fall,0.0,Tier 2: Warning
ORD-10904,2023-11-14,Furniture,Tables,West,On-Time,138,3,247.88,319.12,0.61,957.36,743.64,373.37,-370.27,-99.17,Fall,2.0,Tier 3: Dead Stock
ORD-10905,2023-04-06,Electronics,Accessories,North,Delayed - Transit,123,5,322.02,409.01,0.54,2045.05,1610.1,940.72,-669.38,-71.16,Spring,0.0,Tier 2: Warning
ORD-10906,2023-05-22,Furniture,Uncategorized,North,On-Time,107,5,338.02,398.23,0.39,1991.15,1690.1,1214.6,-475.5,-39.15,Spring,0.0,Tier 2: Warning
ORD-10907,2023-01-28,Apparel,Shirts,West,Delayed - Transit,165,3,292.67,308.83,0.58,926.49,878.01,389.13,-488.88,-125.64,Winter,2.0,Tier 3: Dead Stock
ORD-10908,2023-03-01,Apparel,Footwear,East,On-Time,24,4,281.23,556.92,0.0,2227.68,1124.92,2227.68,1102.76,49.5,Spring,1.0,Tier 1: Fast Mover
ORD-10909,2023-09-09,Apparel,Shirts,West,Delayed - Customs,112,4,93.24,108.88,0.48,435.52,372.96,226.47,-146.49,-64.68,Fall,0.0,Tier 2: Warning
ORD-10910,2023-03-05,Furniture,Chairs,West,On-Time,116,1,46.2,52.42,0.43,52.42,46.2,29.88,-16.32,-54.62,Spring,0.0,Tier 2: Warning
ORD-10911,2023-07-18,Furniture,Desks,South,On-Time,115,1,398.19,495.87,0.6,495.87,398.19,198.35,-199.84,-100.75,Summer,2.0,Tier 3: Dead Stock
ORD-10912,2023-12-08,Furniture,Tables,West,On-Time,108,4,251.16,328.94,0.56,1315.76,1004.64,578.93,-425.71,-73.53,Winter,0.0,Tier 2: Warning
ORD-10913,2023-02-10,Electronics,Audio,South,Delayed - Transit,121,3,123.98,133.17,0.47,399.51,371.94,211.74,-160.2,-75.66,Winter,0.0,Tier 2: Warning
ORD-10914,2023-12-29,Apparel,Pants,East,On-Time,50,4,105.68,230.82,0.0,923.28,422.72,923.28,500.56,54.22,Winter,1.0,Tier 1: Fast Mover
ORD-10915,2023-08-06,Furniture,Desks,East,Delayed - Customs,105,1,221.27,259.09,0.38,259.09,221.27,160.64,-60.63,-37.75,Summer,0.0,Tier 2: Warning
ORD-10916,2023-07-21,Furniture,Tables,South,On-Time,153,5,358.31,377.62,0.63,1888.1,1791.55,698.6,-1092.95,-156.45,Summer,2.0,Tier 3: Dead Stock
ORD-10917,2023-06-22,Apparel,Pants,East,On-Time,28,1,214.18,442.51,0.0,442.51,214.18,442.51,228.33,51.6,Summer,1.0,Tier 1: Fast Mover
ORD-10918,2023-04-21,Electronics,Audio,West,On-Time,11,4,368.54,879.98,0.05,3519.92,1474.16,3343.92,1869.76,55.92,Spring,1.0,Tier 1: Fast Mover
ORD-10919,2023-06-22,Apparel,Shirts,North,On-Time,39,3,233.6,439.23,0.0,1317.69,700.8,1317.69,616.89,46.82,Summer,1.0,Tier 1: Fast Mover
ORD-10920,2023-02-15,Apparel,Pants,West,On-Time,14,1,23.46,54.6,0.0,54.6,23.46,54.6,31.14,57.03,Winter,1.0,Tier 1: Fast Mover
ORD-10921,2023-12-06,Electronics,Computers,North,On-Time,53,1,354.12,781.12,0.0,781.12,354.12,781.12,427.0,54.67,Winter,1.0,Tier 1: Fast Mover
ORD-10922,2023-03-20,Apparel,Pants,West,On-Time,54,1,166.74,352.15,0.05,352.15,166.74,334.54,167.8,50.16,Spring,1.0,Tier 1: Fast Mover
ORD-10923,2023-09-12,Apparel,Footwear,South,Delayed - Transit,117,3,295.97,325.09,0.49,975.27,887.91,497.39,-390.52,-78.51,Fall,2.0,Tier 3: Dead Stock
ORD-10924,2023-05-12,Apparel,Pants,South,Delayed - Transit,185,4,177.4,221.83,0.57,887.32,709.6,381.55,-328.05,-85.98,Spring,2.0,Tier 3: Dead Stock
ORD-10925,2023-04-13,Electronics,Audio,West,Delayed - Transit,114,4,362.31,409.03,0.6,1636.12,1449.24,654.45,-794.79,-121.44,Spring,2.0,Tier 3: Dead Stock
ORD-10926,2023-07-02,Furniture,Chairs,West,On-Time,88,2,338.85,403.8,0.5,807.6,677.7,403.8,-273.9,-67.83,Summer,0.0,Tier 2: Warning
ORD-10927,2023-10-15,Electronics,Audio,East,Delayed - Transit,94,2,306.35,403.29,0.63,806.58,612.7,298.43,-314.27,-105.3,Fall,2.0,Tier 3: Dead Stock
ORD-10928,2023-06-29,Electronics,Audio,East,On-Time,60,2,379.56,775.27,0.0,1550.54,759.12,1550.54,791.42,51.04,Summer,1.0,Tier 1: Fast Mover
ORD-10929,2023-02-15,Apparel,Pants,North,On-Time,26,1,384.5,633.94,0.0,633.94,384.5,633.94,249.44,39.35,Winter,1.0,Tier 1: Fast Mover
ORD-10930,2023-10-14,Electronics,Computers,East,On-Time,37,1,243.34,402.31,0.05,402.31,243.34,382.19,138.85,36.33,Fall,1.0,Tier 1: Fast Mover
ORD-10931,2023-11-27,Electronics,Audio,East,On-Time,31,5,332.25,547.05,0.05,2735.25,1661.25,2598.49,937.24,36.07,Fall,1.0,Tier 1: Fast Mover
ORD-10932,2023-08-15,Apparel,Shirts,South,Delayed - Transit,138,2,276.92,340.1,0.55,680.2,553.84,306.09,-247.75,-80.94,Summer,2.0,Tier 3: Dead Stock
ORD-10933,2023-10-08,Furniture,Chairs,South,On-Time,93,4,235.66,292.61,0.4,1170.44,942.64,702.26,-240.38,-34.23,Fall,0.0,Tier 2: Warning
ORD-10934,2023-07-06,Apparel,Shirts,South,On-Time,32,1,282.85,466.46,0.05,466.46,282.85,443.14,160.29,36.17,Summer,1.0,Tier 1: Fast Mover
ORD-10935,2023-07-30,Electronics,Computers,East,Delayed - Transit,114,5,201.98,222.5,0.43,1112.5,1009.9,634.13,-375.78,-59.26,Summer,0.0,Tier 2: Warning
ORD-10936,2023-11-02,Apparel,Shirts,West,Delayed - Transit,97,2,40.92,50.27,0.54,100.54,81.84,46.25,-35.59,-76.96,Fall,0.0,Tier 2: Warning
ORD-10937,2023-11-02,Furniture,Uncategorized,North,On-Time,129,5,366.81,488.88,0.41,2444.4,1834.05,1442.2,-391.85,-27.17,Fall,0.0,Tier 2: Warning
ORD-10938,2023-01-18,Furniture,Desks,West,On-Time,126,4,279.23,317.34,0.39,1269.36,1116.92,774.31,-342.61,-44.25,Winter,0.0,Tier 2: Warning
ORD-10939,2023-10-29,Furniture,Desks,East,On-Time,88,2,260.56,334.36,0.6,668.72,521.12,267.49,-253.63,-94.82,Fall,2.0,Tier 3: Dead Stock
ORD-10940,2023-04-01,Apparel,Shirts,South,On-Time,10,1,310.5,671.79,0.05,671.79,310.5,638.2,327.7,51.35,Spring,1.0,Tier 1: Fast Mover
ORD-10941,2023-08-09,Furniture,Tables,North,On-Time,110,1,52.58,69.27,0.39,69.27,52.58,42.25,-10.33,-24.44,Summer,0.0,Tier 2: Warning
ORD-10942,2023-09-06,Apparel,Footwear,East,On-Time,9,2,373.9,831.44,0.05,1662.88,747.8,1579.74,831.94,52.66,Fall,1.0,Tier 1: Fast Mover
ORD-10943,2023-01-17,Electronics,Computers,West,Delayed - Transit,159,4,303.15,409.08,0.41,1636.32,1212.6,965.43,-247.17,-25.6,Winter,0.0,Tier 2: Warning
ORD-10944,2023-06-15,Furniture,Chairs,East,On-Time,149,2,338.59,417.64,0.52,835.28,677.18,400.93,-276.25,-68.9,Summer,0.0,Tier 2: Warning
ORD-10945,2023-09-12,Furniture,Chairs,East,On-Time,60,5,134.44,161.13,0.05,805.65,672.2,765.37,93.17,12.17,Fall,1.0,Tier 1: Fast Mover
ORD-10946,2023-06-30,Furniture,Chairs,West,On-Time,96,4,277.43,366.26,0.56,1465.04,1109.72,644.62,-465.1,-72.15,Summer,0.0,Tier 2: Warning
ORD-10947,2023-10-25,Apparel,Footwear,South,On-Time,19,4,146.6,312.79,0.0,1251.16,586.4,1251.16,664.76,53.13,Fall,1.0,Tier 1: Fast Mover
ORD-10948,2023-05-23,Electronics,Audio,South,Delayed - Transit,179,5,269.9,352.69,0.41,1763.45,1349.5,1040.44,-309.06,-29.71,Spring,0.0,Tier 2: Warning
ORD-10949,2023-01-19,Electronics,Computers,South,On-Time,35,4,207.8,371.24,0.05,1484.96,831.2,1410.71,579.51,41.08,Winter,1.0,Tier 1: Fast Mover
ORD-10950,2023-04-01,Apparel,Shirts,North,On-Time,46,5,125.65,235.97,0.0,1179.85,628.25,1179.85,551.6,46.75,Spring,1.0,Tier 1: Fast Mover
ORD-10951,2023-05-26,Furniture,Chairs,North,On-Time,102,3,170.21,220.82,0.4,662.46,510.63,397.48,-113.15,-28.47,Spring,0.0,Tier 2: Warning
ORD-10952,2023-11-09,Electronics,Computers,East,Delayed - Customs,139,1,143.42,178.72,0.64,178.72,143.42,64.34,-79.08,-122.91,Fall,2.0,Tier 3: Dead Stock
ORD-10953,2023-12-17,Electronics,Accessories,East,On-Time,1,1,370.59,851.15,0.0,851.15,370.59,851.15,480.56,56.46,Winter,1.0,Tier 1: Fast Mover
ORD-10954,2023-05-21,Apparel,Footwear,East,On-Time,33,3,83.85,153.71,0.05,461.13,251.55,438.07,186.52,42.58,Spring,1.0,Tier 1: Fast Mover
ORD-10955,2023-10-13,Electronics,Accessories,South,On-Time,20,3,25.92,49.71,0.05,149.13,77.76,141.67,63.91,45.11,Fall,1.0,Tier 1: Fast Mover
ORD-10956,2023-10-17,Electronics,Accessories,North,On-Time,30,1,190.93,308.89,0.0,308.89,190.93,308.89,117.96,38.19,Fall,1.0,Tier 1: Fast Mover
ORD-10957,2023-08-01,Furniture,Chairs,West,On-Time,137,1,45.82,50.29,0.35,50.29,45.82,32.69,-13.13,-40.17,Summer,0.0,Tier 2: Warning
ORD-10958,2023-05-21,Apparel,Pants,South,On-Time,30,5,147.12,348.1,0.0,1740.5,735.6,1740.5,1004.9,57.74,Spring,1.0,Tier 1: Fast Mover
ORD-10959,2023-08-27,Furniture,Chairs,South,On-Time,114,2,240.0,307.8,0.57,615.6,480.0,264.71,-215.29,-81.33,Summer,2.0,Tier 3: Dead Stock
ORD-10960,2023-09-21,Electronics,Computers,North,Delayed - Customs,85,3,152.7,179.3,0.0,537.9,458.1,537.9,79.8,14.84,Fall,1.0,Tier 1: Fast Mover
ORD-10961,2023-10-14,Furniture,Desks,North,On-Time,123,3,44.97,52.09,0.64,156.27,134.91,56.26,-78.65,-139.81,Fall,2.0,Tier 3: Dead Stock
ORD-10962,2023-02-15,Furniture,Desks,West,On-Time,123,1,177.68,206.51,0.41,206.51,177.68,121.84,-55.84,-45.83,Winter,0.0,Tier 2: Warning
ORD-10963,2023-06-13,Apparel,Pants,North,On-Time,29,2,320.25,675.8,0.0,1351.6,640.5,1351.6,711.1,52.61,Summer,1.0,Tier 1: Fast Mover
ORD-10964,2023-08-14,Furniture,Chairs,West,Delayed - Transit,86,3,88.57,113.29,0.52,339.87,265.71,163.14,-102.57,-62.87,Summer,0.0,Tier 2: Warning
ORD-10965,2023-02-26,Furniture,Tables,West,On-Time,144,5,259.43,324.07,0.64,1620.35,1297.15,583.33,-713.82,-122.37,Winter,2.0,Tier 3: Dead Stock
ORD-10966,2023-07-06,Electronics,Accessories,North,On-Time,40,3,364.48,808.94,0.05,2426.82,1093.44,2305.48,1212.04,52.57,Summer,1.0,Tier 1: Fast Mover
ORD-10967,2023-04-03,Furniture,Desks,East,On-Time,128,2,166.59,184.85,0.49,369.7,333.18,188.55,-144.63,-76.71,Spring,0.0,Tier 2: Warning
ORD-10968,2023-07-13,Electronics,Accessories,East,Delayed - Transit,102,4,189.53,217.1,0.39,868.4,758.12,529.72,-228.4,-43.12,Summer,0.0,Tier 2: Warning
ORD-10969,2023-05-20,Electronics,Uncategorized,South,On-Time,31,3,241.73,389.62,0.05,1168.86,725.19,1110.42,385.23,34.69,Spring,1.0,Tier 1: Fast Mover
ORD-10970,2023-08-02,Apparel,Shirts,West,On-Time,42,2,197.93,412.63,0.0,825.26,395.86,825.26,429.4,52.03,Summer,1.0,Tier 1: Fast Mover
ORD-10971,2023-11-02,Apparel,Shirts,East,On-Time,30,5,302.46,580.23,0.05,2901.15,1512.3,2756.09,1243.79,45.13,Fall,1.0,Tier 1: Fast Mover
ORD-10972,2023-08-08,Electronics,Accessories,South,On-Time,33,3,90.44,206.16,0.0,618.48,271.32,618.48,347.16,56.13,Summer,1.0,Tier 1: Fast Mover
ORD-10973,2023-09-03,Electronics,Accessories,South,On-Time,26,4,256.47,589.25,0.05,2357.0,1025.88,2239.15,1213.27,54.18,Fall,1.0,Tier 1: Fast Mover
ORD-10974,2023-10-14,Electronics,Accessories,South,On-Time,32,1,399.57,689.6,0.05,689.6,399.57,655.12,255.55,39.01,Fall,1.0,Tier 1: Fast Mover
ORD-10975,2023-02-08,Electronics,Audio,East,Delayed - Transit,118,2,23.66,26.48,0.55,52.96,47.32,23.83,-23.49,-98.56,Winter,2.0,Tier 3: Dead Stock
ORD-10976,2023-01-19,Furniture,Desks,North,On-Time,93,1,35.67,47.77,0.52,47.77,35.67,22.93,-12.74,-55.56,Winter,0.0,Tier 2: Warning
ORD-10977,2023-03-17,Electronics,Audio,North,Delayed - Transit,137,1,197.07,265.46,0.49,265.46,197.07,135.38,-61.69,-45.56,Spring,0.0,Tier 2: Warning
ORD-10978,2023-01-10,Furniture,Chairs,West,On-Time,77,3,378.63,509.03,0.05,1527.09,1135.89,1450.74,314.85,21.7,Winter,1.0,Tier 1: Fast Mover
ORD-10979,2023-09-08,Furniture,Desks,West,Delayed - Transit,122,4,32.4,39.17,0.5,156.68,129.6,78.34,-51.26,-65.43,Fall,0.0,Tier 2: Warning
ORD-10980,2023-02-02,Apparel,Pants,East,Delayed - Transit,82,3,322.43,338.86,0.0,1016.58,967.29,1016.58,49.29,4.85,Winter,1.0,Tier 1: Fast Mover
ORD-10981,2023-07-23,Electronics,Audio,North,Delayed - Customs,99,2,297.83,318.47,0.41,636.94,595.66,375.79,-219.87,-58.51,Summer,0.0,Tier 2: Warning
ORD-10982,2023-09-03,Apparel,Pants,West,Delayed - Transit,97,4,245.97,298.08,0.64,1192.32,983.88,429.24,-554.64,-129.22,Fall,2.0,Tier 3: Dead Stock
ORD-10983,2023-11-28,Electronics,Audio,East,On-Time,40,5,370.88,660.32,0.0,3301.6,1854.4,3301.6,1447.2,43.83,Fall,1.0,Tier 1: Fast Mover
ORD-10984,2023-08-11,Furniture,Tables,North,On-Time,87,2,92.57,104.68,0.5,209.36,185.14,104.68,-80.46,-76.86,Summer,0.0,Tier 2: Warning
ORD-10985,2023-10-21,Apparel,Pants,North,Delayed - Transit,130,1,298.8,374.79,0.42,374.79,298.8,217.38,-81.42,-37.46,Fall,0.0,Tier 2: Warning
ORD-10986,2023-12-06,Furniture,Desks,South,Delayed - Transit,78,1,355.49,395.26,0.05,395.26,355.49,375.5,20.01,5.33,Winter,1.0,Tier 1: Fast Mover
ORD-10987,2023-01-04,Furniture,Desks,South,On-Time,118,3,288.79,348.02,0.51,1044.06,866.37,511.59,-354.78,-69.35,Winter,0.0,Tier 2: Warning
ORD-10988,2023-05-21,Furniture,Chairs,West,On-Time,122,1,399.08,515.62,0.51,515.62,399.08,252.65,-146.43,-57.96,Spring,0.0,Tier 2: Warning
ORD-10989,2023-06-27,Electronics,Audio,South,On-Time,23,1,24.86,39.81,0.0,39.81,24.86,39.81,14.95,37.55,Summer,1.0,Tier 1: Fast Mover
ORD-10990,2023-09-23,Apparel,Shirts,South,On-Time,29,4,33.72,57.48,0.0,229.92,134.88,229.92,95.04,41.34,Fall,1.0,Tier 1: Fast Mover
ORD-10991,2023-02-12,Electronics,Accessories,East,On-Time,42,5,297.6,657.63,0.05,3288.15,1488.0,3123.74,1635.74,52.36,Winter,1.0,Tier 1: Fast Mover
ORD-10992,2023-08-03,Apparel,Shirts,South,On-Time,33,3,398.69,761.3,0.0,2283.9,1196.07,2283.9,1087.83,47.63,Summer,1.0,Tier 1: Fast Mover
ORD-10993,2023-02-13,Furniture,Desks,West,On-Time,102,5,206.37,234.87,0.48,1174.35,1031.85,610.66,-421.19,-68.97,Winter,0.0,Tier 2: Warning
ORD-10994,2023-09-18,Electronics,Computers,West,On-Time,24,2,210.73,456.34,0.05,912.68,421.46,867.05,445.59,51.39,Fall,1.0,Tier 1: Fast Mover
ORD-10995,2023-04-27,Apparel,Footwear,North,On-Time,17,4,43.39,101.05,0.0,404.2,173.56,404.2,230.64,57.06,Spring,1.0,Tier 1: Fast Mover
ORD-10996,2023-10-16,Electronics,Computers,East,On-Time,1,1,157.36,339.16,0.05,339.16,157.36,322.2,164.84,51.16,Fall,1.0,Tier 1: Fast Mover
ORD-10997,2023-01-22,Electronics,Accessories,South,On-Time,24,1,66.66,128.42,0.0,128.42,66.66,128.42,61.76,48.09,Winter,1.0,Tier 1: Fast Mover
ORD-10998,2023-12-16,Electronics,Audio,North,On-Time,20,1,167.39,297.52,0.05,297.52,167.39,282.64,115.25,40.78,Winter,1.0,Tier 1: Fast Mover
ORD-10999,2023-09-26,Furniture,Tables,North,On-Time,100,5,100.85,122.04,0.61,610.2,504.25,237.98,-266.27,-111.89,Fall,2.0,Tier 3: Dead Stock
ORD-11000,2023-08-20,Furniture,Tables,West,On-Time,118,2,282.04,362.29,0.54,724.58,564.08,333.31,-230.77,-69.24,Summer,0.0,Tier 2: Warning
ORD-11001,2023-05-25,Apparel,Pants,North,On-Time,50,5,18.57,30.9,0.05,154.5,92.85,146.78,53.93,36.74,Spring,1.0,Tier 1: Fast Mover
ORD-11002,2023-06-17,Furniture,Tables,West,On-Time,127,1,306.38,353.15,0.61,353.15,306.38,137.73,-168.65,-122.45,Summer,2.0,Tier 3: Dead Stock
ORD-11003,2023-05-05,Furniture,Tables,South,On-Time,143,4,89.59,100.87,0.52,403.48,358.36,193.67,-164.69,-85.04,Spring,2.0,Tier 3: Dead Stock
ORD-11004,2023-06-13,Electronics,Computers,South,On-Time,26,3,119.61,259.93,0.0,779.79,358.83,779.79,420.96,53.98,Summer,1.0,Tier 1: Fast Mover
ORD-11005,2023-07-28,Electronics,Accessories,South,On-Time,17,1,124.19,259.68,0.0,259.68,124.19,259.68,135.49,52.18,Summer,1.0,Tier 1: Fast Mover
ORD-11006,2023-06-12,Furniture,Chairs,South,On-Time,104,5,19.45,23.3,0.62,116.5,97.25,44.27,-52.98,-119.67,Summer,2.0,Tier 3: Dead Stock
ORD-11007,2023-04-16,Electronics,Uncategorized,North,On-Time,13,1,366.75,764.62,0.05,764.62,366.75,726.39,359.64,49.51,Spring,1.0,Tier 1: Fast Mover
ORD-11008,2023-07-14,Electronics,Accessories,West,Delayed - Transit,83,4,327.63,365.19,0.05,1460.76,1310.52,1387.72,77.2,5.56,Summer,1.0,Tier 1: Fast Mover
ORD-11009,2023-11-06,Apparel,Footwear,South,On-Time,34,4,252.04,474.51,0.0,1898.04,1008.16,1898.04,889.88,46.88,Fall,1.0,Tier 1: Fast Mover
ORD-11010,2023-08-26,Electronics,Audio,North,Delayed - Transit,109,2,296.44,397.18,0.65,794.36,592.88,278.03,-314.85,-113.25,Summer,2.0,Tier 3: Dead Stock
ORD-11011,2023-03-13,Electronics,Computers,North,On-Time,44,2,149.2,276.79,0.0,553.58,298.4,553.58,255.18,46.1,Spring,1.0,Tier 1: Fast Mover
ORD-11012,2023-06-06,Furniture,Chairs,North,On-Time,89,2,121.61,128.09,0.51,256.18,243.22,125.53,-117.69,-93.76,Summer,2.0,Tier 3: Dead Stock
ORD-11013,2023-06-05,Electronics,Accessories,West,On-Time,26,2,44.76,89.8,0.05,179.6,89.52,170.62,81.1,47.53,Summer,1.0,Tier 1: Fast Mover
ORD-11014,2023-05-03,Furniture,Chairs,North,On-Time,126,1,56.73,72.32,0.38,72.32,56.73,44.84,-11.89,-26.52,Spring,0.0,Tier 2: Warning
ORD-11015,2023-09-30,Furniture,Chairs,South,On-Time,97,1,92.66,120.35,0.42,120.35,92.66,69.8,-22.86,-32.75,Fall,0.0,Tier 2: Warning
ORD-11016,2023-10-11,Apparel,Footwear,South,On-Time,27,4,372.36,694.87,0.05,2779.48,1489.44,2640.51,1151.07,43.59,Fall,1.0,Tier 1: Fast Mover
ORD-11017,2023-09-14,Furniture,Desks,East,On-Time,103,2,65.21,85.92,0.38,171.84,130.42,106.54,-23.88,-22.41,Fall,0.0,Tier 2: Warning
ORD-11018,2023-11-30,Furniture,Chairs,West,On-Time,103,3,338.84,440.4,0.44,1321.2,1016.52,739.87,-276.65,-37.39,Fall,0.0,Tier 2: Warning
ORD-11019,2023-12-26,Electronics,Audio,North,On-Time,50,3,103.11,194.72,0.0,584.16,309.33,584.16,274.83,47.05,Winter,1.0,Tier 1: Fast Mover
ORD-11020,2023-04-30,Electronics,Computers,North,Delayed - Customs,71,2,291.29,332.36,0.0,664.72,582.58,664.72,82.14,12.36,Spring,1.0,Tier 1: Fast Mover
ORD-11021,2023-09-18,Furniture,Chairs,West,Delayed - Transit,115,4,106.48,113.29,0.6,453.16,425.92,181.26,-244.66,-134.97,Fall,2.0,Tier 3: Dead Stock
ORD-11022,2023-09-24,Electronics,Computers,West,Delayed - Transit,111,3,180.48,241.57,0.58,724.71,541.44,304.38,-237.06,-77.88,Fall,0.0,Tier 2: Warning
ORD-11023,2023-11-02,Furniture,Chairs,North,On-Time,98,4,83.05,94.63,0.42,378.52,332.2,219.54,-112.66,-51.32,Fall,0.0,Tier 2: Warning
ORD-11024,2023-11-15,Electronics,Audio,West,On-Time,28,2,305.84,531.42,0.05,1062.84,611.68,1009.7,398.02,39.42,Fall,1.0,Tier 1: Fast Mover
ORD-11025,2023-04-23,Electronics,Audio,West,On-Time,16,3,204.36,368.07,0.05,1104.21,613.08,1049.0,435.92,41.56,Spring,1.0,Tier 1: Fast Mover
ORD-11026,2023-06-17,Apparel,Pants,West,Delayed - Transit,186,1,182.1,208.88,0.57,208.88,182.1,89.82,-92.28,-102.74,Summer,2.0,Tier 3: Dead Stock
ORD-11027,2023-09-28,Apparel,Pants,South,On-Time,35,1,325.04,609.57,0.0,609.57,325.04,609.57,284.53,46.68,Fall,1.0,Tier 1: Fast Mover
ORD-11028,2023-08-04,Furniture,Chairs,East,On-Time,143,5,124.33,130.91,0.47,654.55,621.65,346.91,-274.74,-79.2,Summer,2.0,Tier 3: Dead Stock
ORD-11029,2023-12-27,Electronics,Audio,South,Delayed - Transit,84,2,171.0,206.08,0.05,412.16,342.0,391.55,49.55,12.66,Winter,1.0,Tier 1: Fast Mover
ORD-11030,2023-06-12,Furniture,Desks,East,On-Time,129,5,66.1,89.13,0.39,445.65,330.5,271.85,-58.65,-21.58,Summer,0.0,Tier 2: Warning
ORD-11031,2023-02-04,Apparel,Shirts,South,On-Time,35,2,227.36,504.72,0.0,1009.44,454.72,1009.44,554.72,54.95,Winter,1.0,Tier 1: Fast Mover
ORD-11032,2023-07-19,Furniture,Chairs,North,On-Time,104,1,340.07,392.84,0.44,392.84,340.07,219.99,-120.08,-54.58,Summer,0.0,Tier 2: Warning
ORD-11033,2023-06-22,Apparel,Footwear,North,On-Time,31,3,205.28,425.09,0.05,1275.27,615.84,1211.51,595.67,49.17,Summer,1.0,Tier 1: Fast Mover
ORD-11034,2023-08-31,Electronics,Computers,East,On-Time,31,4,170.16,393.76,0.05,1575.04,680.64,1496.29,815.65,54.51,Summer,1.0,Tier 1: Fast Mover
ORD-11035,2023-03-16,Apparel,Shirts,West,On-Time,30,1,187.62,337.42,0.05,337.42,187.62,320.55,132.93,41.47,Spring,1.0,Tier 1: Fast Mover
ORD-11036,2023-03-19,Apparel,Shirts,North,On-Time,22,1,355.82,585.2,0.05,585.2,355.82,555.94,200.12,36.0,Spring,1.0,Tier 1: Fast Mover
ORD-11037,2023-01-01,Furniture,Chairs,East,On-Time,128,3,232.83,255.83,0.64,767.49,698.49,276.3,-422.19,-152.8,Winter,2.0,Tier 3: Dead Stock
ORD-11038,2023-08-13,Apparel,Shirts,East,On-Time,32,3,313.79,543.14,0.05,1629.42,941.37,1547.95,606.58,39.19,Summer,1.0,Tier 1: Fast Mover
ORD-11039,2023-08-31,Electronics,Audio,North,On-Time,20,4,268.95,528.76,0.05,2115.04,1075.8,2009.29,933.49,46.46,Summer,1.0,Tier 1: Fast Mover
ORD-11040,2023-11-16,Apparel,Pants,West,On-Time,47,5,132.59,268.57,0.05,1342.85,662.95,1275.71,612.76,48.03,Fall,1.0,Tier 1: Fast Mover
ORD-11041,2023-05-02,Furniture,Tables,South,On-Time,141,3,238.83,294.31,0.52,882.93,716.49,423.81,-292.68,-69.06,Spring,0.0,Tier 2: Warning
ORD-11042,2023-08-09,Furniture,Desks,North,On-Time,124,2,217.49,263.05,0.37,526.1,434.98,331.44,-103.54,-31.24,Summer,0.0,Tier 2: Warning
ORD-11043,2023-07-06,Apparel,Shirts,East,On-Time,12,2,396.19,771.41,0.05,1542.82,792.38,1465.68,673.3,45.94,Summer,1.0,Tier 1: Fast Mover
ORD-11044,2023-08-22,Electronics,Computers,South,On-Time,14,5,382.32,782.43,0.05,3912.15,1911.6,3716.54,1804.94,48.57,Summer,1.0,Tier 1: Fast Mover
ORD-11045,2023-04-22,Furniture,Chairs,North,On-Time,134,2,237.94,253.81,0.6,507.62,475.88,203.05,-272.83,-134.37,Spring,2.0,Tier 3: Dead Stock
ORD-11046,2023-10-20,Electronics,Audio,North,Delayed - Customs,85,3,302.57,345.83,0.0,1037.49,907.71,1037.49,129.78,12.51,Fall,1.0,Tier 1: Fast Mover
ORD-11047,2023-12-26,Electronics,Audio,South,On-Time,21,2,235.78,488.04,0.0,976.08,471.56,976.08,504.52,51.69,Winter,1.0,Tier 1: Fast Mover
ORD-11048,2023-08-19,Furniture,Chairs,North,On-Time,114,5,326.82,373.18,0.38,1865.9,1634.1,1156.86,-477.24,-41.25,Summer,0.0,Tier 2: Warning
ORD-11049,2023-08-07,Electronics,Audio,North,On-Time,26,4,202.42,436.1,0.05,1744.4,809.68,1657.18,847.5,51.14,Summer,1.0,Tier 1: Fast Mover
ORD-11050,2023-04-18,Apparel,Footwear,West,Delayed - Transit,51,1,242.7,298.52,0.0,298.52,242.7,298.52,55.82,18.7,Spring,1.0,Tier 1: Fast Mover
ORD-11051,2023-07-04,Electronics,Computers,West,On-Time,9,5,240.48,504.2,0.05,2521.0,1202.4,2394.95,1192.55,49.79,Summer,1.0,Tier 1: Fast Mover
ORD-11052,2023-04-08,Furniture,Tables,South,On-Time,107,3,352.32,378.74,0.42,1136.22,1056.96,659.01,-397.95,-60.39,Spring,0.0,Tier 2: Warning
ORD-11053,2023-09-23,Electronics,Accessories,West,On-Time,18,5,185.74,406.85,0.0,2034.25,928.7,2034.25,1105.55,54.35,Fall,1.0,Tier 1: Fast Mover
ORD-11054,2023-06-22,Apparel,Uncategorized,East,On-Time,23,2,48.43,106.56,0.0,213.12,96.86,213.12,116.26,54.55,Summer,1.0,Tier 1: Fast Mover
ORD-11055,2023-08-30,Apparel,Shirts,East,Delayed - Transit,98,4,153.45,182.99,0.58,731.96,613.8,307.42,-306.38,-99.66,Summer,2.0,Tier 3: Dead Stock
ORD-11056,2023-08-26,Apparel,Pants,West,On-Time,34,3,132.83,246.05,0.0,738.15,398.49,738.15,339.66,46.02,Summer,1.0,Tier 1: Fast Mover
ORD-11057,2023-05-13,Furniture,Chairs,South,On-Time,168,1,53.89,58.74,0.52,58.74,53.89,28.2,-25.69,-91.13,Spring,2.0,Tier 3: Dead Stock
ORD-11058,2023-01-06,Electronics,Computers,South,On-Time,47,1,83.8,169.42,0.05,169.42,83.8,160.95,77.15,47.93,Winter,1.0,Tier 1: Fast Mover
ORD-11059,2023-11-08,Electronics,Computers,East,Delayed - Transit,152,3,248.91,323.7,0.59,971.1,746.73,398.15,-348.58,-87.55,Fall,2.0,Tier 3: Dead Stock
ORD-11060,2023-10-21,Electronics,Computers,South,On-Time,8,2,219.07,450.26,0.05,900.52,438.14,855.49,417.35,48.79,Fall,1.0,Tier 1: Fast Mover
ORD-11061,2023-04-24,Furniture,Desks,East,On-Time,63,2,126.64,143.59,0.0,287.18,253.28,287.18,33.9,11.8,Spring,1.0,Tier 1: Fast Mover
ORD-11062,2023-11-07,Furniture,Desks,East,On-Time,100,2,129.39,169.29,0.51,338.58,258.78,165.9,-92.88,-55.98,Fall,0.0,Tier 2: Warning
ORD-11063,2023-04-05,Electronics,Computers,South,On-Time,36,2,151.62,261.95,0.0,523.9,303.24,523.9,220.66,42.12,Spring,1.0,Tier 1: Fast Mover
ORD-11064,2023-07-29,Furniture,Tables,East,On-Time,85,1,205.42,234.57,0.05,234.57,205.42,222.84,17.42,7.82,Summer,1.0,Tier 1: Fast Mover
ORD-11065,2023-06-29,Furniture,Desks,South,On-Time,123,4,296.07,345.79,0.41,1383.16,1184.28,816.06,-368.22,-45.12,Summer,0.0,Tier 2: Warning
ORD-11066,2023-04-30,Electronics,Audio,West,On-Time,36,4,116.43,261.29,0.05,1045.16,465.72,992.9,527.18,53.1,Spring,1.0,Tier 1: Fast Mover
ORD-11067,2023-09-14,Electronics,Audio,East,Delayed - Transit,87,3,45.29,61.11,0.58,183.33,135.87,77.0,-58.87,-76.46,Fall,0.0,Tier 2: Warning
ORD-11068,2023-02-25,Furniture,Chairs,South,On-Time,114,5,233.82,286.15,0.45,1430.75,1169.1,786.91,-382.19,-48.57,Winter,0.0,Tier 2: Warning
ORD-11069,2023-12-11,Electronics,Computers,South,On-Time,22,2,73.65,139.04,0.0,278.08,147.3,278.08,130.78,47.03,Winter,1.0,Tier 1: Fast Mover
ORD-11070,2023-03-20,Apparel,Shirts,North,On-Time,35,5,76.98,180.67,0.05,903.35,384.9,858.18,473.28,55.15,Spring,1.0,Tier 1: Fast Mover
ORD-11071,2023-06-02,Electronics,Accessories,West,On-Time,45,5,332.05,741.87,0.0,3709.35,1660.25,3709.35,2049.1,55.24,Summer,1.0,Tier 1: Fast Mover
ORD-11072,2023-08-09,Electronics,Accessories,South,On-Time,26,3,58.82,102.51,0.05,307.53,176.46,292.15,115.69,39.6,Summer,1.0,Tier 1: Fast Mover
ORD-11073,2023-05-14,Apparel,Pants,South,On-Time,15,4,42.96,94.57,0.0,378.28,171.84,378.28,206.44,54.57,Spring,1.0,Tier 1: Fast Mover
ORD-11074,2023-11-02,Electronics,Audio,North,Delayed - Customs,146,5,149.51,168.51,0.54,842.55,747.55,387.57,-359.98,-92.88,Fall,2.0,Tier 3: Dead Stock
ORD-11075,2023-01-29,Furniture,Uncategorized,West,Delayed - Transit,173,1,20.32,22.89,0.62,22.89,20.32,8.7,-11.62,-133.61,Winter,2.0,Tier 3: Dead Stock
ORD-11076,2023-12-04,Furniture,Tables,West,Delayed - Customs,122,4,301.13,324.28,0.62,1297.12,1204.52,492.91,-711.61,-144.37,Winter,2.0,Tier 3: Dead Stock
ORD-11077,2023-10-11,Furniture,Tables,North,On-Time,151,3,30.98,35.65,0.52,106.95,92.94,51.34,-41.6,-81.04,Fall,2.0,Tier 3: Dead Stock
ORD-11078,2023-03-23,Electronics,Computers,South,Delayed - Customs,93,2,109.45,117.91,0.62,235.82,218.9,89.61,-129.29,-144.28,Spring,2.0,Tier 3: Dead Stock
ORD-11079,2023-02-24,Apparel,Footwear,West,Delayed - Customs,116,5,136.18,156.43,0.52,782.15,680.9,375.43,-305.47,-81.36,Winter,2.0,Tier 3: Dead Stock
ORD-11080,2023-03-03,Furniture,Desks,North,Delayed - Transit,94,4,235.78,304.46,0.55,1217.84,943.12,548.03,-395.09,-72.09,Spring,0.0,Tier 2: Warning
ORD-11081,2023-10-27,Electronics,Accessories,South,On-Time,19,5,252.97,541.68,0.05,2708.4,1264.85,2572.98,1308.13,50.84,Fall,1.0,Tier 1: Fast Mover
ORD-11082,2023-03-11,Furniture,Tables,West,On-Time,111,5,197.67,209.36,0.55,1046.8,988.35,471.06,-517.29,-109.81,Spring,2.0,Tier 3: Dead Stock
ORD-11083,2023-12-28,Furniture,Tables,East,Delayed - Transit,80,1,341.87,461.11,0.05,461.11,341.87,438.05,96.18,21.96,Winter,1.0,Tier 1: Fast Mover
ORD-11084,2023-07-07,Apparel,Uncategorized,North,On-Time,10,4,386.1,751.7,0.05,3006.8,1544.4,2856.46,1312.06,45.93,Summer,1.0,Tier 1: Fast Mover
ORD-11085,2023-08-18,Apparel,Shirts,East,On-Time,42,5,95.51,208.24,0.05,1041.2,477.55,989.14,511.59,51.72,Summer,1.0,Tier 1: Fast Mover
ORD-11086,2023-07-17,Apparel,Pants,North,Delayed - Transit,117,1,65.98,80.71,0.38,80.71,65.98,50.04,-15.94,-31.85,Summer,0.0,Tier 2: Warning
ORD-11087,2023-02-15,Apparel,Footwear,West,On-Time,53,4,322.57,564.97,0.05,2259.88,1290.28,2146.89,856.61,39.9,Winter,1.0,Tier 1: Fast Mover
ORD-11088,2023-02-28,Apparel,Pants,South,On-Time,27,3,245.07,395.48,0.0,1186.44,735.21,1186.44,451.23,38.03,Winter,1.0,Tier 1: Fast Mover
ORD-11089,2023-04-24,Apparel,Pants,East,On-Time,37,4,100.64,214.94,0.05,859.76,402.56,816.77,414.21,50.71,Spring,1.0,Tier 1: Fast Mover
ORD-11090,2023-12-02,Electronics,Accessories,West,On-Time,9,4,248.93,582.7,0.0,2330.8,995.72,2330.8,1335.08,57.28,Winter,1.0,Tier 1: Fast Mover
ORD-11091,2023-01-24,Electronics,Accessories,North,On-Time,26,5,55.47,96.36,0.05,481.8,277.35,457.71,180.36,39.4,Winter,1.0,Tier 1: Fast Mover
ORD-11092,2023-07-23,Apparel,Footwear,East,On-Time,54,1,212.56,453.46,0.0,453.46,212.56,453.46,240.9,53.12,Summer,1.0,Tier 1: Fast Mover
ORD-11093,2023-01-02,Furniture,Desks,North,Delayed - Customs,141,2,266.29,340.03,0.51,680.06,532.58,333.23,-199.35,-59.82,Winter,0.0,Tier 2: Warning
ORD-11094,2023-05-11,Apparel,Pants,West,On-Time,26,1,346.78,744.92,0.05,744.92,346.78,707.67,360.89,51.0,Spring,1.0,Tier 1: Fast Mover
ORD-11095,2023-03-27,Furniture,Tables,East,On-Time,139,1,307.15,412.62,0.53,412.62,307.15,193.93,-113.22,-58.38,Spring,0.0,Tier 2: Warning
ORD-11096,2023-04-06,Apparel,Pants,West,On-Time,29,5,359.43,639.44,0.05,3197.2,1797.15,3037.34,1240.19,40.83,Spring,1.0,Tier 1: Fast Mover
ORD-11097,2023-03-17,Furniture,Desks,West,On-Time,112,5,164.07,212.2,0.36,1061.0,820.35,679.04,-141.31,-20.81,Spring,0.0,Tier 2: Warning
ORD-11098,2023-09-30,Furniture,Tables,East,On-Time,114,2,295.99,355.53,0.52,711.06,591.98,341.31,-250.67,-73.44,Fall,0.0,Tier 2: Warning
ORD-11099,2023-12-05,Electronics,Computers,South,Delayed - Transit,85,3,162.66,181.66,0.05,544.98,487.98,517.73,29.75,5.75,Winter,1.0,Tier 1: Fast Mover
ORD-11100,2023-01-20,Electronics,Accessories,West,On-Time,29,4,266.25,543.42,0.05,2173.68,1065.0,2065.0,1000.0,48.43,Winter,1.0,Tier 1: Fast Mover
ORD-11101,2023-06-17,Furniture,Desks,North,Delayed - Transit,90,4,311.27,340.24,0.56,1360.96,1245.08,598.82,-646.26,-107.92,Summer,2.0,Tier 3: Dead Stock
ORD-11102,2023-01-28,Electronics,Audio,North,On-Time,32,2,320.09,543.42,0.0,1086.84,640.18,1086.84,446.66,41.1,Winter,1.0,Tier 1: Fast Mover
ORD-11103,2023-05-01,Electronics,Audio,East,On-Time,29,3,84.0,145.73,0.05,437.19,252.0,415.33,163.33,39.33,Spring,1.0,Tier 1: Fast Mover
ORD-11104,2023-01-23,Furniture,Tables,West,Delayed - Transit,106,4,224.51,287.43,0.39,1149.72,898.04,701.33,-196.71,-28.05,Winter,0.0,Tier 2: Warning
ORD-11105,2023-03-19,Furniture,Tables,North,On-Time,144,1,359.9,465.26,0.56,465.26,359.9,204.71,-155.19,-75.81,Spring,0.0,Tier 2: Warning
ORD-11106,2023-03-18,Apparel,Footwear,South,On-Time,25,5,319.57,582.21,0.05,2911.05,1597.85,2765.5,1167.65,42.22,Spring,1.0,Tier 1: Fast Mover
ORD-11107,2023-03-05,Electronics,Computers,North,Delayed - Transit,94,1,165.39,193.64,0.49,193.64,165.39,98.76,-66.63,-67.47,Spring,0.0,Tier 2: Warning
ORD-11108,2023-10-31,Electronics,Accessories,South,On-Time,21,2,225.48,442.14,0.0,884.28,450.96,884.28,433.32,49.0,Fall,1.0,Tier 1: Fast Mover
ORD-11109,2023-11-22,Furniture,Chairs,South,On-Time,87,4,147.21,171.78,0.54,687.12,588.84,316.08,-272.76,-86.3,Fall,2.0,Tier 3: Dead Stock
ORD-11110,2023-10-19,Apparel,Pants,East,On-Time,40,3,293.23,510.56,0.05,1531.68,879.69,1455.1,575.41,39.54,Fall,1.0,Tier 1: Fast Mover
ORD-11111,2023-01-29,Apparel,Footwear,North,On-Time,32,2,78.21,140.4,0.05,280.8,156.42,266.76,110.34,41.36,Winter,1.0,Tier 1: Fast Mover
ORD-11112,2023-01-26,Electronics,Accessories,South,On-Time,67,1,215.33,440.0,0.05,440.0,215.33,418.0,202.67,48.49,Winter,1.0,Tier 1: Fast Mover
ORD-11113,2023-11-15,Apparel,Footwear,West,On-Time,19,2,23.38,48.23,0.0,96.46,46.76,96.46,49.7,51.52,Fall,1.0,Tier 1: Fast Mover
ORD-11114,2023-02-08,Apparel,Pants,North,On-Time,30,1,198.48,350.14,0.05,350.14,198.48,332.63,134.15,40.33,Winter,1.0,Tier 1: Fast Mover
ORD-11115,2023-08-25,Furniture,Chairs,West,Delayed - Transit,157,5,313.81,371.09,0.39,1855.45,1569.05,1131.82,-437.23,-38.63,Summer,0.0,Tier 2: Warning
ORD-11116,2023-12-11,Electronics,Audio,East,On-Time,32,5,257.21,490.23,0.05,2451.15,1286.05,2328.59,1042.54,44.77,Winter,1.0,Tier 1: Fast Mover
ORD-11117,2023-04-09,Furniture,Tables,North,On-Time,96,3,111.61,145.32,0.64,435.96,334.83,156.95,-177.88,-113.34,Spring,2.0,Tier 3: Dead Stock
ORD-11118,2023-02-10,Electronics,Computers,North,On-Time,33,4,235.54,533.25,0.05,2133.0,942.16,2026.35,1084.19,53.5,Winter,1.0,Tier 1: Fast Mover
ORD-11119,2023-05-09,Apparel,Pants,East,On-Time,14,3,375.45,887.89,0.0,2663.67,1126.35,2663.67,1537.32,57.71,Spring,1.0,Tier 1: Fast Mover
ORD-11120,2023-05-29,Furniture,Desks,South,Delayed - Transit,134,3,99.62,108.49,0.38,325.47,298.86,201.79,-97.07,-48.1,Spring,0.0,Tier 2: Warning
ORD-11121,2023-05-10,Apparel,Shirts,West,On-Time,37,2,85.93,181.4,0.0,362.8,171.86,362.8,190.94,52.63,Spring,1.0,Tier 1: Fast Mover
ORD-11122,2023-07-10,Electronics,Computers,West,On-Time,27,5,249.26,576.42,0.05,2882.1,1246.3,2738.0,1491.7,54.48,Summer,1.0,Tier 1: Fast Mover
ORD-11123,2023-11-02,Apparel,Shirts,East,On-Time,28,1,283.59,634.11,0.0,634.11,283.59,634.11,350.52,55.28,Fall,1.0,Tier 1: Fast Mover
ORD-11124,2023-05-30,Furniture,Uncategorized,West,On-Time,116,4,317.64,401.99,0.36,1607.96,1270.56,1029.09,-241.47,-23.46,Spring,0.0,Tier 2: Warning
ORD-11125,2023-11-01,Electronics,Computers,North,Delayed - Customs,135,3,42.13,55.72,0.46,167.16,126.39,90.27,-36.12,-40.02,Fall,0.0,Tier 2: Warning
ORD-11126,2023-06-12,Apparel,Footwear,East,Delayed - Customs,113,1,322.08,424.74,0.41,424.74,322.08,250.6,-71.48,-28.53,Summer,0.0,Tier 2: Warning
ORD-11127,2023-04-16,Electronics,Computers,North,On-Time,23,4,22.28,40.86,0.05,163.44,89.12,155.27,66.15,42.6,Spring,1.0,Tier 1: Fast Mover
ORD-11128,2023-08-08,Apparel,Footwear,East,On-Time,50,5,350.44,703.13,0.05,3515.65,1752.2,3339.87,1587.67,47.54,Summer,1.0,Tier 1: Fast Mover
ORD-11129,2023-09-04,Furniture,Desks,East,On-Time,101,1,372.0,407.44,0.58,407.44,372.0,171.12,-200.88,-117.39,Fall,2.0,Tier 3: Dead Stock
ORD-11130,2023-08-25,Apparel,Pants,East,On-Time,41,5,96.75,205.87,0.05,1029.35,483.75,977.88,494.13,50.53,Summer,1.0,Tier 1: Fast Mover
ORD-11131,2023-10-15,Electronics,Computers,East,On-Time,25,3,157.65,332.04,0.05,996.12,472.95,946.31,473.36,50.02,Fall,1.0,Tier 1: Fast Mover
ORD-11132,2023-03-04,Furniture,Desks,West,On-Time,108,3,124.2,156.6,0.58,469.8,372.6,197.32,-175.28,-88.83,Spring,2.0,Tier 3: Dead Stock
ORD-11133,2023-05-22,Electronics,Audio,South,On-Time,41,4,224.74,529.99,0.0,2119.96,898.96,2119.96,1221.0,57.6,Spring,1.0,Tier 1: Fast Mover
ORD-11134,2023-07-01,Apparel,Uncategorized,North,On-Time,11,4,288.13,599.36,0.0,2397.44,1152.52,2397.44,1244.92,51.93,Summer,1.0,Tier 1: Fast Mover
ORD-11135,2023-01-04,Electronics,Computers,South,On-Time,9,2,368.95,748.11,0.05,1496.22,737.9,1421.41,683.51,48.09,Winter,1.0,Tier 1: Fast Mover
ORD-11136,2023-09-23,Furniture,Desks,East,On-Time,87,2,103.58,126.9,0.58,253.8,207.16,106.6,-100.56,-94.34,Fall,2.0,Tier 3: Dead Stock
ORD-11137,2023-08-06,Electronics,Audio,East,Delayed - Customs,99,5,262.9,333.72,0.6,1668.6,1314.5,667.44,-647.06,-96.95,Summer,2.0,Tier 3: Dead Stock
ORD-11138,2023-09-28,Furniture,Chairs,East,On-Time,108,2,201.14,213.52,0.58,427.04,402.28,179.36,-222.92,-124.29,Fall,2.0,Tier 3: Dead Stock
ORD-11139,2023-12-26,Furniture,Chairs,North,On-Time,135,4,266.8,291.27,0.52,1165.08,1067.2,559.24,-507.96,-90.83,Winter,2.0,Tier 3: Dead Stock
ORD-11140,2023-12-02,Furniture,Desks,East,Delayed - Transit,131,1,171.08,198.44,0.4,198.44,171.08,119.06,-52.02,-43.69,Winter,0.0,Tier 2: Warning
ORD-11141,2023-01-19,Apparel,Pants,South,On-Time,28,3,229.54,389.52,0.05,1168.56,688.62,1110.13,421.51,37.97,Winter,1.0,Tier 1: Fast Mover
ORD-11142,2023-06-16,Electronics,Audio,North,On-Time,44,1,197.74,363.98,0.05,363.98,197.74,345.78,148.04,42.81,Summer,1.0,Tier 1: Fast Mover
ORD-11143,2023-06-15,Furniture,Chairs,West,On-Time,95,5,319.94,337.6,0.46,1688.0,1599.7,911.52,-688.18,-75.5,Summer,0.0,Tier 2: Warning
ORD-11144,2023-08-29,Electronics,Audio,North,Delayed - Transit,128,2,83.44,105.55,0.35,211.1,166.88,137.22,-29.67,-21.62,Summer,0.0,Tier 2: Warning
ORD-11145,2023-01-05,Electronics,Audio,South,On-Time,21,3,311.02,581.02,0.05,1743.06,933.06,1655.91,722.85,43.65,Winter,1.0,Tier 1: Fast Mover
ORD-11146,2023-03-11,Apparel,Pants,West,Delayed - Transit,95,4,32.62,40.24,0.54,160.96,130.48,74.04,-56.44,-76.23,Spring,0.0,Tier 2: Warning
ORD-11147,2023-05-07,Apparel,Uncategorized,West,Delayed - Customs,134,2,321.99,390.13,0.64,780.26,643.98,280.89,-363.09,-129.26,Spring,2.0,Tier 3: Dead Stock
ORD-11148,2023-12-31,Electronics,Audio,North,On-Time,41,1,198.3,333.36,0.05,333.36,198.3,316.69,118.39,37.38,Winter,1.0,Tier 1: Fast Mover
ORD-11149,2023-08-24,Electronics,Accessories,East,On-Time,41,4,143.97,230.74,0.0,922.96,575.88,922.96,347.08,37.61,Summer,1.0,Tier 1: Fast Mover
ORD-11150,2023-08-13,Apparel,Uncategorized,East,On-Time,26,3,83.25,187.22,0.05,561.66,249.75,533.58,283.83,53.19,Summer,1.0,Tier 1: Fast Mover
ORD-11151,2023-05-12,Apparel,Shirts,East,On-Time,39,4,46.93,112.55,0.05,450.2,187.72,427.69,239.97,56.11,Spring,1.0,Tier 1: Fast Mover
ORD-11152,2023-08-24,Furniture,Desks,North,On-Time,114,2,91.94,103.86,0.55,207.72,183.88,93.47,-90.41,-96.72,Summer,2.0,Tier 3: Dead Stock
ORD-11153,2023-11-26,Furniture,Desks,South,On-Time,117,4,297.25,338.77,0.53,1355.08,1189.0,636.89,-552.11,-86.69,Fall,2.0,Tier 3: Dead Stock
ORD-11154,2023-01-10,Electronics,Audio,East,On-Time,29,5,386.43,819.63,0.0,4098.15,1932.15,4098.15,2166.0,52.85,Winter,1.0,Tier 1: Fast Mover
ORD-11155,2023-05-26,Furniture,Tables,South,Delayed - Transit,84,1,301.47,363.62,0.05,363.62,301.47,345.44,43.97,12.73,Spring,1.0,Tier 1: Fast Mover
ORD-11156,2023-10-30,Apparel,Footwear,North,On-Time,30,2,116.21,269.22,0.0,538.44,232.42,538.44,306.02,56.83,Fall,1.0,Tier 1: Fast Mover
ORD-11157,2023-12-07,Electronics,Computers,West,On-Time,24,5,75.83,159.04,0.0,795.2,379.15,795.2,416.05,52.32,Winter,1.0,Tier 1: Fast Mover
ORD-11158,2023-04-08,Furniture,Chairs,East,Delayed - Transit,120,5,383.61,483.2,0.38,2416.0,1918.05,1497.92,-420.13,-28.05,Spring,0.0,Tier 2: Warning
ORD-11159,2023-05-18,Electronics,Accessories,North,Delayed - Transit,114,4,389.15,475.84,0.46,1903.36,1556.6,1027.81,-528.79,-51.45,Spring,0.0,Tier 2: Warning
ORD-11160,2023-06-29,Electronics,Audio,North,On-Time,13,4,380.05,814.69,0.05,3258.76,1520.2,3095.82,1575.62,50.9,Summer,1.0,Tier 1: Fast Mover
ORD-11161,2023-06-13,Apparel,Shirts,West,On-Time,29,3,286.35,611.97,0.05,1835.91,859.05,1744.11,885.06,50.75,Summer,1.0,Tier 1: Fast Mover
ORD-11162,2023-12-05,Electronics,Accessories,East,On-Time,22,5,191.28,446.99,0.05,2234.95,956.4,2123.2,1166.8,54.95,Winter,1.0,Tier 1: Fast Mover
ORD-11163,2023-02-07,Electronics,Computers,West,On-Time,24,5,206.38,333.78,0.05,1668.9,1031.9,1585.46,553.56,34.91,Winter,1.0,Tier 1: Fast Mover
ORD-11164,2023-12-30,Electronics,Computers,West,On-Time,38,4,86.03,188.23,0.0,752.92,344.12,752.92,408.8,54.3,Winter,1.0,Tier 1: Fast Mover
ORD-11165,2023-10-01,Electronics,Accessories,East,On-Time,43,2,151.97,271.93,0.05,543.86,303.94,516.67,212.73,41.17,Fall,1.0,Tier 1: Fast Mover
ORD-11166,2023-02-21,Electronics,Computers,East,On-Time,19,1,334.82,771.58,0.0,771.58,334.82,771.58,436.76,56.61,Winter,1.0,Tier 1: Fast Mover
ORD-11167,2023-08-07,Electronics,Audio,North,On-Time,30,2,393.65,655.84,0.0,1311.68,787.3,1311.68,524.38,39.98,Summer,1.0,Tier 1: Fast Mover
ORD-11168,2023-08-12,Furniture,Chairs,East,On-Time,123,2,132.25,142.13,0.57,284.26,264.5,122.23,-142.27,-116.39,Summer,2.0,Tier 3: Dead Stock
ORD-11169,2023-04-04,Electronics,Audio,North,Delayed - Transit,88,2,99.37,124.66,0.49,249.32,198.74,127.15,-71.59,-56.3,Spring,0.0,Tier 2: Warning
ORD-11170,2023-02-23,Apparel,Shirts,South,Delayed - Transit,86,1,123.61,153.81,0.38,153.81,123.61,95.36,-28.25,-29.62,Winter,0.0,Tier 2: Warning
ORD-11171,2023-04-04,Electronics,Computers,North,Delayed - Customs,103,3,51.69,54.29,0.6,162.87,155.07,65.15,-89.92,-138.03,Spring,2.0,Tier 3: Dead Stock
ORD-11172,2023-09-04,Furniture,Chairs,East,On-Time,108,1,235.11,311.7,0.47,311.7,235.11,165.2,-69.91,-42.32,Fall,0.0,Tier 2: Warning
ORD-11173,2023-05-12,Apparel,Pants,East,On-Time,38,4,362.5,752.29,0.0,3009.16,1450.0,3009.16,1559.16,51.81,Spring,1.0,Tier 1: Fast Mover
ORD-11174,2023-01-08,Electronics,Accessories,West,Delayed - Transit,128,1,144.64,174.48,0.56,174.48,144.64,76.77,-67.87,-88.4,Winter,2.0,Tier 3: Dead Stock
ORD-11175,2023-11-02,Electronics,Accessories,South,On-Time,22,5,57.45,125.54,0.0,627.7,287.25,627.7,340.45,54.24,Fall,1.0,Tier 1: Fast Mover
ORD-11176,2023-06-19,Electronics,Audio,East,Delayed - Transit,84,1,65.41,82.91,0.05,82.91,65.41,78.76,13.35,16.95,Summer,1.0,Tier 1: Fast Mover
ORD-11177,2023-09-14,Apparel,Pants,North,On-Time,20,5,354.72,691.22,0.0,3456.1,1773.6,3456.1,1682.5,48.68,Fall,1.0,Tier 1: Fast Mover
ORD-11178,2023-03-08,Electronics,Accessories,North,On-Time,38,1,364.81,866.63,0.05,866.63,364.81,823.3,458.49,55.69,Spring,1.0,Tier 1: Fast Mover
ORD-11179,2023-03-21,Apparel,Pants,West,On-Time,40,2,281.6,483.42,0.05,966.84,563.2,918.5,355.3,38.68,Spring,1.0,Tier 1: Fast Mover
ORD-11180,2023-10-28,Furniture,Chairs,East,On-Time,117,4,194.71,211.52,0.4,846.08,778.84,507.65,-271.19,-53.42,Fall,0.0,Tier 2: Warning
ORD-11181,2023-01-16,Furniture,Chairs,East,Delayed - Transit,80,2,317.58,369.48,0.0,738.96,635.16,738.96,103.8,14.05,Winter,1.0,Tier 1: Fast Mover
ORD-11182,2023-10-28,Furniture,Tables,West,On-Time,77,5,99.42,130.34,0.0,651.7,497.1,651.7,154.6,23.72,Fall,1.0,Tier 1: Fast Mover
ORD-11183,2023-03-01,Furniture,Tables,South,On-Time,128,3,295.55,333.18,0.41,999.54,886.65,589.73,-296.92,-50.35,Spring,0.0,Tier 2: Warning
ORD-11184,2023-05-26,Apparel,Footwear,North,On-Time,28,4,201.88,451.36,0.05,1805.44,807.52,1715.17,907.65,52.92,Spring,1.0,Tier 1: Fast Mover
ORD-11185,2023-09-17,Furniture,Desks,South,On-Time,162,4,392.01,523.68,0.62,2094.72,1568.04,795.99,-772.05,-96.99,Fall,2.0,Tier 3: Dead Stock
ORD-11186,2023-08-04,Furniture,Desks,East,Delayed - Transit,131,3,194.13,256.55,0.42,769.65,582.39,446.4,-135.99,-30.46,Summer,0.0,Tier 2: Warning
ORD-11187,2023-07-09,Furniture,Chairs,West,On-Time,139,4,45.24,53.07,0.35,212.28,180.96,137.98,-42.98,-31.15,Summer,0.0,Tier 2: Warning
ORD-11188,2023-10-01,Apparel,Shirts,North,On-Time,35,3,183.87,295.25,0.0,885.75,551.61,885.75,334.14,37.72,Fall,1.0,Tier 1: Fast Mover
ORD-11189,2023-03-21,Electronics,Accessories,North,On-Time,30,1,325.0,585.88,0.05,585.88,325.0,556.59,231.59,41.61,Spring,1.0,Tier 1: Fast Mover
ORD-11190,2023-11-10,Furniture,Chairs,West,Delayed - Transit,95,1,347.5,441.89,0.4,441.89,347.5,265.13,-82.37,-31.07,Fall,0.0,Tier 2: Warning
ORD-11191,2023-05-14,Furniture,Desks,East,On-Time,118,5,374.51,434.56,0.35,2172.8,1872.55,1412.32,-460.23,-32.59,Spring,0.0,Tier 2: Warning
ORD-11192,2023-06-15,Apparel,Shirts,East,Delayed - Transit,138,1,332.56,397.97,0.64,397.97,332.56,143.27,-189.29,-132.12,Summer,2.0,Tier 3: Dead Stock
ORD-11193,2023-04-25,Apparel,Pants,South,Delayed - Customs,95,1,314.84,373.83,0.57,373.83,314.84,160.75,-154.09,-95.86,Spring,2.0,Tier 3: Dead Stock
ORD-11194,2023-04-05,Apparel,Shirts,East,Delayed - Transit,100,3,120.24,133.52,0.53,400.56,360.72,188.26,-172.46,-91.6,Spring,2.0,Tier 3: Dead Stock
ORD-11195,2023-05-15,Furniture,Chairs,North,On-Time,117,1,187.93,209.0,0.4,209.0,187.93,125.4,-62.53,-49.86,Spring,0.0,Tier 2: Warning
ORD-11196,2023-02-21,Furniture,Chairs,North,On-Time,125,2,343.78,437.19,0.38,874.38,687.56,542.12,-145.44,-26.83,Winter,0.0,Tier 2: Warning
ORD-11197,2023-05-08,Furniture,Chairs,South,Delayed - Transit,112,1,57.73,61.67,0.53,61.67,57.73,28.98,-28.75,-99.17,Spring,2.0,Tier 3: Dead Stock
ORD-11198,2023-10-22,Electronics,Computers,North,Delayed - Transit,125,2,110.22,138.88,0.45,277.76,220.44,152.77,-67.67,-44.3,Fall,0.0,Tier 2: Warning
ORD-11199,2023-06-16,Electronics,Audio,West,Delayed - Transit,68,2,54.81,68.64,0.05,137.28,109.62,130.42,20.8,15.95,Summer,1.0,Tier 1: Fast Mover
ORD-11200,2023-05-03,Furniture,Chairs,East,On-Time,110,5,98.91,106.39,0.54,531.95,494.55,244.7,-249.85,-102.11,Spring,2.0,Tier 3: Dead Stock
ORD-11201,2023-04-09,Apparel,Shirts,South,Delayed - Transit,97,2,124.35,149.27,0.42,298.54,248.7,173.15,-75.55,-43.63,Spring,0.0,Tier 2: Warning
ORD-11202,2023-07-27,Furniture,Chairs,East,Delayed - Transit,109,3,102.76,108.5,0.38,325.5,308.28,201.81,-106.47,-52.76,Summer,0.0,Tier 2: Warning
ORD-11203,2023-07-29,Furniture,Desks,East,On-Time,125,4,293.56,388.77,0.36,1555.08,1174.24,995.25,-178.99,-17.98,Summer,0.0,Tier 2: Warning
ORD-11204,2023-07-28,Electronics,Audio,West,On-Time,30,2,222.57,374.51,0.0,749.02,445.14,749.02,303.88,40.57,Summer,1.0,Tier 1: Fast Mover
ORD-11205,2023-01-22,Furniture,Chairs,East,Delayed - Customs,134,5,90.09,101.75,0.37,508.75,450.45,320.51,-129.94,-40.54,Winter,0.0,Tier 2: Warning
ORD-11206,2023-03-10,Furniture,Desks,South,On-Time,91,2,266.07,347.68,0.65,695.36,532.14,243.38,-288.76,-118.65,Spring,2.0,Tier 3: Dead Stock
ORD-11207,2023-03-02,Apparel,Uncategorized,North,On-Time,37,4,53.37,88.27,0.0,353.08,213.48,353.08,139.6,39.54,Spring,1.0,Tier 1: Fast Mover
ORD-11208,2023-11-16,Furniture,Tables,North,On-Time,111,2,82.17,87.77,0.45,175.54,164.34,96.55,-67.79,-70.22,Fall,0.0,Tier 2: Warning
ORD-11209,2023-08-02,Furniture,Desks,West,On-Time,121,1,27.85,29.77,0.37,29.77,27.85,18.76,-9.09,-48.49,Summer,0.0,Tier 2: Warning
ORD-11210,2023-02-01,Electronics,Audio,South,On-Time,40,5,35.83,72.11,0.0,360.55,179.15,360.55,181.4,50.31,Winter,1.0,Tier 1: Fast Mover
ORD-11211,2023-09-01,Apparel,Shirts,East,Delayed - Customs,97,4,37.85,48.01,0.36,192.04,151.4,122.91,-28.49,-23.18,Fall,0.0,Tier 2: Warning
ORD-11212,2023-10-04,Furniture,Tables,East,On-Time,146,3,214.9,260.4,0.58,781.2,644.7,328.1,-316.6,-96.49,Fall,2.0,Tier 3: Dead Stock
ORD-11213,2023-05-04,Apparel,Pants,South,On-Time,25,2,155.65,350.78,0.0,701.56,311.3,701.56,390.26,55.63,Spring,1.0,Tier 1: Fast Mover
ORD-11214,2023-01-24,Electronics,Computers,North,Delayed - Customs,89,3,21.84,23.02,0.38,69.06,65.52,42.82,-22.7,-53.02,Winter,0.0,Tier 2: Warning
ORD-11215,2023-02-18,Apparel,Uncategorized,North,Delayed - Transit,139,5,352.34,393.25,0.5,1966.25,1761.7,983.13,-778.58,-79.19,Winter,2.0,Tier 3: Dead Stock
ORD-11216,2023-08-16,Electronics,Accessories,East,On-Time,42,5,219.54,381.13,0.0,1905.65,1097.7,1905.65,807.95,42.4,Summer,1.0,Tier 1: Fast Mover
ORD-11217,2023-03-18,Furniture,Chairs,East,Delayed - Customs,112,5,211.59,264.13,0.46,1320.65,1057.95,713.15,-344.8,-48.35,Spring,0.0,Tier 2: Warning
ORD-11218,2023-10-02,Apparel,Pants,East,On-Time,15,2,113.56,239.11,0.05,478.22,227.12,454.31,227.19,50.01,Fall,1.0,Tier 1: Fast Mover
ORD-11219,2023-09-07,Electronics,Audio,North,On-Time,42,2,161.64,324.9,0.05,649.8,323.28,617.31,294.03,47.63,Fall,1.0,Tier 1: Fast Mover
ORD-11220,2023-01-02,Furniture,Desks,North,On-Time,138,4,65.12,83.11,0.49,332.44,260.48,169.54,-90.94,-53.64,Winter,0.0,Tier 2: Warning
ORD-11221,2023-09-22,Apparel,Pants,West,On-Time,30,1,365.87,735.78,0.05,735.78,365.87,698.99,333.12,47.66,Fall,1.0,Tier 1: Fast Mover
ORD-11222,2023-02-19,Electronics,Computers,North,On-Time,25,3,255.73,613.01,0.05,1839.03,767.19,1747.08,979.89,56.09,Winter,1.0,Tier 1: Fast Mover
ORD-11223,2023-05-05,Furniture,Desks,East,On-Time,122,2,160.01,189.99,0.51,379.98,320.02,186.19,-133.83,-71.88,Spring,0.0,Tier 2: Warning
ORD-11224,2023-03-18,Apparel,Pants,West,Delayed - Transit,100,3,80.16,106.8,0.48,320.4,240.48,166.61,-73.87,-44.34,Spring,0.0,Tier 2: Warning
ORD-11225,2023-02-04,Electronics,Accessories,West,On-Time,19,1,342.35,750.18,0.0,750.18,342.35,750.18,407.83,54.36,Winter,1.0,Tier 1: Fast Mover
ORD-11226,2023-06-24,Electronics,Accessories,South,On-Time,21,1,316.0,631.58,0.0,631.58,316.0,631.58,315.58,49.97,Summer,1.0,Tier 1: Fast Mover
ORD-11227,2023-02-05,Electronics,Accessories,South,On-Time,20,1,200.89,343.62,0.05,343.62,200.89,326.44,125.55,38.46,Winter,1.0,Tier 1: Fast Mover
ORD-11228,2023-02-01,Furniture,Tables,North,On-Time,114,3,77.79,84.14,0.42,252.42,233.37,146.4,-86.97,-59.4,Winter,0.0,Tier 2: Warning
ORD-11229,2023-02-23,Apparel,Footwear,South,On-Time,23,4,32.16,76.32,0.0,305.28,128.64,305.28,176.64,57.86,Winter,1.0,Tier 1: Fast Mover
ORD-11230,2023-11-23,Furniture,Desks,West,On-Time,134,5,139.06,171.12,0.45,855.6,695.3,470.58,-224.72,-47.75,Fall,0.0,Tier 2: Warning
ORD-11231,2023-11-24,Furniture,Desks,East,On-Time,165,2,336.12,436.62,0.39,873.24,672.24,532.68,-139.56,-26.2,Fall,0.0,Tier 2: Warning
ORD-11232,2023-02-16,Furniture,Desks,East,Delayed - Customs,93,4,107.38,141.27,0.6,565.08,429.52,226.03,-203.49,-90.03,Winter,2.0,Tier 3: Dead Stock
ORD-11233,2023-12-29,Furniture,Chairs,South,Delayed - Transit,78,5,47.81,54.03,0.0,270.15,239.05,270.15,31.1,11.51,Winter,1.0,Tier 1: Fast Mover
ORD-11234,2023-01-22,Electronics,Audio,North,On-Time,10,2,226.33,506.65,0.05,1013.3,452.66,962.64,509.98,52.98,Winter,1.0,Tier 1: Fast Mover
ORD-11235,2023-09-07,Electronics,Accessories,East,On-Time,31,3,387.12,661.66,0.05,1984.98,1161.36,1885.73,724.37,38.41,Fall,1.0,Tier 1: Fast Mover
ORD-11236,2023-07-19,Electronics,Audio,West,On-Time,26,1,144.4,252.94,0.05,252.94,144.4,240.29,95.89,39.91,Summer,1.0,Tier 1: Fast Mover
ORD-11237,2023-06-24,Apparel,Shirts,West,On-Time,19,4,364.0,787.25,0.0,3149.0,1456.0,3149.0,1693.0,53.76,Summer,1.0,Tier 1: Fast Mover
ORD-11238,2023-04-04,Furniture,Uncategorized,East,On-Time,117,2,383.5,414.87,0.55,829.74,767.0,373.38,-393.62,-105.42,Spring,2.0,Tier 3: Dead Stock
ORD-11239,2023-03-29,Apparel,Shirts,North,Delayed - Customs,136,3,352.81,454.06,0.43,1362.18,1058.43,776.44,-281.99,-36.32,Spring,0.0,Tier 2: Warning
ORD-11240,2023-04-03,Apparel,Pants,South,On-Time,22,5,375.41,778.54,0.05,3892.7,1877.05,3698.07,1821.02,49.24,Spring,1.0,Tier 1: Fast Mover
ORD-11241,2023-04-14,Furniture,Chairs,North,On-Time,111,2,269.98,338.41,0.41,676.82,539.96,399.32,-140.64,-35.22,Spring,0.0,Tier 2: Warning
ORD-11242,2023-07-04,Electronics,Computers,South,On-Time,29,2,201.29,395.37,0.05,790.74,402.58,751.2,348.62,46.41,Summer,1.0,Tier 1: Fast Mover
ORD-11243,2023-06-26,Electronics,Audio,North,Delayed - Transit,123,4,275.35,327.82,0.54,1311.28,1101.4,603.19,-498.21,-82.6,Summer,2.0,Tier 3: Dead Stock
ORD-11244,2023-11-28,Apparel,Pants,East,On-Time,47,3,294.14,660.06,0.05,1980.18,882.42,1881.17,998.75,53.09,Fall,1.0,Tier 1: Fast Mover
ORD-11245,2023-11-09,Furniture,Chairs,North,On-Time,157,4,399.01,459.05,0.64,1836.2,1596.04,661.03,-935.01,-141.45,Fall,2.0,Tier 3: Dead Stock
ORD-11246,2023-06-04,Electronics,Computers,East,Delayed - Transit,100,5,121.21,127.49,0.39,637.45,606.05,388.84,-217.21,-55.86,Summer,0.0,Tier 2: Warning
ORD-11247,2023-02-24,Furniture,Chairs,North,On-Time,99,4,349.2,383.51,0.58,1534.04,1396.8,644.3,-752.5,-116.79,Winter,2.0,Tier 3: Dead Stock
ORD-11248,2023-04-11,Electronics,Accessories,North,On-Time,38,2,74.76,144.19,0.0,288.38,149.52,288.38,138.86,48.15,Spring,1.0,Tier 1: Fast Mover
ORD-11249,2023-03-31,Apparel,Shirts,East,On-Time,27,4,244.11,524.01,0.05,2096.04,976.44,1991.24,1014.8,50.96,Spring,1.0,Tier 1: Fast Mover
ORD-11250,2023-10-11,Apparel,Footwear,North,On-Time,24,4,317.54,522.89,0.0,2091.56,1270.16,2091.56,821.4,39.27,Fall,1.0,Tier 1: Fast Mover
ORD-11251,2023-05-03,Furniture,Chairs,South,On-Time,81,1,111.78,130.1,0.0,130.1,111.78,130.1,18.32,14.08,Spring,1.0,Tier 1: Fast Mover
ORD-11252,2023-04-01,Furniture,Tables,West,Delayed - Customs,140,4,167.82,207.01,0.55,828.04,671.28,372.62,-298.66,-80.15,Spring,2.0,Tier 3: Dead Stock
ORD-11253,2023-10-28,Apparel,Footwear,East,On-Time,39,3,228.05,526.23,0.05,1578.69,684.15,1499.76,815.61,54.38,Fall,1.0,Tier 1: Fast Mover
ORD-11254,2023-10-27,Furniture,Tables,North,Delayed - Transit,129,4,289.05,371.55,0.4,1486.2,1156.2,891.72,-264.48,-29.66,Fall,0.0,Tier 2: Warning
ORD-11255,2023-04-15,Furniture,Tables,North,On-Time,114,2,170.97,218.08,0.49,436.16,341.94,222.44,-119.5,-53.72,Spring,0.0,Tier 2: Warning
ORD-11256,2023-07-25,Apparel,Shirts,North,On-Time,24,3,380.95,750.18,0.0,2250.54,1142.85,2250.54,1107.69,49.22,Summer,1.0,Tier 1: Fast Mover
ORD-11257,2023-03-23,Furniture,Chairs,South,On-Time,109,1,330.42,420.35,0.57,420.35,330.42,180.75,-149.67,-82.8,Spring,2.0,Tier 3: Dead Stock
ORD-11258,2023-04-24,Electronics,Audio,West,On-Time,21,5,340.91,606.77,0.05,3033.85,1704.55,2882.16,1177.61,40.86,Spring,1.0,Tier 1: Fast Mover
ORD-11259,2023-02-07,Electronics,Computers,West,Delayed - Transit,126,4,26.81,35.1,0.58,140.4,107.24,58.97,-48.27,-81.86,Winter,2.0,Tier 3: Dead Stock
ORD-11260,2023-11-21,Furniture,Desks,North,On-Time,141,1,72.53,96.1,0.38,96.1,72.53,59.58,-12.95,-21.73,Fall,0.0,Tier 2: Warning
ORD-11261,2023-05-09,Furniture,Desks,East,On-Time,161,1,385.81,445.49,0.44,445.49,385.81,249.47,-136.34,-54.65,Spring,0.0,Tier 2: Warning
ORD-11262,2023-03-27,Furniture,Tables,West,On-Time,110,3,181.03,224.21,0.55,672.63,543.09,302.68,-240.41,-79.43,Spring,2.0,Tier 3: Dead Stock
ORD-11263,2023-08-27,Electronics,Computers,South,Delayed - Transit,137,1,114.45,126.65,0.47,126.65,114.45,67.12,-47.33,-70.5,Summer,0.0,Tier 2: Warning
ORD-11264,2023-08-16,Electronics,Uncategorized,North,On-Time,47,3,343.61,694.68,0.05,2084.04,1030.83,1979.84,949.01,47.93,Summer,1.0,Tier 1: Fast Mover
ORD-11265,2023-12-13,Furniture,Desks,West,Delayed - Transit,98,1,289.36,334.94,0.57,334.94,289.36,144.02,-145.34,-100.91,Winter,2.0,Tier 3: Dead Stock
ORD-11266,2023-01-20,Furniture,Chairs,South,On-Time,114,1,67.66,79.54,0.56,79.54,67.66,35.0,-32.66,-93.33,Winter,2.0,Tier 3: Dead Stock
ORD-11267,2023-09-06,Apparel,Shirts,North,On-Time,12,5,350.64,652.77,0.0,3263.85,1753.2,3263.85,1510.65,46.28,Fall,1.0,Tier 1: Fast Mover
ORD-11268,2023-01-01,Electronics,Audio,North,On-Time,23,2,332.9,541.73,0.05,1083.46,665.8,1029.29,363.49,35.31,Winter,1.0,Tier 1: Fast Mover
ORD-11269,2023-12-05,Electronics,Audio,South,On-Time,41,3,301.93,595.55,0.05,1786.65,905.79,1697.32,791.53,46.63,Winter,1.0,Tier 1: Fast Mover
ORD-11270,2023-02-16,Electronics,Computers,West,Delayed - Transit,109,1,261.92,334.06,0.51,334.06,261.92,163.69,-98.23,-60.01,Winter,0.0,Tier 2: Warning
ORD-11271,2023-12-23,Apparel,Pants,North,On-Time,19,4,394.74,642.86,0.05,2571.44,1578.96,2442.87,863.91,35.36,Winter,1.0,Tier 1: Fast Mover
ORD-11272,2023-02-09,Furniture,Desks,East,On-Time,110,1,33.13,43.58,0.6,43.58,33.13,17.43,-15.7,-90.05,Winter,2.0,Tier 3: Dead Stock
ORD-11273,2023-05-11,Apparel,Footwear,West,On-Time,29,4,49.04,106.5,0.05,426.0,196.16,404.7,208.54,51.53,Spring,1.0,Tier 1: Fast Mover
ORD-11274,2023-07-12,Electronics,Accessories,West,Delayed - Transit,87,2,364.24,467.77,0.51,935.54,728.48,458.41,-270.07,-58.91,Summer,0.0,Tier 2: Warning
ORD-11275,2023-06-20,Furniture,Desks,South,Delayed - Transit,91,5,215.4,285.53,0.39,1427.65,1077.0,870.87,-206.13,-23.67,Summer,0.0,Tier 2: Warning
ORD-11276,2023-11-18,Apparel,Footwear,South,On-Time,20,3,113.38,217.06,0.05,651.18,340.14,618.62,278.48,45.02,Fall,1.0,Tier 1: Fast Mover
ORD-11277,2023-02-11,Electronics,Audio,South,On-Time,23,5,179.44,380.07,0.0,1900.35,897.2,1900.35,1003.15,52.79,Winter,1.0,Tier 1: Fast Mover
ORD-11278,2023-03-02,Apparel,Footwear,South,On-Time,38,2,350.03,571.95,0.05,1143.9,700.06,1086.71,386.65,35.58,Spring,1.0,Tier 1: Fast Mover
ORD-11279,2023-04-10,Furniture,Chairs,East,On-Time,113,2,309.01,324.69,0.4,649.38,618.02,389.63,-228.39,-58.62,Spring,0.0,Tier 2: Warning
ORD-11280,2023-11-23,Apparel,Shirts,South,On-Time,33,3,99.87,192.32,0.0,576.96,299.61,576.96,277.35,48.07,Fall,1.0,Tier 1: Fast Mover
ORD-11281,2023-07-31,Apparel,Footwear,North,On-Time,29,4,355.43,809.38,0.0,3237.52,1421.72,3237.52,1815.8,56.09,Summer,1.0,Tier 1: Fast Mover
ORD-11282,2023-08-05,Furniture,Tables,West,On-Time,131,4,123.33,145.78,0.64,583.12,493.32,209.92,-283.4,-135.0,Summer,2.0,Tier 3: Dead Stock
ORD-11283,2023-07-07,Apparel,Pants,South,On-Time,13,4,160.33,364.98,0.05,1459.92,641.32,1386.92,745.6,53.76,Summer,1.0,Tier 1: Fast Mover
ORD-11284,2023-09-10,Apparel,Footwear,South,On-Time,45,1,32.71,62.18,0.05,62.18,32.71,59.07,26.36,44.63,Fall,1.0,Tier 1: Fast Mover
ORD-11285,2023-10-20,Electronics,Uncategorized,West,On-Time,19,2,98.58,222.8,0.0,445.6,197.16,445.6,248.44,55.75,Fall,1.0,Tier 1: Fast Mover
ORD-11286,2023-04-12,Furniture,Desks,East,Delayed - Transit,71,4,310.95,380.35,0.0,1521.4,1243.8,1521.4,277.6,18.25,Spring,1.0,Tier 1: Fast Mover
ORD-11287,2023-10-12,Electronics,Audio,North,On-Time,44,4,119.77,244.57,0.05,978.28,479.08,929.37,450.29,48.45,Fall,1.0,Tier 1: Fast Mover
ORD-11288,2023-08-09,Furniture,Uncategorized,North,On-Time,69,5,54.71,61.99,0.05,309.95,273.55,294.45,20.9,7.1,Summer,1.0,Tier 1: Fast Mover
ORD-11289,2023-02-24,Furniture,Desks,North,On-Time,144,4,117.02,130.31,0.55,521.24,468.08,234.56,-233.52,-99.56,Winter,2.0,Tier 3: Dead Stock
ORD-11290,2023-02-24,Apparel,Pants,North,On-Time,19,5,263.32,494.45,0.05,2472.25,1316.6,2348.64,1032.04,43.94,Winter,1.0,Tier 1: Fast Mover
ORD-11291,2023-07-11,Electronics,Computers,West,On-Time,44,4,226.53,509.44,0.0,2037.76,906.12,2037.76,1131.64,55.53,Summer,1.0,Tier 1: Fast Mover
ORD-11292,2023-10-02,Electronics,Accessories,North,Delayed - Transit,131,5,48.12,64.45,0.6,322.25,240.6,128.9,-111.7,-86.66,Fall,2.0,Tier 3: Dead Stock
ORD-11293,2023-05-16,Furniture,Uncategorized,West,On-Time,162,3,16.27,21.94,0.65,65.82,48.81,23.04,-25.77,-111.88,Spring,2.0,Tier 3: Dead Stock
ORD-11294,2023-11-15,Electronics,Accessories,East,On-Time,17,1,32.08,56.32,0.05,56.32,32.08,53.5,21.42,40.04,Fall,1.0,Tier 1: Fast Mover
ORD-11295,2023-09-21,Electronics,Accessories,South,On-Time,32,5,57.56,106.53,0.0,532.65,287.8,532.65,244.85,45.97,Fall,1.0,Tier 1: Fast Mover
ORD-11296,2023-11-07,Electronics,Computers,West,On-Time,5,5,311.26,592.24,0.0,2961.2,1556.3,2961.2,1404.9,47.44,Fall,1.0,Tier 1: Fast Mover
ORD-11297,2023-02-04,Furniture,Desks,West,On-Time,114,1,146.49,196.22,0.53,196.22,146.49,92.22,-54.27,-58.84,Winter,0.0,Tier 2: Warning
ORD-11298,2023-01-31,Electronics,Uncategorized,North,On-Time,29,1,387.38,722.86,0.0,722.86,387.38,722.86,335.48,46.41,Winter,1.0,Tier 1: Fast Mover
ORD-11299,2023-09-24,Apparel,Footwear,North,On-Time,30,4,85.82,188.29,0.0,753.16,343.28,753.16,409.88,54.42,Fall,1.0,Tier 1: Fast Mover
ORD-11300,2023-06-02,Electronics,Computers,North,On-Time,33,4,235.01,502.09,0.05,2008.36,940.04,1907.94,967.9,50.73,Summer,1.0,Tier 1: Fast Mover
ORD-11301,2023-02-24,Apparel,Pants,East,On-Time,26,5,222.65,381.49,0.0,1907.45,1113.25,1907.45,794.2,41.64,Winter,1.0,Tier 1: Fast Mover
ORD-11302,2023-06-05,Furniture,Desks,South,On-Time,124,2,39.45,48.39,0.54,96.78,78.9,44.52,-34.38,-77.23,Summer,0.0,Tier 2: Warning
ORD-11303,2023-06-26,Electronics,Accessories,West,On-Time,25,3,17.81,30.19,0.0,90.57,53.43,90.57,37.14,41.01,Summer,1.0,Tier 1: Fast Mover
ORD-11304,2023-02-17,Furniture,Tables,East,Delayed - Customs,123,4,24.94,27.41,0.36,109.64,99.76,70.17,-29.59,-42.17,Winter,0.0,Tier 2: Warning
ORD-11305,2023-06-11,Apparel,Pants,North,On-Time,22,2,191.17,361.17,0.05,722.34,382.34,686.22,303.88,44.28,Summer,1.0,Tier 1: Fast Mover
ORD-11306,2023-10-16,Electronics,Accessories,East,On-Time,34,3,220.32,514.39,0.05,1543.17,660.96,1466.01,805.05,54.91,Fall,1.0,Tier 1: Fast Mover
ORD-11307,2023-06-30,Electronics,Computers,West,Delayed - Customs,117,2,100.75,125.32,0.51,250.64,201.5,122.81,-78.69,-64.07,Summer,0.0,Tier 2: Warning
ORD-11308,2023-06-18,Electronics,Computers,East,On-Time,19,5,39.9,68.16,0.0,340.8,199.5,340.8,141.3,41.46,Summer,1.0,Tier 1: Fast Mover
ORD-11309,2023-12-26,Apparel,Pants,West,On-Time,22,4,161.74,303.26,0.05,1213.04,646.96,1152.39,505.43,43.86,Winter,1.0,Tier 1: Fast Mover
ORD-11310,2023-06-30,Electronics,Accessories,East,On-Time,34,1,186.32,303.77,0.0,303.77,186.32,303.77,117.45,38.66,Summer,1.0,Tier 1: Fast Mover
ORD-11311,2023-03-04,Electronics,Accessories,South,On-Time,33,2,247.46,558.09,0.05,1116.18,494.92,1060.37,565.45,53.33,Spring,1.0,Tier 1: Fast Mover
ORD-11312,2023-06-05,Electronics,Computers,South,On-Time,27,3,289.77,574.51,0.0,1723.53,869.31,1723.53,854.22,49.56,Summer,1.0,Tier 1: Fast Mover
ORD-11313,2023-02-28,Furniture,Desks,West,On-Time,130,3,331.14,432.76,0.46,1298.28,993.42,701.07,-292.35,-41.7,Winter,0.0,Tier 2: Warning
ORD-11314,2023-06-23,Furniture,Desks,West,On-Time,127,4,263.05,285.65,0.54,1142.6,1052.2,525.6,-526.6,-100.19,Summer,2.0,Tier 3: Dead Stock
ORD-11315,2023-05-23,Electronics,Accessories,West,Delayed - Transit,95,3,123.57,164.92,0.54,494.76,370.71,227.59,-143.12,-62.89,Spring,0.0,Tier 2: Warning
ORD-11316,2023-10-11,Apparel,Footwear,West,Delayed - Transit,133,4,243.78,259.17,0.41,1036.68,975.12,611.64,-363.48,-59.43,Fall,0.0,Tier 2: Warning
ORD-11317,2023-06-29,Electronics,Computers,North,Delayed - Customs,119,2,214.53,282.23,0.53,564.46,429.06,265.3,-163.76,-61.73,Summer,0.0,Tier 2: Warning
ORD-11318,2023-07-10,Electronics,Audio,South,On-Time,10,4,300.29,657.66,0.05,2630.64,1201.16,2499.11,1297.95,51.94,Summer,1.0,Tier 1: Fast Mover
ORD-11319,2023-05-18,Furniture,Tables,South,On-Time,121,2,110.11,115.97,0.49,231.94,220.22,118.29,-101.93,-86.17,Spring,2.0,Tier 3: Dead Stock
ORD-11320,2023-11-28,Electronics,Audio,West,On-Time,47,3,19.82,34.41,0.05,103.23,59.46,98.07,38.61,39.37,Fall,1.0,Tier 1: Fast Mover
ORD-11321,2023-10-11,Apparel,Pants,North,On-Time,32,4,262.98,520.57,0.05,2082.28,1051.92,1978.17,926.25,46.82,Fall,1.0,Tier 1: Fast Mover
ORD-11322,2023-10-04,Electronics,Computers,West,On-Time,25,4,84.3,142.69,0.05,570.76,337.2,542.22,205.02,37.81,Fall,1.0,Tier 1: Fast Mover
ORD-11323,2023-02-26,Furniture,Chairs,North,On-Time,151,1,171.39,225.72,0.43,225.72,171.39,128.66,-42.73,-33.21,Winter,0.0,Tier 2: Warning
ORD-11324,2023-10-22,Electronics,Audio,North,On-Time,18,1,153.29,366.43,0.0,366.43,153.29,366.43,213.14,58.17,Fall,1.0,Tier 1: Fast Mover
ORD-11325,2023-06-12,Furniture,Desks,North,On-Time,143,1,263.18,285.62,0.65,285.62,263.18,99.97,-163.21,-163.27,Summer,2.0,Tier 3: Dead Stock
ORD-11326,2023-06-27,Electronics,Audio,South,On-Time,45,5,61.91,109.53,0.0,547.65,309.55,547.65,238.1,43.48,Summer,1.0,Tier 1: Fast Mover
ORD-11327,2023-03-18,Apparel,Pants,North,On-Time,20,5,79.89,144.66,0.0,723.3,399.45,723.3,323.85,44.77,Spring,1.0,Tier 1: Fast Mover
ORD-11328,2023-06-16,Furniture,Tables,East,On-Time,91,3,368.87,429.57,0.57,1288.71,1106.61,554.15,-552.46,-99.7,Summer,2.0,Tier 3: Dead Stock
ORD-11329,2023-03-11,Electronics,Audio,West,On-Time,41,4,266.07,557.02,0.0,2228.08,1064.28,2228.08,1163.8,52.23,Spring,1.0,Tier 1: Fast Mover
ORD-11330,2023-09-06,Electronics,Accessories,South,Delayed - Transit,83,1,253.11,279.93,0.05,279.93,253.11,265.93,12.82,4.82,Fall,1.0,Tier 1: Fast Mover
ORD-11331,2023-10-23,Apparel,Footwear,South,Delayed - Customs,73,4,282.2,378.75,0.05,1515.0,1128.8,1439.25,310.45,21.57,Fall,1.0,Tier 1: Fast Mover
ORD-11332,2023-08-21,Furniture,Chairs,South,On-Time,111,2,316.45,363.69,0.38,727.38,632.9,450.98,-181.92,-40.34,Summer,0.0,Tier 2: Warning
ORD-11333,2023-07-18,Apparel,Footwear,North,Delayed - Customs,121,4,250.43,271.83,0.53,1087.32,1001.72,511.04,-490.68,-96.02,Summer,2.0,Tier 3: Dead Stock
ORD-11334,2023-04-18,Electronics,Accessories,East,Delayed - Transit,113,1,27.97,33.94,0.4,33.94,27.97,20.36,-7.61,-37.35,Spring,0.0,Tier 2: Warning
ORD-11335,2023-04-30,Electronics,Accessories,West,Delayed - Customs,137,2,131.07,161.23,0.45,322.46,262.14,177.35,-84.79,-47.81,Spring,0.0,Tier 2: Warning
ORD-11336,2023-08-09,Apparel,Shirts,West,On-Time,44,5,122.38,282.66,0.0,1413.3,611.9,1413.3,801.4,56.7,Summer,1.0,Tier 1: Fast Mover
ORD-11337,2023-09-05,Furniture,Chairs,West,On-Time,147,3,398.13,443.9,0.63,1331.7,1194.39,492.73,-701.66,-142.4,Fall,2.0,Tier 3: Dead Stock
ORD-11338,2023-11-24,Electronics,Audio,East,On-Time,37,3,96.45,197.6,0.0,592.8,289.35,592.8,303.45,51.19,Fall,1.0,Tier 1: Fast Mover
ORD-11339,2023-09-30,Furniture,Desks,East,On-Time,111,3,76.32,93.94,0.41,281.82,228.96,166.27,-62.69,-37.7,Fall,0.0,Tier 2: Warning
ORD-11340,2023-08-12,Apparel,Footwear,North,On-Time,40,4,290.78,584.11,0.0,2336.44,1163.12,2336.44,1173.32,50.22,Summer,1.0,Tier 1: Fast Mover
ORD-11341,2023-03-03,Apparel,Footwear,South,On-Time,26,1,157.35,330.2,0.0,330.2,157.35,330.2,172.85,52.35,Spring,1.0,Tier 1: Fast Mover
ORD-11342,2023-04-27,Apparel,Footwear,South,On-Time,26,2,287.73,647.43,0.0,1294.86,575.46,1294.86,719.4,55.56,Spring,1.0,Tier 1: Fast Mover
ORD-11343,2023-05-25,Electronics,Computers,North,Delayed - Transit,101,5,182.11,193.35,0.51,966.75,910.55,473.71,-436.84,-92.22,Spring,2.0,Tier 3: Dead Stock
ORD-11344,2023-10-04,Apparel,Shirts,North,On-Time,26,2,121.89,254.59,0.05,509.18,243.78,483.72,239.94,49.6,Fall,1.0,Tier 1: Fast Mover
ORD-11345,2023-11-30,Electronics,Computers,North,On-Time,32,2,390.9,702.21,0.0,1404.42,781.8,1404.42,622.62,44.33,Fall,1.0,Tier 1: Fast Mover
ORD-11346,2023-12-02,Electronics,Computers,North,Delayed - Transit,74,1,80.75,87.64,0.05,87.64,80.75,83.26,2.51,3.01,Winter,1.0,Tier 1: Fast Mover
ORD-11347,2023-05-22,Electronics,Audio,South,On-Time,41,5,255.73,491.83,0.0,2459.15,1278.65,2459.15,1180.5,48.0,Spring,1.0,Tier 1: Fast Mover
ORD-11348,2023-12-23,Electronics,Audio,West,On-Time,37,5,262.05,476.04,0.0,2380.2,1310.25,2380.2,1069.95,44.95,Winter,1.0,Tier 1: Fast Mover
ORD-11349,2023-05-02,Apparel,Shirts,East,On-Time,32,4,259.87,621.85,0.0,2487.4,1039.48,2487.4,1447.92,58.21,Spring,1.0,Tier 1: Fast Mover
ORD-11350,2023-07-22,Electronics,Audio,West,Delayed - Transit,131,3,397.59,514.64,0.58,1543.92,1192.77,648.45,-544.32,-83.94,Summer,2.0,Tier 3: Dead Stock
ORD-11351,2023-07-06,Apparel,Footwear,West,On-Time,34,2,303.65,712.59,0.0,1425.18,607.3,1425.18,817.88,57.39,Summer,1.0,Tier 1: Fast Mover
ORD-11352,2023-10-16,Furniture,Desks,West,Delayed - Transit,64,1,39.01,44.19,0.05,44.19,39.01,41.98,2.97,7.08,Fall,1.0,Tier 1: Fast Mover
ORD-11353,2023-07-10,Furniture,Desks,West,Delayed - Transit,108,1,282.5,369.13,0.35,369.13,282.5,239.93,-42.57,-17.74,Summer,0.0,Tier 2: Warning
ORD-11354,2023-10-18,Apparel,Shirts,East,On-Time,35,5,348.21,612.33,0.0,3061.65,1741.05,3061.65,1320.6,43.13,Fall,1.0,Tier 1: Fast Mover
ORD-11355,2023-11-20,Apparel,Pants,West,On-Time,68,1,302.26,654.32,0.0,654.32,302.26,654.32,352.06,53.81,Fall,1.0,Tier 1: Fast Mover
ORD-11356,2023-07-21,Electronics,Accessories,East,On-Time,30,5,161.21,298.56,0.05,1492.8,806.05,1418.16,612.11,43.16,Summer,1.0,Tier 1: Fast Mover
ORD-11357,2023-06-05,Apparel,Pants,West,Delayed - Transit,124,2,369.1,464.84,0.5,929.68,738.2,464.84,-273.36,-58.81,Summer,0.0,Tier 2: Warning
ORD-11358,2023-09-08,Apparel,Footwear,South,On-Time,48,5,350.46,639.74,0.05,3198.7,1752.3,3038.77,1286.47,42.34,Fall,1.0,Tier 1: Fast Mover
ORD-11359,2023-10-06,Furniture,Chairs,South,On-Time,95,2,270.57,311.61,0.46,623.22,541.14,336.54,-204.6,-60.8,Fall,0.0,Tier 2: Warning
ORD-11360,2023-11-21,Electronics,Computers,West,On-Time,22,4,377.14,812.55,0.0,3250.2,1508.56,3250.2,1741.64,53.59,Fall,1.0,Tier 1: Fast Mover
ORD-11361,2023-02-28,Apparel,Footwear,South,Delayed - Transit,105,3,217.1,288.52,0.64,865.56,651.3,311.6,-339.7,-109.02,Winter,2.0,Tier 3: Dead Stock
ORD-11362,2023-04-23,Apparel,Footwear,North,On-Time,30,2,315.07,665.07,0.0,1330.14,630.14,1330.14,700.0,52.63,Spring,1.0,Tier 1: Fast Mover
ORD-11363,2023-09-01,Furniture,Desks,North,On-Time,102,2,343.3,364.75,0.37,729.5,686.6,459.59,-227.02,-49.4,Fall,0.0,Tier 2: Warning
ORD-11364,2023-08-06,Furniture,Tables,South,Delayed - Customs,136,4,342.51,457.34,0.62,1829.36,1370.04,695.16,-674.88,-97.08,Summer,2.0,Tier 3: Dead Stock
ORD-11365,2023-04-19,Electronics,Computers,North,On-Time,34,1,212.7,380.37,0.0,380.37,212.7,380.37,167.67,44.08,Spring,1.0,Tier 1: Fast Mover
ORD-11366,2023-07-24,Electronics,Computers,South,On-Time,37,5,338.33,662.12,0.0,3310.6,1691.65,3310.6,1618.95,48.9,Summer,1.0,Tier 1: Fast Mover
ORD-11367,2023-09-17,Furniture,Chairs,West,On-Time,87,2,23.95,26.42,0.41,52.84,47.9,31.18,-16.72,-53.65,Fall,0.0,Tier 2: Warning
ORD-11368,2023-09-18,Furniture,Chairs,North,On-Time,112,1,260.59,277.06,0.51,277.06,260.59,135.76,-124.83,-91.95,Fall,2.0,Tier 3: Dead Stock
ORD-11369,2023-07-14,Electronics,Accessories,West,On-Time,25,1,140.23,232.87,0.05,232.87,140.23,221.23,81.0,36.61,Summer,1.0,Tier 1: Fast Mover
ORD-11370,2023-03-19,Electronics,Audio,South,On-Time,42,1,248.58,594.04,0.05,594.04,248.58,564.34,315.76,55.95,Spring,1.0,Tier 1: Fast Mover
ORD-11371,2023-12-30,Furniture,Desks,North,On-Time,108,4,366.74,390.47,0.48,1561.88,1466.96,812.18,-654.78,-80.62,Winter,2.0,Tier 3: Dead Stock
ORD-11372,2023-05-28,Furniture,Tables,North,On-Time,80,3,187.88,243.03,0.0,729.09,563.64,729.09,165.45,22.69,Spring,1.0,Tier 1: Fast Mover
ORD-11373,2023-12-27,Furniture,Chairs,South,On-Time,165,5,99.36,132.73,0.39,663.65,496.8,404.83,-91.97,-22.72,Winter,0.0,Tier 2: Warning
ORD-11374,2023-11-17,Electronics,Computers,South,Delayed - Customs,151,2,350.39,404.37,0.45,808.74,700.78,444.81,-255.97,-57.55,Fall,0.0,Tier 2: Warning
ORD-11375,2023-04-06,Electronics,Computers,West,On-Time,33,2,342.76,754.59,0.05,1509.18,685.52,1433.72,748.2,52.19,Spring,1.0,Tier 1: Fast Mover
ORD-11376,2023-02-20,Apparel,Footwear,North,On-Time,40,4,198.18,445.82,0.0,1783.28,792.72,1783.28,990.56,55.55,Winter,1.0,Tier 1: Fast Mover
ORD-11377,2023-04-22,Apparel,Footwear,East,Delayed - Transit,98,4,398.29,454.15,0.43,1816.6,1593.16,1035.46,-557.7,-53.86,Spring,0.0,Tier 2: Warning
ORD-11378,2023-02-08,Apparel,Footwear,North,On-Time,19,3,159.54,273.28,0.05,819.84,478.62,778.85,300.23,38.55,Winter,1.0,Tier 1: Fast Mover
ORD-11379,2023-06-15,Apparel,Shirts,North,Delayed - Transit,100,1,101.3,106.79,0.42,106.79,101.3,61.94,-39.36,-63.55,Summer,0.0,Tier 2: Warning
ORD-11380,2023-03-08,Apparel,Pants,North,On-Time,20,2,378.43,643.42,0.05,1286.84,756.86,1222.5,465.64,38.09,Spring,1.0,Tier 1: Fast Mover
ORD-11381,2023-03-06,Apparel,Shirts,South,On-Time,8,1,190.6,437.49,0.0,437.49,190.6,437.49,246.89,56.43,Spring,1.0,Tier 1: Fast Mover
ORD-11382,2023-02-04,Electronics,Accessories,East,Delayed - Transit,138,3,276.89,331.34,0.4,994.02,830.67,596.41,-234.26,-39.28,Winter,0.0,Tier 2: Warning
ORD-11383,2023-09-09,Apparel,Shirts,East,On-Time,29,1,70.36,153.57,0.0,153.57,70.36,153.57,83.21,54.18,Fall,1.0,Tier 1: Fast Mover
ORD-11384,2023-06-20,Electronics,Computers,North,On-Time,28,2,70.07,145.38,0.05,290.76,140.14,276.22,136.08,49.27,Summer,1.0,Tier 1: Fast Mover
ORD-11385,2023-09-10,Furniture,Tables,East,Delayed - Customs,101,5,370.89,448.13,0.51,2240.65,1854.45,1097.92,-756.53,-68.91,Fall,0.0,Tier 2: Warning
ORD-11386,2023-09-08,Furniture,Desks,West,On-Time,132,4,376.22,467.45,0.39,1869.8,1504.88,1140.58,-364.3,-31.94,Fall,0.0,Tier 2: Warning
ORD-11387,2023-10-26,Electronics,Accessories,North,Delayed - Transit,126,4,145.6,157.39,0.51,629.56,582.4,308.48,-273.92,-88.79,Fall,2.0,Tier 3: Dead Stock
ORD-11388,2023-06-15,Apparel,Footwear,North,Delayed - Customs,128,3,220.21,260.68,0.45,782.04,660.63,430.12,-230.51,-53.59,Summer,0.0,Tier 2: Warning
ORD-11389,2023-12-15,Furniture,Tables,East,Delayed - Transit,94,5,380.05,457.32,0.37,2286.6,1900.25,1440.56,-459.69,-31.91,Winter,0.0,Tier 2: Warning
ORD-11390,2023-08-04,Apparel,Pants,East,On-Time,23,5,110.47,185.6,0.0,928.0,552.35,928.0,375.65,40.48,Summer,1.0,Tier 1: Fast Mover
ORD-11391,2023-11-10,Apparel,Shirts,South,Delayed - Transit,112,1,264.28,291.58,0.62,291.58,264.28,110.8,-153.48,-138.52,Fall,2.0,Tier 3: Dead Stock
ORD-11392,2023-06-28,Electronics,Audio,West,On-Time,38,2,81.88,166.3,0.0,332.6,163.76,332.6,168.84,50.76,Summer,1.0,Tier 1: Fast Mover
ORD-11393,2023-07-07,Apparel,Footwear,West,On-Time,9,1,44.25,95.17,0.0,95.17,44.25,95.17,50.92,53.5,Summer,1.0,Tier 1: Fast Mover
ORD-11394,2023-09-12,Electronics,Computers,East,On-Time,18,3,190.8,337.23,0.05,1011.69,572.4,961.11,388.71,40.44,Fall,1.0,Tier 1: Fast Mover
ORD-11395,2023-03-06,Apparel,Shirts,West,On-Time,34,2,250.36,529.18,0.0,1058.36,500.72,1058.36,557.64,52.69,Spring,1.0,Tier 1: Fast Mover
ORD-11396,2023-05-20,Apparel,Shirts,East,On-Time,15,4,198.96,455.92,0.05,1823.68,795.84,1732.5,936.66,54.06,Spring,1.0,Tier 1: Fast Mover
ORD-11397,2023-11-09,Electronics,Audio,South,On-Time,36,3,33.2,58.83,0.05,176.49,99.6,167.67,68.07,40.6,Fall,1.0,Tier 1: Fast Mover
ORD-11398,2023-05-19,Apparel,Pants,South,On-Time,35,4,281.19,619.39,0.0,2477.56,1124.76,2477.56,1352.8,54.6,Spring,1.0,Tier 1: Fast Mover
ORD-11399,2023-05-19,Furniture,Tables,West,Delayed - Transit,120,2,235.89,286.27,0.55,572.54,471.78,257.64,-214.14,-83.11,Spring,2.0,Tier 3: Dead Stock
ORD-11400,2023-06-22,Electronics,Audio,South,On-Time,35,2,273.53,621.57,0.0,1243.14,547.06,1243.14,696.08,55.99,Summer,1.0,Tier 1: Fast Mover
ORD-11401,2023-09-24,Apparel,Footwear,East,Delayed - Transit,142,2,76.85,85.44,0.57,170.88,153.7,73.48,-80.22,-109.18,Fall,2.0,Tier 3: Dead Stock
ORD-11402,2023-02-11,Apparel,Pants,North,On-Time,31,2,217.94,357.24,0.05,714.48,435.88,678.76,242.88,35.78,Winter,1.0,Tier 1: Fast Mover
ORD-11403,2023-12-12,Apparel,Pants,North,On-Time,5,5,367.28,728.3,0.05,3641.5,1836.4,3459.43,1623.03,46.92,Winter,1.0,Tier 1: Fast Mover
ORD-11404,2023-08-10,Furniture,Desks,South,On-Time,104,2,35.63,41.08,0.47,82.16,71.26,43.54,-27.72,-63.65,Summer,0.0,Tier 2: Warning
ORD-11405,2023-01-20,Apparel,Pants,East,On-Time,37,1,29.52,69.74,0.0,69.74,29.52,69.74,40.22,57.67,Winter,1.0,Tier 1: Fast Mover
ORD-11406,2023-12-06,Furniture,Desks,South,On-Time,94,5,73.8,94.54,0.63,472.7,369.0,174.9,-194.1,-110.98,Winter,2.0,Tier 3: Dead Stock
ORD-11407,2023-11-27,Furniture,Chairs,South,On-Time,149,3,48.88,51.5,0.51,154.5,146.64,75.71,-70.94,-93.7,Fall,2.0,Tier 3: Dead Stock
ORD-11408,2023-01-02,Electronics,Computers,North,On-Time,22,2,174.43,375.74,0.05,751.48,348.86,713.91,365.05,51.13,Winter,1.0,Tier 1: Fast Mover
ORD-11409,2023-03-22,Furniture,Desks,West,Delayed - Customs,90,4,303.93,373.29,0.4,1493.16,1215.72,895.9,-319.82,-35.7,Spring,0.0,Tier 2: Warning
ORD-11410,2023-03-01,Electronics,Computers,West,On-Time,41,2,197.96,443.34,0.05,886.68,395.92,842.35,446.43,53.0,Spring,1.0,Tier 1: Fast Mover
ORD-11411,2023-02-04,Furniture,Desks,South,On-Time,140,2,398.2,510.8,0.65,1021.6,796.4,357.56,-438.84,-122.73,Winter,2.0,Tier 3: Dead Stock
ORD-11412,2023-05-16,Apparel,Footwear,South,On-Time,6,5,156.69,346.14,0.0,1730.7,783.45,1730.7,947.25,54.73,Spring,1.0,Tier 1: Fast Mover
ORD-11413,2023-07-24,Electronics,Accessories,South,On-Time,37,1,259.83,552.07,0.0,552.07,259.83,552.07,292.24,52.94,Summer,1.0,Tier 1: Fast Mover
ORD-11414,2023-05-09,Apparel,Shirts,South,On-Time,36,4,225.18,478.47,0.0,1913.88,900.72,1913.88,1013.16,52.94,Spring,1.0,Tier 1: Fast Mover
ORD-11415,2023-02-21,Apparel,Footwear,West,On-Time,22,1,207.26,379.38,0.0,379.38,207.26,379.38,172.12,45.37,Winter,1.0,Tier 1: Fast Mover
ORD-11416,2023-07-08,Apparel,Shirts,West,On-Time,39,1,340.15,585.16,0.0,585.16,340.15,585.16,245.01,41.87,Summer,1.0,Tier 1: Fast Mover
ORD-11417,2023-08-17,Electronics,Computers,North,Delayed - Transit,94,1,285.63,363.59,0.49,363.59,285.63,185.43,-100.2,-54.04,Summer,0.0,Tier 2: Warning
ORD-11418,2023-08-02,Electronics,Accessories,East,Delayed - Customs,126,1,170.13,193.47,0.39,193.47,170.13,118.02,-52.11,-44.16,Summer,0.0,Tier 2: Warning
ORD-11419,2023-06-06,Apparel,Footwear,North,On-Time,41,5,189.02,415.01,0.05,2075.05,945.1,1971.3,1026.2,52.06,Summer,1.0,Tier 1: Fast Mover
ORD-11420,2023-09-13,Electronics,Audio,South,On-Time,30,5,135.16,247.31,0.0,1236.55,675.8,1236.55,560.75,45.35,Fall,1.0,Tier 1: Fast Mover
ORD-11421,2023-12-19,Furniture,Desks,South,On-Time,98,4,259.38,282.96,0.6,1131.84,1037.52,452.74,-584.78,-129.17,Winter,2.0,Tier 3: Dead Stock
ORD-11422,2023-07-20,Furniture,Tables,North,Delayed - Transit,123,4,152.78,180.87,0.4,723.48,611.12,434.09,-177.03,-40.78,Summer,0.0,Tier 2: Warning
ORD-11423,2023-04-21,Apparel,Footwear,West,On-Time,43,2,352.26,595.54,0.0,1191.08,704.52,1191.08,486.56,40.85,Spring,1.0,Tier 1: Fast Mover
ORD-11424,2023-03-22,Furniture,Chairs,South,Delayed - Transit,114,2,329.53,355.75,0.54,711.5,659.06,327.29,-331.77,-101.37,Spring,2.0,Tier 3: Dead Stock
ORD-11425,2023-06-18,Furniture,Desks,East,On-Time,76,4,140.22,148.02,0.0,592.08,560.88,592.08,31.2,5.27,Summer,1.0,Tier 1: Fast Mover
ORD-11426,2023-06-09,Furniture,Desks,West,On-Time,155,1,72.71,79.95,0.46,79.95,72.71,43.17,-29.54,-68.42,Summer,0.0,Tier 2: Warning
ORD-11427,2023-04-30,Furniture,Tables,North,Delayed - Transit,138,3,137.37,183.45,0.51,550.35,412.11,269.67,-142.44,-52.82,Spring,0.0,Tier 2: Warning
ORD-11428,2023-04-01,Furniture,Chairs,West,Delayed - Customs,123,5,133.72,160.69,0.53,803.45,668.6,377.62,-290.98,-77.06,Spring,0.0,Tier 2: Warning
ORD-11429,2023-04-01,Apparel,Footwear,West,On-Time,32,3,355.35,696.19,0.05,2088.57,1066.05,1984.14,918.09,46.27,Spring,1.0,Tier 1: Fast Mover
ORD-11430,2023-05-09,Furniture,Chairs,West,Delayed - Customs,97,2,287.79,339.72,0.36,679.44,575.58,434.84,-140.74,-32.37,Spring,0.0,Tier 2: Warning
ORD-11431,2023-08-04,Furniture,Chairs,North,On-Time,75,4,234.53,247.09,0.05,988.36,938.12,938.94,0.82,0.09,Summer,1.0,Tier 1: Fast Mover
ORD-11432,2023-06-03,Electronics,Audio,West,On-Time,26,2,57.6,125.54,0.0,251.08,115.2,251.08,135.88,54.12,Summer,1.0,Tier 1: Fast Mover
ORD-11433,2023-10-21,Furniture,Chairs,East,On-Time,135,5,150.71,160.98,0.51,804.9,753.55,394.4,-359.15,-91.06,Fall,2.0,Tier 3: Dead Stock
ORD-11434,2023-11-18,Electronics,Accessories,West,On-Time,47,5,114.74,214.52,0.0,1072.6,573.7,1072.6,498.9,46.51,Fall,1.0,Tier 1: Fast Mover
ORD-11435,2023-01-23,Electronics,Accessories,South,On-Time,26,4,159.43,347.78,0.0,1391.12,637.72,1391.12,753.4,54.16,Winter,1.0,Tier 1: Fast Mover
ORD-11436,2023-02-03,Electronics,Audio,West,On-Time,9,4,339.72,647.0,0.05,2588.0,1358.88,2458.6,1099.72,44.73,Winter,1.0,Tier 1: Fast Mover
ORD-11437,2023-02-23,Electronics,Computers,West,On-Time,28,2,290.37,696.41,0.0,1392.82,580.74,1392.82,812.08,58.3,Winter,1.0,Tier 1: Fast Mover
ORD-11438,2023-04-16,Furniture,Tables,North,On-Time,109,2,56.17,67.22,0.53,134.44,112.34,63.19,-49.15,-77.79,Spring,0.0,Tier 2: Warning
ORD-11439,2023-09-25,Apparel,Pants,East,On-Time,43,5,295.27,561.83,0.0,2809.15,1476.35,2809.15,1332.8,47.44,Fall,1.0,Tier 1: Fast Mover
ORD-11440,2023-09-25,Apparel,Footwear,South,On-Time,24,3,369.39,823.32,0.0,2469.96,1108.17,2469.96,1361.79,55.13,Fall,1.0,Tier 1: Fast Mover
ORD-11441,2023-06-22,Electronics,Audio,West,On-Time,49,3,257.55,512.12,0.05,1536.36,772.65,1459.54,686.89,47.06,Summer,1.0,Tier 1: Fast Mover
ORD-11442,2023-08-26,Furniture,Desks,North,On-Time,110,2,154.3,174.02,0.5,348.04,308.6,174.02,-134.58,-77.34,Summer,0.0,Tier 2: Warning
ORD-11443,2023-04-26,Electronics,Accessories,South,Delayed - Transit,89,1,45.65,53.27,0.59,53.27,45.65,21.84,-23.81,-109.01,Spring,2.0,Tier 3: Dead Stock
ORD-11444,2023-03-18,Electronics,Accessories,South,On-Time,6,4,309.0,631.35,0.05,2525.4,1236.0,2399.13,1163.13,48.48,Spring,1.0,Tier 1: Fast Mover
ORD-11445,2023-11-04,Furniture,Tables,North,Delayed - Transit,151,5,110.22,128.95,0.55,644.75,551.1,290.14,-260.96,-89.94,Fall,2.0,Tier 3: Dead Stock
ORD-11446,2023-04-05,Apparel,Pants,East,On-Time,6,3,39.81,68.67,0.0,206.01,119.43,206.01,86.58,42.03,Spring,1.0,Tier 1: Fast Mover
ORD-11447,2023-03-20,Apparel,Pants,North,On-Time,28,4,357.55,719.02,0.05,2876.08,1430.2,2732.28,1302.08,47.66,Spring,1.0,Tier 1: Fast Mover
ORD-11448,2023-01-30,Furniture,Uncategorized,South,On-Time,125,2,280.37,322.41,0.58,644.82,560.74,270.82,-289.92,-107.05,Winter,2.0,Tier 3: Dead Stock
ORD-11449,2023-03-18,Electronics,Computers,North,On-Time,40,2,223.18,380.2,0.0,760.4,446.36,760.4,314.04,41.3,Spring,1.0,Tier 1: Fast Mover
ORD-11450,2023-08-26,Apparel,Footwear,West,Delayed - Transit,126,4,238.78,272.29,0.4,1089.16,955.12,653.5,-301.62,-46.16,Summer,0.0,Tier 2: Warning
ORD-11451,2023-07-18,Electronics,Accessories,South,Delayed - Customs,131,2,34.25,40.32,0.5,80.64,68.5,40.32,-28.18,-69.89,Summer,0.0,Tier 2: Warning
ORD-11452,2023-01-18,Apparel,Footwear,West,On-Time,45,1,386.72,728.18,0.05,728.18,386.72,691.77,305.05,44.1,Winter,1.0,Tier 1: Fast Mover
ORD-11453,2023-06-26,Electronics,Computers,East,On-Time,26,3,58.13,104.99,0.05,314.97,174.39,299.22,124.83,41.72,Summer,1.0,Tier 1: Fast Mover
ORD-11454,2023-07-07,Apparel,Shirts,West,On-Time,55,2,55.25,92.04,0.05,184.08,110.5,174.88,64.38,36.81,Summer,1.0,Tier 1: Fast Mover
ORD-11455,2023-08-06,Electronics,Accessories,East,Delayed - Transit,126,5,38.8,50.79,0.56,253.95,194.0,111.74,-82.26,-73.62,Summer,0.0,Tier 2: Warning
ORD-11456,2023-08-20,Electronics,Uncategorized,West,On-Time,13,3,310.44,517.07,0.05,1551.21,931.32,1473.65,542.33,36.8,Summer,1.0,Tier 1: Fast Mover
ORD-11457,2023-05-17,Furniture,Desks,East,On-Time,162,5,58.32,75.87,0.52,379.35,291.6,182.09,-109.51,-60.14,Spring,0.0,Tier 2: Warning
ORD-11458,2023-02-11,Electronics,Computers,South,On-Time,32,4,288.82,500.89,0.0,2003.56,1155.28,2003.56,848.28,42.34,Winter,1.0,Tier 1: Fast Mover
ORD-11459,2023-09-15,Electronics,Accessories,South,On-Time,24,2,87.4,209.23,0.0,418.46,174.8,418.46,243.66,58.23,Fall,1.0,Tier 1: Fast Mover
ORD-11460,2023-06-20,Electronics,Uncategorized,North,On-Time,39,2,355.91,816.85,0.05,1633.7,711.82,1552.02,840.2,54.14,Summer,1.0,Tier 1: Fast Mover
ORD-11461,2023-01-14,Furniture,Tables,East,On-Time,122,4,114.84,154.98,0.51,619.92,459.36,303.76,-155.6,-51.22,Winter,0.0,Tier 2: Warning
ORD-11462,2023-08-30,Furniture,Chairs,North,On-Time,112,3,162.8,210.14,0.46,630.42,488.4,340.43,-147.97,-43.47,Summer,0.0,Tier 2: Warning
ORD-11463,2023-01-24,Apparel,Pants,East,On-Time,35,2,180.53,412.87,0.05,825.74,361.06,784.45,423.39,53.97,Winter,1.0,Tier 1: Fast Mover
ORD-11464,2023-06-27,Apparel,Shirts,North,On-Time,39,1,93.54,150.44,0.05,150.44,93.54,142.92,49.38,34.55,Summer,1.0,Tier 1: Fast Mover
ORD-11465,2023-05-25,Electronics,Accessories,East,On-Time,38,4,337.02,711.83,0.0,2847.32,1348.08,2847.32,1499.24,52.65,Spring,1.0,Tier 1: Fast Mover
ORD-11466,2023-08-20,Apparel,Shirts,North,Delayed - Customs,104,5,375.33,397.52,0.64,1987.6,1876.65,715.54,-1161.11,-162.27,Summer,2.0,Tier 3: Dead Stock
ORD-11467,2023-05-24,Electronics,Accessories,North,On-Time,23,2,329.53,564.88,0.05,1129.76,659.06,1073.27,414.21,38.59,Spring,1.0,Tier 1: Fast Mover
ORD-11468,2023-06-15,Furniture,Desks,West,On-Time,112,3,213.65,272.71,0.5,818.13,640.95,409.07,-231.89,-56.69,Summer,0.0,Tier 2: Warning
ORD-11469,2023-09-01,Apparel,Footwear,North,Delayed - Transit,114,3,233.01,283.06,0.38,849.18,699.03,526.49,-172.54,-32.77,Fall,0.0,Tier 2: Warning
ORD-11470,2023-02-11,Furniture,Tables,West,On-Time,107,4,114.14,125.36,0.55,501.44,456.56,225.65,-230.91,-102.33,Winter,2.0,Tier 3: Dead Stock
ORD-11471,2023-07-20,Electronics,Accessories,North,On-Time,46,3,70.74,134.57,0.0,403.71,212.22,403.71,191.49,47.43,Summer,1.0,Tier 1: Fast Mover
ORD-11472,2023-04-12,Electronics,Computers,West,On-Time,9,2,197.55,385.76,0.05,771.52,395.1,732.94,337.84,46.09,Spring,1.0,Tier 1: Fast Mover
ORD-11473,2023-09-18,Apparel,Pants,East,Delayed - Transit,107,1,65.43,88.16,0.4,88.16,65.43,52.9,-12.53,-23.7,Fall,0.0,Tier 2: Warning
ORD-11474,2023-04-02,Electronics,Audio,East,On-Time,5,5,87.72,181.7,0.05,908.5,438.6,863.08,424.48,49.18,Spring,1.0,Tier 1: Fast Mover
ORD-11475,2023-05-19,Electronics,Audio,East,On-Time,22,5,172.22,378.35,0.05,1891.75,861.1,1797.16,936.06,52.09,Spring,1.0,Tier 1: Fast Mover
ORD-11476,2023-07-09,Electronics,Accessories,North,Delayed - Transit,123,5,222.57,261.23,0.44,1306.15,1112.85,731.44,-381.41,-52.14,Summer,0.0,Tier 2: Warning
ORD-11477,2023-05-20,Electronics,Accessories,North,On-Time,34,2,228.62,546.35,0.0,1092.7,457.24,1092.7,635.46,58.16,Spring,1.0,Tier 1: Fast Mover
ORD-11478,2023-06-20,Electronics,Accessories,West,On-Time,39,1,398.39,678.39,0.05,678.39,398.39,644.47,246.08,38.18,Summer,1.0,Tier 1: Fast Mover
ORD-11479,2023-06-06,Electronics,Accessories,North,On-Time,29,3,298.0,516.61,0.0,1549.83,894.0,1549.83,655.83,42.32,Summer,1.0,Tier 1: Fast Mover
ORD-11480,2023-02-13,Apparel,Shirts,East,On-Time,32,1,50.04,97.14,0.0,97.14,50.04,97.14,47.1,48.49,Winter,1.0,Tier 1: Fast Mover
ORD-11481,2023-10-21,Furniture,Tables,North,On-Time,84,4,104.66,113.69,0.0,454.76,418.64,454.76,36.12,7.94,Fall,1.0,Tier 1: Fast Mover
ORD-11482,2023-11-27,Apparel,Shirts,East,On-Time,50,3,43.78,99.48,0.05,298.44,131.34,283.52,152.18,53.67,Fall,1.0,Tier 1: Fast Mover
ORD-11483,2023-05-03,Furniture,Chairs,West,On-Time,119,5,290.52,371.88,0.6,1859.4,1452.6,743.76,-708.84,-95.3,Spring,2.0,Tier 3: Dead Stock
ORD-11484,2023-10-26,Furniture,Desks,North,On-Time,92,1,56.9,62.84,0.54,62.84,56.9,28.91,-27.99,-96.84,Fall,2.0,Tier 3: Dead Stock
ORD-11485,2023-08-28,Furniture,Desks,East,Delayed - Transit,152,4,315.83,416.69,0.59,1666.76,1263.32,683.37,-579.95,-84.87,Summer,2.0,Tier 3: Dead Stock
ORD-11486,2023-09-11,Apparel,Pants,West,On-Time,30,5,47.58,91.43,0.05,457.15,237.9,434.29,196.39,45.22,Fall,1.0,Tier 1: Fast Mover
ORD-11487,2023-12-21,Electronics,Accessories,West,On-Time,31,2,232.63,491.37,0.0,982.74,465.26,982.74,517.48,52.66,Winter,1.0,Tier 1: Fast Mover
ORD-11488,2023-04-19,Apparel,Shirts,West,Delayed - Transit,110,2,327.38,412.63,0.55,825.26,654.76,371.37,-283.39,-76.31,Spring,0.0,Tier 2: Warning
ORD-11489,2023-04-06,Apparel,Footwear,North,On-Time,10,3,333.63,694.28,0.05,2082.84,1000.89,1978.7,977.81,49.42,Spring,1.0,Tier 1: Fast Mover
ORD-11490,2023-06-24,Furniture,Desks,East,On-Time,137,5,230.59,265.12,0.55,1325.6,1152.95,596.52,-556.43,-93.28,Summer,2.0,Tier 3: Dead Stock
ORD-11491,2023-11-30,Furniture,Chairs,West,On-Time,113,4,217.34,287.91,0.63,1151.64,869.36,426.11,-443.25,-104.02,Fall,2.0,Tier 3: Dead Stock
ORD-11492,2023-07-31,Electronics,Accessories,South,On-Time,44,4,233.72,512.96,0.0,2051.84,934.88,2051.84,1116.96,54.44,Summer,1.0,Tier 1: Fast Mover
ORD-11493,2023-08-07,Apparel,Footwear,East,Delayed - Transit,104,1,28.19,35.11,0.47,35.11,28.19,18.61,-9.58,-51.49,Summer,0.0,Tier 2: Warning
ORD-11494,2023-01-31,Apparel,Footwear,West,On-Time,41,5,201.43,410.12,0.05,2050.6,1007.15,1948.07,940.92,48.3,Winter,1.0,Tier 1: Fast Mover
ORD-11495,2023-01-15,Furniture,Tables,West,On-Time,101,5,154.28,171.06,0.47,855.3,771.4,453.31,-318.09,-70.17,Winter,0.0,Tier 2: Warning
ORD-11496,2023-09-28,Electronics,Audio,West,On-Time,34,4,134.21,304.03,0.0,1216.12,536.84,1216.12,679.28,55.86,Fall,1.0,Tier 1: Fast Mover
ORD-11497,2023-07-28,Furniture,Desks,East,Delayed - Transit,122,5,300.69,330.1,0.64,1650.5,1503.45,594.18,-909.27,-153.03,Summer,2.0,Tier 3: Dead Stock
ORD-11498,2023-05-22,Apparel,Footwear,North,On-Time,27,2,109.8,179.75,0.0,359.5,219.6,359.5,139.9,38.92,Spring,1.0,Tier 1: Fast Mover
ORD-11499,2023-02-23,Furniture,Tables,South,On-Time,123,4,283.72,320.19,0.4,1280.76,1134.88,768.46,-366.42,-47.68,Winter,0.0,Tier 2: Warning
ORD-11500,2023-06-19,Furniture,Tables,North,On-Time,98,3,289.25,342.43,0.47,1027.29,867.75,544.46,-323.29,-59.38,Summer,0.0,Tier 2: Warning
ORD-11501,2023-12-12,Furniture,Chairs,East,On-Time,143,3,32.26,43.32,0.42,129.96,96.78,75.38,-21.4,-28.39,Winter,0.0,Tier 2: Warning
ORD-11502,2023-08-18,Furniture,Chairs,West,On-Time,77,4,157.04,173.67,0.0,694.68,628.16,694.68,66.52,9.58,Summer,1.0,Tier 1: Fast Mover
ORD-11503,2023-08-14,Apparel,Pants,East,Delayed - Transit,124,3,266.26,303.54,0.38,910.62,798.78,564.58,-234.2,-41.48,Summer,0.0,Tier 2: Warning
ORD-11504,2023-04-25,Apparel,Footwear,North,Delayed - Transit,133,5,220.33,257.94,0.36,1289.7,1101.65,825.41,-276.24,-33.47,Spring,0.0,Tier 2: Warning
ORD-11505,2023-05-08,Furniture,Chairs,East,On-Time,134,1,272.0,308.1,0.53,308.1,272.0,144.81,-127.19,-87.84,Spring,2.0,Tier 3: Dead Stock
ORD-11506,2023-03-22,Electronics,Audio,South,On-Time,21,4,336.12,695.86,0.05,2783.44,1344.48,2644.27,1299.79,49.15,Spring,1.0,Tier 1: Fast Mover
ORD-11507,2023-06-23,Furniture,Tables,South,On-Time,111,5,89.86,108.62,0.36,543.1,449.3,347.58,-101.72,-29.26,Summer,0.0,Tier 2: Warning
ORD-11508,2023-07-29,Electronics,Computers,West,Delayed - Customs,90,2,18.1,22.05,0.58,44.1,36.2,18.52,-17.68,-95.44,Summer,2.0,Tier 3: Dead Stock
ORD-11509,2023-11-15,Apparel,Pants,South,On-Time,36,5,56.76,111.23,0.0,556.15,283.8,556.15,272.35,48.97,Fall,1.0,Tier 1: Fast Mover
ORD-11510,2023-01-03,Furniture,Chairs,South,Delayed - Customs,95,4,397.4,454.32,0.41,1817.28,1589.6,1072.2,-517.4,-48.26,Winter,0.0,Tier 2: Warning
ORD-11511,2023-04-25,Electronics,Audio,East,On-Time,38,2,237.18,487.51,0.0,975.02,474.36,975.02,500.66,51.35,Spring,1.0,Tier 1: Fast Mover
ORD-11512,2023-01-27,Apparel,Pants,East,Delayed - Transit,148,1,157.71,203.35,0.57,203.35,157.71,87.44,-70.27,-80.36,Winter,2.0,Tier 3: Dead Stock
ORD-11513,2023-09-05,Electronics,Audio,North,On-Time,3,2,85.13,191.17,0.0,382.34,170.26,382.34,212.08,55.47,Fall,1.0,Tier 1: Fast Mover
ORD-11514,2023-08-17,Electronics,Accessories,West,On-Time,28,1,55.32,122.88,0.0,122.88,55.32,122.88,67.56,54.98,Summer,1.0,Tier 1: Fast Mover
ORD-11515,2023-01-15,Apparel,Footwear,South,On-Time,34,3,102.49,177.86,0.0,533.58,307.47,533.58,226.11,42.38,Winter,1.0,Tier 1: Fast Mover
ORD-11516,2023-05-31,Apparel,Pants,North,On-Time,49,5,252.26,485.16,0.05,2425.8,1261.3,2304.51,1043.21,45.27,Spring,1.0,Tier 1: Fast Mover
ORD-11517,2023-12-27,Apparel,Uncategorized,West,On-Time,28,3,139.67,227.81,0.0,683.43,419.01,683.43,264.42,38.69,Winter,1.0,Tier 1: Fast Mover
ORD-11518,2023-07-25,Electronics,Computers,East,On-Time,53,4,391.07,875.3,0.0,3501.2,1564.28,3501.2,1936.92,55.32,Summer,1.0,Tier 1: Fast Mover
ORD-11519,2023-05-17,Furniture,Desks,West,Delayed - Customs,128,4,210.29,247.55,0.61,990.2,841.16,386.18,-454.98,-117.82,Spring,2.0,Tier 3: Dead Stock
ORD-11520,2023-12-18,Furniture,Desks,East,Delayed - Customs,70,3,94.76,121.47,0.05,364.41,284.28,346.19,61.91,17.88,Winter,1.0,Tier 1: Fast Mover
ORD-11521,2023-09-21,Apparel,Pants,South,On-Time,21,1,86.07,205.16,0.0,205.16,86.07,205.16,119.09,58.05,Fall,1.0,Tier 1: Fast Mover
ORD-11522,2023-07-05,Apparel,Shirts,West,Delayed - Transit,132,5,282.33,379.83,0.55,1899.15,1411.65,854.62,-557.03,-65.18,Summer,0.0,Tier 2: Warning
ORD-11523,2023-12-09,Electronics,Computers,West,On-Time,10,5,329.29,602.91,0.0,3014.55,1646.45,3014.55,1368.1,45.38,Winter,1.0,Tier 1: Fast Mover
ORD-11524,2023-11-04,Electronics,Audio,North,On-Time,31,5,199.11,360.78,0.0,1803.9,995.55,1803.9,808.35,44.81,Fall,1.0,Tier 1: Fast Mover
ORD-11525,2023-05-02,Furniture,Tables,South,On-Time,135,1,360.34,422.6,0.53,422.6,360.34,198.62,-161.72,-81.42,Spring,2.0,Tier 3: Dead Stock
ORD-11526,2023-04-25,Apparel,Pants,North,On-Time,34,1,298.99,704.93,0.0,704.93,298.99,704.93,405.94,57.59,Spring,1.0,Tier 1: Fast Mover
ORD-11527,2023-03-23,Apparel,Footwear,East,On-Time,16,4,85.47,153.62,0.05,614.48,341.88,583.76,241.88,41.43,Spring,1.0,Tier 1: Fast Mover
ORD-11528,2023-10-27,Apparel,Shirts,West,On-Time,25,1,71.91,142.95,0.05,142.95,71.91,135.8,63.89,47.05,Fall,1.0,Tier 1: Fast Mover
ORD-11529,2023-10-27,Furniture,Chairs,East,On-Time,123,1,165.14,193.97,0.55,193.97,165.14,87.29,-77.85,-89.19,Fall,2.0,Tier 3: Dead Stock
ORD-11530,2023-10-16,Electronics,Uncategorized,South,On-Time,13,5,327.53,725.17,0.05,3625.85,1637.65,3444.56,1806.91,52.46,Fall,1.0,Tier 1: Fast Mover
ORD-11531,2023-04-19,Electronics,Audio,South,Delayed - Transit,114,5,253.12,281.12,0.44,1405.6,1265.6,787.14,-478.46,-60.79,Spring,0.0,Tier 2: Warning
ORD-11532,2023-04-25,Electronics,Accessories,West,On-Time,28,1,315.73,546.82,0.05,546.82,315.73,519.48,203.75,39.22,Spring,1.0,Tier 1: Fast Mover
ORD-11533,2023-03-28,Electronics,Accessories,South,Delayed - Transit,112,3,194.67,218.69,0.42,656.07,584.01,380.52,-203.49,-53.48,Spring,0.0,Tier 2: Warning
ORD-11534,2023-08-04,Electronics,Computers,South,On-Time,24,1,347.56,705.37,0.0,705.37,347.56,705.37,357.81,50.73,Summer,1.0,Tier 1: Fast Mover
ORD-11535,2023-02-19,Apparel,Footwear,North,On-Time,29,3,240.24,394.8,0.05,1184.4,720.72,1125.18,404.46,35.95,Winter,1.0,Tier 1: Fast Mover
ORD-11536,2023-04-23,Electronics,Accessories,West,Delayed - Transit,118,1,121.59,129.71,0.38,129.71,121.59,80.42,-41.17,-51.19,Spring,0.0,Tier 2: Warning
ORD-11537,2023-08-29,Furniture,Chairs,West,On-Time,118,4,240.72,294.09,0.45,1176.36,962.88,647.0,-315.88,-48.82,Summer,0.0,Tier 2: Warning
ORD-11538,2023-09-12,Apparel,Shirts,East,Delayed - Transit,89,3,99.57,111.21,0.35,333.63,298.71,216.86,-81.85,-37.74,Fall,0.0,Tier 2: Warning
ORD-11539,2023-11-17,Electronics,Audio,East,On-Time,5,1,285.06,649.4,0.0,649.4,285.06,649.4,364.34,56.1,Fall,1.0,Tier 1: Fast Mover
ORD-11540,2023-05-16,Electronics,Computers,East,On-Time,27,4,281.6,464.95,0.05,1859.8,1126.4,1766.81,640.41,36.25,Spring,1.0,Tier 1: Fast Mover
ORD-11541,2023-06-15,Furniture,Chairs,South,On-Time,164,3,18.05,22.64,0.57,67.92,54.15,29.21,-24.94,-85.41,Summer,2.0,Tier 3: Dead Stock
ORD-11542,2023-09-05,Furniture,Tables,West,Delayed - Transit,102,2,281.78,321.4,0.54,642.8,563.56,295.69,-267.87,-90.59,Fall,2.0,Tier 3: Dead Stock
ORD-11543,2023-08-28,Apparel,Footwear,North,On-Time,35,4,267.06,442.32,0.0,1769.28,1068.24,1769.28,701.04,39.62,Summer,1.0,Tier 1: Fast Mover
ORD-11544,2023-11-07,Furniture,Chairs,West,On-Time,174,5,197.73,257.95,0.62,1289.75,988.65,490.11,-498.55,-101.72,Fall,2.0,Tier 3: Dead Stock
ORD-11545,2023-04-30,Apparel,Footwear,South,Delayed - Transit,144,2,49.7,62.54,0.54,125.08,99.4,57.54,-41.86,-72.76,Spring,0.0,Tier 2: Warning
ORD-11546,2023-12-28,Furniture,Tables,South,Delayed - Customs,123,2,21.16,26.56,0.44,53.12,42.32,29.75,-12.57,-42.27,Winter,0.0,Tier 2: Warning
ORD-11547,2023-03-22,Electronics,Accessories,South,On-Time,41,5,31.56,70.56,0.05,352.8,157.8,335.16,177.36,52.92,Spring,1.0,Tier 1: Fast Mover
ORD-11548,2023-07-25,Electronics,Audio,East,Delayed - Customs,135,2,78.28,100.76,0.61,201.52,156.56,78.59,-77.97,-99.2,Summer,2.0,Tier 3: Dead Stock
ORD-11549,2023-04-21,Furniture,Chairs,West,On-Time,134,2,219.67,246.5,0.57,493.0,439.34,211.99,-227.35,-107.25,Spring,2.0,Tier 3: Dead Stock
ORD-11550,2023-10-14,Electronics,Accessories,North,On-Time,32,5,75.79,150.57,0.0,752.85,378.95,752.85,373.9,49.66,Fall,1.0,Tier 1: Fast Mover
ORD-11551,2023-12-30,Electronics,Computers,West,On-Time,36,3,152.78,279.17,0.05,837.51,458.34,795.63,337.29,42.39,Winter,1.0,Tier 1: Fast Mover
ORD-11552,2023-09-20,Apparel,Footwear,East,On-Time,40,1,19.52,33.23,0.0,33.23,19.52,33.23,13.71,41.26,Fall,1.0,Tier 1: Fast Mover
ORD-11553,2023-05-22,Furniture,Tables,West,On-Time,115,3,87.14,111.94,0.46,335.82,261.42,181.34,-80.08,-44.16,Spring,0.0,Tier 2: Warning
ORD-11554,2023-11-14,Furniture,Chairs,North,On-Time,123,4,329.44,417.72,0.5,1670.88,1317.76,835.44,-482.32,-57.73,Fall,0.0,Tier 2: Warning
ORD-11555,2023-03-31,Apparel,Pants,South,On-Time,21,3,360.03,739.1,0.0,2217.3,1080.09,2217.3,1137.21,51.29,Spring,1.0,Tier 1: Fast Mover
ORD-11556,2023-11-13,Electronics,Audio,East,Delayed - Transit,181,4,308.49,357.5,0.41,1430.0,1233.96,843.7,-390.26,-46.26,Fall,0.0,Tier 2: Warning
ORD-11557,2023-01-31,Electronics,Audio,North,On-Time,1,1,46.09,88.76,0.05,88.76,46.09,84.32,38.23,45.34,Winter,1.0,Tier 1: Fast Mover
ORD-11558,2023-11-19,Furniture,Chairs,South,Delayed - Transit,120,4,360.7,476.41,0.57,1905.64,1442.8,819.43,-623.37,-76.07,Fall,0.0,Tier 2: Warning
ORD-11559,2023-11-05,Furniture,Tables,East,Delayed - Transit,63,3,369.29,453.02,0.05,1359.06,1107.87,1291.11,183.24,14.19,Fall,1.0,Tier 1: Fast Mover
ORD-11560,2023-08-19,Furniture,Chairs,North,On-Time,138,5,259.42,326.89,0.54,1634.45,1297.1,751.85,-545.25,-72.52,Summer,0.0,Tier 2: Warning
ORD-11561,2023-11-02,Furniture,Uncategorized,North,Delayed - Customs,97,2,225.18,282.47,0.45,564.94,450.36,310.72,-139.64,-44.94,Fall,0.0,Tier 2: Warning
ORD-11562,2023-11-25,Furniture,Tables,East,On-Time,119,3,21.7,26.37,0.5,79.11,65.1,39.56,-25.55,-64.58,Fall,0.0,Tier 2: Warning
ORD-11563,2023-09-11,Furniture,Chairs,South,On-Time,118,5,256.75,330.0,0.51,1650.0,1283.75,808.5,-475.25,-58.78,Fall,0.0,Tier 2: Warning
ORD-11564,2023-11-17,Electronics,Audio,West,On-Time,29,3,145.95,300.11,0.05,900.33,437.85,855.31,417.46,48.81,Fall,1.0,Tier 1: Fast Mover
ORD-11565,2023-02-24,Apparel,Footwear,South,Delayed - Customs,115,5,320.08,337.76,0.45,1688.8,1600.4,928.84,-671.56,-72.3,Winter,0.0,Tier 2: Warning
ORD-11566,2023-03-04,Electronics,Audio,South,On-Time,15,5,195.54,349.76,0.05,1748.8,977.7,1661.36,683.66,41.15,Spring,1.0,Tier 1: Fast Mover
ORD-11567,2023-05-03,Apparel,Shirts,South,Delayed - Transit,116,5,395.02,450.06,0.54,2250.3,1975.1,1035.14,-939.96,-90.81,Spring,2.0,Tier 3: Dead Stock
ORD-11568,2023-09-09,Apparel,Pants,East,On-Time,16,1,32.12,58.02,0.05,58.02,32.12,55.12,23.0,41.73,Fall,1.0,Tier 1: Fast Mover
ORD-11569,2023-04-03,Apparel,Pants,West,Delayed - Transit,106,4,112.94,129.12,0.61,516.48,451.76,201.43,-250.33,-124.28,Spring,2.0,Tier 3: Dead Stock
ORD-11570,2023-05-18,Electronics,Audio,West,On-Time,25,3,335.02,662.36,0.05,1987.08,1005.06,1887.73,882.67,46.76,Spring,1.0,Tier 1: Fast Mover
ORD-11571,2023-09-23,Furniture,Desks,South,On-Time,116,5,82.94,98.45,0.47,492.25,414.7,260.89,-153.81,-58.95,Fall,0.0,Tier 2: Warning
ORD-11572,2023-10-18,Furniture,Chairs,North,On-Time,115,2,43.52,55.14,0.63,110.28,87.04,40.8,-46.24,-113.31,Fall,2.0,Tier 3: Dead Stock
ORD-11573,2023-01-17,Apparel,Pants,East,Delayed - Customs,100,3,366.07,402.2,0.55,1206.6,1098.21,542.97,-555.24,-102.26,Winter,2.0,Tier 3: Dead Stock
ORD-11574,2023-02-05,Apparel,Shirts,South,On-Time,42,3,383.66,814.57,0.05,2443.71,1150.98,2321.52,1170.54,50.42,Winter,1.0,Tier 1: Fast Mover
ORD-11575,2023-10-11,Apparel,Shirts,North,On-Time,33,2,207.61,488.16,0.05,976.32,415.22,927.5,512.28,55.23,Fall,1.0,Tier 1: Fast Mover
ORD-11576,2023-02-03,Electronics,Computers,North,Delayed - Transit,106,4,288.09,342.5,0.43,1370.0,1152.36,780.9,-371.46,-47.57,Winter,0.0,Tier 2: Warning
ORD-11577,2023-06-02,Furniture,Desks,North,On-Time,110,1,353.58,439.28,0.51,439.28,353.58,215.25,-138.33,-64.27,Summer,0.0,Tier 2: Warning
ORD-11578,2023-05-27,Furniture,Chairs,East,On-Time,162,5,192.5,231.1,0.49,1155.5,962.5,589.31,-373.2,-63.33,Spring,0.0,Tier 2: Warning
ORD-11579,2023-11-03,Electronics,Audio,West,Delayed - Transit,124,5,372.44,437.61,0.4,2188.05,1862.2,1312.83,-549.37,-41.85,Fall,0.0,Tier 2: Warning
ORD-11580,2023-04-29,Electronics,Audio,North,Delayed - Transit,124,4,179.08,225.82,0.51,903.28,716.32,442.61,-273.71,-61.84,Spring,0.0,Tier 2: Warning
ORD-11581,2023-12-31,Furniture,Chairs,North,On-Time,135,1,209.11,262.47,0.65,262.47,209.11,91.86,-117.25,-127.63,Winter,2.0,Tier 3: Dead Stock
ORD-11582,2023-05-28,Apparel,Pants,West,Delayed - Transit,146,4,134.63,150.82,0.35,603.28,538.52,392.13,-146.39,-37.33,Spring,0.0,Tier 2: Warning
ORD-11583,2023-08-27,Apparel,Pants,North,On-Time,20,5,296.26,652.92,0.0,3264.6,1481.3,3264.6,1783.3,54.63,Summer,1.0,Tier 1: Fast Mover
ORD-11584,2023-01-24,Furniture,Tables,South,On-Time,85,5,280.34,323.07,0.05,1615.35,1401.7,1534.58,132.88,8.66,Winter,1.0,Tier 1: Fast Mover
ORD-11585,2023-09-27,Furniture,Tables,South,On-Time,106,4,165.17,211.34,0.44,845.36,660.68,473.4,-187.28,-39.56,Fall,0.0,Tier 2: Warning
ORD-11586,2023-09-18,Apparel,Footwear,South,On-Time,38,1,107.36,197.47,0.0,197.47,107.36,197.47,90.11,45.63,Fall,1.0,Tier 1: Fast Mover
ORD-11587,2023-04-12,Electronics,Computers,South,On-Time,55,2,359.18,786.86,0.05,1573.72,718.36,1495.03,776.67,51.95,Spring,1.0,Tier 1: Fast Mover
ORD-11588,2023-08-25,Electronics,Accessories,North,On-Time,37,5,350.57,670.32,0.05,3351.6,1752.85,3184.02,1431.17,44.95,Summer,1.0,Tier 1: Fast Mover
ORD-11589,2023-08-15,Electronics,Computers,South,On-Time,9,3,84.09,173.44,0.0,520.32,252.27,520.32,268.05,51.52,Summer,1.0,Tier 1: Fast Mover
ORD-11590,2023-10-15,Electronics,Audio,North,On-Time,46,1,362.37,759.71,0.05,759.71,362.37,721.72,359.35,49.79,Fall,1.0,Tier 1: Fast Mover
ORD-11591,2023-03-11,Apparel,Pants,North,On-Time,39,3,84.21,170.03,0.0,510.09,252.63,510.09,257.46,50.47,Spring,1.0,Tier 1: Fast Mover
ORD-11592,2023-07-27,Electronics,Computers,East,On-Time,22,3,144.46,322.02,0.05,966.06,433.38,917.76,484.38,52.78,Summer,1.0,Tier 1: Fast Mover
ORD-11593,2023-02-26,Furniture,Desks,East,On-Time,130,4,379.8,440.08,0.47,1760.32,1519.2,932.97,-586.23,-62.83,Winter,0.0,Tier 2: Warning
ORD-11594,2023-09-08,Apparel,Shirts,North,On-Time,16,4,257.17,554.23,0.0,2216.92,1028.68,2216.92,1188.24,53.6,Fall,1.0,Tier 1: Fast Mover
ORD-11595,2023-10-07,Furniture,Desks,North,On-Time,139,2,280.8,306.94,0.52,613.88,561.6,294.66,-266.94,-90.59,Fall,2.0,Tier 3: Dead Stock
ORD-11596,2023-08-04,Electronics,Computers,East,Delayed - Transit,116,4,337.47,384.86,0.45,1539.44,1349.88,846.69,-503.19,-59.43,Summer,0.0,Tier 2: Warning
ORD-11597,2023-09-09,Electronics,Audio,North,Delayed - Transit,132,4,316.65,393.72,0.59,1574.88,1266.6,645.7,-620.9,-96.16,Fall,2.0,Tier 3: Dead Stock
ORD-11598,2023-07-30,Apparel,Shirts,East,On-Time,65,1,23.09,37.3,0.0,37.3,23.09,37.3,14.21,38.1,Summer,1.0,Tier 1: Fast Mover
ORD-11599,2023-07-11,Electronics,Computers,West,On-Time,32,4,110.19,199.52,0.05,798.08,440.76,758.18,317.42,41.87,Summer,1.0,Tier 1: Fast Mover
ORD-11600,2023-04-22,Electronics,Computers,East,On-Time,9,5,217.52,489.09,0.0,2445.45,1087.6,2445.45,1357.85,55.53,Spring,1.0,Tier 1: Fast Mover
ORD-11601,2023-06-19,Apparel,Shirts,West,Delayed - Customs,73,2,307.89,410.67,0.0,821.34,615.78,821.34,205.56,25.03,Summer,1.0,Tier 1: Fast Mover
ORD-11602,2023-08-12,Furniture,Desks,North,On-Time,146,2,194.52,253.31,0.37,506.62,389.04,319.17,-69.87,-21.89,Summer,0.0,Tier 2: Warning
ORD-11603,2023-05-27,Electronics,Audio,West,Delayed - Customs,181,3,237.72,298.17,0.36,894.51,713.16,572.49,-140.67,-24.57,Spring,0.0,Tier 2: Warning
ORD-11604,2023-08-07,Apparel,Footwear,West,On-Time,37,3,232.51,442.67,0.05,1328.01,697.53,1261.61,564.08,44.71,Summer,1.0,Tier 1: Fast Mover
ORD-11605,2023-06-22,Furniture,Desks,East,On-Time,119,1,293.64,342.36,0.43,342.36,293.64,195.15,-98.49,-50.47,Summer,0.0,Tier 2: Warning
ORD-11606,2023-09-22,Apparel,Footwear,West,On-Time,33,1,49.45,114.49,0.0,114.49,49.45,114.49,65.04,56.81,Fall,1.0,Tier 1: Fast Mover
ORD-11607,2023-08-15,Furniture,Tables,South,On-Time,92,4,37.39,48.44,0.59,193.76,149.56,79.44,-70.12,-88.26,Summer,2.0,Tier 3: Dead Stock
ORD-11608,2023-08-19,Electronics,Accessories,South,On-Time,36,3,27.58,55.24,0.0,165.72,82.74,165.72,82.98,50.07,Summer,1.0,Tier 1: Fast Mover
ORD-11609,2023-01-12,Apparel,Footwear,South,On-Time,36,4,80.19,181.64,0.05,726.56,320.76,690.23,369.47,53.53,Winter,1.0,Tier 1: Fast Mover
ORD-11610,2023-08-31,Apparel,Shirts,East,Delayed - Transit,96,5,322.86,357.5,0.63,1787.5,1614.3,661.38,-952.93,-144.08,Summer,2.0,Tier 3: Dead Stock
ORD-11611,2023-09-27,Furniture,Desks,West,On-Time,123,4,39.07,50.86,0.38,203.44,156.28,126.13,-30.15,-23.9,Fall,0.0,Tier 2: Warning
ORD-11612,2023-07-01,Electronics,Computers,South,Delayed - Transit,72,5,33.6,43.47,0.0,217.35,168.0,217.35,49.35,22.71,Summer,1.0,Tier 1: Fast Mover
ORD-11613,2023-01-28,Electronics,Uncategorized,East,On-Time,25,3,127.56,232.19,0.0,696.57,382.68,696.57,313.89,45.06,Winter,1.0,Tier 1: Fast Mover
ORD-11614,2023-12-07,Apparel,Footwear,West,On-Time,26,5,305.04,580.71,0.0,2903.55,1525.2,2903.55,1378.35,47.47,Winter,1.0,Tier 1: Fast Mover
ORD-11615,2023-11-24,Electronics,Audio,East,On-Time,33,5,290.4,614.91,0.0,3074.55,1452.0,3074.55,1622.55,52.77,Fall,1.0,Tier 1: Fast Mover
ORD-11616,2023-11-17,Furniture,Tables,West,On-Time,116,1,24.77,26.3,0.55,26.3,24.77,11.84,-12.94,-109.29,Fall,2.0,Tier 3: Dead Stock
ORD-11617,2023-12-18,Furniture,Chairs,East,On-Time,96,3,238.98,271.64,0.6,814.92,716.94,325.97,-390.97,-119.94,Winter,2.0,Tier 3: Dead Stock
ORD-11618,2023-01-23,Apparel,Pants,East,On-Time,39,2,266.65,509.23,0.0,1018.46,533.3,1018.46,485.16,47.64,Winter,1.0,Tier 1: Fast Mover
ORD-11619,2023-07-01,Apparel,Pants,South,On-Time,30,5,276.98,492.98,0.0,2464.9,1384.9,2464.9,1080.0,43.82,Summer,1.0,Tier 1: Fast Mover
ORD-11620,2023-02-01,Furniture,Chairs,East,On-Time,114,2,147.79,158.34,0.52,316.68,295.58,152.01,-143.57,-94.45,Winter,2.0,Tier 3: Dead Stock
ORD-11621,2023-08-26,Electronics,Audio,North,On-Time,41,3,284.19,643.12,0.0,1929.36,852.57,1929.36,1076.79,55.81,Summer,1.0,Tier 1: Fast Mover
ORD-11622,2023-11-04,Apparel,Footwear,West,On-Time,47,4,359.63,822.8,0.0,3291.2,1438.52,3291.2,1852.68,56.29,Fall,1.0,Tier 1: Fast Mover
ORD-11623,2023-02-02,Furniture,Chairs,West,On-Time,117,3,315.56,424.58,0.41,1273.74,946.68,751.51,-195.17,-25.97,Winter,0.0,Tier 2: Warning
ORD-11624,2023-04-18,Apparel,Footwear,East,On-Time,18,5,45.84,104.48,0.05,522.4,229.2,496.28,267.08,53.82,Spring,1.0,Tier 1: Fast Mover
ORD-11625,2023-04-08,Apparel,Shirts,East,On-Time,47,4,111.08,263.96,0.0,1055.84,444.32,1055.84,611.52,57.92,Spring,1.0,Tier 1: Fast Mover
ORD-11626,2023-09-15,Furniture,Desks,East,On-Time,122,5,37.18,47.89,0.36,239.45,185.9,153.25,-32.65,-21.31,Fall,0.0,Tier 2: Warning
ORD-11627,2023-08-29,Electronics,Accessories,East,On-Time,26,1,352.4,829.17,0.05,829.17,352.4,787.71,435.31,55.26,Summer,1.0,Tier 1: Fast Mover
ORD-11628,2023-06-22,Electronics,Accessories,North,On-Time,43,4,48.74,109.01,0.0,436.04,194.96,436.04,241.08,55.29,Summer,1.0,Tier 1: Fast Mover
ORD-11629,2023-12-26,Electronics,Audio,East,Delayed - Customs,168,5,301.74,369.17,0.39,1845.85,1508.7,1125.97,-382.73,-33.99,Winter,0.0,Tier 2: Warning
ORD-11630,2023-06-10,Furniture,Tables,West,On-Time,82,5,52.51,65.88,0.0,329.4,262.55,329.4,66.85,20.29,Summer,1.0,Tier 1: Fast Mover
ORD-11631,2023-09-09,Furniture,Tables,South,On-Time,131,1,397.23,470.32,0.37,470.32,397.23,296.3,-100.93,-34.06,Fall,0.0,Tier 2: Warning
ORD-11632,2023-03-07,Furniture,Chairs,South,On-Time,98,4,118.18,128.34,0.51,513.36,472.72,251.55,-221.17,-87.93,Spring,2.0,Tier 3: Dead Stock
ORD-11633,2023-09-10,Apparel,Footwear,North,On-Time,23,1,67.88,142.93,0.05,142.93,67.88,135.78,67.9,50.01,Fall,1.0,Tier 1: Fast Mover
ORD-11634,2023-04-22,Electronics,Accessories,North,On-Time,45,2,318.72,554.89,0.05,1109.78,637.44,1054.29,416.85,39.54,Spring,1.0,Tier 1: Fast Mover
ORD-11635,2023-02-04,Electronics,Computers,East,On-Time,9,2,293.39,588.9,0.05,1177.8,586.78,1118.91,532.13,47.56,Winter,1.0,Tier 1: Fast Mover
ORD-11636,2023-07-19,Electronics,Audio,South,On-Time,47,1,397.67,766.97,0.0,766.97,397.67,766.97,369.3,48.15,Summer,1.0,Tier 1: Fast Mover
ORD-11637,2023-01-10,Apparel,Uncategorized,West,Delayed - Transit,90,3,319.02,359.17,0.36,1077.51,957.06,689.61,-267.45,-38.78,Winter,0.0,Tier 2: Warning
ORD-11638,2023-09-24,Furniture,Chairs,West,On-Time,128,4,215.04,275.56,0.44,1102.24,860.16,617.25,-242.91,-39.35,Fall,0.0,Tier 2: Warning
ORD-11639,2023-12-12,Apparel,Shirts,South,On-Time,24,1,378.18,769.36,0.05,769.36,378.18,730.89,352.71,48.26,Winter,1.0,Tier 1: Fast Mover
ORD-11640,2023-04-13,Furniture,Tables,East,On-Time,107,3,302.42,385.25,0.35,1155.75,907.26,751.24,-156.02,-20.77,Spring,0.0,Tier 2: Warning
ORD-11641,2023-05-26,Furniture,Tables,East,Delayed - Transit,111,1,262.14,288.72,0.38,288.72,262.14,179.01,-83.13,-46.44,Spring,0.0,Tier 2: Warning
ORD-11642,2023-12-03,Furniture,Chairs,West,On-Time,137,1,368.31,463.11,0.41,463.11,368.31,273.23,-95.08,-34.8,Winter,0.0,Tier 2: Warning
ORD-11643,2023-08-15,Furniture,Desks,North,Delayed - Customs,137,1,21.29,26.99,0.49,26.99,21.29,13.76,-7.53,-54.67,Summer,0.0,Tier 2: Warning
ORD-11644,2023-03-13,Apparel,Pants,North,On-Time,34,2,395.01,759.54,0.0,1519.08,790.02,1519.08,729.06,47.99,Spring,1.0,Tier 1: Fast Mover
ORD-11645,2023-09-28,Furniture,Desks,West,On-Time,121,4,343.99,461.07,0.38,1844.28,1375.96,1143.45,-232.51,-20.33,Fall,0.0,Tier 2: Warning
ORD-11646,2023-06-26,Furniture,Desks,North,On-Time,110,2,51.02,65.06,0.57,130.12,102.04,55.95,-46.09,-82.37,Summer,2.0,Tier 3: Dead Stock
ORD-11647,2023-01-24,Electronics,Computers,South,On-Time,18,1,144.67,335.96,0.0,335.96,144.67,335.96,191.29,56.94,Winter,1.0,Tier 1: Fast Mover
ORD-11648,2023-03-12,Apparel,Shirts,East,On-Time,21,4,68.64,160.91,0.0,643.64,274.56,643.64,369.08,57.34,Spring,1.0,Tier 1: Fast Mover
ORD-11649,2023-08-17,Apparel,Footwear,North,On-Time,34,1,358.21,745.62,0.0,745.62,358.21,745.62,387.41,51.96,Summer,1.0,Tier 1: Fast Mover
ORD-11650,2023-02-08,Electronics,Audio,West,On-Time,21,3,185.38,393.05,0.0,1179.15,556.14,1179.15,623.01,52.84,Winter,1.0,Tier 1: Fast Mover
ORD-11651,2023-12-21,Furniture,Chairs,East,On-Time,87,5,237.9,267.74,0.45,1338.7,1189.5,736.29,-453.22,-61.55,Winter,0.0,Tier 2: Warning
ORD-11652,2023-04-22,Electronics,Computers,North,Delayed - Transit,76,5,392.87,415.53,0.05,2077.65,1964.35,1973.77,9.42,0.48,Spring,1.0,Tier 1: Fast Mover
ORD-11653,2023-09-19,Apparel,Shirts,North,Delayed - Customs,77,5,105.24,119.11,0.05,595.55,526.2,565.77,39.57,6.99,Fall,1.0,Tier 1: Fast Mover
ORD-11654,2023-01-04,Furniture,Tables,East,On-Time,101,3,344.65,395.41,0.61,1186.23,1033.95,462.63,-571.32,-123.49,Winter,2.0,Tier 3: Dead Stock
ORD-11655,2023-03-16,Furniture,Tables,South,Delayed - Transit,141,5,220.12,287.49,0.52,1437.45,1100.6,689.98,-410.62,-59.51,Spring,0.0,Tier 2: Warning
ORD-11656,2023-10-14,Furniture,Desks,East,On-Time,123,2,108.57,124.96,0.46,249.92,217.14,134.96,-82.18,-60.9,Fall,0.0,Tier 2: Warning
ORD-11657,2023-08-18,Furniture,Chairs,West,On-Time,59,4,270.98,286.25,0.05,1145.0,1083.92,1087.75,3.83,0.35,Summer,1.0,Tier 1: Fast Mover
ORD-11658,2023-03-30,Apparel,Shirts,West,On-Time,14,1,286.5,547.62,0.0,547.62,286.5,547.62,261.12,47.68,Spring,1.0,Tier 1: Fast Mover
ORD-11659,2023-07-28,Furniture,Chairs,West,On-Time,136,4,179.79,241.38,0.43,965.52,719.16,550.35,-168.81,-30.67,Summer,0.0,Tier 2: Warning
ORD-11660,2023-11-25,Furniture,Chairs,East,Delayed - Transit,102,1,259.0,276.74,0.36,276.74,259.0,177.11,-81.89,-46.23,Fall,0.0,Tier 2: Warning
ORD-11661,2023-04-23,Apparel,Pants,West,On-Time,33,5,224.24,382.86,0.05,1914.3,1121.2,1818.59,697.39,38.35,Spring,1.0,Tier 1: Fast Mover
ORD-11662,2023-10-29,Apparel,Pants,South,On-Time,28,1,260.41,531.96,0.0,531.96,260.41,531.96,271.55,51.05,Fall,1.0,Tier 1: Fast Mover
ORD-11663,2023-10-15,Furniture,Desks,West,On-Time,88,3,172.31,186.16,0.38,558.48,516.93,346.26,-170.67,-49.29,Fall,0.0,Tier 2: Warning
ORD-11664,2023-07-12,Electronics,Accessories,South,On-Time,35,3,230.28,528.2,0.05,1584.6,690.84,1505.37,814.53,54.11,Summer,1.0,Tier 1: Fast Mover
ORD-11665,2023-12-01,Electronics,Computers,South,On-Time,42,5,295.21,571.13,0.05,2855.65,1476.05,2712.87,1236.82,45.59,Winter,1.0,Tier 1: Fast Mover
ORD-11666,2023-12-25,Electronics,Audio,South,Delayed - Transit,130,2,122.46,160.92,0.42,321.84,244.92,186.67,-58.25,-31.21,Winter,0.0,Tier 2: Warning
ORD-11667,2023-09-08,Apparel,Shirts,North,On-Time,35,2,272.04,539.51,0.05,1079.02,544.08,1025.07,480.99,46.92,Fall,1.0,Tier 1: Fast Mover
ORD-11668,2023-02-26,Electronics,Uncategorized,North,Delayed - Customs,135,5,237.55,252.5,0.49,1262.5,1187.75,643.88,-543.88,-84.47,Winter,2.0,Tier 3: Dead Stock
ORD-11669,2023-02-16,Apparel,Footwear,South,On-Time,33,4,97.31,171.31,0.05,685.24,389.24,650.98,261.74,40.21,Winter,1.0,Tier 1: Fast Mover
ORD-11670,2023-10-24,Furniture,Desks,South,On-Time,125,1,181.77,210.99,0.51,210.99,181.77,103.39,-78.38,-75.82,Fall,0.0,Tier 2: Warning
ORD-11671,2023-02-14,Apparel,Pants,North,Delayed - Transit,86,1,92.87,117.79,0.59,117.79,92.87,48.29,-44.58,-92.3,Winter,2.0,Tier 3: Dead Stock
ORD-11672,2023-07-31,Apparel,Pants,West,On-Time,52,1,303.8,624.35,0.0,624.35,303.8,624.35,320.55,51.34,Summer,1.0,Tier 1: Fast Mover
ORD-11673,2023-05-22,Apparel,Footwear,East,On-Time,16,5,338.34,625.97,0.0,3129.85,1691.7,3129.85,1438.15,45.95,Spring,1.0,Tier 1: Fast Mover
ORD-11674,2023-04-24,Furniture,Desks,West,On-Time,145,1,241.69,304.85,0.42,304.85,241.69,176.81,-64.88,-36.69,Spring,0.0,Tier 2: Warning
ORD-11675,2023-03-18,Apparel,Footwear,South,On-Time,36,5,389.67,679.54,0.05,3397.7,1948.35,3227.82,1279.47,39.64,Spring,1.0,Tier 1: Fast Mover
ORD-11676,2023-11-24,Apparel,Shirts,North,On-Time,45,1,367.23,653.7,0.05,653.7,367.23,621.02,253.79,40.87,Fall,1.0,Tier 1: Fast Mover
ORD-11677,2023-10-26,Apparel,Shirts,South,Delayed - Customs,109,3,165.38,178.52,0.37,535.56,496.14,337.4,-158.74,-47.05,Fall,0.0,Tier 2: Warning
ORD-11678,2023-03-25,Apparel,Pants,West,On-Time,31,3,27.3,61.58,0.0,184.74,81.9,184.74,102.84,55.67,Spring,1.0,Tier 1: Fast Mover
ORD-11679,2023-05-14,Furniture,Tables,West,On-Time,128,3,227.01,304.4,0.6,913.2,681.03,365.28,-315.75,-86.44,Spring,2.0,Tier 3: Dead Stock
ORD-11680,2023-10-30,Apparel,Footwear,North,Delayed - Transit,111,1,265.97,304.22,0.58,304.22,265.97,127.77,-138.2,-108.16,Fall,2.0,Tier 3: Dead Stock
ORD-11681,2023-08-25,Furniture,Uncategorized,South,On-Time,144,1,214.64,260.44,0.61,260.44,214.64,101.57,-113.07,-111.32,Summer,2.0,Tier 3: Dead Stock
ORD-11682,2023-09-24,Electronics,Accessories,West,On-Time,30,3,208.32,482.58,0.0,1447.74,624.96,1447.74,822.78,56.83,Fall,1.0,Tier 1: Fast Mover
ORD-11683,2023-05-13,Furniture,Tables,South,Delayed - Customs,152,4,242.76,258.58,0.59,1034.32,971.04,424.07,-546.97,-128.98,Spring,2.0,Tier 3: Dead Stock
ORD-11684,2023-10-05,Apparel,Pants,South,Delayed - Transit,112,5,321.8,397.41,0.45,1987.05,1609.0,1092.88,-516.12,-47.23,Fall,0.0,Tier 2: Warning
ORD-11685,2023-01-22,Apparel,Shirts,East,On-Time,36,2,117.66,208.63,0.05,417.26,235.32,396.4,161.08,40.64,Winter,1.0,Tier 1: Fast Mover
ORD-11686,2023-02-04,Furniture,Desks,North,On-Time,105,1,32.22,36.66,0.55,36.66,32.22,16.5,-15.72,-95.31,Winter,2.0,Tier 3: Dead Stock
ORD-11687,2023-09-16,Apparel,Pants,South,Delayed - Customs,98,2,219.94,283.93,0.61,567.86,439.88,221.47,-218.41,-98.62,Fall,2.0,Tier 3: Dead Stock
ORD-11688,2023-12-08,Electronics,Computers,South,On-Time,24,1,65.21,152.01,0.05,152.01,65.21,144.41,79.2,54.84,Winter,1.0,Tier 1: Fast Mover
ORD-11689,2023-09-25,Furniture,Tables,South,Delayed - Customs,142,2,230.5,285.56,0.38,571.12,461.0,354.09,-106.91,-30.19,Fall,0.0,Tier 2: Warning
ORD-11690,2023-05-31,Apparel,Pants,North,On-Time,9,2,309.34,579.22,0.0,1158.44,618.68,1158.44,539.76,46.59,Spring,1.0,Tier 1: Fast Mover
ORD-11691,2023-05-21,Apparel,Pants,North,On-Time,8,3,362.45,689.01,0.0,2067.03,1087.35,2067.03,979.68,47.4,Spring,1.0,Tier 1: Fast Mover
ORD-11692,2023-10-18,Electronics,Audio,East,On-Time,19,1,398.82,862.99,0.05,862.99,398.82,819.84,421.02,51.35,Fall,1.0,Tier 1: Fast Mover
ORD-11693,2023-09-30,Furniture,Desks,West,On-Time,115,5,371.41,433.91,0.63,2169.55,1857.05,802.73,-1054.32,-131.34,Fall,2.0,Tier 3: Dead Stock
ORD-11694,2023-01-21,Furniture,Chairs,East,Delayed - Customs,139,4,53.72,56.68,0.46,226.72,214.88,122.43,-92.45,-75.51,Winter,0.0,Tier 2: Warning
ORD-11695,2023-11-02,Apparel,Pants,South,Delayed - Transit,115,4,207.39,251.36,0.43,1005.44,829.56,573.1,-256.46,-44.75,Fall,0.0,Tier 2: Warning
ORD-11696,2023-12-16,Apparel,Shirts,North,On-Time,26,4,33.85,70.26,0.0,281.04,135.4,281.04,145.64,51.82,Winter,1.0,Tier 1: Fast Mover
ORD-11697,2023-08-30,Apparel,Pants,East,On-Time,30,1,340.12,787.87,0.0,787.87,340.12,787.87,447.75,56.83,Summer,1.0,Tier 1: Fast Mover
ORD-11698,2023-02-22,Electronics,Computers,North,On-Time,34,3,194.68,356.01,0.05,1068.03,584.04,1014.63,430.59,42.44,Winter,1.0,Tier 1: Fast Mover
ORD-11699,2023-10-09,Apparel,Pants,West,On-Time,33,3,166.08,296.0,0.0,888.0,498.24,888.0,389.76,43.89,Fall,1.0,Tier 1: Fast Mover
ORD-11700,2023-01-22,Furniture,Chairs,South,On-Time,168,4,154.55,195.77,0.59,783.08,618.2,321.06,-297.14,-92.55,Winter,2.0,Tier 3: Dead Stock
ORD-11701,2023-06-29,Electronics,Computers,South,On-Time,30,3,197.06,414.45,0.0,1243.35,591.18,1243.35,652.17,52.45,Summer,1.0,Tier 1: Fast Mover
ORD-11702,2023-05-01,Apparel,Footwear,West,On-Time,42,2,24.73,54.48,0.0,108.96,49.46,108.96,59.5,54.61,Spring,1.0,Tier 1: Fast Mover
ORD-11703,2023-10-14,Apparel,Shirts,South,On-Time,30,5,136.92,233.34,0.0,1166.7,684.6,1166.7,482.1,41.32,Fall,1.0,Tier 1: Fast Mover
ORD-11704,2023-10-31,Furniture,Tables,East,Delayed - Transit,147,4,50.63,53.9,0.55,215.6,202.52,97.02,-105.5,-108.74,Fall,2.0,Tier 3: Dead Stock
ORD-11705,2023-02-16,Apparel,Footwear,East,On-Time,43,2,168.18,359.22,0.05,718.44,336.36,682.52,346.16,50.72,Winter,1.0,Tier 1: Fast Mover
ORD-11706,2023-01-21,Electronics,Computers,North,On-Time,23,3,315.93,744.73,0.05,2234.19,947.79,2122.48,1174.69,55.35,Winter,1.0,Tier 1: Fast Mover
ORD-11707,2023-01-08,Electronics,Accessories,East,Delayed - Transit,107,3,224.16,257.22,0.62,771.66,672.48,293.23,-379.25,-129.33,Winter,2.0,Tier 3: Dead Stock
ORD-11708,2023-08-27,Electronics,Audio,East,On-Time,24,2,147.42,275.23,0.05,550.46,294.84,522.94,228.1,43.62,Summer,1.0,Tier 1: Fast Mover
ORD-11709,2023-05-27,Apparel,Shirts,South,Delayed - Customs,51,5,70.24,90.84,0.05,454.2,351.2,431.49,80.29,18.61,Spring,1.0,Tier 1: Fast Mover
ORD-11710,2023-09-13,Apparel,Footwear,North,On-Time,21,5,132.56,223.16,0.05,1115.8,662.8,1060.01,397.21,37.47,Fall,1.0,Tier 1: Fast Mover
ORD-11711,2023-09-21,Furniture,Tables,North,On-Time,97,5,261.32,336.11,0.41,1680.55,1306.6,991.52,-315.08,-31.78,Fall,0.0,Tier 2: Warning
ORD-11712,2023-06-19,Furniture,Chairs,North,On-Time,142,2,28.02,33.46,0.49,66.92,56.04,34.13,-21.91,-64.2,Summer,0.0,Tier 2: Warning
ORD-11713,2023-09-10,Apparel,Shirts,West,On-Time,29,3,328.83,534.97,0.05,1604.91,986.49,1524.66,538.17,35.3,Fall,1.0,Tier 1: Fast Mover
ORD-11714,2023-02-09,Apparel,Footwear,East,Delayed - Transit,104,4,285.87,322.47,0.64,1289.88,1143.48,464.36,-679.12,-146.25,Winter,2.0,Tier 3: Dead Stock
ORD-11715,2023-02-09,Furniture,Tables,South,On-Time,143,5,239.9,308.31,0.54,1541.55,1199.5,709.11,-490.39,-69.15,Winter,0.0,Tier 2: Warning
ORD-11716,2023-08-12,Furniture,Chairs,South,On-Time,87,3,101.11,124.28,0.46,372.84,303.33,201.33,-102.0,-50.66,Summer,0.0,Tier 2: Warning
ORD-11717,2023-11-19,Furniture,Tables,West,On-Time,102,2,21.09,24.15,0.55,48.3,42.18,21.74,-20.45,-94.06,Fall,2.0,Tier 3: Dead Stock
ORD-11718,2023-07-02,Furniture,Tables,South,Delayed - Customs,111,3,213.87,276.81,0.53,830.43,641.61,390.3,-251.31,-64.39,Summer,0.0,Tier 2: Warning
ORD-11719,2023-07-24,Electronics,Audio,North,Delayed - Transit,131,5,285.21,352.92,0.35,1764.6,1426.05,1146.99,-279.06,-24.33,Summer,0.0,Tier 2: Warning
ORD-11720,2023-07-13,Furniture,Chairs,South,On-Time,105,4,293.72,332.8,0.42,1331.2,1174.88,772.1,-402.78,-52.17,Summer,0.0,Tier 2: Warning
ORD-11721,2023-12-06,Electronics,Computers,North,Delayed - Transit,93,3,126.92,147.22,0.45,441.66,380.76,242.91,-137.85,-56.75,Winter,0.0,Tier 2: Warning
ORD-11722,2023-12-05,Apparel,Footwear,South,On-Time,34,2,67.51,111.8,0.05,223.6,135.02,212.42,77.4,36.44,Winter,1.0,Tier 1: Fast Mover
ORD-11723,2023-02-24,Furniture,Desks,South,On-Time,120,1,281.19,325.64,0.52,325.64,281.19,156.31,-124.88,-79.9,Winter,2.0,Tier 3: Dead Stock
ORD-11724,2023-02-09,Apparel,Footwear,South,On-Time,18,3,266.37,461.01,0.05,1383.03,799.11,1313.88,514.77,39.18,Winter,1.0,Tier 1: Fast Mover
ORD-11725,2023-10-29,Apparel,Footwear,East,On-Time,15,3,75.61,167.81,0.05,503.43,226.83,478.26,251.43,52.57,Fall,1.0,Tier 1: Fast Mover
ORD-11726,2023-11-11,Furniture,Desks,West,Delayed - Transit,98,3,187.84,245.17,0.43,735.51,563.52,419.24,-144.28,-34.41,Fall,0.0,Tier 2: Warning
ORD-11727,2023-11-01,Electronics,Audio,West,On-Time,22,4,17.04,34.76,0.0,139.04,68.16,139.04,70.88,50.98,Fall,1.0,Tier 1: Fast Mover
ORD-11728,2023-09-02,Electronics,Accessories,East,Delayed - Transit,103,3,123.48,131.55,0.41,394.65,370.44,232.84,-137.6,-59.09,Fall,0.0,Tier 2: Warning
ORD-11729,2023-08-04,Furniture,Chairs,North,On-Time,88,4,116.32,140.28,0.4,561.12,465.28,336.67,-128.61,-38.2,Summer,0.0,Tier 2: Warning
ORD-11730,2023-08-05,Apparel,Shirts,North,Delayed - Transit,83,3,322.54,430.87,0.0,1292.61,967.62,1292.61,324.99,25.14,Summer,1.0,Tier 1: Fast Mover
ORD-11731,2023-05-14,Furniture,Chairs,East,Delayed - Transit,115,3,79.79,100.86,0.55,302.58,239.37,136.16,-103.21,-75.8,Spring,0.0,Tier 2: Warning
ORD-11732,2023-08-25,Apparel,Pants,North,On-Time,19,2,268.1,448.81,0.0,897.62,536.2,897.62,361.42,40.26,Summer,1.0,Tier 1: Fast Mover
ORD-11733,2023-03-10,Electronics,Accessories,East,Delayed - Transit,130,1,78.38,98.19,0.4,98.19,78.38,58.91,-19.47,-33.04,Spring,0.0,Tier 2: Warning
ORD-11734,2023-04-27,Apparel,Shirts,East,On-Time,21,5,160.08,302.75,0.0,1513.75,800.4,1513.75,713.35,47.12,Spring,1.0,Tier 1: Fast Mover
ORD-11735,2023-08-10,Apparel,Shirts,East,Delayed - Transit,82,2,142.51,156.04,0.0,312.08,285.02,312.08,27.06,8.67,Summer,1.0,Tier 1: Fast Mover
ORD-11736,2023-01-03,Furniture,Tables,East,On-Time,134,5,124.18,144.73,0.6,723.65,620.9,289.46,-331.44,-114.5,Winter,2.0,Tier 3: Dead Stock
ORD-11737,2023-07-18,Electronics,Computers,West,On-Time,20,3,26.67,63.86,0.0,191.58,80.01,191.58,111.57,58.24,Summer,1.0,Tier 1: Fast Mover
ORD-11738,2023-03-16,Electronics,Audio,East,On-Time,25,4,142.33,301.75,0.0,1207.0,569.32,1207.0,637.68,52.83,Spring,1.0,Tier 1: Fast Mover
ORD-11739,2023-07-29,Apparel,Footwear,North,On-Time,18,3,81.97,152.37,0.05,457.11,245.91,434.25,188.34,43.37,Summer,1.0,Tier 1: Fast Mover
ORD-11740,2023-06-21,Furniture,Tables,West,On-Time,93,4,315.44,335.34,0.56,1341.36,1261.76,590.2,-671.56,-113.79,Summer,2.0,Tier 3: Dead Stock
ORD-11741,2023-01-26,Furniture,Chairs,West,On-Time,101,4,304.74,355.88,0.49,1423.52,1218.96,726.0,-492.96,-67.9,Winter,0.0,Tier 2: Warning
ORD-11742,2023-08-11,Furniture,Chairs,East,On-Time,122,3,225.14,270.04,0.39,810.12,675.42,494.17,-181.25,-36.68,Summer,0.0,Tier 2: Warning
ORD-11743,2023-02-03,Apparel,Shirts,North,On-Time,30,1,193.38,362.44,0.05,362.44,193.38,344.32,150.94,43.84,Winter,1.0,Tier 1: Fast Mover
ORD-11744,2023-05-05,Apparel,Footwear,East,On-Time,22,3,25.3,58.38,0.05,175.14,75.9,166.38,90.48,54.38,Spring,1.0,Tier 1: Fast Mover
ORD-11745,2023-04-10,Apparel,Footwear,South,Delayed - Customs,115,2,293.97,347.52,0.49,695.04,587.94,354.47,-233.47,-65.86,Spring,0.0,Tier 2: Warning
ORD-11746,2023-11-07,Furniture,Chairs,West,On-Time,97,5,384.07,443.1,0.49,2215.5,1920.35,1129.91,-790.45,-69.96,Fall,0.0,Tier 2: Warning
ORD-11747,2023-05-26,Electronics,Computers,East,On-Time,24,2,301.87,602.08,0.05,1204.16,603.74,1143.95,540.21,47.22,Spring,1.0,Tier 1: Fast Mover
ORD-11748,2023-07-12,Apparel,Shirts,West,Delayed - Customs,108,2,42.68,52.85,0.4,105.7,85.36,63.42,-21.94,-34.59,Summer,0.0,Tier 2: Warning
ORD-11749,2023-05-26,Apparel,Pants,West,Delayed - Customs,107,5,300.06,361.08,0.43,1805.4,1500.3,1029.08,-471.22,-45.79,Spring,0.0,Tier 2: Warning
ORD-11750,2023-12-03,Electronics,Audio,North,On-Time,32,4,164.08,352.42,0.05,1409.68,656.32,1339.2,682.88,50.99,Winter,1.0,Tier 1: Fast Mover
ORD-11751,2023-07-12,Electronics,Audio,West,On-Time,32,4,221.29,493.35,0.0,1973.4,885.16,1973.4,1088.24,55.15,Summer,1.0,Tier 1: Fast Mover
ORD-11752,2023-02-27,Apparel,Footwear,East,On-Time,1,5,337.44,720.04,0.0,3600.2,1687.2,3600.2,1913.0,53.14,Winter,1.0,Tier 1: Fast Mover
ORD-11753,2023-10-28,Apparel,Shirts,West,On-Time,20,4,141.72,257.6,0.0,1030.4,566.88,1030.4,463.52,44.98,Fall,1.0,Tier 1: Fast Mover
ORD-11754,2023-11-21,Apparel,Pants,West,On-Time,10,4,394.96,794.74,0.05,3178.96,1579.84,3020.01,1440.17,47.69,Fall,1.0,Tier 1: Fast Mover
ORD-11755,2023-09-28,Apparel,Shirts,North,On-Time,31,5,156.23,292.49,0.0,1462.45,781.15,1462.45,681.3,46.59,Fall,1.0,Tier 1: Fast Mover
ORD-11756,2023-05-06,Apparel,Pants,East,Delayed - Transit,60,2,212.43,263.72,0.05,527.44,424.86,501.07,76.21,15.21,Spring,1.0,Tier 1: Fast Mover
ORD-11757,2023-10-20,Electronics,Audio,West,On-Time,48,5,160.85,285.71,0.05,1428.55,804.25,1357.12,552.87,40.74,Fall,1.0,Tier 1: Fast Mover
ORD-11758,2023-07-02,Apparel,Pants,East,On-Time,12,4,346.3,639.18,0.05,2556.72,1385.2,2428.88,1043.68,42.97,Summer,1.0,Tier 1: Fast Mover
ORD-11759,2023-04-30,Furniture,Chairs,South,On-Time,177,5,220.67,270.37,0.51,1351.85,1103.35,662.41,-440.94,-66.57,Spring,0.0,Tier 2: Warning
ORD-11760,2023-04-03,Electronics,Audio,West,On-Time,25,3,193.9,388.5,0.05,1165.5,581.7,1107.23,525.53,47.46,Spring,1.0,Tier 1: Fast Mover
ORD-11761,2023-08-04,Electronics,Accessories,South,On-Time,53,4,245.27,584.9,0.05,2339.6,981.08,2222.62,1241.54,55.86,Summer,1.0,Tier 1: Fast Mover
ORD-11762,2023-08-31,Furniture,Desks,West,On-Time,133,3,98.56,126.83,0.62,380.49,295.68,144.59,-151.09,-104.5,Summer,2.0,Tier 3: Dead Stock
ORD-11763,2023-03-15,Furniture,Desks,West,On-Time,109,5,21.59,23.94,0.57,119.7,107.95,51.47,-56.48,-109.73,Spring,2.0,Tier 3: Dead Stock
ORD-11764,2023-07-24,Apparel,Shirts,West,On-Time,9,5,333.48,721.31,0.05,3606.55,1667.4,3426.22,1758.82,51.33,Summer,1.0,Tier 1: Fast Mover
ORD-11765,2023-11-21,Furniture,Desks,South,On-Time,145,5,283.29,298.79,0.36,1493.95,1416.45,956.13,-460.32,-48.14,Fall,0.0,Tier 2: Warning
ORD-11766,2023-03-28,Furniture,Desks,South,Delayed - Customs,153,5,273.8,340.31,0.41,1701.55,1369.0,1003.91,-365.09,-36.37,Spring,0.0,Tier 2: Warning
ORD-11767,2023-04-24,Apparel,Shirts,South,On-Time,40,5,206.52,402.24,0.0,2011.2,1032.6,2011.2,978.6,48.66,Spring,1.0,Tier 1: Fast Mover
ORD-11768,2023-06-03,Apparel,Footwear,East,On-Time,44,3,204.28,365.07,0.05,1095.21,612.84,1040.45,427.61,41.1,Summer,1.0,Tier 1: Fast Mover
ORD-11769,2023-10-27,Electronics,Audio,East,On-Time,24,1,355.69,656.92,0.0,656.92,355.69,656.92,301.23,45.85,Fall,1.0,Tier 1: Fast Mover
ORD-11770,2023-09-12,Furniture,Tables,South,On-Time,86,2,311.56,343.88,0.43,687.76,623.12,392.02,-231.1,-58.95,Fall,0.0,Tier 2: Warning
ORD-11771,2023-03-24,Furniture,Chairs,South,Delayed - Transit,95,5,383.45,514.34,0.47,2571.7,1917.25,1363.0,-554.25,-40.66,Spring,0.0,Tier 2: Warning
ORD-11772,2023-10-28,Electronics,Computers,South,On-Time,29,2,96.13,224.8,0.0,449.6,192.26,449.6,257.34,57.24,Fall,1.0,Tier 1: Fast Mover
ORD-11773,2023-10-19,Electronics,Audio,West,Delayed - Customs,141,4,178.71,200.35,0.58,801.4,714.84,336.59,-378.25,-112.38,Fall,2.0,Tier 3: Dead Stock
ORD-11774,2023-09-23,Electronics,Computers,West,On-Time,21,2,274.12,554.66,0.05,1109.32,548.24,1053.85,505.61,47.98,Fall,1.0,Tier 1: Fast Mover
ORD-11775,2023-05-03,Apparel,Footwear,East,Delayed - Transit,77,3,97.32,115.12,0.05,345.36,291.96,328.09,36.13,11.01,Spring,1.0,Tier 1: Fast Mover
ORD-11776,2023-11-05,Furniture,Chairs,South,On-Time,95,4,249.37,268.63,0.37,1074.52,997.48,676.95,-320.53,-47.35,Fall,0.0,Tier 2: Warning
ORD-11777,2023-12-10,Electronics,Accessories,East,On-Time,21,3,109.78,184.57,0.05,553.71,329.34,526.02,196.68,37.39,Winter,1.0,Tier 1: Fast Mover
ORD-11778,2023-12-08,Apparel,Footwear,South,On-Time,30,3,192.2,452.01,0.0,1356.03,576.6,1356.03,779.43,57.48,Winter,1.0,Tier 1: Fast Mover
ORD-11779,2023-07-26,Furniture,Chairs,West,Delayed - Transit,160,5,273.6,347.11,0.52,1735.55,1368.0,833.06,-534.94,-64.21,Summer,0.0,Tier 2: Warning
ORD-11780,2023-03-10,Furniture,Desks,West,On-Time,143,3,167.0,205.76,0.45,617.28,501.0,339.5,-161.5,-47.57,Spring,0.0,Tier 2: Warning
ORD-11781,2023-11-09,Furniture,Desks,East,On-Time,139,1,275.33,360.76,0.46,360.76,275.33,194.81,-80.52,-41.33,Fall,0.0,Tier 2: Warning
ORD-11782,2023-11-26,Apparel,Pants,West,On-Time,25,5,159.67,292.57,0.0,1462.85,798.35,1462.85,664.5,45.43,Fall,1.0,Tier 1: Fast Mover
ORD-11783,2023-08-17,Electronics,Accessories,North,On-Time,17,4,250.71,535.03,0.0,2140.12,1002.84,2140.12,1137.28,53.14,Summer,1.0,Tier 1: Fast Mover
ORD-11784,2023-02-01,Furniture,Chairs,South,On-Time,137,3,390.98,468.42,0.49,1405.26,1172.94,716.68,-456.26,-63.66,Winter,0.0,Tier 2: Warning
ORD-11785,2023-09-09,Apparel,Pants,South,On-Time,49,4,333.53,658.53,0.0,2634.12,1334.12,2634.12,1300.0,49.35,Fall,1.0,Tier 1: Fast Mover
ORD-11786,2023-11-03,Furniture,Tables,South,On-Time,138,2,391.01,432.24,0.45,864.48,782.02,475.46,-306.56,-64.48,Fall,0.0,Tier 2: Warning
ORD-11787,2023-08-26,Furniture,Tables,South,On-Time,127,4,238.06,278.95,0.41,1115.8,952.24,658.32,-293.92,-44.65,Summer,0.0,Tier 2: Warning
ORD-11788,2023-05-28,Electronics,Accessories,South,On-Time,27,1,293.87,689.94,0.05,689.94,293.87,655.44,361.57,55.16,Spring,1.0,Tier 1: Fast Mover
ORD-11789,2023-05-21,Electronics,Computers,East,On-Time,21,3,324.71,527.36,0.05,1582.08,974.13,1502.98,528.85,35.19,Spring,1.0,Tier 1: Fast Mover
ORD-11790,2023-06-26,Furniture,Chairs,South,Delayed - Transit,95,5,101.97,122.41,0.39,612.05,509.85,373.35,-136.5,-36.56,Summer,0.0,Tier 2: Warning
ORD-11791,2023-09-15,Electronics,Accessories,South,On-Time,16,3,204.2,443.29,0.05,1329.87,612.6,1263.38,650.78,51.51,Fall,1.0,Tier 1: Fast Mover
ORD-11792,2023-07-11,Apparel,Shirts,South,On-Time,39,4,119.63,266.04,0.05,1064.16,478.52,1010.95,532.43,52.67,Summer,1.0,Tier 1: Fast Mover
ORD-11793,2023-01-09,Furniture,Chairs,East,On-Time,94,5,142.99,153.69,0.58,768.45,714.95,322.75,-392.2,-121.52,Winter,2.0,Tier 3: Dead Stock
ORD-11794,2023-06-24,Apparel,Footwear,North,On-Time,26,5,295.2,617.66,0.05,3088.3,1476.0,2933.89,1457.89,49.69,Summer,1.0,Tier 1: Fast Mover
ORD-11795,2023-01-03,Furniture,Tables,North,On-Time,120,1,154.68,195.28,0.57,195.28,154.68,83.97,-70.71,-84.21,Winter,2.0,Tier 3: Dead Stock
ORD-11796,2023-06-13,Furniture,Tables,North,Delayed - Customs,109,4,173.81,193.32,0.53,773.28,695.24,363.44,-331.8,-91.29,Summer,2.0,Tier 3: Dead Stock
ORD-11797,2023-01-17,Furniture,Desks,North,On-Time,124,5,169.13,225.42,0.37,1127.1,845.65,710.07,-135.58,-19.09,Winter,0.0,Tier 2: Warning
ORD-11798,2023-01-03,Furniture,Chairs,North,On-Time,97,5,348.3,444.94,0.6,2224.7,1741.5,889.88,-851.62,-95.7,Winter,2.0,Tier 3: Dead Stock
ORD-11799,2023-11-08,Apparel,Pants,East,On-Time,32,3,380.04,632.04,0.05,1896.12,1140.12,1801.31,661.19,36.71,Fall,1.0,Tier 1: Fast Mover
ORD-11800,2023-03-20,Furniture,Tables,South,On-Time,129,3,288.68,380.49,0.37,1141.47,866.04,719.13,-146.91,-20.43,Spring,0.0,Tier 2: Warning
ORD-11801,2023-10-12,Electronics,Accessories,South,On-Time,14,5,246.63,417.22,0.0,2086.1,1233.15,2086.1,852.95,40.89,Fall,1.0,Tier 1: Fast Mover
ORD-11802,2023-06-07,Electronics,Audio,North,On-Time,30,2,282.19,614.05,0.05,1228.1,564.38,1166.7,602.32,51.63,Summer,1.0,Tier 1: Fast Mover
ORD-11803,2023-11-05,Electronics,Accessories,East,Delayed - Customs,129,4,220.03,267.77,0.58,1071.08,880.12,449.85,-430.27,-95.65,Fall,2.0,Tier 3: Dead Stock
ORD-11804,2023-04-27,Furniture,Desks,East,On-Time,83,2,375.65,437.86,0.05,875.72,751.3,831.93,80.63,9.69,Spring,1.0,Tier 1: Fast Mover
ORD-11805,2023-03-25,Electronics,Accessories,South,On-Time,45,2,132.65,281.13,0.05,562.26,265.3,534.15,268.85,50.33,Spring,1.0,Tier 1: Fast Mover
ORD-11806,2023-07-17,Furniture,Chairs,East,On-Time,101,5,311.6,415.24,0.55,2076.2,1558.0,934.29,-623.71,-66.76,Summer,0.0,Tier 2: Warning
ORD-11807,2023-04-14,Electronics,Accessories,East,On-Time,22,2,170.65,326.89,0.05,653.78,341.3,621.09,279.79,45.05,Spring,1.0,Tier 1: Fast Mover
ORD-11808,2023-11-23,Furniture,Chairs,West,On-Time,124,5,294.2,338.35,0.4,1691.75,1471.0,1015.05,-455.95,-44.92,Fall,0.0,Tier 2: Warning
ORD-11809,2023-04-29,Electronics,Accessories,West,On-Time,31,1,273.7,543.04,0.05,543.04,273.7,515.89,242.19,46.95,Spring,1.0,Tier 1: Fast Mover
ORD-11810,2023-05-05,Apparel,Footwear,East,Delayed - Transit,114,3,398.42,431.43,0.59,1294.29,1195.26,530.66,-664.6,-125.24,Spring,2.0,Tier 3: Dead Stock
ORD-11811,2023-09-20,Furniture,Chairs,East,Delayed - Transit,155,2,246.14,291.84,0.51,583.68,492.28,286.0,-206.28,-72.12,Fall,0.0,Tier 2: Warning
ORD-11812,2023-01-30,Apparel,Shirts,East,Delayed - Customs,66,1,363.14,444.1,0.0,444.1,363.14,444.1,80.96,18.23,Winter,1.0,Tier 1: Fast Mover
ORD-11813,2023-01-22,Electronics,Accessories,East,On-Time,39,4,391.08,827.65,0.05,3310.6,1564.32,3145.07,1580.75,50.26,Winter,1.0,Tier 1: Fast Mover
ORD-11814,2023-11-02,Electronics,Audio,West,Delayed - Transit,164,2,362.73,416.67,0.49,833.34,725.46,425.0,-300.46,-70.7,Fall,0.0,Tier 2: Warning
ORD-11815,2023-04-27,Electronics,Audio,East,On-Time,29,2,316.52,587.91,0.05,1175.82,633.04,1117.03,483.99,43.33,Spring,1.0,Tier 1: Fast Mover
ORD-11816,2023-01-22,Apparel,Shirts,West,On-Time,50,5,334.34,777.43,0.0,3887.15,1671.7,3887.15,2215.45,56.99,Winter,1.0,Tier 1: Fast Mover
ORD-11817,2023-09-01,Electronics,Accessories,West,On-Time,32,5,23.04,40.46,0.05,202.3,115.2,192.19,76.99,40.06,Fall,1.0,Tier 1: Fast Mover
ORD-11818,2023-12-19,Electronics,Accessories,South,On-Time,43,5,58.43,104.33,0.0,521.65,292.15,521.65,229.5,44.0,Winter,1.0,Tier 1: Fast Mover
ORD-11819,2023-07-11,Furniture,Tables,West,On-Time,106,5,264.6,303.94,0.43,1519.7,1323.0,866.23,-456.77,-52.73,Summer,0.0,Tier 2: Warning
ORD-11820,2023-02-11,Apparel,Shirts,West,On-Time,40,4,194.11,337.14,0.05,1348.56,776.44,1281.13,504.69,39.39,Winter,1.0,Tier 1: Fast Mover
ORD-11821,2023-04-28,Apparel,Pants,South,On-Time,19,1,334.16,717.85,0.05,717.85,334.16,681.96,347.8,51.0,Spring,1.0,Tier 1: Fast Mover
ORD-11822,2023-03-08,Apparel,Footwear,North,Delayed - Transit,88,5,41.98,51.83,0.49,259.15,209.9,132.17,-77.73,-58.81,Spring,0.0,Tier 2: Warning
ORD-11823,2023-08-20,Electronics,Audio,West,Delayed - Customs,134,3,105.85,124.4,0.5,373.2,317.55,186.6,-130.95,-70.18,Summer,0.0,Tier 2: Warning
ORD-11824,2023-08-13,Furniture,Chairs,East,Delayed - Transit,85,4,157.3,207.56,0.05,830.24,629.2,788.73,159.53,20.23,Summer,1.0,Tier 1: Fast Mover
ORD-11825,2023-11-13,Furniture,Desks,North,On-Time,118,4,342.01,360.91,0.48,1443.64,1368.04,750.69,-617.35,-82.24,Fall,2.0,Tier 3: Dead Stock
ORD-11826,2023-08-28,Electronics,Computers,West,On-Time,16,5,364.26,792.75,0.05,3963.75,1821.3,3765.56,1944.26,51.63,Summer,1.0,Tier 1: Fast Mover
ORD-11827,2023-08-26,Furniture,Tables,East,On-Time,101,3,88.23,113.57,0.62,340.71,264.69,129.47,-135.22,-104.44,Summer,2.0,Tier 3: Dead Stock
ORD-11828,2023-01-26,Apparel,Shirts,West,On-Time,36,2,137.83,239.33,0.0,478.66,275.66,478.66,203.0,42.41,Winter,1.0,Tier 1: Fast Mover
ORD-11829,2023-07-21,Furniture,Chairs,South,On-Time,63,2,44.83,51.27,0.05,102.54,89.66,97.41,7.75,7.96,Summer,1.0,Tier 1: Fast Mover
ORD-11830,2023-07-21,Apparel,Footwear,South,On-Time,25,2,202.49,348.61,0.05,697.22,404.98,662.36,257.38,38.86,Summer,1.0,Tier 1: Fast Mover
ORD-11831,2023-10-12,Furniture,Desks,East,On-Time,88,3,229.81,285.36,0.35,856.08,689.43,556.45,-132.98,-23.9,Fall,0.0,Tier 2: Warning
ORD-11832,2023-11-13,Furniture,Chairs,North,Delayed - Transit,119,1,204.45,243.57,0.48,243.57,204.45,126.66,-77.79,-61.42,Fall,0.0,Tier 2: Warning
ORD-11833,2023-09-05,Furniture,Chairs,South,On-Time,111,3,245.92,267.27,0.46,801.81,737.76,432.98,-304.78,-70.39,Fall,0.0,Tier 2: Warning
ORD-11834,2023-01-15,Apparel,Pants,South,On-Time,30,4,298.52,667.91,0.0,2671.64,1194.08,2671.64,1477.56,55.31,Winter,1.0,Tier 1: Fast Mover
ORD-11835,2023-05-29,Apparel,Shirts,West,On-Time,19,2,48.05,98.04,0.0,196.08,96.1,196.08,99.98,50.99,Spring,1.0,Tier 1: Fast Mover
ORD-11836,2023-02-15,Apparel,Pants,West,On-Time,37,2,225.13,524.58,0.05,1049.16,450.26,996.7,546.44,54.83,Winter,1.0,Tier 1: Fast Mover
ORD-11837,2023-08-08,Furniture,Chairs,West,Delayed - Transit,133,1,362.9,470.6,0.6,470.6,362.9,188.24,-174.66,-92.79,Summer,2.0,Tier 3: Dead Stock
ORD-11838,2023-06-30,Electronics,Computers,West,Delayed - Transit,138,5,306.75,396.2,0.5,1981.0,1533.75,990.5,-543.25,-54.85,Summer,0.0,Tier 2: Warning
ORD-11839,2023-07-30,Electronics,Audio,West,Delayed - Transit,113,1,181.39,231.91,0.48,231.91,181.39,120.59,-60.8,-50.41,Summer,0.0,Tier 2: Warning
ORD-11840,2023-06-11,Electronics,Computers,South,On-Time,7,4,360.14,772.38,0.05,3089.52,1440.56,2935.04,1494.48,50.92,Summer,1.0,Tier 1: Fast Mover
ORD-11841,2023-01-03,Electronics,Accessories,South,On-Time,35,5,157.69,330.65,0.05,1653.25,788.45,1570.59,782.14,49.8,Winter,1.0,Tier 1: Fast Mover
ORD-11842,2023-05-04,Apparel,Footwear,North,Delayed - Transit,107,1,191.73,210.66,0.55,210.66,191.73,94.8,-96.93,-102.25,Spring,2.0,Tier 3: Dead Stock
ORD-11843,2023-02-05,Electronics,Accessories,South,On-Time,1,2,143.3,242.5,0.0,485.0,286.6,485.0,198.4,40.91,Winter,1.0,Tier 1: Fast Mover
ORD-11844,2023-05-28,Furniture,Chairs,South,On-Time,139,2,236.66,269.46,0.45,538.92,473.32,296.41,-176.91,-59.69,Spring,0.0,Tier 2: Warning
ORD-11845,2023-07-10,Electronics,Audio,East,On-Time,27,2,111.12,199.71,0.0,399.42,222.24,399.42,177.18,44.36,Summer,1.0,Tier 1: Fast Mover
ORD-11846,2023-08-13,Electronics,Audio,North,Delayed - Customs,121,5,226.26,293.34,0.62,1466.7,1131.3,557.35,-573.95,-102.98,Summer,2.0,Tier 3: Dead Stock
ORD-11847,2023-02-05,Furniture,Chairs,South,Delayed - Customs,115,5,161.03,199.46,0.36,997.3,805.15,638.27,-166.88,-26.15,Winter,0.0,Tier 2: Warning
ORD-11848,2023-09-22,Furniture,Desks,South,On-Time,105,2,219.74,257.23,0.43,514.46,439.48,293.24,-146.24,-49.87,Fall,0.0,Tier 2: Warning
ORD-11849,2023-02-21,Electronics,Accessories,East,On-Time,18,4,389.0,636.97,0.0,2547.88,1556.0,2547.88,991.88,38.93,Winter,1.0,Tier 1: Fast Mover
ORD-11850,2023-10-23,Apparel,Pants,South,On-Time,23,1,306.15,698.75,0.05,698.75,306.15,663.81,357.66,53.88,Fall,1.0,Tier 1: Fast Mover
ORD-11851,2023-11-09,Electronics,Accessories,East,On-Time,26,1,286.86,633.58,0.05,633.58,286.86,601.9,315.04,52.34,Fall,1.0,Tier 1: Fast Mover
ORD-11852,2023-08-09,Furniture,Tables,North,On-Time,124,3,306.6,392.31,0.36,1176.93,919.8,753.24,-166.56,-22.11,Summer,0.0,Tier 2: Warning
ORD-11853,2023-01-08,Furniture,Tables,West,On-Time,91,4,201.87,226.02,0.39,904.08,807.48,551.49,-255.99,-46.42,Winter,0.0,Tier 2: Warning
ORD-11854,2023-06-02,Furniture,Chairs,South,On-Time,120,4,31.71,36.61,0.63,146.44,126.84,54.18,-72.66,-134.1,Summer,2.0,Tier 3: Dead Stock
ORD-11855,2023-10-30,Electronics,Audio,South,On-Time,29,4,293.1,648.02,0.0,2592.08,1172.4,2592.08,1419.68,54.77,Fall,1.0,Tier 1: Fast Mover
ORD-11856,2023-07-14,Apparel,Pants,South,On-Time,11,5,86.12,203.48,0.0,1017.4,430.6,1017.4,586.8,57.68,Summer,1.0,Tier 1: Fast Mover
ORD-11857,2023-12-07,Apparel,Shirts,West,Delayed - Customs,92,3,388.72,441.14,0.37,1323.42,1166.16,833.75,-332.41,-39.87,Winter,0.0,Tier 2: Warning
ORD-11858,2023-05-28,Electronics,Accessories,South,On-Time,24,5,146.68,273.91,0.05,1369.55,733.4,1301.07,567.67,43.63,Spring,1.0,Tier 1: Fast Mover
ORD-11859,2023-03-26,Apparel,Shirts,West,On-Time,28,4,86.06,159.88,0.0,639.52,344.24,639.52,295.28,46.17,Spring,1.0,Tier 1: Fast Mover
ORD-11860,2023-10-02,Apparel,Uncategorized,South,On-Time,23,4,146.18,262.89,0.05,1051.56,584.72,998.98,414.26,41.47,Fall,1.0,Tier 1: Fast Mover
ORD-11861,2023-11-21,Furniture,Chairs,East,On-Time,94,4,214.4,258.87,0.35,1035.48,857.6,673.06,-184.54,-27.42,Fall,0.0,Tier 2: Warning
ORD-11862,2023-12-21,Apparel,Footwear,North,On-Time,40,4,175.13,324.31,0.0,1297.24,700.52,1297.24,596.72,46.0,Winter,1.0,Tier 1: Fast Mover
ORD-11863,2023-06-29,Electronics,Accessories,North,On-Time,33,1,257.79,530.31,0.05,530.31,257.79,503.79,246.0,48.83,Summer,1.0,Tier 1: Fast Mover
ORD-11864,2023-06-30,Electronics,Audio,South,On-Time,33,5,91.67,216.49,0.0,1082.45,458.35,1082.45,624.1,57.66,Summer,1.0,Tier 1: Fast Mover
ORD-11865,2023-04-08,Apparel,Pants,North,On-Time,10,4,200.6,407.93,0.0,1631.72,802.4,1631.72,829.32,50.82,Spring,1.0,Tier 1: Fast Mover
ORD-11866,2023-12-23,Electronics,Audio,North,On-Time,31,3,102.28,212.82,0.0,638.46,306.84,638.46,331.62,51.94,Winter,1.0,Tier 1: Fast Mover
ORD-11867,2023-04-24,Apparel,Pants,West,On-Time,42,1,278.47,639.83,0.05,639.83,278.47,607.84,329.37,54.19,Spring,1.0,Tier 1: Fast Mover
ORD-11868,2023-05-22,Furniture,Desks,South,On-Time,120,5,287.2,309.62,0.46,1548.1,1436.0,835.97,-600.03,-71.78,Spring,0.0,Tier 2: Warning
ORD-11869,2023-02-27,Apparel,Pants,East,On-Time,9,2,46.31,103.07,0.0,206.14,92.62,206.14,113.52,55.07,Winter,1.0,Tier 1: Fast Mover
ORD-11870,2023-06-17,Electronics,Audio,South,On-Time,48,3,374.32,827.2,0.0,2481.6,1122.96,2481.6,1358.64,54.75,Summer,1.0,Tier 1: Fast Mover
ORD-11871,2023-03-05,Apparel,Shirts,North,On-Time,49,3,275.2,655.08,0.0,1965.24,825.6,1965.24,1139.64,57.99,Spring,1.0,Tier 1: Fast Mover
ORD-11872,2023-08-18,Apparel,Shirts,South,On-Time,70,1,359.8,644.41,0.0,644.41,359.8,644.41,284.61,44.17,Summer,1.0,Tier 1: Fast Mover
ORD-11873,2023-11-13,Furniture,Chairs,South,Delayed - Customs,73,3,19.21,20.92,0.0,62.76,57.63,62.76,5.13,8.17,Fall,1.0,Tier 1: Fast Mover
ORD-11874,2023-12-17,Apparel,Shirts,East,On-Time,22,2,146.35,240.41,0.0,480.82,292.7,480.82,188.12,39.12,Winter,1.0,Tier 1: Fast Mover
ORD-11875,2023-10-25,Apparel,Shirts,East,On-Time,11,5,277.92,560.2,0.0,2801.0,1389.6,2801.0,1411.4,50.39,Fall,1.0,Tier 1: Fast Mover
ORD-11876,2023-10-07,Electronics,Audio,West,On-Time,17,4,304.98,528.8,0.0,2115.2,1219.92,2115.2,895.28,42.33,Fall,1.0,Tier 1: Fast Mover
ORD-11877,2023-03-01,Furniture,Tables,South,Delayed - Transit,78,3,62.89,80.98,0.05,242.94,188.67,230.79,42.12,18.25,Spring,1.0,Tier 1: Fast Mover
ORD-11878,2023-11-26,Furniture,Desks,South,On-Time,101,1,107.82,122.9,0.5,122.9,107.82,61.45,-46.37,-75.46,Fall,0.0,Tier 2: Warning
ORD-11879,2023-10-21,Electronics,Computers,North,Delayed - Transit,127,2,352.8,376.23,0.49,752.46,705.6,383.75,-321.85,-83.87,Fall,2.0,Tier 3: Dead Stock
ORD-11880,2023-03-25,Apparel,Pants,East,On-Time,37,1,279.93,465.87,0.0,465.87,279.93,465.87,185.94,39.91,Spring,1.0,Tier 1: Fast Mover
ORD-11881,2023-05-27,Electronics,Audio,West,On-Time,18,4,193.5,341.21,0.0,1364.84,774.0,1364.84,590.84,43.29,Spring,1.0,Tier 1: Fast Mover
ORD-11882,2023-05-04,Apparel,Pants,South,On-Time,22,5,313.22,633.57,0.05,3167.85,1566.1,3009.46,1443.36,47.96,Spring,1.0,Tier 1: Fast Mover
ORD-11883,2023-08-02,Furniture,Chairs,West,On-Time,112,5,373.92,414.23,0.37,2071.15,1869.6,1304.82,-564.78,-43.28,Summer,0.0,Tier 2: Warning
ORD-11884,2023-03-13,Electronics,Audio,North,On-Time,34,1,24.96,41.81,0.05,41.81,24.96,39.72,14.76,37.16,Spring,1.0,Tier 1: Fast Mover
ORD-11885,2023-03-12,Furniture,Chairs,South,On-Time,114,3,100.26,120.64,0.6,361.92,300.78,144.77,-156.01,-107.77,Spring,2.0,Tier 3: Dead Stock
ORD-11886,2023-06-06,Furniture,Desks,East,Delayed - Transit,140,5,46.44,58.58,0.61,292.9,232.2,114.23,-117.97,-103.27,Summer,2.0,Tier 3: Dead Stock
ORD-11887,2023-09-25,Electronics,Audio,West,On-Time,29,4,253.9,511.95,0.0,2047.8,1015.6,2047.8,1032.2,50.41,Fall,1.0,Tier 1: Fast Mover
ORD-11888,2023-05-28,Furniture,Chairs,South,On-Time,134,2,56.0,59.66,0.62,119.32,112.0,45.34,-66.66,-147.01,Spring,2.0,Tier 3: Dead Stock
ORD-11889,2023-09-02,Furniture,Desks,East,Delayed - Customs,144,2,176.64,186.9,0.62,373.8,353.28,142.04,-211.24,-148.71,Fall,2.0,Tier 3: Dead Stock
ORD-11890,2023-02-26,Furniture,Chairs,South,Delayed - Transit,132,5,246.23,265.4,0.61,1327.0,1231.15,517.53,-713.62,-137.89,Winter,2.0,Tier 3: Dead Stock
ORD-11891,2023-08-10,Electronics,Computers,West,On-Time,11,1,101.16,199.52,0.05,199.52,101.16,189.54,88.38,46.63,Summer,1.0,Tier 1: Fast Mover
ORD-11892,2023-11-18,Electronics,Audio,West,On-Time,43,1,187.26,335.08,0.0,335.08,187.26,335.08,147.82,44.11,Fall,1.0,Tier 1: Fast Mover
ORD-11893,2023-10-11,Furniture,Desks,North,On-Time,160,2,356.36,443.06,0.57,886.12,712.72,381.03,-331.69,-87.05,Fall,2.0,Tier 3: Dead Stock
ORD-11894,2023-12-31,Electronics,Accessories,North,On-Time,28,4,20.57,36.44,0.0,145.76,82.28,145.76,63.48,43.55,Winter,1.0,Tier 1: Fast Mover
ORD-11895,2023-10-17,Furniture,Tables,East,On-Time,129,3,389.34,487.21,0.6,1461.63,1168.02,584.65,-583.37,-99.78,Fall,2.0,Tier 3: Dead Stock
ORD-11896,2023-08-15,Electronics,Audio,East,On-Time,25,3,273.3,592.04,0.0,1776.12,819.9,1776.12,956.22,53.84,Summer,1.0,Tier 1: Fast Mover
ORD-11897,2023-05-12,Electronics,Audio,West,On-Time,32,4,312.48,642.75,0.05,2571.0,1249.92,2442.45,1192.53,48.83,Spring,1.0,Tier 1: Fast Mover
ORD-11898,2023-07-23,Apparel,Shirts,East,Delayed - Transit,166,1,388.64,502.59,0.56,502.59,388.64,221.14,-167.5,-75.74,Summer,0.0,Tier 2: Warning
ORD-11899,2023-04-23,Apparel,Shirts,East,Delayed - Transit,93,5,106.86,132.68,0.36,663.4,534.3,424.58,-109.72,-25.84,Spring,0.0,Tier 2: Warning
ORD-11900,2023-02-10,Furniture,Uncategorized,East,Delayed - Customs,165,5,205.16,265.87,0.53,1329.35,1025.8,624.79,-401.01,-64.18,Winter,0.0,Tier 2: Warning
ORD-11901,2023-03-24,Furniture,Desks,West,Delayed - Transit,86,4,67.27,74.83,0.37,299.32,269.08,188.57,-80.51,-42.69,Spring,0.0,Tier 2: Warning
ORD-11902,2023-09-16,Furniture,Desks,South,Delayed - Customs,124,5,190.6,228.8,0.57,1144.0,953.0,491.92,-461.08,-93.73,Fall,2.0,Tier 3: Dead Stock
ORD-11903,2023-09-11,Furniture,Tables,East,On-Time,87,2,308.88,385.85,0.43,771.7,617.76,439.87,-177.89,-40.44,Fall,0.0,Tier 2: Warning
ORD-11904,2023-05-10,Furniture,Tables,North,On-Time,82,2,395.99,427.68,0.05,855.36,791.98,812.59,20.61,2.54,Spring,0.0,Tier 2: Warning
ORD-11905,2023-12-08,Apparel,Footwear,North,On-Time,62,4,166.12,267.09,0.05,1068.36,664.48,1014.94,350.46,34.53,Winter,1.0,Tier 1: Fast Mover
ORD-11906,2023-08-12,Apparel,Shirts,East,On-Time,15,3,125.39,226.58,0.0,679.74,376.17,679.74,303.57,44.66,Summer,1.0,Tier 1: Fast Mover
ORD-11907,2023-10-15,Apparel,Pants,South,On-Time,25,5,285.54,605.99,0.0,3029.95,1427.7,3029.95,1602.25,52.88,Fall,1.0,Tier 1: Fast Mover
ORD-11908,2023-06-22,Apparel,Footwear,East,On-Time,19,1,258.27,604.82,0.0,604.82,258.27,604.82,346.55,57.3,Summer,1.0,Tier 1: Fast Mover
ORD-11909,2023-09-29,Furniture,Chairs,North,Delayed - Customs,162,3,105.55,115.38,0.54,346.14,316.65,159.22,-157.43,-98.87,Fall,2.0,Tier 3: Dead Stock
ORD-11910,2023-11-03,Furniture,Chairs,North,Delayed - Transit,121,1,84.1,90.74,0.49,90.74,84.1,46.28,-37.82,-81.73,Fall,2.0,Tier 3: Dead Stock
ORD-11911,2023-06-21,Electronics,Accessories,East,Delayed - Customs,110,5,112.73,143.88,0.39,719.4,563.65,438.83,-124.82,-28.44,Summer,0.0,Tier 2: Warning
ORD-11912,2023-04-25,Furniture,Tables,North,Delayed - Transit,130,1,25.54,27.92,0.58,27.92,25.54,11.73,-13.81,-117.8,Spring,2.0,Tier 3: Dead Stock
ORD-11913,2023-04-28,Apparel,Shirts,South,On-Time,36,4,361.95,617.79,0.0,2471.16,1447.8,2471.16,1023.36,41.41,Spring,1.0,Tier 1: Fast Mover
ORD-11914,2023-11-06,Furniture,Desks,East,On-Time,143,5,381.61,507.62,0.53,2538.1,1908.05,1192.91,-715.14,-59.95,Fall,0.0,Tier 2: Warning
ORD-11915,2023-11-15,Furniture,Tables,West,On-Time,88,5,160.91,205.13,0.52,1025.65,804.55,492.31,-312.24,-63.42,Fall,0.0,Tier 2: Warning
ORD-11916,2023-07-26,Electronics,Computers,East,On-Time,14,2,75.32,142.18,0.05,284.36,150.64,270.14,119.5,44.24,Summer,1.0,Tier 1: Fast Mover
ORD-11917,2023-07-14,Apparel,Pants,North,On-Time,28,3,253.53,411.92,0.05,1235.76,760.59,1173.97,413.38,35.21,Summer,1.0,Tier 1: Fast Mover
ORD-11918,2023-06-04,Apparel,Pants,South,On-Time,22,3,134.41,297.26,0.0,891.78,403.23,891.78,488.55,54.78,Summer,1.0,Tier 1: Fast Mover
ORD-11919,2023-07-20,Apparel,Shirts,East,On-Time,41,3,275.85,559.98,0.05,1679.94,827.55,1595.94,768.39,48.15,Summer,1.0,Tier 1: Fast Mover
ORD-11920,2023-05-01,Electronics,Audio,North,On-Time,21,5,144.19,231.58,0.0,1157.9,720.95,1157.9,436.95,37.74,Spring,1.0,Tier 1: Fast Mover
ORD-11921,2023-07-20,Electronics,Accessories,West,On-Time,39,1,227.98,453.71,0.05,453.71,227.98,431.02,203.04,47.11,Summer,1.0,Tier 1: Fast Mover
ORD-11922,2023-02-25,Furniture,Desks,West,On-Time,140,3,219.92,255.18,0.59,765.54,659.76,313.87,-345.89,-110.2,Winter,2.0,Tier 3: Dead Stock
ORD-11923,2023-05-19,Furniture,Chairs,West,On-Time,82,5,359.5,421.24,0.05,2106.2,1797.5,2000.89,203.39,10.16,Spring,1.0,Tier 1: Fast Mover
ORD-11924,2023-11-14,Apparel,Pants,South,On-Time,33,1,215.84,421.77,0.05,421.77,215.84,400.68,184.84,46.13,Fall,1.0,Tier 1: Fast Mover
ORD-11925,2023-06-23,Furniture,Desks,North,On-Time,82,2,74.97,84.27,0.0,168.54,149.94,168.54,18.6,11.04,Summer,1.0,Tier 1: Fast Mover
ORD-11926,2023-01-17,Electronics,Audio,West,On-Time,29,4,275.55,616.93,0.05,2467.72,1102.2,2344.33,1242.13,52.98,Winter,1.0,Tier 1: Fast Mover
ORD-11927,2023-08-24,Electronics,Computers,East,Delayed - Customs,161,2,269.45,359.52,0.44,719.04,538.9,402.66,-136.24,-33.83,Summer,0.0,Tier 2: Warning
ORD-11928,2023-03-29,Apparel,Shirts,West,On-Time,31,4,94.16,217.06,0.05,868.24,376.64,824.83,448.19,54.34,Spring,1.0,Tier 1: Fast Mover
ORD-11929,2023-10-20,Apparel,Pants,West,On-Time,25,3,202.06,405.21,0.05,1215.63,606.18,1154.85,548.67,47.51,Fall,1.0,Tier 1: Fast Mover
ORD-11930,2023-01-15,Furniture,Desks,North,Delayed - Transit,106,5,124.25,154.93,0.62,774.65,621.25,294.37,-326.88,-111.05,Winter,2.0,Tier 3: Dead Stock
ORD-11931,2023-03-22,Electronics,Computers,East,Delayed - Transit,72,1,294.01,352.57,0.05,352.57,294.01,334.94,40.93,12.22,Spring,1.0,Tier 1: Fast Mover
ORD-11932,2023-08-20,Electronics,Computers,East,On-Time,15,1,286.59,671.46,0.0,671.46,286.59,671.46,384.87,57.32,Summer,1.0,Tier 1: Fast Mover
ORD-11933,2023-10-04,Electronics,Accessories,East,On-Time,8,2,70.37,132.78,0.0,265.56,140.74,265.56,124.82,47.0,Fall,1.0,Tier 1: Fast Mover
ORD-11934,2023-07-05,Electronics,Computers,West,Delayed - Customs,88,1,170.48,219.1,0.49,219.1,170.48,111.74,-58.74,-52.57,Summer,0.0,Tier 2: Warning
ORD-11935,2023-01-30,Electronics,Audio,North,Delayed - Customs,59,2,306.49,365.63,0.0,731.26,612.98,731.26,118.28,16.17,Winter,1.0,Tier 1: Fast Mover
ORD-11936,2023-09-25,Electronics,Computers,East,On-Time,31,3,73.99,135.89,0.05,407.67,221.97,387.29,165.32,42.69,Fall,1.0,Tier 1: Fast Mover
ORD-11937,2023-09-27,Apparel,Footwear,South,On-Time,62,3,167.6,400.95,0.05,1202.85,502.8,1142.71,639.91,56.0,Fall,1.0,Tier 1: Fast Mover
ORD-11938,2023-04-01,Apparel,Pants,North,On-Time,24,3,192.76,363.43,0.0,1090.29,578.28,1090.29,512.01,46.96,Spring,1.0,Tier 1: Fast Mover
ORD-11939,2023-02-24,Electronics,Audio,West,Delayed - Transit,147,1,319.37,401.22,0.61,401.22,319.37,156.48,-162.89,-104.1,Winter,2.0,Tier 3: Dead Stock
ORD-11940,2023-06-27,Apparel,Footwear,South,On-Time,35,2,150.56,251.24,0.05,502.48,301.12,477.36,176.24,36.92,Summer,1.0,Tier 1: Fast Mover
ORD-11941,2023-09-27,Apparel,Shirts,West,On-Time,24,4,139.91,250.1,0.05,1000.4,559.64,950.38,390.74,41.11,Fall,1.0,Tier 1: Fast Mover
ORD-11942,2023-02-15,Furniture,Tables,North,On-Time,121,5,156.12,197.52,0.51,987.6,780.6,483.92,-296.68,-61.31,Winter,0.0,Tier 2: Warning
ORD-11943,2023-02-25,Furniture,Tables,North,On-Time,96,4,114.72,152.79,0.39,611.16,458.88,372.81,-86.07,-23.09,Winter,0.0,Tier 2: Warning
ORD-11944,2023-02-14,Furniture,Desks,North,On-Time,109,2,174.15,195.86,0.52,391.72,348.3,188.03,-160.27,-85.24,Winter,2.0,Tier 3: Dead Stock
ORD-11945,2023-04-29,Furniture,Desks,North,Delayed - Transit,89,2,188.95,241.25,0.47,482.5,377.9,255.73,-122.18,-47.78,Spring,0.0,Tier 2: Warning
ORD-11946,2023-08-17,Electronics,Computers,East,Delayed - Transit,62,4,396.74,462.81,0.0,1851.24,1586.96,1851.24,264.28,14.28,Summer,1.0,Tier 1: Fast Mover
ORD-11947,2023-06-21,Furniture,Chairs,North,On-Time,126,5,268.11,355.79,0.36,1778.95,1340.55,1138.53,-202.02,-17.74,Summer,0.0,Tier 2: Warning
ORD-11948,2023-06-20,Apparel,Footwear,South,On-Time,26,5,216.52,411.69,0.0,2058.45,1082.6,2058.45,975.85,47.41,Summer,1.0,Tier 1: Fast Mover
ORD-11949,2023-01-02,Electronics,Audio,West,Delayed - Customs,146,5,116.32,132.07,0.64,660.35,581.6,237.73,-343.87,-144.65,Winter,2.0,Tier 3: Dead Stock
ORD-11950,2023-03-05,Apparel,Footwear,North,On-Time,30,2,59.56,132.03,0.0,264.06,119.12,264.06,144.94,54.89,Spring,1.0,Tier 1: Fast Mover
ORD-11951,2023-10-18,Electronics,Computers,East,On-Time,10,3,32.78,57.35,0.0,172.05,98.34,172.05,73.71,42.84,Fall,1.0,Tier 1: Fast Mover
ORD-11952,2023-12-26,Electronics,Accessories,West,On-Time,27,4,288.49,530.55,0.0,2122.2,1153.96,2122.2,968.24,45.62,Winter,1.0,Tier 1: Fast Mover
ORD-11953,2023-07-13,Electronics,Computers,West,On-Time,36,1,97.83,224.49,0.0,224.49,97.83,224.49,126.66,56.42,Summer,1.0,Tier 1: Fast Mover
ORD-11954,2023-05-14,Electronics,Audio,North,On-Time,47,2,275.38,535.15,0.05,1070.3,550.76,1016.79,466.03,45.83,Spring,1.0,Tier 1: Fast Mover
ORD-11955,2023-04-09,Electronics,Accessories,East,Delayed - Customs,110,2,246.22,327.09,0.54,654.18,492.44,300.92,-191.52,-63.64,Spring,0.0,Tier 2: Warning
ORD-11956,2023-12-10,Electronics,Accessories,South,On-Time,20,5,60.36,140.17,0.05,700.85,301.8,665.81,364.01,54.67,Winter,1.0,Tier 1: Fast Mover
ORD-11957,2023-01-12,Furniture,Desks,South,On-Time,121,1,215.06,258.44,0.57,258.44,215.06,111.13,-103.93,-93.52,Winter,2.0,Tier 3: Dead Stock
ORD-11958,2023-04-15,Apparel,Shirts,West,On-Time,43,1,301.38,649.58,0.05,649.58,301.38,617.1,315.72,51.16,Spring,1.0,Tier 1: Fast Mover
ORD-11959,2023-07-04,Electronics,Accessories,East,On-Time,22,4,309.97,522.92,0.05,2091.68,1239.88,1987.1,747.22,37.6,Summer,1.0,Tier 1: Fast Mover
ORD-11960,2023-01-02,Electronics,Computers,South,On-Time,30,2,226.63,528.58,0.0,1057.16,453.26,1057.16,603.9,57.12,Winter,1.0,Tier 1: Fast Mover
ORD-11961,2023-07-24,Electronics,Accessories,North,Delayed - Customs,143,3,132.07,177.92,0.52,533.76,396.21,256.2,-140.01,-54.65,Summer,0.0,Tier 2: Warning
ORD-11962,2023-01-31,Apparel,Footwear,East,Delayed - Transit,116,1,365.26,465.28,0.39,465.28,365.26,283.82,-81.44,-28.69,Winter,0.0,Tier 2: Warning
ORD-11963,2023-09-02,Electronics,Accessories,West,On-Time,30,4,354.46,827.22,0.05,3308.88,1417.84,3143.44,1725.6,54.9,Fall,1.0,Tier 1: Fast Mover
ORD-11964,2023-06-23,Apparel,Shirts,North,Delayed - Transit,110,2,82.55,107.92,0.47,215.84,165.1,114.4,-50.7,-44.32,Summer,0.0,Tier 2: Warning
ORD-11965,2023-04-23,Apparel,Pants,East,Delayed - Customs,105,3,78.62,101.74,0.37,305.22,235.86,192.29,-43.57,-22.66,Spring,0.0,Tier 2: Warning
ORD-11966,2023-04-16,Furniture,Chairs,East,Delayed - Customs,195,4,41.82,50.2,0.55,200.8,167.28,90.36,-76.92,-85.13,Spring,2.0,Tier 3: Dead Stock
ORD-11967,2023-01-09,Furniture,Chairs,South,On-Time,99,1,263.69,281.89,0.38,281.89,263.69,174.77,-88.92,-50.88,Winter,0.0,Tier 2: Warning
ORD-11968,2023-10-31,Electronics,Computers,South,Delayed - Transit,144,1,324.36,369.35,0.54,369.35,324.36,169.9,-154.46,-90.91,Fall,2.0,Tier 3: Dead Stock
ORD-11969,2023-04-29,Electronics,Computers,East,Delayed - Transit,106,4,324.56,353.66,0.41,1414.64,1298.24,834.64,-463.6,-55.55,Spring,0.0,Tier 2: Warning
ORD-11970,2023-04-05,Electronics,Audio,South,On-Time,12,2,383.18,917.41,0.0,1834.82,766.36,1834.82,1068.46,58.23,Spring,1.0,Tier 1: Fast Mover
ORD-11971,2023-11-24,Electronics,Computers,East,Delayed - Transit,86,5,192.63,233.99,0.42,1169.95,963.15,678.57,-284.58,-41.94,Fall,0.0,Tier 2: Warning
ORD-11972,2023-06-30,Apparel,Pants,West,Delayed - Transit,77,2,134.48,142.96,0.0,285.92,268.96,285.92,16.96,5.93,Summer,1.0,Tier 1: Fast Mover
ORD-11973,2023-07-31,Apparel,Shirts,West,Delayed - Transit,96,3,108.52,131.98,0.46,395.94,325.56,213.81,-111.75,-52.27,Summer,0.0,Tier 2: Warning
ORD-11974,2023-06-11,Furniture,Chairs,South,On-Time,133,2,44.71,57.68,0.46,115.36,89.42,62.29,-27.13,-43.54,Summer,0.0,Tier 2: Warning
ORD-11975,2023-06-23,Apparel,Footwear,East,On-Time,48,3,35.67,67.1,0.05,201.3,107.01,191.24,84.23,44.04,Summer,1.0,Tier 1: Fast Mover
ORD-11976,2023-12-16,Electronics,Computers,West,On-Time,35,4,384.96,784.88,0.0,3139.52,1539.84,3139.52,1599.68,50.95,Winter,1.0,Tier 1: Fast Mover
ORD-11977,2023-05-22,Electronics,Accessories,North,On-Time,33,4,312.1,595.36,0.0,2381.44,1248.4,2381.44,1133.04,47.58,Spring,1.0,Tier 1: Fast Mover
ORD-11978,2023-01-12,Apparel,Shirts,South,Delayed - Customs,116,4,387.74,480.03,0.39,1920.12,1550.96,1171.27,-379.69,-32.42,Winter,0.0,Tier 2: Warning
ORD-11979,2023-04-03,Furniture,Tables,North,On-Time,154,3,394.69,420.86,0.51,1262.58,1184.07,618.66,-565.41,-91.39,Spring,2.0,Tier 3: Dead Stock
ORD-11980,2023-09-25,Furniture,Desks,South,On-Time,116,4,149.7,162.26,0.4,649.04,598.8,389.42,-209.38,-53.77,Fall,0.0,Tier 2: Warning
ORD-11981,2023-05-14,Apparel,Footwear,East,On-Time,45,2,302.79,698.01,0.05,1396.02,605.58,1326.22,720.64,54.34,Spring,1.0,Tier 1: Fast Mover
ORD-11982,2023-04-14,Apparel,Pants,South,On-Time,18,5,102.84,191.61,0.0,958.05,514.2,958.05,443.85,46.33,Spring,1.0,Tier 1: Fast Mover
ORD-11983,2023-10-21,Electronics,Audio,East,On-Time,16,3,76.02,175.96,0.05,527.88,228.06,501.49,273.43,54.52,Fall,1.0,Tier 1: Fast Mover
ORD-11984,2023-05-04,Furniture,Desks,East,On-Time,131,3,318.67,407.86,0.44,1223.58,956.01,685.2,-270.81,-39.52,Spring,0.0,Tier 2: Warning
ORD-11985,2023-04-07,Electronics,Accessories,West,On-Time,23,4,17.41,29.19,0.0,116.76,69.64,116.76,47.12,40.36,Spring,1.0,Tier 1: Fast Mover
ORD-11986,2023-02-28,Electronics,Accessories,North,On-Time,25,3,175.69,301.5,0.0,904.5,527.07,904.5,377.43,41.73,Winter,1.0,Tier 1: Fast Mover
ORD-11987,2023-04-13,Apparel,Footwear,North,On-Time,24,5,327.98,643.72,0.05,3218.6,1639.9,3057.67,1417.77,46.37,Spring,1.0,Tier 1: Fast Mover
ORD-11988,2023-11-19,Furniture,Chairs,North,Delayed - Transit,98,1,164.81,173.85,0.53,173.85,164.81,81.71,-83.1,-101.7,Fall,2.0,Tier 3: Dead Stock
ORD-11989,2023-12-18,Apparel,Footwear,North,Delayed - Transit,67,5,148.88,195.46,0.05,977.3,744.4,928.44,184.04,19.82,Winter,1.0,Tier 1: Fast Mover
ORD-11990,2023-06-23,Apparel,Footwear,West,On-Time,30,4,115.53,275.38,0.0,1101.52,462.12,1101.52,639.4,58.05,Summer,1.0,Tier 1: Fast Mover
ORD-11991,2023-12-20,Electronics,Audio,East,On-Time,24,5,42.06,68.08,0.05,340.4,210.3,323.38,113.08,34.97,Winter,1.0,Tier 1: Fast Mover
ORD-11992,2023-02-08,Furniture,Desks,West,On-Time,101,4,103.14,113.01,0.62,452.04,412.56,171.78,-240.78,-140.17,Winter,2.0,Tier 3: Dead Stock
ORD-11993,2023-07-12,Electronics,Audio,South,On-Time,5,1,342.98,794.68,0.0,794.68,342.98,794.68,451.7,56.84,Summer,1.0,Tier 1: Fast Mover
ORD-11994,2023-06-08,Apparel,Shirts,West,On-Time,22,4,377.5,851.01,0.05,3404.04,1510.0,3233.84,1723.84,53.31,Summer,1.0,Tier 1: Fast Mover
ORD-11995,2023-02-04,Electronics,Audio,West,On-Time,23,5,302.97,682.86,0.0,3414.3,1514.85,3414.3,1899.45,55.63,Winter,1.0,Tier 1: Fast Mover
ORD-11996,2023-06-07,Electronics,Computers,East,On-Time,17,2,99.57,216.31,0.05,432.62,199.14,410.99,211.85,51.55,Summer,1.0,Tier 1: Fast Mover
ORD-11997,2023-03-15,Apparel,Shirts,West,On-Time,13,5,364.91,816.77,0.0,4083.85,1824.55,4083.85,2259.3,55.32,Spring,1.0,Tier 1: Fast Mover
ORD-11998,2023-06-22,Apparel,Pants,North,On-Time,48,3,377.06,631.41,0.05,1894.23,1131.18,1799.52,668.34,37.14,Summer,1.0,Tier 1: Fast Mover
ORD-11999,2023-11-08,Apparel,Shirts,South,On-Time,26,2,91.75,164.67,0.05,329.34,183.5,312.87,129.37,41.35,Fall,1.0,Tier 1: Fast Mover
ORD-12000,2023-01-08,Furniture,Chairs,West,On-Time,132,3,118.18,156.78,0.37,470.34,354.54,296.31,-58.23,-19.65,Winter,0.0,Tier 2: Warning
ORD-12001,2023-04-10,Apparel,Footwear,North,On-Time,39,1,226.59,463.48,0.05,463.48,226.59,440.31,213.72,48.54,Spring,1.0,Tier 1: Fast Mover
ORD-12002,2023-09-23,Furniture,Chairs,South,On-Time,142,1,278.54,310.76,0.45,310.76,278.54,170.92,-107.62,-62.97,Fall,0.0,Tier 2: Warning
ORD-12003,2023-01-14,Furniture,Desks,East,On-Time,97,5,189.49,214.66,0.38,1073.3,947.45,665.45,-282.0,-42.38,Winter,0.0,Tier 2: Warning
ORD-12004,2023-01-25,Electronics,Computers,South,On-Time,27,5,101.12,209.12,0.05,1045.6,505.6,993.32,487.72,49.1,Winter,1.0,Tier 1: Fast Mover
ORD-12005,2023-05-27,Apparel,Uncategorized,East,Delayed - Transit,106,2,191.74,236.97,0.44,473.94,383.48,265.41,-118.07,-44.49,Spring,0.0,Tier 2: Warning
ORD-12006,2023-06-28,Furniture,Tables,North,On-Time,78,3,148.01,177.2,0.05,531.6,444.03,505.02,60.99,12.08,Summer,1.0,Tier 1: Fast Mover
ORD-12007,2023-12-26,Electronics,Accessories,North,On-Time,27,4,297.15,661.95,0.05,2647.8,1188.6,2515.41,1326.81,52.75,Winter,1.0,Tier 1: Fast Mover
ORD-12008,2023-06-06,Electronics,Accessories,South,On-Time,18,1,245.91,582.42,0.0,582.42,245.91,582.42,336.51,57.78,Summer,1.0,Tier 1: Fast Mover
ORD-12009,2023-12-05,Furniture,Chairs,West,On-Time,117,4,29.02,37.59,0.56,150.36,116.08,66.16,-49.92,-75.46,Winter,0.0,Tier 2: Warning
ORD-12010,2023-01-04,Electronics,Uncategorized,South,On-Time,16,2,376.01,699.83,0.0,1399.66,752.02,1399.66,647.64,46.27,Winter,1.0,Tier 1: Fast Mover
ORD-12011,2023-08-05,Electronics,Computers,South,On-Time,35,4,89.12,170.75,0.0,683.0,356.48,683.0,326.52,47.81,Summer,1.0,Tier 1: Fast Mover
ORD-12012,2023-04-18,Electronics,Accessories,East,On-Time,52,1,370.83,788.39,0.05,788.39,370.83,748.97,378.14,50.49,Spring,1.0,Tier 1: Fast Mover
ORD-12013,2023-11-13,Apparel,Shirts,East,Delayed - Transit,118,1,269.94,323.07,0.43,323.07,269.94,184.15,-85.79,-46.59,Fall,0.0,Tier 2: Warning
ORD-12014,2023-05-10,Furniture,Tables,North,On-Time,134,5,203.85,267.12,0.62,1335.6,1019.25,507.53,-511.72,-100.83,Spring,2.0,Tier 3: Dead Stock
ORD-12015,2023-04-28,Electronics,Audio,South,Delayed - Transit,109,5,18.38,21.58,0.58,107.9,91.9,45.32,-46.58,-102.79,Spring,2.0,Tier 3: Dead Stock
ORD-12016,2023-06-28,Electronics,Computers,South,On-Time,51,4,315.43,582.11,0.05,2328.44,1261.72,2212.02,950.3,42.96,Summer,1.0,Tier 1: Fast Mover
ORD-12017,2023-06-15,Electronics,Computers,South,On-Time,22,1,43.87,78.77,0.05,78.77,43.87,74.83,30.96,41.37,Summer,1.0,Tier 1: Fast Mover
ORD-12018,2023-07-12,Apparel,Shirts,West,Delayed - Transit,118,2,287.46,357.96,0.49,715.92,574.92,365.12,-209.8,-57.46,Summer,0.0,Tier 2: Warning
ORD-12019,2023-06-15,Apparel,Pants,North,On-Time,42,1,266.02,515.3,0.05,515.3,266.02,489.54,223.52,45.66,Summer,1.0,Tier 1: Fast Mover
ORD-12020,2023-04-28,Furniture,Desks,South,Delayed - Transit,107,3,209.3,277.43,0.42,832.29,627.9,482.73,-145.17,-30.07,Spring,0.0,Tier 2: Warning
ORD-12021,2023-04-01,Furniture,Chairs,West,On-Time,78,2,313.29,389.56,0.0,779.12,626.58,779.12,152.54,19.58,Spring,1.0,Tier 1: Fast Mover
ORD-12022,2023-11-21,Apparel,Pants,South,On-Time,15,5,61.88,126.62,0.05,633.1,309.4,601.45,292.05,48.56,Fall,1.0,Tier 1: Fast Mover
ORD-12023,2023-01-31,Electronics,Audio,North,On-Time,52,1,128.45,253.66,0.05,253.66,128.45,240.98,112.53,46.7,Winter,1.0,Tier 1: Fast Mover
ORD-12024,2023-12-18,Electronics,Accessories,West,On-Time,23,2,322.85,615.3,0.0,1230.6,645.7,1230.6,584.9,47.53,Winter,1.0,Tier 1: Fast Mover
ORD-12025,2023-06-16,Apparel,Footwear,South,On-Time,30,2,180.92,430.87,0.05,861.74,361.84,818.65,456.81,55.8,Summer,1.0,Tier 1: Fast Mover
ORD-12026,2023-06-05,Furniture,Chairs,West,Delayed - Transit,107,5,159.42,175.97,0.37,879.85,797.1,554.31,-242.79,-43.8,Summer,0.0,Tier 2: Warning
ORD-12027,2023-01-21,Electronics,Audio,East,On-Time,44,4,233.54,483.97,0.0,1935.88,934.16,1935.88,1001.72,51.74,Winter,1.0,Tier 1: Fast Mover
ORD-12028,2023-04-27,Apparel,Footwear,West,On-Time,52,1,157.62,281.04,0.0,281.04,157.62,281.04,123.42,43.92,Spring,1.0,Tier 1: Fast Mover
ORD-12029,2023-05-04,Furniture,Chairs,West,On-Time,97,3,41.71,53.98,0.37,161.94,125.13,102.02,-23.11,-22.65,Spring,0.0,Tier 2: Warning
ORD-12030,2023-10-21,Apparel,Uncategorized,South,On-Time,11,1,319.72,748.4,0.05,748.4,319.72,710.98,391.26,55.03,Fall,1.0,Tier 1: Fast Mover
ORD-12031,2023-09-29,Furniture,Desks,East,On-Time,124,3,61.59,75.85,0.37,227.55,184.77,143.36,-41.41,-28.89,Fall,0.0,Tier 2: Warning
ORD-12032,2023-04-04,Furniture,Uncategorized,South,On-Time,116,5,294.82,329.67,0.36,1648.35,1474.1,1054.94,-419.16,-39.73,Spring,0.0,Tier 2: Warning
ORD-12033,2023-12-03,Electronics,Computers,West,Delayed - Transit,137,5,273.59,312.92,0.36,1564.6,1367.95,1001.34,-366.61,-36.61,Winter,0.0,Tier 2: Warning
ORD-12034,2023-04-12,Electronics,Computers,East,On-Time,26,5,322.17,631.84,0.05,3159.2,1610.85,3001.24,1390.39,46.33,Spring,1.0,Tier 1: Fast Mover
ORD-12035,2023-02-08,Furniture,Desks,South,On-Time,133,2,327.72,354.3,0.42,708.6,655.44,410.99,-244.45,-59.48,Winter,0.0,Tier 2: Warning
ORD-12036,2023-03-29,Electronics,Audio,East,On-Time,36,3,293.29,599.62,0.05,1798.86,879.87,1708.92,829.05,48.51,Spring,1.0,Tier 1: Fast Mover
ORD-12037,2023-06-18,Apparel,Pants,North,On-Time,29,2,277.57,641.95,0.05,1283.9,555.14,1219.71,664.57,54.49,Summer,1.0,Tier 1: Fast Mover
ORD-12038,2023-11-06,Furniture,Desks,East,On-Time,82,4,294.15,384.16,0.0,1536.64,1176.6,1536.64,360.04,23.43,Fall,1.0,Tier 1: Fast Mover
ORD-12039,2023-01-02,Electronics,Computers,West,On-Time,11,2,114.29,212.33,0.0,424.66,228.58,424.66,196.08,46.17,Winter,1.0,Tier 1: Fast Mover
ORD-12040,2023-12-03,Apparel,Pants,North,On-Time,15,5,126.69,303.55,0.05,1517.75,633.45,1441.86,808.41,56.07,Winter,1.0,Tier 1: Fast Mover
ORD-12041,2023-03-17,Electronics,Accessories,South,On-Time,13,4,363.45,667.55,0.0,2670.2,1453.8,2670.2,1216.4,45.55,Spring,1.0,Tier 1: Fast Mover
ORD-12042,2023-12-03,Apparel,Shirts,East,On-Time,24,1,140.4,250.15,0.05,250.15,140.4,237.64,97.24,40.92,Winter,1.0,Tier 1: Fast Mover
ORD-12043,2023-01-25,Apparel,Shirts,South,On-Time,50,5,233.13,389.34,0.0,1946.7,1165.65,1946.7,781.05,40.12,Winter,1.0,Tier 1: Fast Mover
ORD-12044,2023-12-23,Electronics,Accessories,South,On-Time,17,3,368.44,791.92,0.05,2375.76,1105.32,2256.97,1151.65,51.03,Winter,1.0,Tier 1: Fast Mover
ORD-12045,2023-08-04,Electronics,Accessories,West,On-Time,26,4,192.38,359.3,0.0,1437.2,769.52,1437.2,667.68,46.46,Summer,1.0,Tier 1: Fast Mover
ORD-12046,2023-04-27,Electronics,Accessories,North,On-Time,33,1,138.18,244.45,0.05,244.45,138.18,232.23,94.05,40.5,Spring,1.0,Tier 1: Fast Mover
ORD-12047,2023-03-15,Electronics,Audio,West,Delayed - Transit,49,5,63.97,79.11,0.0,395.55,319.85,395.55,75.7,19.14,Spring,1.0,Tier 1: Fast Mover
ORD-12048,2023-07-09,Furniture,Uncategorized,South,On-Time,72,5,100.72,114.27,0.0,571.35,503.6,571.35,67.75,11.86,Summer,1.0,Tier 1: Fast Mover
ORD-12049,2023-12-28,Apparel,Shirts,West,On-Time,19,3,55.03,92.46,0.0,277.38,165.09,277.38,112.29,40.48,Winter,1.0,Tier 1: Fast Mover
ORD-12050,2023-11-16,Apparel,Shirts,South,Delayed - Transit,91,5,358.42,392.91,0.48,1964.55,1792.1,1021.57,-770.53,-75.43,Fall,0.0,Tier 2: Warning
ORD-12051,2023-09-03,Apparel,Footwear,North,On-Time,39,2,388.44,780.42,0.0,1560.84,776.88,1560.84,783.96,50.23,Fall,1.0,Tier 1: Fast Mover
ORD-12052,2023-09-13,Electronics,Computers,West,On-Time,34,1,281.83,505.48,0.0,505.48,281.83,505.48,223.65,44.25,Fall,1.0,Tier 1: Fast Mover
ORD-12053,2023-02-10,Furniture,Tables,North,On-Time,114,3,21.71,28.51,0.57,85.53,65.13,36.78,-28.35,-77.09,Winter,0.0,Tier 2: Warning
ORD-12054,2023-08-31,Electronics,Accessories,East,On-Time,19,5,101.95,177.17,0.0,885.85,509.75,885.85,376.1,42.46,Summer,1.0,Tier 1: Fast Mover
ORD-12055,2023-07-25,Apparel,Shirts,North,On-Time,21,4,214.17,383.19,0.0,1532.76,856.68,1532.76,676.08,44.11,Summer,1.0,Tier 1: Fast Mover
ORD-12056,2023-02-28,Apparel,Footwear,East,On-Time,41,4,51.57,105.58,0.05,422.32,206.28,401.2,194.92,48.58,Winter,1.0,Tier 1: Fast Mover
ORD-12057,2023-08-23,Furniture,Desks,West,Delayed - Customs,153,4,59.44,72.02,0.61,288.08,237.76,112.35,-125.41,-111.62,Summer,2.0,Tier 3: Dead Stock
ORD-12058,2023-02-12,Apparel,Shirts,East,On-Time,22,1,123.21,265.16,0.0,265.16,123.21,265.16,141.95,53.53,Winter,1.0,Tier 1: Fast Mover
ORD-12059,2023-06-03,Electronics,Accessories,West,On-Time,4,5,351.66,613.68,0.05,3068.4,1758.3,2914.98,1156.68,39.68,Summer,1.0,Tier 1: Fast Mover
ORD-12060,2023-05-16,Apparel,Footwear,West,On-Time,10,3,356.92,783.45,0.0,2350.35,1070.76,2350.35,1279.59,54.44,Spring,1.0,Tier 1: Fast Mover
ORD-12061,2023-07-05,Electronics,Audio,North,On-Time,16,1,257.11,558.61,0.05,558.61,257.11,530.68,273.57,51.55,Summer,1.0,Tier 1: Fast Mover
ORD-12062,2023-02-06,Furniture,Tables,North,On-Time,110,3,265.06,290.76,0.47,872.28,795.18,462.31,-332.87,-72.0,Winter,0.0,Tier 2: Warning
ORD-12063,2023-06-07,Furniture,Chairs,West,On-Time,135,1,212.18,274.88,0.51,274.88,212.18,134.69,-77.49,-57.53,Summer,0.0,Tier 2: Warning
ORD-12064,2023-11-10,Electronics,Computers,East,On-Time,33,5,198.02,466.31,0.05,2331.55,990.1,2214.97,1224.87,55.3,Fall,1.0,Tier 1: Fast Mover
ORD-12065,2023-12-30,Furniture,Desks,North,On-Time,103,4,229.4,282.23,0.57,1128.92,917.6,485.44,-432.16,-89.03,Winter,2.0,Tier 3: Dead Stock
ORD-12066,2023-09-01,Furniture,Chairs,North,On-Time,124,5,118.52,148.67,0.56,743.35,592.6,327.07,-265.53,-81.18,Fall,2.0,Tier 3: Dead Stock
ORD-12067,2023-03-19,Apparel,Footwear,West,On-Time,13,4,30.89,69.06,0.0,276.24,123.56,276.24,152.68,55.27,Spring,1.0,Tier 1: Fast Mover
ORD-12068,2023-01-04,Apparel,Shirts,North,Delayed - Customs,129,2,203.3,267.7,0.37,535.4,406.6,337.3,-69.3,-20.54,Winter,0.0,Tier 2: Warning
ORD-12069,2023-10-30,Apparel,Footwear,South,On-Time,29,1,172.26,383.02,0.0,383.02,172.26,383.02,210.76,55.03,Fall,1.0,Tier 1: Fast Mover
ORD-12070,2023-09-19,Apparel,Pants,North,Delayed - Transit,151,5,190.93,251.67,0.36,1258.35,954.65,805.34,-149.31,-18.54,Fall,0.0,Tier 2: Warning
ORD-12071,2023-04-14,Apparel,Shirts,West,On-Time,20,1,281.71,458.92,0.05,458.92,281.71,435.97,154.26,35.38,Spring,1.0,Tier 1: Fast Mover
ORD-12072,2023-02-15,Apparel,Pants,East,On-Time,30,1,67.38,138.42,0.05,138.42,67.38,131.5,64.12,48.76,Winter,1.0,Tier 1: Fast Mover
ORD-12073,2023-09-16,Apparel,Pants,West,On-Time,26,5,232.04,518.1,0.05,2590.5,1160.2,2460.98,1300.78,52.86,Fall,1.0,Tier 1: Fast Mover
ORD-12074,2023-07-24,Furniture,Tables,South,Delayed - Transit,89,3,253.26,303.67,0.51,911.01,759.78,446.39,-313.39,-70.2,Summer,0.0,Tier 2: Warning
ORD-12075,2023-05-06,Electronics,Accessories,South,On-Time,34,1,43.27,98.03,0.0,98.03,43.27,98.03,54.76,55.86,Spring,1.0,Tier 1: Fast Mover
ORD-12076,2023-01-13,Apparel,Shirts,South,On-Time,29,4,196.5,428.96,0.0,1715.84,786.0,1715.84,929.84,54.19,Winter,1.0,Tier 1: Fast Mover
ORD-12077,2023-01-14,Apparel,Pants,West,On-Time,36,1,285.44,467.22,0.05,467.22,285.44,443.86,158.42,35.69,Winter,1.0,Tier 1: Fast Mover
ORD-12078,2023-06-29,Furniture,Tables,East,On-Time,104,2,358.11,443.45,0.45,886.9,716.22,487.8,-228.43,-46.83,Summer,0.0,Tier 2: Warning
ORD-12079,2023-04-14,Apparel,Footwear,East,On-Time,40,1,184.17,352.66,0.0,352.66,184.17,352.66,168.49,47.78,Spring,1.0,Tier 1: Fast Mover
ORD-12080,2023-01-27,Electronics,Audio,East,On-Time,16,2,54.17,118.79,0.05,237.58,108.34,225.7,117.36,52.0,Winter,1.0,Tier 1: Fast Mover
ORD-12081,2023-03-24,Furniture,Desks,East,On-Time,95,5,360.26,467.74,0.41,2338.7,1801.3,1379.83,-421.47,-30.54,Spring,0.0,Tier 2: Warning
ORD-12082,2023-07-17,Apparel,Shirts,East,On-Time,1,2,87.1,143.16,0.05,286.32,174.2,272.0,97.8,35.96,Summer,1.0,Tier 1: Fast Mover
ORD-12083,2023-04-16,Furniture,Chairs,South,On-Time,102,4,357.47,469.23,0.56,1876.92,1429.88,825.84,-604.04,-73.14,Spring,0.0,Tier 2: Warning
ORD-12084,2023-08-24,Apparel,Pants,North,On-Time,29,5,367.54,745.72,0.05,3728.6,1837.7,3542.17,1704.47,48.12,Summer,1.0,Tier 1: Fast Mover
ORD-12085,2023-10-29,Electronics,Audio,West,On-Time,21,2,131.06,220.41,0.05,440.82,262.12,418.78,156.66,37.41,Fall,1.0,Tier 1: Fast Mover
ORD-12086,2023-05-12,Apparel,Footwear,West,On-Time,16,4,379.81,804.51,0.0,3218.04,1519.24,3218.04,1698.8,52.79,Spring,1.0,Tier 1: Fast Mover
ORD-12087,2023-09-07,Electronics,Computers,East,On-Time,74,1,67.4,154.15,0.05,154.15,67.4,146.44,79.04,53.98,Fall,1.0,Tier 1: Fast Mover
ORD-12088,2023-04-21,Electronics,Audio,West,On-Time,30,1,62.78,131.74,0.0,131.74,62.78,131.74,68.96,52.35,Spring,1.0,Tier 1: Fast Mover
ORD-12089,2023-03-15,Apparel,Shirts,West,On-Time,33,4,76.85,182.36,0.0,729.44,307.4,729.44,422.04,57.86,Spring,1.0,Tier 1: Fast Mover
ORD-12090,2023-04-18,Apparel,Footwear,North,On-Time,45,4,101.62,166.35,0.05,665.4,406.48,632.13,225.65,35.7,Spring,1.0,Tier 1: Fast Mover
ORD-12091,2023-08-27,Furniture,Desks,South,On-Time,108,1,200.28,214.5,0.49,214.5,200.28,109.4,-90.89,-83.08,Summer,2.0,Tier 3: Dead Stock
ORD-12092,2023-10-13,Apparel,Pants,South,On-Time,4,4,180.0,294.71,0.05,1178.84,720.0,1119.9,399.9,35.71,Fall,1.0,Tier 1: Fast Mover
ORD-12093,2023-10-20,Furniture,Tables,South,On-Time,114,3,261.57,284.04,0.6,852.12,784.71,340.85,-443.86,-130.22,Fall,2.0,Tier 3: Dead Stock
ORD-12094,2023-05-15,Apparel,Uncategorized,North,Delayed - Customs,151,2,362.41,410.84,0.39,821.68,724.82,501.22,-223.6,-44.61,Spring,0.0,Tier 2: Warning
ORD-12095,2023-10-30,Apparel,Footwear,East,On-Time,30,3,44.09,100.71,0.05,302.13,132.27,287.02,154.75,53.92,Fall,1.0,Tier 1: Fast Mover
ORD-12096,2023-01-05,Furniture,Chairs,South,On-Time,100,5,396.1,451.21,0.43,2256.05,1980.5,1285.95,-694.55,-54.01,Winter,0.0,Tier 2: Warning
ORD-12097,2023-01-27,Apparel,Pants,North,On-Time,31,4,241.07,492.54,0.05,1970.16,964.28,1871.65,907.37,48.48,Winter,1.0,Tier 1: Fast Mover
ORD-12098,2023-10-19,Apparel,Pants,West,On-Time,34,4,91.54,217.23,0.05,868.92,366.16,825.47,459.31,55.64,Fall,1.0,Tier 1: Fast Mover
ORD-12099,2023-04-25,Furniture,Chairs,West,On-Time,88,1,295.68,322.1,0.5,322.1,295.68,161.05,-134.63,-83.6,Spring,2.0,Tier 3: Dead Stock
ORD-12100,2023-08-02,Apparel,Pants,South,On-Time,32,5,325.93,623.27,0.05,3116.35,1629.65,2960.53,1330.88,44.95,Summer,1.0,Tier 1: Fast Mover
ORD-12101,2023-10-14,Electronics,Audio,West,On-Time,21,5,383.21,704.62,0.0,3523.1,1916.05,3523.1,1607.05,45.61,Fall,1.0,Tier 1: Fast Mover
ORD-12102,2023-12-11,Apparel,Shirts,West,Delayed - Transit,103,5,202.52,248.24,0.56,1241.2,1012.6,546.13,-466.47,-85.41,Winter,2.0,Tier 3: Dead Stock
ORD-12103,2023-07-29,Apparel,Pants,West,On-Time,12,2,319.39,629.84,0.0,1259.68,638.78,1259.68,620.9,49.29,Summer,1.0,Tier 1: Fast Mover
ORD-12104,2023-07-04,Electronics,Accessories,North,On-Time,27,3,312.76,661.72,0.05,1985.16,938.28,1885.9,947.62,50.25,Summer,1.0,Tier 1: Fast Mover
ORD-12105,2023-06-01,Electronics,Computers,West,On-Time,34,3,261.63,444.12,0.0,1332.36,784.89,1332.36,547.47,41.09,Summer,1.0,Tier 1: Fast Mover
ORD-12106,2023-01-19,Apparel,Pants,East,Delayed - Customs,115,5,155.6,168.71,0.42,843.55,778.0,489.26,-288.74,-59.02,Winter,0.0,Tier 2: Warning
ORD-12107,2023-05-07,Apparel,Pants,South,Delayed - Customs,129,1,164.12,221.17,0.62,221.17,164.12,84.04,-80.08,-95.28,Spring,2.0,Tier 3: Dead Stock
ORD-12108,2023-07-01,Electronics,Audio,South,On-Time,31,5,178.38,407.48,0.05,2037.4,891.9,1935.53,1043.63,53.92,Summer,1.0,Tier 1: Fast Mover
ORD-12109,2023-07-15,Furniture,Chairs,East,On-Time,147,5,120.72,156.45,0.62,782.25,603.6,297.26,-306.35,-103.06,Summer,2.0,Tier 3: Dead Stock
ORD-12110,2023-09-26,Furniture,Tables,North,Delayed - Transit,120,2,33.9,39.16,0.62,78.32,67.8,29.76,-38.04,-127.81,Fall,2.0,Tier 3: Dead Stock
ORD-12111,2023-05-27,Electronics,Computers,East,On-Time,35,3,341.44,549.68,0.0,1649.04,1024.32,1649.04,624.72,37.88,Spring,1.0,Tier 1: Fast Mover
ORD-12112,2023-05-13,Furniture,Chairs,South,On-Time,129,4,329.63,365.3,0.36,1461.2,1318.52,935.17,-383.35,-40.99,Spring,0.0,Tier 2: Warning
ORD-12113,2023-10-23,Apparel,Shirts,West,On-Time,40,3,202.32,455.18,0.05,1365.54,606.96,1297.26,690.3,53.21,Fall,1.0,Tier 1: Fast Mover
ORD-12114,2023-07-10,Apparel,Pants,North,Delayed - Customs,115,1,363.84,433.4,0.57,433.4,363.84,186.36,-177.48,-95.23,Summer,2.0,Tier 3: Dead Stock
ORD-12115,2023-06-06,Apparel,Pants,East,Delayed - Transit,116,5,247.19,270.12,0.56,1350.6,1235.95,594.26,-641.69,-107.98,Summer,2.0,Tier 3: Dead Stock
ORD-12116,2023-12-05,Furniture,Chairs,North,On-Time,83,4,41.8,44.67,0.0,178.68,167.2,178.68,11.48,6.42,Winter,1.0,Tier 1: Fast Mover
ORD-12117,2023-04-11,Electronics,Computers,South,On-Time,29,2,357.89,846.45,0.05,1692.9,715.78,1608.26,892.48,55.49,Spring,1.0,Tier 1: Fast Mover
ORD-12118,2023-03-11,Electronics,Computers,South,On-Time,25,5,58.62,115.29,0.0,576.45,293.1,576.45,283.35,49.15,Spring,1.0,Tier 1: Fast Mover
ORD-12119,2023-06-06,Electronics,Accessories,South,On-Time,61,4,124.3,268.12,0.0,1072.48,497.2,1072.48,575.28,53.64,Summer,1.0,Tier 1: Fast Mover
ORD-12120,2023-04-11,Apparel,Footwear,West,Delayed - Transit,107,3,284.76,344.03,0.54,1032.09,854.28,474.76,-379.52,-79.94,Spring,2.0,Tier 3: Dead Stock
ORD-12121,2023-12-09,Electronics,Audio,South,On-Time,31,1,356.01,656.85,0.05,656.85,356.01,624.01,268.0,42.95,Winter,1.0,Tier 1: Fast Mover
ORD-12122,2023-09-13,Furniture,Desks,West,On-Time,94,5,129.42,143.15,0.58,715.75,647.1,300.62,-346.49,-115.26,Fall,2.0,Tier 3: Dead Stock
ORD-12123,2023-08-01,Apparel,Footwear,West,On-Time,40,3,198.16,441.11,0.0,1323.33,594.48,1323.33,728.85,55.08,Summer,1.0,Tier 1: Fast Mover
ORD-12124,2023-08-23,Electronics,Audio,West,On-Time,40,1,312.77,645.74,0.0,645.74,312.77,645.74,332.97,51.56,Summer,1.0,Tier 1: Fast Mover
ORD-12125,2023-01-05,Electronics,Audio,West,On-Time,26,3,174.19,396.63,0.0,1189.89,522.57,1189.89,667.32,56.08,Winter,1.0,Tier 1: Fast Mover
ORD-12126,2023-07-05,Electronics,Computers,South,On-Time,20,5,220.97,427.51,0.05,2137.55,1104.85,2030.67,925.82,45.59,Summer,1.0,Tier 1: Fast Mover
ORD-12127,2023-11-20,Furniture,Desks,South,On-Time,109,4,255.85,271.06,0.46,1084.24,1023.4,585.49,-437.91,-74.79,Fall,0.0,Tier 2: Warning
ORD-12128,2023-05-09,Furniture,Desks,West,On-Time,112,2,87.58,116.3,0.37,232.6,175.16,146.54,-28.62,-19.53,Spring,0.0,Tier 2: Warning
ORD-12129,2023-01-10,Apparel,Shirts,West,On-Time,27,4,220.51,363.92,0.05,1455.68,882.04,1382.9,500.86,36.22,Winter,1.0,Tier 1: Fast Mover
ORD-12130,2023-02-04,Apparel,Uncategorized,North,On-Time,43,1,142.77,282.02,0.05,282.02,142.77,267.92,125.15,46.71,Winter,1.0,Tier 1: Fast Mover
ORD-12131,2023-05-08,Electronics,Accessories,North,On-Time,27,4,340.41,578.42,0.05,2313.68,1361.64,2198.0,836.36,38.05,Spring,1.0,Tier 1: Fast Mover
ORD-12132,2023-03-25,Apparel,Shirts,West,On-Time,29,3,141.86,291.8,0.0,875.4,425.58,875.4,449.82,51.38,Spring,1.0,Tier 1: Fast Mover
ORD-12133,2023-02-11,Apparel,Pants,South,Delayed - Transit,118,1,121.32,131.58,0.52,131.58,121.32,63.16,-58.16,-92.09,Winter,2.0,Tier 3: Dead Stock
ORD-12134,2023-10-08,Furniture,Chairs,East,On-Time,130,1,364.35,479.04,0.39,479.04,364.35,292.21,-72.14,-24.69,Fall,0.0,Tier 2: Warning
ORD-12135,2023-08-03,Furniture,Chairs,East,On-Time,88,4,184.32,201.27,0.47,805.08,737.28,426.69,-310.59,-72.79,Summer,0.0,Tier 2: Warning
ORD-12136,2023-11-01,Apparel,Shirts,East,Delayed - Transit,95,5,222.11,261.57,0.46,1307.85,1110.55,706.24,-404.31,-57.25,Fall,0.0,Tier 2: Warning
ORD-12137,2023-05-22,Furniture,Desks,East,On-Time,95,3,112.98,146.92,0.43,440.76,338.94,251.23,-87.71,-34.91,Spring,0.0,Tier 2: Warning
ORD-12138,2023-06-02,Furniture,Tables,South,On-Time,120,4,16.82,21.67,0.51,86.68,67.28,42.47,-24.81,-58.41,Summer,0.0,Tier 2: Warning
ORD-12139,2023-03-31,Apparel,Pants,South,Delayed - Customs,103,2,299.23,328.35,0.54,656.7,598.46,302.08,-296.38,-98.11,Spring,2.0,Tier 3: Dead Stock
ORD-12140,2023-06-14,Apparel,Pants,South,On-Time,1,1,205.43,470.28,0.0,470.28,205.43,470.28,264.85,56.32,Summer,1.0,Tier 1: Fast Mover
ORD-12141,2023-03-26,Electronics,Audio,West,On-Time,37,5,249.09,451.88,0.0,2259.4,1245.45,2259.4,1013.95,44.88,Spring,1.0,Tier 1: Fast Mover
ORD-12142,2023-05-19,Apparel,Shirts,East,Delayed - Customs,111,2,209.83,271.49,0.4,542.98,419.66,325.79,-93.87,-28.81,Spring,0.0,Tier 2: Warning
ORD-12143,2023-12-03,Electronics,Accessories,South,On-Time,39,3,369.83,677.03,0.05,2031.09,1109.49,1929.54,820.05,42.5,Winter,1.0,Tier 1: Fast Mover
ORD-12144,2023-04-28,Furniture,Tables,South,Delayed - Customs,110,5,205.24,256.27,0.62,1281.35,1026.2,486.91,-539.29,-110.76,Spring,2.0,Tier 3: Dead Stock
ORD-12145,2023-08-24,Furniture,Tables,South,On-Time,95,1,201.88,236.59,0.51,236.59,201.88,115.93,-85.95,-74.14,Summer,0.0,Tier 2: Warning
ORD-12146,2023-10-31,Apparel,Pants,West,On-Time,41,2,168.71,299.02,0.05,598.04,337.42,568.14,230.72,40.61,Fall,1.0,Tier 1: Fast Mover
ORD-12147,2023-12-25,Apparel,Shirts,East,Delayed - Customs,124,5,148.98,183.89,0.61,919.45,744.9,358.59,-386.31,-107.73,Winter,2.0,Tier 3: Dead Stock
ORD-12148,2023-12-20,Apparel,Shirts,East,On-Time,44,3,355.85,772.43,0.0,2317.29,1067.55,2317.29,1249.74,53.93,Winter,1.0,Tier 1: Fast Mover
ORD-12149,2023-06-30,Electronics,Accessories,West,Delayed - Transit,137,4,161.62,207.3,0.5,829.2,646.48,414.6,-231.88,-55.93,Summer,0.0,Tier 2: Warning
ORD-12150,2023-03-21,Apparel,Pants,West,Delayed - Customs,86,3,328.19,380.19,0.61,1140.57,984.57,444.82,-539.75,-121.34,Spring,2.0,Tier 3: Dead Stock
ORD-12151,2023-12-24,Apparel,Footwear,West,On-Time,35,3,261.52,584.25,0.0,1752.75,784.56,1752.75,968.19,55.24,Winter,1.0,Tier 1: Fast Mover
ORD-12152,2023-05-12,Electronics,Audio,West,On-Time,19,4,275.45,470.09,0.0,1880.36,1101.8,1880.36,778.56,41.4,Spring,1.0,Tier 1: Fast Mover
ORD-12153,2023-02-24,Apparel,Footwear,West,Delayed - Transit,109,5,240.99,260.42,0.48,1302.1,1204.95,677.09,-527.86,-77.96,Winter,0.0,Tier 2: Warning
ORD-12154,2023-11-03,Apparel,Uncategorized,North,On-Time,32,2,26.43,49.41,0.05,98.82,52.86,93.88,41.02,43.69,Fall,1.0,Tier 1: Fast Mover
ORD-12155,2023-05-29,Furniture,Chairs,South,On-Time,154,1,393.8,450.08,0.37,450.08,393.8,283.55,-110.25,-38.88,Spring,0.0,Tier 2: Warning
ORD-12156,2023-05-16,Furniture,Tables,North,On-Time,117,5,257.37,346.24,0.64,1731.2,1286.85,623.23,-663.62,-106.48,Spring,2.0,Tier 3: Dead Stock
ORD-12157,2023-07-19,Electronics,Computers,North,On-Time,3,1,230.94,478.31,0.0,478.31,230.94,478.31,247.37,51.72,Summer,1.0,Tier 1: Fast Mover
ORD-12158,2023-02-22,Furniture,Chairs,West,On-Time,103,4,239.25,272.11,0.53,1088.44,957.0,511.57,-445.43,-87.07,Winter,2.0,Tier 3: Dead Stock
ORD-12159,2023-03-19,Apparel,Shirts,West,On-Time,22,2,317.02,715.29,0.0,1430.58,634.04,1430.58,796.54,55.68,Spring,1.0,Tier 1: Fast Mover
ORD-12160,2023-02-13,Apparel,Shirts,West,On-Time,42,2,139.6,325.75,0.0,651.5,279.2,651.5,372.3,57.15,Winter,1.0,Tier 1: Fast Mover
ORD-12161,2023-03-20,Furniture,Chairs,North,Delayed - Customs,89,4,336.0,428.32,0.41,1713.28,1344.0,1010.84,-333.16,-32.96,Spring,0.0,Tier 2: Warning
ORD-12162,2023-06-23,Apparel,Footwear,West,On-Time,33,3,375.11,759.44,0.0,2278.32,1125.33,2278.32,1152.99,50.61,Summer,1.0,Tier 1: Fast Mover
ORD-12163,2023-09-18,Apparel,Shirts,South,On-Time,32,1,333.06,737.47,0.05,737.47,333.06,700.6,367.54,52.46,Fall,1.0,Tier 1: Fast Mover
ORD-12164,2023-10-07,Furniture,Tables,South,On-Time,114,3,57.25,61.82,0.42,185.46,171.75,107.57,-64.18,-59.67,Fall,0.0,Tier 2: Warning
ORD-12165,2023-06-09,Electronics,Computers,West,On-Time,28,3,353.07,630.55,0.05,1891.65,1059.21,1797.07,737.86,41.06,Summer,1.0,Tier 1: Fast Mover
ORD-12166,2023-11-18,Apparel,Shirts,West,On-Time,28,5,158.63,259.06,0.0,1295.3,793.15,1295.3,502.15,38.77,Fall,1.0,Tier 1: Fast Mover
ORD-12167,2023-09-22,Furniture,Chairs,South,Delayed - Transit,94,1,124.25,151.23,0.39,151.23,124.25,92.25,-32.0,-34.69,Fall,0.0,Tier 2: Warning
ORD-12168,2023-07-04,Apparel,Pants,North,On-Time,30,1,111.82,234.65,0.0,234.65,111.82,234.65,122.83,52.35,Summer,1.0,Tier 1: Fast Mover
ORD-12169,2023-01-12,Furniture,Desks,West,Delayed - Customs,107,3,296.62,374.57,0.43,1123.71,889.86,640.51,-249.35,-38.93,Winter,0.0,Tier 2: Warning
ORD-12170,2023-10-30,Furniture,Tables,East,Delayed - Customs,110,5,88.3,97.27,0.6,486.35,441.5,194.54,-246.96,-126.95,Fall,2.0,Tier 3: Dead Stock
ORD-12171,2023-05-02,Apparel,Footwear,East,On-Time,36,4,120.04,251.39,0.05,1005.56,480.16,955.28,475.12,49.74,Spring,1.0,Tier 1: Fast Mover
ORD-12172,2023-05-01,Apparel,Footwear,West,On-Time,30,3,63.67,114.89,0.0,344.67,191.01,344.67,153.66,44.58,Spring,1.0,Tier 1: Fast Mover
ORD-12173,2023-04-29,Apparel,Shirts,East,On-Time,9,2,213.89,394.12,0.05,788.24,427.78,748.83,321.05,42.87,Spring,1.0,Tier 1: Fast Mover
ORD-12174,2023-08-19,Electronics,Accessories,South,Delayed - Customs,149,2,27.01,32.99,0.45,65.98,54.02,36.29,-17.73,-48.86,Summer,0.0,Tier 2: Warning
ORD-12175,2023-11-09,Apparel,Footwear,South,Delayed - Transit,99,3,191.04,213.97,0.53,641.91,573.12,301.7,-271.42,-89.96,Fall,2.0,Tier 3: Dead Stock
ORD-12176,2023-02-19,Apparel,Shirts,South,On-Time,16,4,145.86,240.2,0.0,960.8,583.44,960.8,377.36,39.28,Winter,1.0,Tier 1: Fast Mover
ORD-12177,2023-10-12,Apparel,Shirts,South,On-Time,39,5,94.39,155.96,0.0,779.8,471.95,779.8,307.85,39.48,Fall,1.0,Tier 1: Fast Mover
ORD-12178,2023-04-20,Apparel,Footwear,East,On-Time,39,4,209.17,435.17,0.05,1740.68,836.68,1653.65,816.97,49.4,Spring,1.0,Tier 1: Fast Mover
ORD-12179,2023-03-24,Apparel,Footwear,South,Delayed - Customs,108,5,345.68,458.82,0.44,2294.1,1728.4,1284.7,-443.7,-34.54,Spring,0.0,Tier 2: Warning
ORD-12180,2023-04-17,Electronics,Audio,West,On-Time,30,1,98.05,224.67,0.05,224.67,98.05,213.44,115.39,54.06,Spring,1.0,Tier 1: Fast Mover
ORD-12181,2023-09-26,Furniture,Tables,East,Delayed - Transit,68,5,49.93,61.85,0.0,309.25,249.65,309.25,59.6,19.27,Fall,1.0,Tier 1: Fast Mover
ORD-12182,2023-08-28,Electronics,Computers,West,Delayed - Customs,124,2,326.88,411.79,0.49,823.58,653.76,420.03,-233.73,-55.65,Summer,0.0,Tier 2: Warning
ORD-12183,2023-03-24,Electronics,Computers,South,On-Time,39,4,386.79,656.76,0.0,2627.04,1547.16,2627.04,1079.88,41.11,Spring,1.0,Tier 1: Fast Mover
ORD-12184,2023-08-18,Furniture,Desks,West,Delayed - Customs,135,3,54.5,60.06,0.53,180.18,163.5,84.68,-78.82,-93.07,Summer,2.0,Tier 3: Dead Stock
ORD-12185,2023-08-09,Electronics,Audio,East,On-Time,34,5,280.36,469.77,0.0,2348.85,1401.8,2348.85,947.05,40.32,Summer,1.0,Tier 1: Fast Mover
ORD-12186,2023-10-09,Furniture,Chairs,South,Delayed - Customs,145,5,298.8,334.52,0.42,1672.6,1494.0,970.11,-523.89,-54.0,Fall,0.0,Tier 2: Warning
ORD-12187,2023-12-07,Apparel,Footwear,North,On-Time,30,5,131.74,245.76,0.0,1228.8,658.7,1228.8,570.1,46.39,Winter,1.0,Tier 1: Fast Mover
ORD-12188,2023-07-03,Electronics,Computers,East,On-Time,20,4,385.85,672.47,0.05,2689.88,1543.4,2555.39,1011.99,39.6,Summer,1.0,Tier 1: Fast Mover
ORD-12189,2023-10-27,Apparel,Pants,East,Delayed - Customs,68,1,393.65,423.41,0.05,423.41,393.65,402.24,8.59,2.14,Fall,1.0,Tier 1: Fast Mover
ORD-12190,2023-02-01,Electronics,Accessories,North,Delayed - Transit,131,5,126.29,135.09,0.5,675.45,631.45,337.73,-293.73,-86.97,Winter,2.0,Tier 3: Dead Stock
ORD-12191,2023-11-09,Electronics,Accessories,South,On-Time,17,3,195.03,438.37,0.05,1315.11,585.09,1249.35,664.26,53.17,Fall,1.0,Tier 1: Fast Mover
ORD-12192,2023-05-13,Electronics,Accessories,West,On-Time,35,2,171.0,369.92,0.0,739.84,342.0,739.84,397.84,53.77,Spring,1.0,Tier 1: Fast Mover
ORD-12193,2023-01-27,Furniture,Tables,West,On-Time,137,1,251.28,281.73,0.38,281.73,251.28,174.67,-76.61,-43.86,Winter,0.0,Tier 2: Warning
ORD-12194,2023-05-13,Apparel,Footwear,North,Delayed - Customs,177,1,151.85,202.29,0.53,202.29,151.85,95.08,-56.77,-59.71,Spring,0.0,Tier 2: Warning
ORD-12195,2023-05-22,Electronics,Audio,South,On-Time,26,1,228.94,435.99,0.05,435.99,228.94,414.19,185.25,44.73,Spring,1.0,Tier 1: Fast Mover
ORD-12196,2023-01-09,Apparel,Footwear,West,On-Time,34,3,32.66,59.53,0.0,178.59,97.98,178.59,80.61,45.14,Winter,1.0,Tier 1: Fast Mover
ORD-12197,2023-05-19,Apparel,Pants,West,On-Time,19,2,328.96,638.82,0.0,1277.64,657.92,1277.64,619.72,48.51,Spring,1.0,Tier 1: Fast Mover
ORD-12198,2023-07-07,Apparel,Pants,South,Delayed - Customs,119,3,217.08,230.6,0.42,691.8,651.24,401.24,-250.0,-62.31,Summer,0.0,Tier 2: Warning
ORD-12199,2023-12-06,Apparel,Shirts,South,On-Time,14,1,123.68,217.0,0.0,217.0,123.68,217.0,93.32,43.0,Winter,1.0,Tier 1: Fast Mover
ORD-12200,2023-06-06,Apparel,Shirts,North,Delayed - Customs,132,5,352.46,412.87,0.45,2064.35,1762.3,1135.39,-626.91,-55.22,Summer,0.0,Tier 2: Warning
ORD-12201,2023-06-27,Apparel,Shirts,North,On-Time,44,5,49.29,100.47,0.0,502.35,246.45,502.35,255.9,50.94,Summer,1.0,Tier 1: Fast Mover
ORD-12202,2023-09-30,Apparel,Footwear,North,Delayed - Transit,120,4,310.06,339.35,0.36,1357.4,1240.24,868.74,-371.5,-42.76,Fall,0.0,Tier 2: Warning
ORD-12203,2023-12-16,Apparel,Pants,North,On-Time,13,4,243.42,510.09,0.05,2040.36,973.68,1938.34,964.66,49.77,Winter,1.0,Tier 1: Fast Mover
ORD-12204,2023-05-13,Furniture,Chairs,East,Delayed - Customs,144,5,276.68,322.82,0.49,1614.1,1383.4,823.19,-560.21,-68.05,Spring,0.0,Tier 2: Warning
ORD-12205,2023-04-13,Apparel,Footwear,East,On-Time,31,1,289.7,607.54,0.0,607.54,289.7,607.54,317.84,52.32,Spring,1.0,Tier 1: Fast Mover
ORD-12206,2023-08-16,Electronics,Audio,East,On-Time,33,2,39.56,74.74,0.0,149.48,79.12,149.48,70.36,47.07,Summer,1.0,Tier 1: Fast Mover
ORD-12207,2023-09-03,Electronics,Audio,South,On-Time,60,2,117.03,222.36,0.0,444.72,234.06,444.72,210.66,47.37,Fall,1.0,Tier 1: Fast Mover
ORD-12208,2023-12-15,Electronics,Computers,West,On-Time,7,3,398.91,851.73,0.05,2555.19,1196.73,2427.43,1230.7,50.7,Winter,1.0,Tier 1: Fast Mover
ORD-12209,2023-12-09,Electronics,Accessories,West,On-Time,35,5,77.25,143.29,0.0,716.45,386.25,716.45,330.2,46.09,Winter,1.0,Tier 1: Fast Mover
ORD-12210,2023-07-02,Apparel,Pants,West,On-Time,39,5,383.86,740.97,0.0,3704.85,1919.3,3704.85,1785.55,48.19,Summer,1.0,Tier 1: Fast Mover
ORD-12211,2023-05-22,Furniture,Tables,South,On-Time,94,1,355.44,430.47,0.36,430.47,355.44,275.5,-79.94,-29.02,Spring,0.0,Tier 2: Warning
ORD-12212,2023-12-20,Electronics,Accessories,East,On-Time,36,4,171.15,287.79,0.05,1151.16,684.6,1093.6,409.0,37.4,Winter,1.0,Tier 1: Fast Mover
ORD-12213,2023-07-06,Electronics,Audio,North,On-Time,24,2,123.36,198.71,0.05,397.42,246.72,377.55,130.83,34.65,Summer,1.0,Tier 1: Fast Mover
ORD-12214,2023-08-28,Furniture,Tables,East,On-Time,113,5,345.68,437.49,0.43,2187.45,1728.4,1246.85,-481.55,-38.62,Summer,0.0,Tier 2: Warning
ORD-12215,2023-07-25,Electronics,Computers,West,On-Time,24,2,88.32,155.41,0.0,310.82,176.64,310.82,134.18,43.17,Summer,1.0,Tier 1: Fast Mover
ORD-12216,2023-12-03,Electronics,Audio,East,Delayed - Customs,131,1,336.45,440.91,0.48,440.91,336.45,229.27,-107.18,-46.75,Winter,0.0,Tier 2: Warning
ORD-12217,2023-02-04,Furniture,Tables,North,On-Time,101,4,232.73,282.9,0.62,1131.6,930.92,430.01,-500.91,-116.49,Winter,2.0,Tier 3: Dead Stock
ORD-12218,2023-11-05,Electronics,Computers,South,On-Time,14,3,240.5,463.58,0.05,1390.74,721.5,1321.2,599.7,45.39,Fall,1.0,Tier 1: Fast Mover
ORD-12219,2023-11-02,Electronics,Accessories,West,On-Time,23,5,289.87,500.7,0.0,2503.5,1449.35,2503.5,1054.15,42.11,Fall,1.0,Tier 1: Fast Mover
ORD-12220,2023-08-01,Apparel,Pants,South,On-Time,38,5,130.72,261.73,0.05,1308.65,653.6,1243.22,589.62,47.43,Summer,1.0,Tier 1: Fast Mover
ORD-12221,2023-11-05,Apparel,Shirts,East,On-Time,47,3,395.82,728.37,0.05,2185.11,1187.46,2075.85,888.39,42.8,Fall,1.0,Tier 1: Fast Mover
ORD-12222,2023-12-23,Furniture,Desks,South,On-Time,74,2,16.76,21.18,0.0,42.36,33.52,42.36,8.84,20.87,Winter,1.0,Tier 1: Fast Mover
ORD-12223,2023-11-16,Electronics,Uncategorized,West,On-Time,23,1,345.41,653.45,0.0,653.45,345.41,653.45,308.04,47.14,Fall,1.0,Tier 1: Fast Mover
ORD-12224,2023-03-13,Apparel,Footwear,South,On-Time,37,2,88.48,163.45,0.0,326.9,176.96,326.9,149.94,45.87,Spring,1.0,Tier 1: Fast Mover
ORD-12225,2023-05-31,Furniture,Desks,West,On-Time,102,2,393.59,513.21,0.61,1026.42,787.18,400.3,-386.88,-96.65,Spring,2.0,Tier 3: Dead Stock
ORD-12226,2023-05-04,Electronics,Computers,West,Delayed - Customs,92,2,240.63,290.34,0.65,580.68,481.26,203.24,-278.02,-136.8,Spring,2.0,Tier 3: Dead Stock
ORD-12227,2023-08-29,Furniture,Desks,East,On-Time,100,5,242.58,325.06,0.42,1625.3,1212.9,942.67,-270.23,-28.67,Summer,0.0,Tier 2: Warning
ORD-12228,2023-03-07,Electronics,Accessories,East,On-Time,49,4,60.38,134.84,0.0,539.36,241.52,539.36,297.84,55.22,Spring,1.0,Tier 1: Fast Mover
ORD-12229,2023-10-03,Electronics,Accessories,South,On-Time,41,3,371.48,830.88,0.0,2492.64,1114.44,2492.64,1378.2,55.29,Fall,1.0,Tier 1: Fast Mover
ORD-12230,2023-07-17,Furniture,Chairs,East,On-Time,111,1,139.05,181.21,0.36,181.21,139.05,115.97,-23.08,-19.9,Summer,0.0,Tier 2: Warning
ORD-12231,2023-01-30,Apparel,Shirts,West,On-Time,12,5,173.93,346.43,0.0,1732.15,869.65,1732.15,862.5,49.79,Winter,1.0,Tier 1: Fast Mover
ORD-12232,2023-05-05,Apparel,Pants,West,Delayed - Transit,40,5,57.8,71.13,0.0,355.65,289.0,355.65,66.65,18.74,Spring,1.0,Tier 1: Fast Mover
ORD-12233,2023-03-19,Electronics,Computers,North,On-Time,33,3,64.96,154.55,0.0,463.65,194.88,463.65,268.77,57.97,Spring,1.0,Tier 1: Fast Mover
ORD-12234,2023-07-31,Apparel,Shirts,West,On-Time,39,2,239.28,387.8,0.05,775.6,478.56,736.82,258.26,35.05,Summer,1.0,Tier 1: Fast Mover
ORD-12235,2023-06-08,Apparel,Shirts,East,On-Time,30,4,174.62,358.45,0.0,1433.8,698.48,1433.8,735.32,51.28,Summer,1.0,Tier 1: Fast Mover
ORD-12236,2023-12-22,Furniture,Desks,South,On-Time,126,1,207.6,257.82,0.6,257.82,207.6,103.13,-104.47,-101.3,Winter,2.0,Tier 3: Dead Stock
ORD-12237,2023-04-16,Apparel,Pants,East,Delayed - Customs,155,5,149.83,194.85,0.53,974.25,749.15,457.9,-291.25,-63.61,Spring,0.0,Tier 2: Warning
ORD-12238,2023-01-23,Electronics,Accessories,East,On-Time,42,2,125.64,293.42,0.0,586.84,251.28,586.84,335.56,57.18,Winter,1.0,Tier 1: Fast Mover
ORD-12239,2023-03-19,Furniture,Desks,South,Delayed - Transit,124,5,97.82,106.64,0.5,533.2,489.1,266.6,-222.5,-83.46,Spring,2.0,Tier 3: Dead Stock
ORD-12240,2023-07-16,Furniture,Tables,North,On-Time,53,2,184.65,196.35,0.05,392.7,369.3,373.07,3.77,1.01,Summer,1.0,Tier 1: Fast Mover
ORD-12241,2023-04-30,Electronics,Accessories,West,On-Time,31,1,317.63,680.66,0.0,680.66,317.63,680.66,363.03,53.33,Spring,1.0,Tier 1: Fast Mover
ORD-12242,2023-02-17,Furniture,Tables,North,On-Time,100,4,394.39,485.54,0.52,1942.16,1577.56,932.24,-645.32,-69.22,Winter,0.0,Tier 2: Warning
ORD-12243,2023-10-14,Apparel,Pants,South,On-Time,12,1,268.19,618.84,0.05,618.84,268.19,587.9,319.71,54.38,Fall,1.0,Tier 1: Fast Mover
ORD-12244,2023-12-30,Apparel,Pants,West,On-Time,47,1,209.47,379.0,0.0,379.0,209.47,379.0,169.53,44.73,Winter,1.0,Tier 1: Fast Mover
ORD-12245,2023-06-12,Electronics,Computers,East,On-Time,38,2,121.08,270.94,0.0,541.88,242.16,541.88,299.72,55.31,Summer,1.0,Tier 1: Fast Mover
ORD-12246,2023-07-24,Apparel,Uncategorized,West,On-Time,26,2,250.1,474.36,0.0,948.72,500.2,948.72,448.52,47.28,Summer,1.0,Tier 1: Fast Mover
ORD-12247,2023-01-23,Electronics,Computers,South,On-Time,34,3,223.03,472.45,0.05,1417.35,669.09,1346.48,677.39,50.31,Winter,1.0,Tier 1: Fast Mover
ORD-12248,2023-06-15,Apparel,Pants,West,On-Time,39,1,45.46,86.54,0.05,86.54,45.46,82.21,36.75,44.7,Summer,1.0,Tier 1: Fast Mover
ORD-12249,2023-06-26,Electronics,Accessories,West,Delayed - Transit,105,2,79.56,99.4,0.61,198.8,159.12,77.53,-81.59,-105.23,Summer,2.0,Tier 3: Dead Stock
ORD-12250,2023-02-11,Apparel,Shirts,West,Delayed - Customs,109,4,325.04,352.13,0.37,1408.52,1300.16,887.37,-412.79,-46.52,Winter,0.0,Tier 2: Warning
ORD-12251,2023-11-25,Furniture,Chairs,North,On-Time,80,1,384.09,471.34,0.05,471.34,384.09,447.77,63.68,14.22,Fall,1.0,Tier 1: Fast Mover
ORD-12252,2023-04-03,Apparel,Shirts,West,On-Time,28,3,171.79,337.11,0.05,1011.33,515.37,960.76,445.39,46.36,Spring,1.0,Tier 1: Fast Mover
ORD-12253,2023-01-08,Furniture,Chairs,South,On-Time,117,5,334.64,355.86,0.51,1779.3,1673.2,871.86,-801.34,-91.91,Winter,2.0,Tier 3: Dead Stock
ORD-12254,2023-11-26,Furniture,Tables,North,Delayed - Transit,137,4,348.32,417.35,0.45,1669.4,1393.28,918.17,-475.11,-51.75,Fall,0.0,Tier 2: Warning
ORD-12255,2023-06-20,Electronics,Computers,South,On-Time,12,3,40.6,96.34,0.0,289.02,121.8,289.02,167.22,57.86,Summer,1.0,Tier 1: Fast Mover
ORD-12256,2023-11-19,Electronics,Accessories,South,Delayed - Transit,79,1,47.89,63.75,0.0,63.75,47.89,63.75,15.86,24.88,Fall,1.0,Tier 1: Fast Mover
ORD-12257,2023-10-15,Furniture,Tables,West,On-Time,138,4,370.63,401.88,0.46,1607.52,1482.52,868.06,-614.46,-70.79,Fall,0.0,Tier 2: Warning
ORD-12258,2023-06-21,Apparel,Pants,North,On-Time,31,4,119.55,250.02,0.05,1000.08,478.2,950.08,471.88,49.67,Summer,1.0,Tier 1: Fast Mover
ORD-12259,2023-04-15,Apparel,Pants,North,On-Time,42,3,60.45,130.12,0.05,390.36,181.35,370.84,189.49,51.1,Spring,1.0,Tier 1: Fast Mover
ORD-12260,2023-08-28,Electronics,Computers,South,Delayed - Transit,123,4,223.67,246.04,0.56,984.16,894.68,433.03,-461.65,-106.61,Summer,2.0,Tier 3: Dead Stock
ORD-12261,2023-03-11,Electronics,Accessories,East,On-Time,34,3,210.06,484.57,0.05,1453.71,630.18,1381.02,750.84,54.37,Spring,1.0,Tier 1: Fast Mover
ORD-12262,2023-09-09,Electronics,Accessories,West,On-Time,35,2,150.1,283.25,0.0,566.5,300.2,566.5,266.3,47.01,Fall,1.0,Tier 1: Fast Mover
ORD-12263,2023-12-09,Electronics,Computers,North,Delayed - Transit,130,4,212.79,275.64,0.47,1102.56,851.16,584.36,-266.8,-45.66,Winter,0.0,Tier 2: Warning
ORD-12264,2023-02-12,Electronics,Computers,North,On-Time,11,1,196.43,416.38,0.0,416.38,196.43,416.38,219.95,52.82,Winter,1.0,Tier 1: Fast Mover
ORD-12265,2023-03-29,Furniture,Tables,North,On-Time,87,5,326.49,414.79,0.59,2073.95,1632.45,850.32,-782.13,-91.98,Spring,2.0,Tier 3: Dead Stock
ORD-12266,2023-08-29,Electronics,Audio,West,Delayed - Transit,103,4,219.96,243.44,0.43,973.76,879.84,555.04,-324.8,-58.52,Summer,0.0,Tier 2: Warning
ORD-12267,2023-09-18,Electronics,Accessories,West,On-Time,16,1,55.08,96.18,0.0,96.18,55.08,96.18,41.1,42.73,Fall,1.0,Tier 1: Fast Mover
ORD-12268,2023-10-21,Apparel,Footwear,West,On-Time,10,5,377.41,842.65,0.0,4213.25,1887.05,4213.25,2326.2,55.21,Fall,1.0,Tier 1: Fast Mover
ORD-12269,2023-02-20,Apparel,Shirts,North,On-Time,30,1,199.36,470.65,0.0,470.65,199.36,470.65,271.29,57.64,Winter,1.0,Tier 1: Fast Mover
ORD-12270,2023-04-15,Apparel,Footwear,South,On-Time,47,4,190.6,314.78,0.05,1259.12,762.4,1196.16,433.76,36.26,Spring,1.0,Tier 1: Fast Mover
ORD-12271,2023-08-08,Apparel,Shirts,West,On-Time,30,3,238.73,435.68,0.05,1307.04,716.19,1241.69,525.5,42.32,Summer,1.0,Tier 1: Fast Mover
ORD-12272,2023-09-24,Electronics,Audio,West,On-Time,38,3,225.07,450.18,0.05,1350.54,675.21,1283.01,607.8,47.37,Fall,1.0,Tier 1: Fast Mover
ORD-12273,2023-09-01,Electronics,Audio,North,On-Time,43,3,399.94,662.99,0.0,1988.97,1199.82,1988.97,789.15,39.68,Fall,1.0,Tier 1: Fast Mover
ORD-12274,2023-02-23,Apparel,Pants,West,On-Time,54,2,125.46,290.77,0.0,581.54,250.92,581.54,330.62,56.85,Winter,1.0,Tier 1: Fast Mover
ORD-12275,2023-02-15,Apparel,Pants,South,On-Time,37,4,299.59,500.15,0.05,2000.6,1198.36,1900.57,702.21,36.95,Winter,1.0,Tier 1: Fast Mover
ORD-12276,2023-09-19,Furniture,Tables,North,On-Time,104,2,89.08,96.42,0.52,192.84,178.16,92.56,-85.6,-92.47,Fall,2.0,Tier 3: Dead Stock
ORD-12277,2023-02-23,Furniture,Desks,West,On-Time,89,3,342.17,425.58,0.54,1276.74,1026.51,587.3,-439.21,-74.78,Winter,0.0,Tier 2: Warning
ORD-12278,2023-07-10,Apparel,Pants,West,Delayed - Transit,123,1,311.96,413.66,0.48,413.66,311.96,215.1,-96.86,-45.03,Summer,0.0,Tier 2: Warning
ORD-12279,2023-10-10,Apparel,Footwear,East,On-Time,32,1,273.22,639.39,0.05,639.39,273.22,607.42,334.2,55.02,Fall,1.0,Tier 1: Fast Mover
ORD-12280,2023-07-15,Furniture,Chairs,East,Delayed - Transit,105,3,356.19,408.14,0.53,1224.42,1068.57,575.48,-493.09,-85.68,Summer,2.0,Tier 3: Dead Stock
ORD-12281,2023-11-25,Furniture,Chairs,North,Delayed - Transit,128,5,136.9,166.89,0.55,834.45,684.5,375.5,-309.0,-82.29,Fall,2.0,Tier 3: Dead Stock
ORD-12282,2023-04-11,Electronics,Accessories,West,On-Time,41,4,355.4,634.9,0.0,2539.6,1421.6,2539.6,1118.0,44.02,Spring,1.0,Tier 1: Fast Mover
ORD-12283,2023-08-13,Electronics,Audio,North,On-Time,21,4,267.06,430.75,0.0,1723.0,1068.24,1723.0,654.76,38.0,Summer,1.0,Tier 1: Fast Mover
ORD-12284,2023-10-11,Apparel,Shirts,South,On-Time,25,1,123.97,262.89,0.05,262.89,123.97,249.75,125.78,50.36,Fall,1.0,Tier 1: Fast Mover
ORD-12285,2023-06-25,Apparel,Shirts,West,On-Time,42,1,270.49,631.82,0.05,631.82,270.49,600.23,329.74,54.94,Summer,1.0,Tier 1: Fast Mover
ORD-12286,2023-05-21,Electronics,Computers,East,Delayed - Transit,130,1,297.01,360.83,0.36,360.83,297.01,230.93,-66.08,-28.61,Spring,0.0,Tier 2: Warning
ORD-12287,2023-06-07,Apparel,Shirts,South,Delayed - Transit,122,5,181.44,212.84,0.58,1064.2,907.2,446.96,-460.24,-102.97,Summer,2.0,Tier 3: Dead Stock
ORD-12288,2023-08-28,Apparel,Footwear,East,On-Time,17,1,63.85,138.85,0.0,138.85,63.85,138.85,75.0,54.02,Summer,1.0,Tier 1: Fast Mover
ORD-12289,2023-01-30,Electronics,Accessories,South,On-Time,15,2,328.29,726.01,0.05,1452.02,656.58,1379.42,722.84,52.4,Winter,1.0,Tier 1: Fast Mover
ORD-12290,2023-02-01,Furniture,Tables,South,On-Time,138,4,391.84,419.97,0.65,1679.88,1567.36,587.96,-979.4,-166.58,Winter,2.0,Tier 3: Dead Stock
ORD-12291,2023-06-04,Furniture,Tables,East,On-Time,39,4,390.79,434.17,0.05,1736.68,1563.16,1649.85,86.69,5.25,Summer,1.0,Tier 1: Fast Mover
ORD-12292,2023-01-01,Apparel,Pants,West,On-Time,7,5,365.46,754.59,0.0,3772.95,1827.3,3772.95,1945.65,51.57,Winter,1.0,Tier 1: Fast Mover
ORD-12293,2023-07-03,Electronics,Audio,West,On-Time,43,5,223.81,373.23,0.05,1866.15,1119.05,1772.84,653.79,36.88,Summer,1.0,Tier 1: Fast Mover
ORD-12294,2023-03-27,Electronics,Audio,East,On-Time,25,5,99.2,209.43,0.05,1047.15,496.0,994.79,498.79,50.14,Spring,1.0,Tier 1: Fast Mover
ORD-12295,2023-02-09,Apparel,Footwear,North,On-Time,20,1,71.04,122.9,0.05,122.9,71.04,116.76,45.72,39.15,Winter,1.0,Tier 1: Fast Mover
ORD-12296,2023-03-15,Electronics,Computers,East,On-Time,43,3,57.59,117.21,0.0,351.63,172.77,351.63,178.86,50.87,Spring,1.0,Tier 1: Fast Mover
ORD-12297,2023-04-23,Apparel,Shirts,South,On-Time,31,4,148.06,254.03,0.05,1016.12,592.24,965.31,373.07,38.65,Spring,1.0,Tier 1: Fast Mover
ORD-12298,2023-05-11,Furniture,Tables,South,On-Time,98,5,27.16,31.38,0.47,156.9,135.8,83.16,-52.64,-63.31,Spring,0.0,Tier 2: Warning
ORD-12299,2023-08-23,Apparel,Footwear,South,On-Time,31,5,190.8,385.68,0.05,1928.4,954.0,1831.98,877.98,47.93,Summer,1.0,Tier 1: Fast Mover
ORD-12300,2023-02-04,Apparel,Pants,South,On-Time,32,1,180.81,329.95,0.05,329.95,180.81,313.45,132.64,42.32,Winter,1.0,Tier 1: Fast Mover
ORD-12301,2023-02-21,Furniture,Tables,North,On-Time,129,5,102.56,134.01,0.47,670.05,512.8,355.13,-157.67,-44.4,Winter,0.0,Tier 2: Warning
ORD-12302,2023-01-01,Electronics,Accessories,South,On-Time,7,4,311.34,506.5,0.0,2026.0,1245.36,2026.0,780.64,38.53,Winter,1.0,Tier 1: Fast Mover
ORD-12303,2023-10-14,Apparel,Pants,South,On-Time,30,3,321.32,664.71,0.0,1994.13,963.96,1994.13,1030.17,51.66,Fall,1.0,Tier 1: Fast Mover
ORD-12304,2023-05-27,Apparel,Footwear,North,On-Time,38,1,284.87,521.71,0.0,521.71,284.87,521.71,236.84,45.4,Spring,1.0,Tier 1: Fast Mover
ORD-12305,2023-04-09,Apparel,Pants,East,On-Time,39,5,320.16,751.32,0.0,3756.6,1600.8,3756.6,2155.8,57.39,Spring,1.0,Tier 1: Fast Mover
ORD-12306,2023-09-11,Apparel,Shirts,South,Delayed - Customs,83,4,262.83,277.74,0.0,1110.96,1051.32,1110.96,59.64,5.37,Fall,1.0,Tier 1: Fast Mover
ORD-12307,2023-07-05,Apparel,Shirts,North,Delayed - Customs,136,4,209.74,248.06,0.39,992.24,838.96,605.27,-233.69,-38.61,Summer,0.0,Tier 2: Warning
ORD-12308,2023-08-22,Apparel,Footwear,South,Delayed - Customs,106,3,188.51,252.86,0.56,758.58,565.53,333.78,-231.75,-69.43,Summer,0.0,Tier 2: Warning
ORD-12309,2023-07-21,Apparel,Shirts,West,On-Time,14,3,73.91,168.04,0.05,504.12,221.73,478.91,257.18,53.7,Summer,1.0,Tier 1: Fast Mover
ORD-12310,2023-04-22,Apparel,Footwear,South,Delayed - Transit,91,3,245.06,287.11,0.39,861.33,735.18,525.41,-209.77,-39.92,Spring,0.0,Tier 2: Warning
ORD-12311,2023-08-29,Furniture,Desks,North,On-Time,101,5,219.03,268.16,0.62,1340.8,1095.15,509.5,-585.65,-114.94,Summer,2.0,Tier 3: Dead Stock
ORD-12312,2023-10-09,Apparel,Shirts,East,On-Time,51,4,357.82,670.64,0.05,2682.56,1431.28,2548.43,1117.15,43.84,Fall,1.0,Tier 1: Fast Mover
ORD-12313,2023-08-22,Apparel,Shirts,East,Delayed - Transit,114,3,146.07,156.16,0.36,468.48,438.21,299.83,-138.38,-46.15,Summer,0.0,Tier 2: Warning
ORD-12314,2023-11-08,Apparel,Footwear,West,On-Time,8,2,391.55,636.71,0.0,1273.42,783.1,1273.42,490.32,38.5,Fall,1.0,Tier 1: Fast Mover
ORD-12315,2023-09-20,Electronics,Computers,West,On-Time,36,4,172.3,384.35,0.0,1537.4,689.2,1537.4,848.2,55.17,Fall,1.0,Tier 1: Fast Mover
ORD-12316,2023-04-21,Electronics,Accessories,South,Delayed - Transit,162,1,295.21,334.69,0.51,334.69,295.21,164.0,-131.21,-80.01,Spring,2.0,Tier 3: Dead Stock
ORD-12317,2023-12-14,Electronics,Computers,West,On-Time,43,1,378.07,817.02,0.05,817.02,378.07,776.17,398.1,51.29,Winter,1.0,Tier 1: Fast Mover
ORD-12318,2023-02-07,Furniture,Desks,South,On-Time,124,3,332.03,370.53,0.53,1111.59,996.09,522.45,-473.64,-90.66,Winter,2.0,Tier 3: Dead Stock
ORD-12319,2023-11-13,Furniture,Tables,East,On-Time,108,2,184.41,242.29,0.61,484.58,368.82,188.99,-179.83,-95.16,Fall,2.0,Tier 3: Dead Stock
ORD-12320,2023-02-24,Furniture,Chairs,North,On-Time,86,4,221.31,250.45,0.56,1001.8,885.24,440.79,-444.45,-100.83,Winter,2.0,Tier 3: Dead Stock
ORD-12321,2023-01-13,Furniture,Desks,West,On-Time,101,5,351.6,440.61,0.53,2203.05,1758.0,1035.43,-722.57,-69.78,Winter,0.0,Tier 2: Warning
ORD-12322,2023-11-20,Electronics,Computers,South,On-Time,28,2,109.19,227.45,0.05,454.9,218.38,432.16,213.78,49.47,Fall,1.0,Tier 1: Fast Mover
ORD-12323,2023-10-27,Electronics,Computers,West,Delayed - Customs,118,4,321.72,424.96,0.5,1699.84,1286.88,849.92,-436.96,-51.41,Fall,0.0,Tier 2: Warning
ORD-12324,2023-04-06,Apparel,Footwear,North,On-Time,14,3,230.81,492.17,0.05,1476.51,692.43,1402.68,710.25,50.64,Spring,1.0,Tier 1: Fast Mover
ORD-12325,2023-01-07,Apparel,Pants,South,On-Time,23,4,303.96,641.94,0.0,2567.76,1215.84,2567.76,1351.92,52.65,Winter,1.0,Tier 1: Fast Mover
ORD-12326,2023-10-10,Apparel,Pants,East,On-Time,33,3,281.75,672.18,0.0,2016.54,845.25,2016.54,1171.29,58.08,Fall,1.0,Tier 1: Fast Mover
ORD-12327,2023-07-31,Electronics,Audio,North,On-Time,11,5,280.62,492.78,0.05,2463.9,1403.1,2340.71,937.61,40.06,Summer,1.0,Tier 1: Fast Mover
ORD-12328,2023-02-27,Apparel,Footwear,South,Delayed - Transit,132,3,141.44,163.77,0.56,491.31,424.32,216.18,-208.14,-96.28,Winter,2.0,Tier 3: Dead Stock
ORD-12329,2023-04-14,Apparel,Shirts,East,Delayed - Transit,113,5,152.66,171.2,0.49,856.0,763.3,436.56,-326.74,-74.84,Spring,0.0,Tier 2: Warning
ORD-12330,2023-10-21,Electronics,Audio,East,On-Time,19,2,326.58,769.87,0.05,1539.74,653.16,1462.75,809.59,55.35,Fall,1.0,Tier 1: Fast Mover
ORD-12331,2023-04-28,Apparel,Pants,South,On-Time,19,4,80.1,148.05,0.0,592.2,320.4,592.2,271.8,45.9,Spring,1.0,Tier 1: Fast Mover
ORD-12332,2023-08-21,Electronics,Audio,South,On-Time,23,2,85.98,190.65,0.05,381.3,171.96,362.24,190.28,52.53,Summer,1.0,Tier 1: Fast Mover
ORD-12333,2023-12-19,Apparel,Pants,West,On-Time,26,1,155.61,329.32,0.05,329.32,155.61,312.85,157.24,50.26,Winter,1.0,Tier 1: Fast Mover
ORD-12334,2023-10-31,Furniture,Chairs,West,Delayed - Customs,136,3,97.05,128.01,0.64,384.03,291.15,138.25,-152.9,-110.6,Fall,2.0,Tier 3: Dead Stock
ORD-12335,2023-10-02,Electronics,Audio,North,On-Time,42,5,113.71,204.68,0.05,1023.4,568.55,972.23,403.68,41.52,Fall,1.0,Tier 1: Fast Mover
ORD-12336,2023-09-17,Furniture,Chairs,North,On-Time,134,5,248.15,298.89,0.47,1494.45,1240.75,792.06,-448.69,-56.65,Fall,0.0,Tier 2: Warning
ORD-12337,2023-05-12,Apparel,Shirts,South,On-Time,15,3,291.23,560.67,0.0,1682.01,873.69,1682.01,808.32,48.06,Spring,1.0,Tier 1: Fast Mover
ORD-12338,2023-02-07,Apparel,Shirts,West,On-Time,38,4,248.53,539.33,0.05,2157.32,994.12,2049.45,1055.33,51.49,Winter,1.0,Tier 1: Fast Mover
ORD-12339,2023-10-31,Furniture,Tables,South,On-Time,142,2,66.23,80.12,0.58,160.24,132.46,67.3,-65.16,-96.82,Fall,2.0,Tier 3: Dead Stock
ORD-12340,2023-07-23,Apparel,Footwear,South,On-Time,52,4,54.09,122.24,0.0,488.96,216.36,488.96,272.6,55.75,Summer,1.0,Tier 1: Fast Mover
ORD-12341,2023-05-22,Apparel,Footwear,West,Delayed - Transit,166,5,386.98,492.51,0.49,2462.55,1934.9,1255.9,-679.0,-54.06,Spring,0.0,Tier 2: Warning
ORD-12342,2023-04-29,Apparel,Pants,West,Delayed - Transit,135,1,252.98,270.47,0.52,270.47,252.98,129.83,-123.15,-94.86,Spring,2.0,Tier 3: Dead Stock
ORD-12343,2023-08-10,Apparel,Pants,West,On-Time,29,1,376.33,816.62,0.05,816.62,376.33,775.79,399.46,51.49,Summer,1.0,Tier 1: Fast Mover
ORD-12344,2023-04-16,Apparel,Shirts,South,On-Time,51,5,375.69,838.45,0.0,4192.25,1878.45,4192.25,2313.8,55.19,Spring,1.0,Tier 1: Fast Mover
ORD-12345,2023-06-26,Electronics,Audio,East,Delayed - Customs,84,1,207.36,237.5,0.0,237.5,207.36,237.5,30.14,12.69,Summer,1.0,Tier 1: Fast Mover
ORD-12346,2023-01-01,Apparel,Pants,West,Delayed - Customs,150,1,267.1,297.73,0.62,297.73,267.1,113.14,-153.96,-136.08,Winter,2.0,Tier 3: Dead Stock
ORD-12347,2023-04-14,Electronics,Computers,West,Delayed - Transit,96,3,52.96,67.48,0.62,202.44,158.88,76.93,-81.95,-106.53,Spring,2.0,Tier 3: Dead Stock
ORD-12348,2023-02-20,Apparel,Shirts,East,On-Time,37,1,143.67,280.19,0.0,280.19,143.67,280.19,136.52,48.72,Winter,1.0,Tier 1: Fast Mover
ORD-12349,2023-02-28,Furniture,Chairs,North,Delayed - Customs,148,2,398.21,459.93,0.48,919.86,796.42,478.33,-318.09,-66.5,Winter,0.0,Tier 2: Warning
ORD-12350,2023-04-11,Electronics,Computers,East,Delayed - Customs,86,5,225.11,257.42,0.63,1287.1,1125.55,476.23,-649.32,-136.35,Spring,2.0,Tier 3: Dead Stock
ORD-12351,2023-02-23,Apparel,Footwear,South,On-Time,26,1,228.98,380.51,0.05,380.51,228.98,361.48,132.5,36.66,Winter,1.0,Tier 1: Fast Mover
ORD-12352,2023-05-03,Apparel,Pants,East,On-Time,30,1,378.82,872.91,0.05,872.91,378.82,829.26,450.44,54.32,Spring,1.0,Tier 1: Fast Mover
ORD-12353,2023-03-29,Furniture,Tables,West,Delayed - Transit,96,2,196.82,214.14,0.36,428.28,393.64,274.1,-119.54,-43.61,Spring,0.0,Tier 2: Warning
ORD-12354,2023-10-06,Apparel,Pants,North,On-Time,21,1,197.96,386.52,0.05,386.52,197.96,367.19,169.23,46.09,Fall,1.0,Tier 1: Fast Mover
ORD-12355,2023-07-23,Furniture,Chairs,West,On-Time,121,2,85.55,105.64,0.5,211.28,171.1,105.64,-65.46,-61.97,Summer,0.0,Tier 2: Warning
ORD-12356,2023-05-07,Furniture,Chairs,North,Delayed - Customs,69,2,295.42,351.67,0.0,703.34,590.84,703.34,112.5,16.0,Spring,1.0,Tier 1: Fast Mover
ORD-12357,2023-12-17,Apparel,Footwear,East,On-Time,25,4,375.27,701.48,0.05,2805.92,1501.08,2665.62,1164.54,43.69,Winter,1.0,Tier 1: Fast Mover
ORD-12358,2023-04-21,Electronics,Accessories,North,On-Time,14,2,39.79,95.0,0.05,190.0,79.58,180.5,100.92,55.91,Spring,1.0,Tier 1: Fast Mover
ORD-12359,2023-10-05,Electronics,Audio,North,On-Time,25,4,142.41,321.06,0.0,1284.24,569.64,1284.24,714.6,55.64,Fall,1.0,Tier 1: Fast Mover
ORD-12360,2023-10-08,Apparel,Footwear,West,On-Time,32,1,249.2,502.29,0.0,502.29,249.2,502.29,253.09,50.39,Fall,1.0,Tier 1: Fast Mover
ORD-12361,2023-12-11,Apparel,Footwear,South,On-Time,44,1,67.96,122.67,0.0,122.67,67.96,122.67,54.71,44.6,Winter,1.0,Tier 1: Fast Mover
ORD-12362,2023-08-24,Apparel,Shirts,North,Delayed - Customs,132,1,353.0,378.03,0.38,378.03,353.0,234.38,-118.62,-50.61,Summer,0.0,Tier 2: Warning
ORD-12363,2023-11-30,Apparel,Pants,West,On-Time,19,2,141.74,237.47,0.05,474.94,283.48,451.19,167.71,37.17,Fall,1.0,Tier 1: Fast Mover
ORD-12364,2023-01-10,Apparel,Footwear,South,Delayed - Transit,108,1,16.32,21.32,0.63,21.32,16.32,7.89,-8.43,-106.89,Winter,2.0,Tier 3: Dead Stock
ORD-12365,2023-12-31,Furniture,Tables,South,On-Time,101,1,183.02,245.86,0.41,245.86,183.02,145.06,-37.96,-26.17,Winter,0.0,Tier 2: Warning
ORD-12366,2023-09-05,Electronics,Computers,East,On-Time,24,3,310.81,521.97,0.0,1565.91,932.43,1565.91,633.48,40.45,Fall,1.0,Tier 1: Fast Mover
ORD-12367,2023-08-18,Electronics,Computers,West,On-Time,37,2,96.92,219.09,0.0,438.18,193.84,438.18,244.34,55.76,Summer,1.0,Tier 1: Fast Mover
ORD-12368,2023-06-09,Apparel,Footwear,West,On-Time,33,5,192.74,336.82,0.05,1684.1,963.7,1599.9,636.2,39.76,Summer,1.0,Tier 1: Fast Mover
ORD-12369,2023-09-27,Apparel,Pants,South,Delayed - Transit,70,1,77.39,84.36,0.0,84.36,77.39,84.36,6.97,8.26,Fall,1.0,Tier 1: Fast Mover
ORD-12370,2023-10-25,Furniture,Chairs,West,On-Time,119,3,89.52,100.16,0.45,300.48,268.56,165.26,-103.3,-62.5,Fall,0.0,Tier 2: Warning
ORD-12371,2023-07-17,Furniture,Uncategorized,North,Delayed - Transit,123,1,231.74,244.57,0.54,244.57,231.74,112.5,-119.24,-105.99,Summer,2.0,Tier 3: Dead Stock
ORD-12372,2023-06-08,Apparel,Pants,East,Delayed - Customs,129,3,134.69,147.93,0.4,443.79,404.07,266.27,-137.8,-51.75,Summer,0.0,Tier 2: Warning
ORD-12373,2023-04-03,Electronics,Audio,South,Delayed - Customs,102,4,227.38,277.12,0.47,1108.48,909.52,587.49,-322.03,-54.81,Spring,0.0,Tier 2: Warning
ORD-12374,2023-06-21,Apparel,Pants,East,On-Time,49,5,59.4,123.9,0.0,619.5,297.0,619.5,322.5,52.06,Summer,1.0,Tier 1: Fast Mover
ORD-12375,2023-10-10,Furniture,Tables,East,Delayed - Transit,119,1,82.74,96.7,0.55,96.7,82.74,43.52,-39.23,-90.14,Fall,2.0,Tier 3: Dead Stock
ORD-12376,2023-01-07,Apparel,Footwear,East,Delayed - Customs,132,2,265.73,312.78,0.36,625.56,531.46,400.36,-131.1,-32.75,Winter,0.0,Tier 2: Warning
ORD-12377,2023-10-31,Electronics,Computers,North,On-Time,25,4,373.76,832.58,0.0,3330.32,1495.04,3330.32,1835.28,55.11,Fall,1.0,Tier 1: Fast Mover
ORD-12378,2023-01-30,Electronics,Uncategorized,North,On-Time,54,3,61.04,114.55,0.05,343.65,183.12,326.47,143.35,43.91,Winter,1.0,Tier 1: Fast Mover
ORD-12379,2023-12-30,Electronics,Accessories,South,Delayed - Transit,96,4,113.09,141.79,0.39,567.16,452.36,345.97,-106.39,-30.75,Winter,0.0,Tier 2: Warning
ORD-12380,2023-11-16,Furniture,Desks,South,Delayed - Customs,117,5,102.6,108.53,0.54,542.65,513.0,249.62,-263.38,-105.51,Fall,2.0,Tier 3: Dead Stock
ORD-12381,2023-11-01,Electronics,Computers,South,On-Time,32,5,67.37,143.12,0.0,715.6,336.85,715.6,378.75,52.93,Fall,1.0,Tier 1: Fast Mover
ORD-12382,2023-11-07,Apparel,Shirts,East,On-Time,40,1,395.16,681.61,0.0,681.61,395.16,681.61,286.45,42.03,Fall,1.0,Tier 1: Fast Mover
ORD-12383,2023-06-24,Apparel,Pants,South,On-Time,3,2,118.22,236.72,0.0,473.44,236.44,473.44,237.0,50.06,Summer,1.0,Tier 1: Fast Mover
ORD-12384,2023-08-23,Electronics,Accessories,West,Delayed - Transit,134,2,311.51,378.59,0.52,757.18,623.02,363.45,-259.57,-71.42,Summer,0.0,Tier 2: Warning
ORD-12385,2023-07-13,Electronics,Computers,East,Delayed - Transit,113,3,137.53,169.12,0.47,507.36,412.59,268.9,-143.69,-53.44,Summer,0.0,Tier 2: Warning
ORD-12386,2023-06-11,Apparel,Footwear,South,On-Time,32,2,78.18,155.08,0.05,310.16,156.36,294.65,138.29,46.93,Summer,1.0,Tier 1: Fast Mover
ORD-12387,2023-11-03,Electronics,Audio,West,On-Time,22,5,340.68,581.89,0.0,2909.45,1703.4,2909.45,1206.05,41.45,Fall,1.0,Tier 1: Fast Mover
ORD-12388,2023-11-09,Electronics,Computers,East,On-Time,15,5,283.77,589.62,0.0,2948.1,1418.85,2948.1,1529.25,51.87,Fall,1.0,Tier 1: Fast Mover
ORD-12389,2023-12-10,Furniture,Chairs,North,On-Time,85,1,191.6,218.87,0.05,218.87,191.6,207.93,16.33,7.85,Winter,1.0,Tier 1: Fast Mover
ORD-12390,2023-11-15,Apparel,Pants,South,Delayed - Transit,132,4,270.71,352.7,0.42,1410.8,1082.84,818.26,-264.58,-32.33,Fall,0.0,Tier 2: Warning
ORD-12391,2023-05-24,Furniture,Chairs,East,On-Time,130,5,296.25,362.08,0.64,1810.4,1481.25,651.74,-829.51,-127.27,Spring,2.0,Tier 3: Dead Stock
ORD-12392,2023-05-03,Apparel,Pants,North,Delayed - Transit,130,3,80.15,98.02,0.62,294.06,240.45,111.74,-128.71,-115.18,Spring,2.0,Tier 3: Dead Stock
ORD-12393,2023-03-15,Apparel,Pants,West,On-Time,28,4,363.33,842.23,0.0,3368.92,1453.32,3368.92,1915.6,56.86,Spring,1.0,Tier 1: Fast Mover
ORD-12394,2023-07-27,Electronics,Computers,South,On-Time,19,2,135.38,224.95,0.05,449.9,270.76,427.41,156.65,36.65,Summer,1.0,Tier 1: Fast Mover
ORD-12395,2023-07-09,Furniture,Chairs,East,On-Time,142,4,257.43,271.99,0.54,1087.96,1029.72,500.46,-529.26,-105.75,Summer,2.0,Tier 3: Dead Stock
ORD-12396,2023-05-01,Apparel,Shirts,East,On-Time,18,5,195.88,448.15,0.0,2240.75,979.4,2240.75,1261.35,56.29,Spring,1.0,Tier 1: Fast Mover
ORD-12397,2023-01-29,Furniture,Desks,North,On-Time,128,3,114.03,132.33,0.53,396.99,342.09,186.59,-155.5,-83.34,Winter,2.0,Tier 3: Dead Stock
ORD-12398,2023-04-16,Electronics,Audio,North,On-Time,37,3,230.46,462.42,0.05,1387.26,691.38,1317.9,626.52,47.54,Spring,1.0,Tier 1: Fast Mover
ORD-12399,2023-02-27,Apparel,Shirts,South,On-Time,18,1,197.48,419.86,0.0,419.86,197.48,419.86,222.38,52.97,Winter,1.0,Tier 1: Fast Mover
ORD-12400,2023-01-30,Apparel,Footwear,West,On-Time,20,2,157.75,278.54,0.05,557.08,315.5,529.23,213.73,40.38,Winter,1.0,Tier 1: Fast Mover
ORD-12401,2023-10-22,Furniture,Chairs,East,On-Time,105,5,252.27,273.59,0.59,1367.95,1261.35,560.86,-700.49,-124.9,Fall,2.0,Tier 3: Dead Stock
ORD-12402,2023-05-17,Furniture,Desks,West,Delayed - Transit,148,2,391.43,513.44,0.47,1026.88,782.86,544.25,-238.61,-43.84,Spring,0.0,Tier 2: Warning
ORD-12403,2023-07-06,Furniture,Desks,West,On-Time,150,3,339.04,413.76,0.48,1241.28,1017.12,645.47,-371.65,-57.58,Summer,0.0,Tier 2: Warning
ORD-12404,2023-09-15,Apparel,Footwear,West,Delayed - Customs,127,4,90.97,101.82,0.41,407.28,363.88,240.3,-123.58,-51.43,Fall,0.0,Tier 2: Warning
ORD-12405,2023-09-17,Furniture,Desks,West,On-Time,146,1,95.29,124.62,0.53,124.62,95.29,58.57,-36.72,-62.69,Fall,0.0,Tier 2: Warning
ORD-12406,2023-05-14,Furniture,Tables,South,On-Time,104,3,365.86,439.05,0.37,1317.15,1097.58,829.8,-267.78,-32.27,Spring,0.0,Tier 2: Warning
ORD-12407,2023-01-14,Apparel,Shirts,South,On-Time,38,2,248.34,520.32,0.0,1040.64,496.68,1040.64,543.96,52.27,Winter,1.0,Tier 1: Fast Mover
ORD-12408,2023-11-11,Furniture,Tables,West,Delayed - Customs,90,3,48.21,58.05,0.57,174.15,144.63,74.88,-69.75,-93.14,Fall,2.0,Tier 3: Dead Stock
ORD-12409,2023-01-19,Electronics,Accessories,East,On-Time,32,1,126.79,245.53,0.0,245.53,126.79,245.53,118.74,48.36,Winter,1.0,Tier 1: Fast Mover
ORD-12410,2023-01-02,Electronics,Accessories,South,On-Time,39,1,272.75,461.22,0.05,461.22,272.75,438.16,165.41,37.75,Winter,1.0,Tier 1: Fast Mover
ORD-12411,2023-04-07,Electronics,Accessories,North,On-Time,21,3,143.41,262.91,0.0,788.73,430.23,788.73,358.5,45.45,Spring,1.0,Tier 1: Fast Mover
ORD-12412,2023-12-14,Apparel,Shirts,South,On-Time,39,4,32.04,76.1,0.0,304.4,128.16,304.4,176.24,57.9,Winter,1.0,Tier 1: Fast Mover
ORD-12413,2023-10-08,Electronics,Computers,North,On-Time,37,3,198.82,442.34,0.0,1327.02,596.46,1327.02,730.56,55.05,Fall,1.0,Tier 1: Fast Mover
ORD-12414,2023-02-12,Furniture,Tables,South,On-Time,139,1,70.76,85.13,0.53,85.13,70.76,40.01,-30.75,-76.85,Winter,0.0,Tier 2: Warning
ORD-12415,2023-06-17,Electronics,Computers,South,Delayed - Transit,78,5,66.17,81.09,0.05,405.45,330.85,385.18,54.33,14.1,Summer,1.0,Tier 1: Fast Mover
ORD-12416,2023-02-06,Apparel,Shirts,West,On-Time,4,3,193.04,386.58,0.0,1159.74,579.12,1159.74,580.62,50.06,Winter,1.0,Tier 1: Fast Mover
ORD-12417,2023-06-11,Furniture,Chairs,South,Delayed - Transit,126,1,369.05,442.71,0.41,442.71,369.05,261.2,-107.85,-41.29,Summer,0.0,Tier 2: Warning
ORD-12418,2023-10-21,Electronics,Computers,North,On-Time,53,4,159.51,267.56,0.0,1070.24,638.04,1070.24,432.2,40.38,Fall,1.0,Tier 1: Fast Mover
ORD-12419,2023-06-09,Electronics,Accessories,North,On-Time,20,1,212.81,471.3,0.05,471.3,212.81,447.74,234.93,52.47,Summer,1.0,Tier 1: Fast Mover
ORD-12420,2023-10-28,Electronics,Computers,South,On-Time,46,4,258.27,420.41,0.0,1681.64,1033.08,1681.64,648.56,38.57,Fall,1.0,Tier 1: Fast Mover
ORD-12421,2023-01-14,Apparel,Shirts,South,On-Time,16,3,376.03,899.49,0.05,2698.47,1128.09,2563.55,1435.46,55.99,Winter,1.0,Tier 1: Fast Mover
ORD-12422,2023-09-17,Apparel,Pants,South,On-Time,37,3,69.64,135.13,0.0,405.39,208.92,405.39,196.47,48.46,Fall,1.0,Tier 1: Fast Mover
ORD-12423,2023-07-10,Electronics,Audio,North,On-Time,34,3,391.71,818.3,0.05,2454.9,1175.13,2332.16,1157.03,49.61,Summer,1.0,Tier 1: Fast Mover
ORD-12424,2023-10-10,Furniture,Tables,East,On-Time,156,4,84.29,93.98,0.4,375.92,337.16,225.55,-111.61,-49.48,Fall,0.0,Tier 2: Warning
ORD-12425,2023-03-31,Electronics,Computers,North,On-Time,27,3,248.7,584.32,0.05,1752.96,746.1,1665.31,919.21,55.2,Spring,1.0,Tier 1: Fast Mover
ORD-12426,2023-10-12,Apparel,Footwear,East,On-Time,41,1,101.05,164.2,0.05,164.2,101.05,155.99,54.94,35.22,Fall,1.0,Tier 1: Fast Mover
ORD-12427,2023-09-26,Electronics,Accessories,East,On-Time,27,5,317.5,637.52,0.0,3187.6,1587.5,3187.6,1600.1,50.2,Fall,1.0,Tier 1: Fast Mover
ORD-12428,2023-01-30,Apparel,Pants,East,On-Time,40,1,171.84,409.12,0.0,409.12,171.84,409.12,237.28,58.0,Winter,1.0,Tier 1: Fast Mover
ORD-12429,2023-06-02,Electronics,Audio,East,On-Time,21,2,161.67,310.64,0.0,621.28,323.34,621.28,297.94,47.96,Summer,1.0,Tier 1: Fast Mover
ORD-12430,2023-06-09,Apparel,Footwear,South,Delayed - Transit,99,1,235.15,307.18,0.55,307.18,235.15,138.23,-96.92,-70.11,Summer,0.0,Tier 2: Warning
ORD-12431,2023-03-20,Apparel,Footwear,East,On-Time,32,1,161.7,320.84,0.0,320.84,161.7,320.84,159.14,49.6,Spring,1.0,Tier 1: Fast Mover
ORD-12432,2023-08-10,Electronics,Accessories,South,On-Time,29,4,146.2,303.22,0.0,1212.88,584.8,1212.88,628.08,51.78,Summer,1.0,Tier 1: Fast Mover
ORD-12433,2023-04-02,Apparel,Footwear,West,On-Time,2,3,291.0,560.02,0.05,1680.06,873.0,1596.06,723.06,45.3,Spring,1.0,Tier 1: Fast Mover
ORD-12434,2023-03-24,Electronics,Audio,West,On-Time,50,2,303.17,517.61,0.0,1035.22,606.34,1035.22,428.88,41.43,Spring,1.0,Tier 1: Fast Mover
ORD-12435,2023-03-10,Electronics,Accessories,East,On-Time,39,4,283.87,581.62,0.0,2326.48,1135.48,2326.48,1191.0,51.19,Spring,1.0,Tier 1: Fast Mover
ORD-12436,2023-03-28,Apparel,Pants,East,On-Time,34,2,95.78,179.37,0.0,358.74,191.56,358.74,167.18,46.6,Spring,1.0,Tier 1: Fast Mover
ORD-12437,2023-07-22,Apparel,Footwear,East,Delayed - Transit,122,5,244.65,316.0,0.46,1580.0,1223.25,853.2,-370.05,-43.37,Summer,0.0,Tier 2: Warning
ORD-12438,2023-09-06,Electronics,Audio,East,Delayed - Customs,121,3,372.44,407.9,0.61,1223.7,1117.32,477.24,-640.08,-134.12,Fall,2.0,Tier 3: Dead Stock
ORD-12439,2023-10-26,Electronics,Accessories,North,On-Time,16,1,16.8,38.43,0.0,38.43,16.8,38.43,21.63,56.28,Fall,1.0,Tier 1: Fast Mover
ORD-12440,2023-03-02,Electronics,Computers,West,Delayed - Transit,107,2,93.9,125.83,0.42,251.66,187.8,145.96,-41.84,-28.66,Spring,0.0,Tier 2: Warning
ORD-12441,2023-09-13,Apparel,Pants,North,On-Time,30,2,51.68,109.13,0.05,218.26,103.36,207.35,103.99,50.15,Fall,1.0,Tier 1: Fast Mover
ORD-12442,2023-06-19,Apparel,Pants,East,On-Time,29,2,278.2,628.47,0.05,1256.94,556.4,1194.09,637.69,53.4,Summer,1.0,Tier 1: Fast Mover
ORD-12443,2023-01-12,Apparel,Pants,West,Delayed - Customs,66,2,253.19,340.11,0.05,680.22,506.38,646.21,139.83,21.64,Winter,1.0,Tier 1: Fast Mover
ORD-12444,2023-08-19,Furniture,Tables,East,On-Time,115,2,228.59,241.88,0.39,483.76,457.18,295.09,-162.09,-54.93,Summer,0.0,Tier 2: Warning
ORD-12445,2023-01-19,Furniture,Tables,North,On-Time,119,3,293.03,353.38,0.44,1060.14,879.09,593.68,-285.41,-48.08,Winter,0.0,Tier 2: Warning
ORD-12446,2023-11-23,Electronics,Accessories,West,On-Time,27,2,108.76,228.2,0.05,456.4,217.52,433.58,216.06,49.83,Fall,1.0,Tier 1: Fast Mover
ORD-12447,2023-09-28,Furniture,Tables,East,On-Time,140,5,231.93,250.49,0.6,1252.45,1159.65,500.98,-658.67,-131.48,Fall,2.0,Tier 3: Dead Stock
ORD-12448,2023-12-08,Furniture,Tables,North,On-Time,89,2,168.9,208.61,0.5,417.22,337.8,208.61,-129.19,-61.93,Winter,0.0,Tier 2: Warning
ORD-12449,2023-06-27,Electronics,Accessories,West,On-Time,23,4,33.47,77.56,0.0,310.24,133.88,310.24,176.36,56.85,Summer,1.0,Tier 1: Fast Mover
ORD-12450,2023-10-11,Furniture,Chairs,East,On-Time,137,5,332.3,396.92,0.37,1984.6,1661.5,1250.3,-411.2,-32.89,Fall,0.0,Tier 2: Warning
ORD-12451,2023-12-21,Furniture,Chairs,East,Delayed - Customs,150,3,350.68,369.17,0.49,1107.51,1052.04,564.83,-487.21,-86.26,Winter,2.0,Tier 3: Dead Stock
ORD-12452,2023-08-01,Furniture,Tables,South,On-Time,63,1,278.62,313.43,0.0,313.43,278.62,313.43,34.81,11.11,Summer,1.0,Tier 1: Fast Mover
ORD-12453,2023-05-29,Furniture,Tables,South,On-Time,126,4,354.4,431.93,0.53,1727.72,1417.6,812.03,-605.57,-74.58,Spring,0.0,Tier 2: Warning
ORD-12454,2023-06-16,Apparel,Shirts,North,On-Time,57,1,205.16,394.16,0.05,394.16,205.16,374.45,169.29,45.21,Summer,1.0,Tier 1: Fast Mover
ORD-12455,2023-11-21,Electronics,Audio,West,On-Time,9,2,127.62,297.62,0.05,595.24,255.24,565.48,310.24,54.86,Fall,1.0,Tier 1: Fast Mover
ORD-12456,2023-04-14,Apparel,Shirts,South,Delayed - Customs,82,5,316.14,332.32,0.05,1661.6,1580.7,1578.52,-2.18,-0.14,Spring,0.0,Tier 2: Warning
ORD-12457,2023-01-21,Electronics,Audio,North,Delayed - Transit,80,4,220.26,270.33,0.05,1081.32,881.04,1027.25,146.21,14.23,Winter,1.0,Tier 1: Fast Mover
ORD-12458,2023-04-25,Electronics,Computers,West,Delayed - Transit,107,5,227.91,267.62,0.51,1338.1,1139.55,655.67,-483.88,-73.8,Spring,0.0,Tier 2: Warning
ORD-12459,2023-02-23,Furniture,Chairs,South,On-Time,49,1,218.4,244.35,0.0,244.35,218.4,244.35,25.95,10.62,Winter,1.0,Tier 1: Fast Mover
ORD-12460,2023-09-10,Apparel,Footwear,North,On-Time,29,4,343.23,554.94,0.0,2219.76,1372.92,2219.76,846.84,38.15,Fall,1.0,Tier 1: Fast Mover
ORD-12461,2023-04-16,Furniture,Desks,East,On-Time,95,5,125.52,168.24,0.41,841.2,627.6,496.31,-131.29,-26.45,Spring,0.0,Tier 2: Warning
ORD-12462,2023-08-06,Apparel,Pants,South,On-Time,11,2,179.23,341.19,0.05,682.38,358.46,648.26,289.8,44.7,Summer,1.0,Tier 1: Fast Mover
ORD-12463,2023-07-03,Apparel,Pants,West,Delayed - Customs,115,4,294.57,332.52,0.44,1330.08,1178.28,744.84,-433.44,-58.19,Summer,0.0,Tier 2: Warning
ORD-12464,2023-10-22,Apparel,Pants,North,Delayed - Transit,99,4,257.46,335.12,0.35,1340.48,1029.84,871.31,-158.53,-18.19,Fall,0.0,Tier 2: Warning
ORD-12465,2023-04-17,Apparel,Pants,East,On-Time,17,5,273.28,611.15,0.05,3055.75,1366.4,2902.96,1536.56,52.93,Spring,1.0,Tier 1: Fast Mover
ORD-12466,2023-03-16,Furniture,Tables,West,Delayed - Transit,101,1,22.66,27.86,0.5,27.86,22.66,13.93,-8.73,-62.67,Spring,0.0,Tier 2: Warning
ORD-12467,2023-12-13,Apparel,Pants,North,Delayed - Customs,142,1,51.19,67.52,0.37,67.52,51.19,42.54,-8.65,-20.34,Winter,0.0,Tier 2: Warning
ORD-12468,2023-03-10,Apparel,Footwear,North,On-Time,40,3,141.38,333.65,0.0,1000.95,424.14,1000.95,576.81,57.63,Spring,1.0,Tier 1: Fast Mover
ORD-12469,2023-04-13,Apparel,Footwear,East,On-Time,37,3,92.2,183.28,0.05,549.84,276.6,522.35,245.75,47.05,Spring,1.0,Tier 1: Fast Mover
ORD-12470,2023-11-08,Furniture,Chairs,West,Delayed - Transit,109,1,99.91,133.11,0.4,133.11,99.91,79.87,-20.04,-25.1,Fall,0.0,Tier 2: Warning
ORD-12471,2023-01-12,Apparel,Footwear,North,On-Time,20,4,56.9,131.95,0.0,527.8,227.6,527.8,300.2,56.88,Winter,1.0,Tier 1: Fast Mover
ORD-12472,2023-07-29,Apparel,Footwear,South,On-Time,34,5,261.95,548.76,0.0,2743.8,1309.75,2743.8,1434.05,52.27,Summer,1.0,Tier 1: Fast Mover
ORD-12473,2023-06-11,Furniture,Tables,North,On-Time,146,2,18.41,24.73,0.61,49.46,36.82,19.29,-17.53,-90.88,Summer,2.0,Tier 3: Dead Stock
ORD-12474,2023-09-29,Apparel,Footwear,West,On-Time,43,2,106.31,252.72,0.0,505.44,212.62,505.44,292.82,57.93,Fall,1.0,Tier 1: Fast Mover
ORD-12475,2023-06-01,Apparel,Pants,West,On-Time,20,1,306.94,504.63,0.0,504.63,306.94,504.63,197.69,39.18,Summer,1.0,Tier 1: Fast Mover
ORD-12476,2023-02-25,Electronics,Computers,West,On-Time,21,2,147.46,349.98,0.05,699.96,294.92,664.96,370.04,55.65,Winter,1.0,Tier 1: Fast Mover
ORD-12477,2023-06-24,Apparel,Shirts,North,On-Time,30,1,196.78,385.81,0.0,385.81,196.78,385.81,189.03,49.0,Summer,1.0,Tier 1: Fast Mover
ORD-12478,2023-03-15,Furniture,Tables,North,On-Time,152,1,213.38,262.49,0.46,262.49,213.38,141.74,-71.64,-50.54,Spring,0.0,Tier 2: Warning
ORD-12479,2023-12-11,Electronics,Computers,South,On-Time,33,2,288.4,681.51,0.0,1363.02,576.8,1363.02,786.22,57.68,Winter,1.0,Tier 1: Fast Mover
ORD-12480,2023-04-17,Electronics,Computers,North,On-Time,16,1,177.89,342.87,0.0,342.87,177.89,342.87,164.98,48.12,Spring,1.0,Tier 1: Fast Mover
ORD-12481,2023-10-11,Apparel,Footwear,North,On-Time,25,4,310.8,613.87,0.0,2455.48,1243.2,2455.48,1212.28,49.37,Fall,1.0,Tier 1: Fast Mover
ORD-12482,2023-06-12,Furniture,Desks,South,On-Time,136,5,66.35,77.19,0.43,385.95,331.75,219.99,-111.76,-50.8,Summer,0.0,Tier 2: Warning
ORD-12483,2023-04-17,Electronics,Accessories,South,On-Time,34,3,197.51,412.36,0.0,1237.08,592.53,1237.08,644.55,52.1,Spring,1.0,Tier 1: Fast Mover
ORD-12484,2023-08-03,Electronics,Accessories,East,On-Time,24,2,93.9,177.84,0.05,355.68,187.8,337.9,150.1,44.42,Summer,1.0,Tier 1: Fast Mover
ORD-12485,2023-05-11,Apparel,Footwear,South,On-Time,20,4,192.64,430.53,0.0,1722.12,770.56,1722.12,951.56,55.26,Spring,1.0,Tier 1: Fast Mover
ORD-12486,2023-09-26,Apparel,Footwear,East,On-Time,39,3,398.44,936.85,0.05,2810.55,1195.32,2670.02,1474.7,55.23,Fall,1.0,Tier 1: Fast Mover
ORD-12487,2023-09-10,Electronics,Computers,East,On-Time,9,5,111.42,210.37,0.05,1051.85,557.1,999.26,442.16,44.25,Fall,1.0,Tier 1: Fast Mover
ORD-12488,2023-04-07,Electronics,Audio,South,On-Time,36,1,80.87,170.0,0.0,170.0,80.87,170.0,89.13,52.43,Spring,1.0,Tier 1: Fast Mover
ORD-12489,2023-02-26,Furniture,Desks,South,On-Time,130,4,162.01,212.71,0.57,850.84,648.04,365.86,-282.18,-77.13,Winter,0.0,Tier 2: Warning
ORD-12490,2023-01-29,Electronics,Uncategorized,South,On-Time,33,2,76.77,124.55,0.0,249.1,153.54,249.1,95.56,38.36,Winter,1.0,Tier 1: Fast Mover
ORD-12491,2023-11-21,Electronics,Computers,South,On-Time,17,3,162.62,279.56,0.0,838.68,487.86,838.68,350.82,41.83,Fall,1.0,Tier 1: Fast Mover
ORD-12492,2023-05-29,Apparel,Shirts,South,Delayed - Transit,118,3,343.45,362.4,0.47,1087.2,1030.35,576.22,-454.13,-78.81,Spring,2.0,Tier 3: Dead Stock
ORD-12493,2023-01-17,Furniture,Chairs,East,On-Time,112,5,395.41,477.11,0.56,2385.55,1977.05,1049.64,-927.41,-88.35,Winter,2.0,Tier 3: Dead Stock
ORD-12494,2023-10-31,Electronics,Uncategorized,North,Delayed - Customs,127,3,157.42,203.17,0.54,609.51,472.26,280.37,-191.89,-68.44,Fall,0.0,Tier 2: Warning
ORD-12495,2023-01-23,Apparel,Footwear,West,Delayed - Transit,82,4,79.78,84.31,0.0,337.24,319.12,337.24,18.12,5.37,Winter,1.0,Tier 1: Fast Mover
ORD-12496,2023-01-26,Electronics,Accessories,East,On-Time,18,2,58.91,98.21,0.05,196.42,117.82,186.6,68.78,36.86,Winter,1.0,Tier 1: Fast Mover
ORD-12497,2023-06-23,Furniture,Chairs,East,On-Time,138,1,363.99,382.96,0.43,382.96,363.99,218.29,-145.7,-66.75,Summer,0.0,Tier 2: Warning
ORD-12498,2023-10-26,Furniture,Chairs,South,On-Time,110,3,237.71,280.08,0.5,840.24,713.13,420.12,-293.01,-69.74,Fall,0.0,Tier 2: Warning
ORD-12499,2023-09-12,Electronics,Accessories,South,On-Time,21,1,262.41,557.6,0.05,557.6,262.41,529.72,267.31,50.46,Fall,1.0,Tier 1: Fast Mover
ORD-12500,2023-12-03,Electronics,Audio,South,Delayed - Transit,144,1,258.23,295.5,0.43,295.5,258.23,168.44,-89.8,-53.31,Winter,0.0,Tier 2: Warning
ORD-12501,2023-03-14,Electronics,Accessories,East,On-Time,23,2,272.57,628.22,0.05,1256.44,545.14,1193.62,648.48,54.33,Spring,1.0,Tier 1: Fast Mover
ORD-12502,2023-06-20,Electronics,Accessories,West,On-Time,19,5,30.44,73.02,0.0,365.1,152.2,365.1,212.9,58.31,Summer,1.0,Tier 1: Fast Mover
ORD-12503,2023-02-02,Apparel,Footwear,West,On-Time,43,2,125.49,276.75,0.0,553.5,250.98,553.5,302.52,54.66,Winter,1.0,Tier 1: Fast Mover
ORD-12504,2023-08-06,Electronics,Audio,East,On-Time,18,2,47.8,112.08,0.0,224.16,95.6,224.16,128.56,57.35,Summer,1.0,Tier 1: Fast Mover
ORD-12505,2023-07-18,Apparel,Pants,North,Delayed - Customs,153,1,245.81,330.47,0.46,330.47,245.81,178.45,-67.36,-37.74,Summer,0.0,Tier 2: Warning
ORD-12506,2023-11-15,Furniture,Desks,East,On-Time,90,1,90.05,98.1,0.36,98.1,90.05,62.78,-27.27,-43.43,Fall,0.0,Tier 2: Warning
ORD-12507,2023-03-09,Apparel,Footwear,West,On-Time,21,1,188.36,417.74,0.0,417.74,188.36,417.74,229.38,54.91,Spring,1.0,Tier 1: Fast Mover
ORD-12508,2023-11-01,Electronics,Accessories,East,On-Time,39,1,349.27,745.14,0.05,745.14,349.27,707.88,358.61,50.66,Fall,1.0,Tier 1: Fast Mover
ORD-12509,2023-11-02,Furniture,Tables,South,On-Time,138,1,358.35,413.77,0.52,413.77,358.35,198.61,-159.74,-80.43,Fall,2.0,Tier 3: Dead Stock
ORD-12510,2023-05-12,Furniture,Desks,North,On-Time,134,1,232.49,245.11,0.56,245.11,232.49,107.85,-124.64,-115.57,Spring,2.0,Tier 3: Dead Stock
ORD-12511,2023-05-19,Apparel,Footwear,North,On-Time,19,1,123.99,218.86,0.0,218.86,123.99,218.86,94.87,43.35,Spring,1.0,Tier 1: Fast Mover
ORD-12512,2023-02-08,Electronics,Audio,North,On-Time,44,3,326.27,567.53,0.0,1702.59,978.81,1702.59,723.78,42.51,Winter,1.0,Tier 1: Fast Mover
ORD-12513,2023-09-23,Furniture,Chairs,South,On-Time,99,2,331.85,364.71,0.49,729.42,663.7,372.0,-291.7,-78.41,Fall,0.0,Tier 2: Warning
ORD-12514,2023-05-13,Electronics,Computers,West,On-Time,36,4,121.69,195.85,0.05,783.4,486.76,744.23,257.47,34.6,Spring,1.0,Tier 1: Fast Mover
ORD-12515,2023-06-12,Electronics,Audio,West,On-Time,30,3,112.84,254.9,0.05,764.7,338.52,726.47,387.95,53.4,Summer,1.0,Tier 1: Fast Mover
ORD-12516,2023-10-20,Apparel,Footwear,North,On-Time,43,2,263.06,476.77,0.0,953.54,526.12,953.54,427.42,44.82,Fall,1.0,Tier 1: Fast Mover
ORD-12517,2023-09-29,Electronics,Computers,East,On-Time,37,2,38.02,81.94,0.05,163.88,76.04,155.69,79.65,51.16,Fall,1.0,Tier 1: Fast Mover
ORD-12518,2023-07-21,Electronics,Computers,East,On-Time,27,1,231.38,464.72,0.05,464.72,231.38,441.48,210.1,47.59,Summer,1.0,Tier 1: Fast Mover
ORD-12519,2023-07-16,Electronics,Audio,South,On-Time,32,5,350.83,606.6,0.0,3033.0,1754.15,3033.0,1278.85,42.16,Summer,1.0,Tier 1: Fast Mover
ORD-12520,2023-01-03,Furniture,Tables,North,On-Time,146,2,89.77,114.38,0.48,228.76,179.54,118.96,-60.58,-50.93,Winter,0.0,Tier 2: Warning
ORD-12521,2023-01-06,Electronics,Computers,West,On-Time,34,5,18.85,39.46,0.0,197.3,94.25,197.3,103.05,52.23,Winter,1.0,Tier 1: Fast Mover
ORD-12522,2023-05-30,Electronics,Computers,East,Delayed - Transit,127,5,295.37,337.69,0.39,1688.45,1476.85,1029.95,-446.9,-43.39,Spring,0.0,Tier 2: Warning
ORD-12523,2023-04-19,Furniture,Chairs,East,On-Time,159,5,303.05,370.96,0.49,1854.8,1515.25,945.95,-569.3,-60.18,Spring,0.0,Tier 2: Warning
ORD-12524,2023-04-07,Furniture,Desks,East,On-Time,79,4,397.27,493.9,0.0,1975.6,1589.08,1975.6,386.52,19.56,Spring,1.0,Tier 1: Fast Mover
ORD-12525,2023-07-12,Apparel,Shirts,North,On-Time,19,2,166.25,364.04,0.0,728.08,332.5,728.08,395.58,54.33,Summer,1.0,Tier 1: Fast Mover
ORD-12526,2023-04-01,Electronics,Computers,West,On-Time,27,3,250.01,561.0,0.05,1683.0,750.03,1598.85,848.82,53.09,Spring,1.0,Tier 1: Fast Mover
ORD-12527,2023-04-27,Electronics,Computers,East,On-Time,44,5,234.59,411.42,0.05,2057.1,1172.95,1954.25,781.3,39.98,Spring,1.0,Tier 1: Fast Mover
ORD-12528,2023-03-11,Furniture,Tables,East,On-Time,78,1,119.73,154.87,0.0,154.87,119.73,154.87,35.14,22.69,Spring,1.0,Tier 1: Fast Mover
ORD-12529,2023-05-13,Electronics,Accessories,South,Delayed - Customs,97,2,327.61,398.06,0.57,796.12,655.22,342.33,-312.89,-91.4,Spring,2.0,Tier 3: Dead Stock
ORD-12530,2023-07-29,Furniture,Tables,East,On-Time,86,2,308.17,354.88,0.38,709.76,616.34,440.05,-176.29,-40.06,Summer,0.0,Tier 2: Warning
ORD-12531,2023-06-20,Furniture,Chairs,South,On-Time,103,5,37.75,41.36,0.35,206.8,188.75,134.42,-54.33,-40.42,Summer,0.0,Tier 2: Warning
ORD-12532,2023-11-29,Furniture,Desks,South,Delayed - Customs,87,1,161.29,212.91,0.54,212.91,161.29,97.94,-63.35,-64.68,Fall,0.0,Tier 2: Warning
ORD-12533,2023-04-08,Apparel,Pants,East,On-Time,11,5,340.44,636.61,0.0,3183.05,1702.2,3183.05,1480.85,46.52,Spring,1.0,Tier 1: Fast Mover
ORD-12534,2023-07-31,Furniture,Desks,North,On-Time,85,1,49.75,57.15,0.05,57.15,49.75,54.29,4.54,8.37,Summer,1.0,Tier 1: Fast Mover
ORD-12535,2023-03-14,Furniture,Chairs,South,Delayed - Transit,141,2,58.96,66.36,0.63,132.72,117.92,49.11,-68.81,-140.13,Spring,2.0,Tier 3: Dead Stock
ORD-12536,2023-10-14,Electronics,Audio,North,Delayed - Transit,123,5,153.24,179.48,0.57,897.4,766.2,385.88,-380.32,-98.56,Fall,2.0,Tier 3: Dead Stock
ORD-12537,2023-08-05,Furniture,Desks,East,On-Time,123,4,359.63,421.4,0.38,1685.6,1438.52,1045.07,-393.45,-37.65,Summer,0.0,Tier 2: Warning
ORD-12538,2023-01-10,Electronics,Computers,West,On-Time,25,5,241.63,497.84,0.05,2489.2,1208.15,2364.74,1156.59,48.91,Winter,1.0,Tier 1: Fast Mover
ORD-12539,2023-09-03,Furniture,Desks,East,On-Time,106,3,65.37,86.33,0.61,258.99,196.11,101.01,-95.1,-94.16,Fall,2.0,Tier 3: Dead Stock
ORD-12540,2023-07-20,Furniture,Tables,East,Delayed - Transit,100,3,384.42,441.85,0.44,1325.55,1153.26,742.31,-410.95,-55.36,Summer,0.0,Tier 2: Warning
ORD-12541,2023-10-22,Electronics,Audio,South,Delayed - Transit,112,3,171.91,215.44,0.37,646.32,515.73,407.18,-108.55,-26.66,Fall,0.0,Tier 2: Warning
ORD-12542,2023-09-14,Furniture,Uncategorized,East,On-Time,92,4,357.96,377.61,0.54,1510.44,1431.84,694.8,-737.04,-106.08,Fall,2.0,Tier 3: Dead Stock
ORD-12543,2023-08-21,Furniture,Desks,East,Delayed - Transit,146,5,110.74,120.93,0.57,604.65,553.7,260.0,-293.7,-112.96,Summer,2.0,Tier 3: Dead Stock
ORD-12544,2023-10-21,Apparel,Shirts,East,On-Time,20,1,208.0,455.91,0.05,455.91,208.0,433.11,225.11,51.98,Fall,1.0,Tier 1: Fast Mover
ORD-12545,2023-12-15,Electronics,Computers,East,On-Time,32,5,53.59,100.77,0.05,503.85,267.95,478.66,210.71,44.02,Winter,1.0,Tier 1: Fast Mover
ORD-12546,2023-03-30,Electronics,Audio,North,On-Time,49,2,28.34,47.89,0.05,95.78,56.68,90.99,34.31,37.71,Spring,1.0,Tier 1: Fast Mover
ORD-12547,2023-02-09,Electronics,Computers,West,On-Time,40,2,319.17,755.58,0.0,1511.16,638.34,1511.16,872.82,57.76,Winter,1.0,Tier 1: Fast Mover
ORD-12548,2023-09-27,Apparel,Shirts,West,Delayed - Customs,120,3,331.1,413.08,0.46,1239.24,993.3,669.19,-324.11,-48.43,Fall,0.0,Tier 2: Warning
ORD-12549,2023-08-30,Electronics,Computers,North,On-Time,36,4,260.51,503.53,0.0,2014.12,1042.04,2014.12,972.08,48.26,Summer,1.0,Tier 1: Fast Mover
ORD-12550,2023-05-07,Electronics,Audio,South,On-Time,51,1,178.31,346.29,0.0,346.29,178.31,346.29,167.98,48.51,Spring,1.0,Tier 1: Fast Mover
ORD-12551,2023-11-12,Electronics,Audio,East,Delayed - Customs,88,3,90.25,101.25,0.61,303.75,270.75,118.46,-152.29,-128.55,Fall,2.0,Tier 3: Dead Stock
ORD-12552,2023-05-13,Furniture,Chairs,West,On-Time,157,3,145.67,153.8,0.61,461.4,437.01,179.95,-257.06,-142.86,Spring,2.0,Tier 3: Dead Stock
ORD-12553,2023-12-29,Apparel,Pants,North,On-Time,27,4,154.49,351.77,0.0,1407.08,617.96,1407.08,789.12,56.08,Winter,1.0,Tier 1: Fast Mover
ORD-12554,2023-04-11,Furniture,Tables,West,On-Time,106,2,385.89,472.43,0.64,944.86,771.78,340.15,-431.63,-126.89,Spring,2.0,Tier 3: Dead Stock
ORD-12555,2023-01-02,Electronics,Audio,South,On-Time,40,1,157.47,296.28,0.0,296.28,157.47,296.28,138.81,46.85,Winter,1.0,Tier 1: Fast Mover
ORD-12556,2023-12-11,Electronics,Accessories,West,On-Time,37,2,358.82,756.88,0.05,1513.76,717.64,1438.07,720.43,50.1,Winter,1.0,Tier 1: Fast Mover
ORD-12557,2023-11-16,Apparel,Pants,South,On-Time,22,5,190.07,342.55,0.0,1712.75,950.35,1712.75,762.4,44.51,Fall,1.0,Tier 1: Fast Mover
ORD-12558,2023-03-03,Electronics,Computers,South,On-Time,39,5,31.11,68.93,0.05,344.65,155.55,327.42,171.87,52.49,Spring,1.0,Tier 1: Fast Mover
ORD-12559,2023-05-12,Electronics,Computers,South,On-Time,39,5,207.4,454.74,0.0,2273.7,1037.0,2273.7,1236.7,54.39,Spring,1.0,Tier 1: Fast Mover
ORD-12560,2023-09-10,Furniture,Tables,North,On-Time,68,2,359.14,395.33,0.0,790.66,718.28,790.66,72.38,9.15,Fall,1.0,Tier 1: Fast Mover
ORD-12561,2023-01-10,Furniture,Tables,North,On-Time,131,5,185.13,247.72,0.57,1238.6,925.65,532.6,-393.05,-73.8,Winter,0.0,Tier 2: Warning
ORD-12562,2023-06-22,Apparel,Footwear,North,On-Time,45,2,130.62,255.44,0.05,510.88,261.24,485.34,224.1,46.17,Summer,1.0,Tier 1: Fast Mover
ORD-12563,2023-08-10,Electronics,Accessories,West,On-Time,40,3,363.51,854.6,0.0,2563.8,1090.53,2563.8,1473.27,57.46,Summer,1.0,Tier 1: Fast Mover
ORD-12564,2023-06-01,Electronics,Audio,North,On-Time,27,2,226.82,436.03,0.05,872.06,453.64,828.46,374.82,45.24,Summer,1.0,Tier 1: Fast Mover
ORD-12565,2023-09-01,Electronics,Accessories,West,On-Time,60,2,259.95,592.06,0.0,1184.12,519.9,1184.12,664.22,56.09,Fall,1.0,Tier 1: Fast Mover
ORD-12566,2023-01-11,Furniture,Desks,West,On-Time,88,1,34.89,39.66,0.57,39.66,34.89,17.05,-17.84,-104.59,Winter,2.0,Tier 3: Dead Stock
ORD-12567,2023-10-26,Electronics,Accessories,North,On-Time,42,2,243.14,563.94,0.05,1127.88,486.28,1071.49,585.21,54.62,Fall,1.0,Tier 1: Fast Mover
ORD-12568,2023-12-27,Electronics,Accessories,West,On-Time,44,5,231.98,540.36,0.0,2701.8,1159.9,2701.8,1541.9,57.07,Winter,1.0,Tier 1: Fast Mover
ORD-12569,2023-08-26,Apparel,Pants,South,Delayed - Transit,150,3,182.64,227.53,0.47,682.59,547.92,361.77,-186.15,-51.45,Summer,0.0,Tier 2: Warning
ORD-12570,2023-05-28,Apparel,Footwear,North,On-Time,20,3,265.36,517.52,0.05,1552.56,796.08,1474.93,678.85,46.03,Spring,1.0,Tier 1: Fast Mover
ORD-12571,2023-01-04,Furniture,Chairs,East,Delayed - Customs,96,3,211.85,254.01,0.48,762.03,635.55,396.26,-239.29,-60.39,Winter,0.0,Tier 2: Warning
ORD-12572,2023-11-13,Apparel,Shirts,West,On-Time,19,4,204.67,369.95,0.05,1479.8,818.68,1405.81,587.13,41.76,Fall,1.0,Tier 1: Fast Mover
ORD-12573,2023-10-01,Furniture,Chairs,North,On-Time,138,5,324.86,373.41,0.49,1867.05,1624.3,952.2,-672.1,-70.58,Fall,0.0,Tier 2: Warning
ORD-12574,2023-12-03,Apparel,Pants,East,Delayed - Transit,141,2,200.92,232.07,0.38,464.14,401.84,287.77,-114.07,-39.64,Winter,0.0,Tier 2: Warning
ORD-12575,2023-01-18,Apparel,Pants,North,On-Time,10,3,390.9,776.31,0.05,2328.93,1172.7,2212.48,1039.78,47.0,Winter,1.0,Tier 1: Fast Mover
ORD-12576,2023-05-19,Apparel,Footwear,West,On-Time,12,1,277.51,465.96,0.05,465.96,277.51,442.66,165.15,37.31,Spring,1.0,Tier 1: Fast Mover
ORD-12577,2023-01-03,Furniture,Desks,South,Delayed - Customs,167,5,278.39,304.1,0.47,1520.5,1391.95,805.87,-586.09,-72.73,Winter,0.0,Tier 2: Warning
ORD-12578,2023-04-19,Electronics,Audio,East,On-Time,20,4,386.03,801.12,0.0,3204.48,1544.12,3204.48,1660.36,51.81,Spring,1.0,Tier 1: Fast Mover
ORD-12579,2023-11-06,Furniture,Tables,West,On-Time,86,3,340.88,378.56,0.35,1135.68,1022.64,738.19,-284.45,-38.53,Fall,0.0,Tier 2: Warning
ORD-12580,2023-12-05,Electronics,Computers,East,On-Time,32,4,273.23,552.86,0.05,2211.44,1092.92,2100.87,1007.95,47.98,Winter,1.0,Tier 1: Fast Mover
ORD-12581,2023-10-06,Furniture,Chairs,North,On-Time,124,5,184.06,200.54,0.58,1002.7,920.3,421.13,-499.17,-118.53,Fall,2.0,Tier 3: Dead Stock
ORD-12582,2023-11-28,Apparel,Footwear,South,On-Time,30,5,330.46,744.46,0.0,3722.3,1652.3,3722.3,2070.0,55.61,Fall,1.0,Tier 1: Fast Mover
ORD-12583,2023-06-18,Electronics,Audio,West,Delayed - Transit,88,5,397.26,491.45,0.49,2457.25,1986.3,1253.2,-733.1,-58.5,Summer,0.0,Tier 2: Warning
ORD-12584,2023-08-09,Electronics,Accessories,West,Delayed - Transit,89,2,170.89,188.88,0.54,377.76,341.78,173.77,-168.01,-96.69,Summer,2.0,Tier 3: Dead Stock
ORD-12585,2023-05-19,Apparel,Uncategorized,East,Delayed - Customs,92,4,128.73,138.15,0.48,552.6,514.92,287.35,-227.57,-79.19,Spring,2.0,Tier 3: Dead Stock
ORD-12586,2023-07-27,Electronics,Accessories,North,On-Time,31,1,17.26,29.56,0.0,29.56,17.26,29.56,12.3,41.61,Summer,1.0,Tier 1: Fast Mover
ORD-12587,2023-08-26,Furniture,Desks,South,Delayed - Customs,199,4,182.36,215.76,0.46,863.04,729.44,466.04,-263.4,-56.52,Summer,0.0,Tier 2: Warning
ORD-12588,2023-07-12,Apparel,Shirts,South,On-Time,33,3,289.07,612.93,0.05,1838.79,867.21,1746.85,879.64,50.36,Summer,1.0,Tier 1: Fast Mover
ORD-12589,2023-05-21,Furniture,Chairs,East,Delayed - Customs,127,5,159.16,213.14,0.55,1065.7,795.8,479.57,-316.24,-65.94,Spring,0.0,Tier 2: Warning
ORD-12590,2023-11-29,Electronics,Accessories,North,On-Time,30,5,238.07,495.0,0.05,2475.0,1190.35,2351.25,1160.9,49.37,Fall,1.0,Tier 1: Fast Mover
ORD-12591,2023-08-24,Apparel,Pants,East,On-Time,38,4,149.24,343.21,0.05,1372.84,596.96,1304.2,707.24,54.23,Summer,1.0,Tier 1: Fast Mover
ORD-12592,2023-04-24,Furniture,Desks,West,On-Time,127,5,241.76,322.45,0.64,1612.25,1208.8,580.41,-628.39,-108.27,Spring,2.0,Tier 3: Dead Stock
ORD-12593,2023-02-01,Electronics,Accessories,West,On-Time,23,1,289.91,594.96,0.05,594.96,289.91,565.21,275.3,48.71,Winter,1.0,Tier 1: Fast Mover
ORD-12594,2023-10-07,Electronics,Accessories,West,On-Time,29,3,275.61,470.03,0.05,1410.09,826.83,1339.59,512.76,38.28,Fall,1.0,Tier 1: Fast Mover
ORD-12595,2023-12-30,Apparel,Pants,North,On-Time,37,5,365.6,709.91,0.0,3549.55,1828.0,3549.55,1721.55,48.5,Winter,1.0,Tier 1: Fast Mover
ORD-12596,2023-09-10,Furniture,Chairs,East,Delayed - Customs,118,5,27.27,28.88,0.36,144.4,136.35,92.42,-43.93,-47.54,Fall,0.0,Tier 2: Warning
ORD-12597,2023-01-27,Furniture,Desks,West,On-Time,120,3,377.52,418.53,0.55,1255.59,1132.56,565.02,-567.54,-100.45,Winter,2.0,Tier 3: Dead Stock
ORD-12598,2023-08-22,Furniture,Tables,East,On-Time,111,4,348.59,434.35,0.36,1737.4,1394.36,1111.94,-282.42,-25.4,Summer,0.0,Tier 2: Warning
ORD-12599,2023-07-17,Furniture,Desks,South,On-Time,48,2,357.89,393.79,0.05,787.58,715.78,748.2,32.42,4.33,Summer,1.0,Tier 1: Fast Mover
ORD-12600,2023-12-14,Electronics,Audio,North,Delayed - Transit,103,1,49.56,54.1,0.36,54.1,49.56,34.62,-14.94,-43.14,Winter,0.0,Tier 2: Warning
ORD-12601,2023-05-01,Electronics,Audio,West,On-Time,38,1,110.24,225.44,0.05,225.44,110.24,214.17,103.93,48.53,Spring,1.0,Tier 1: Fast Mover
ORD-12602,2023-10-15,Apparel,Pants,North,On-Time,32,5,202.54,335.85,0.05,1679.25,1012.7,1595.29,582.59,36.52,Fall,1.0,Tier 1: Fast Mover
ORD-12603,2023-11-02,Electronics,Audio,West,Delayed - Customs,129,5,172.18,190.77,0.36,953.85,860.9,610.46,-250.44,-41.02,Fall,0.0,Tier 2: Warning
ORD-12604,2023-01-03,Electronics,Accessories,South,Delayed - Transit,108,1,222.64,267.66,0.64,267.66,222.64,96.36,-126.28,-131.06,Winter,2.0,Tier 3: Dead Stock
ORD-12605,2023-06-19,Apparel,Footwear,North,On-Time,45,2,60.33,124.65,0.05,249.3,120.66,236.84,116.18,49.05,Summer,1.0,Tier 1: Fast Mover
ORD-12606,2023-07-19,Electronics,Computers,South,On-Time,35,1,284.49,512.42,0.0,512.42,284.49,512.42,227.93,44.48,Summer,1.0,Tier 1: Fast Mover
ORD-12607,2023-09-05,Furniture,Tables,South,On-Time,116,3,166.98,185.66,0.49,556.98,500.94,284.06,-216.88,-76.35,Fall,0.0,Tier 2: Warning
ORD-12608,2023-02-16,Electronics,Audio,North,On-Time,47,2,51.33,100.08,0.0,200.16,102.66,200.16,97.5,48.71,Winter,1.0,Tier 1: Fast Mover
ORD-12609,2023-06-03,Apparel,Pants,South,On-Time,32,5,24.65,49.71,0.0,248.55,123.25,248.55,125.3,50.41,Summer,1.0,Tier 1: Fast Mover
ORD-12610,2023-11-16,Electronics,Audio,East,On-Time,25,3,139.38,228.6,0.05,685.8,418.14,651.51,233.37,35.82,Fall,1.0,Tier 1: Fast Mover
ORD-12611,2023-08-29,Furniture,Tables,West,On-Time,100,1,141.72,170.57,0.39,170.57,141.72,104.05,-37.67,-36.21,Summer,0.0,Tier 2: Warning
ORD-12612,2023-04-19,Furniture,Chairs,South,On-Time,117,4,144.45,164.33,0.49,657.32,577.8,335.23,-242.57,-72.36,Spring,0.0,Tier 2: Warning
ORD-12613,2023-12-29,Electronics,Computers,East,Delayed - Transit,77,3,116.34,148.21,0.0,444.63,349.02,444.63,95.61,21.5,Winter,1.0,Tier 1: Fast Mover
ORD-12614,2023-03-28,Apparel,Shirts,North,On-Time,30,4,313.47,695.07,0.0,2780.28,1253.88,2780.28,1526.4,54.9,Spring,1.0,Tier 1: Fast Mover
ORD-12615,2023-05-03,Electronics,Audio,North,On-Time,31,4,178.77,374.08,0.0,1496.32,715.08,1496.32,781.24,52.21,Spring,1.0,Tier 1: Fast Mover
ORD-12616,2023-11-24,Electronics,Uncategorized,East,On-Time,17,3,264.9,487.4,0.0,1462.2,794.7,1462.2,667.5,45.65,Fall,1.0,Tier 1: Fast Mover
ORD-12617,2023-08-07,Furniture,Tables,East,Delayed - Customs,140,3,393.83,522.08,0.58,1566.24,1181.49,657.82,-523.67,-79.61,Summer,2.0,Tier 3: Dead Stock
ORD-12618,2023-09-19,Apparel,Shirts,West,Delayed - Transit,108,1,51.88,62.28,0.55,62.28,51.88,28.03,-23.85,-85.11,Fall,2.0,Tier 3: Dead Stock
ORD-12619,2023-08-11,Electronics,Computers,South,On-Time,62,4,261.52,548.76,0.0,2195.04,1046.08,2195.04,1148.96,52.34,Summer,1.0,Tier 1: Fast Mover
ORD-12620,2023-07-09,Apparel,Shirts,East,Delayed - Transit,129,3,370.7,416.97,0.61,1250.91,1112.1,487.85,-624.25,-127.96,Summer,2.0,Tier 3: Dead Stock
ORD-12621,2023-08-24,Apparel,Uncategorized,East,On-Time,34,4,305.83,721.45,0.05,2885.8,1223.32,2741.51,1518.19,55.38,Summer,1.0,Tier 1: Fast Mover
ORD-12622,2023-12-16,Apparel,Footwear,South,On-Time,6,5,275.33,582.7,0.0,2913.5,1376.65,2913.5,1536.85,52.75,Winter,1.0,Tier 1: Fast Mover
ORD-12623,2023-06-25,Electronics,Computers,West,On-Time,35,1,130.85,224.4,0.05,224.4,130.85,213.18,82.33,38.62,Summer,1.0,Tier 1: Fast Mover
ORD-12624,2023-03-21,Electronics,Accessories,West,Delayed - Customs,116,5,342.6,363.56,0.63,1817.8,1713.0,672.59,-1040.41,-154.69,Spring,2.0,Tier 3: Dead Stock
ORD-12625,2023-02-21,Electronics,Accessories,East,On-Time,25,5,109.87,184.9,0.0,924.5,549.35,924.5,375.15,40.58,Winter,1.0,Tier 1: Fast Mover
ORD-12626,2023-12-17,Apparel,Footwear,South,On-Time,8,3,283.06,489.85,0.0,1469.55,849.18,1469.55,620.37,42.21,Winter,1.0,Tier 1: Fast Mover
ORD-12627,2023-08-28,Apparel,Uncategorized,East,On-Time,17,2,159.69,304.66,0.05,609.32,319.38,578.85,259.47,44.83,Summer,1.0,Tier 1: Fast Mover
ORD-12628,2023-02-07,Apparel,Shirts,North,Delayed - Transit,136,5,266.96,291.6,0.61,1458.0,1334.8,568.62,-766.18,-134.74,Winter,2.0,Tier 3: Dead Stock
ORD-12629,2023-06-04,Electronics,Computers,North,Delayed - Customs,90,5,87.81,110.92,0.54,554.6,439.05,255.12,-183.93,-72.1,Summer,0.0,Tier 2: Warning
ORD-12630,2023-01-05,Electronics,Computers,South,On-Time,32,1,290.6,576.82,0.0,576.82,290.6,576.82,286.22,49.62,Winter,1.0,Tier 1: Fast Mover
ORD-12631,2023-11-23,Electronics,Uncategorized,South,On-Time,20,1,151.97,326.57,0.0,326.57,151.97,326.57,174.6,53.46,Fall,1.0,Tier 1: Fast Mover
ORD-12632,2023-10-06,Furniture,Desks,North,On-Time,69,1,66.43,74.56,0.05,74.56,66.43,70.83,4.4,6.21,Fall,1.0,Tier 1: Fast Mover
ORD-12633,2023-06-20,Apparel,Footwear,North,On-Time,28,4,278.62,514.04,0.0,2056.16,1114.48,2056.16,941.68,45.8,Summer,1.0,Tier 1: Fast Mover
ORD-12634,2023-02-12,Electronics,Accessories,West,Delayed - Transit,110,1,269.31,346.91,0.53,346.91,269.31,163.05,-106.26,-65.17,Winter,0.0,Tier 2: Warning
ORD-12635,2023-07-02,Electronics,Computers,North,On-Time,32,1,65.68,134.96,0.05,134.96,65.68,128.21,62.53,48.77,Summer,1.0,Tier 1: Fast Mover
ORD-12636,2023-07-16,Electronics,Accessories,West,Delayed - Transit,122,2,204.48,220.06,0.46,440.12,408.96,237.66,-171.3,-72.07,Summer,0.0,Tier 2: Warning
ORD-12637,2023-10-07,Electronics,Computers,North,On-Time,28,5,256.52,579.43,0.0,2897.15,1282.6,2897.15,1614.55,55.73,Fall,1.0,Tier 1: Fast Mover
ORD-12638,2023-09-21,Furniture,Chairs,North,On-Time,149,5,89.36,111.27,0.56,556.35,446.8,244.79,-202.01,-82.52,Fall,2.0,Tier 3: Dead Stock
ORD-12639,2023-07-04,Apparel,Footwear,East,On-Time,25,3,50.46,87.71,0.05,263.13,151.38,249.97,98.59,39.44,Summer,1.0,Tier 1: Fast Mover
ORD-12640,2023-01-24,Furniture,Desks,South,Delayed - Transit,146,5,115.46,154.2,0.4,771.0,577.3,462.6,-114.7,-24.79,Winter,0.0,Tier 2: Warning
ORD-12641,2023-04-11,Electronics,Computers,East,On-Time,41,2,119.39,225.61,0.0,451.22,238.78,451.22,212.44,47.08,Spring,1.0,Tier 1: Fast Mover
ORD-12642,2023-09-08,Electronics,Audio,West,On-Time,42,4,91.28,201.06,0.05,804.24,365.12,764.03,398.91,52.21,Fall,1.0,Tier 1: Fast Mover
ORD-12643,2023-01-16,Furniture,Chairs,East,On-Time,148,4,175.35,214.07,0.39,856.28,701.4,522.33,-179.07,-34.28,Winter,0.0,Tier 2: Warning
ORD-12644,2023-11-10,Electronics,Accessories,South,On-Time,32,2,176.35,411.69,0.05,823.38,352.7,782.21,429.51,54.91,Fall,1.0,Tier 1: Fast Mover
ORD-12645,2023-10-23,Apparel,Pants,East,On-Time,28,5,338.05,737.35,0.0,3686.75,1690.25,3686.75,1996.5,54.15,Fall,1.0,Tier 1: Fast Mover
ORD-12646,2023-02-14,Furniture,Chairs,West,On-Time,117,4,270.62,285.79,0.42,1143.16,1082.48,663.03,-419.45,-63.26,Winter,0.0,Tier 2: Warning
ORD-12647,2023-04-08,Furniture,Desks,East,On-Time,115,3,48.74,58.32,0.52,174.96,146.22,83.98,-62.24,-74.11,Spring,0.0,Tier 2: Warning
ORD-12648,2023-08-12,Furniture,Tables,North,Delayed - Transit,147,4,356.12,431.99,0.43,1727.96,1424.48,984.94,-439.54,-44.63,Summer,0.0,Tier 2: Warning
ORD-12649,2023-10-28,Electronics,Uncategorized,South,On-Time,47,5,71.82,131.36,0.0,656.8,359.1,656.8,297.7,45.33,Fall,1.0,Tier 1: Fast Mover
ORD-12650,2023-05-31,Electronics,Computers,North,On-Time,39,4,91.51,167.47,0.0,669.88,366.04,669.88,303.84,45.36,Spring,1.0,Tier 1: Fast Mover
ORD-12651,2023-04-01,Electronics,Computers,North,Delayed - Customs,112,3,321.39,365.58,0.51,1096.74,964.17,537.4,-426.77,-79.41,Spring,2.0,Tier 3: Dead Stock
ORD-12652,2023-04-04,Furniture,Tables,West,Delayed - Customs,148,3,181.64,207.41,0.57,622.23,544.92,267.56,-277.36,-103.66,Spring,2.0,Tier 3: Dead Stock
ORD-12653,2023-10-22,Electronics,Accessories,South,On-Time,36,5,363.23,798.36,0.05,3991.8,1816.15,3792.21,1976.06,52.11,Fall,1.0,Tier 1: Fast Mover
ORD-12654,2023-09-16,Furniture,Chairs,West,On-Time,68,2,41.18,53.82,0.05,107.64,82.36,102.26,19.9,19.46,Fall,1.0,Tier 1: Fast Mover
ORD-12655,2023-11-26,Electronics,Audio,West,On-Time,27,3,193.05,377.54,0.0,1132.62,579.15,1132.62,553.47,48.87,Fall,1.0,Tier 1: Fast Mover
ORD-12656,2023-12-24,Electronics,Audio,West,On-Time,31,4,274.66,533.82,0.0,2135.28,1098.64,2135.28,1036.64,48.55,Winter,1.0,Tier 1: Fast Mover
ORD-12657,2023-03-14,Furniture,Desks,North,Delayed - Customs,133,3,187.49,207.53,0.4,622.59,562.47,373.55,-188.92,-50.57,Spring,0.0,Tier 2: Warning
ORD-12658,2023-01-30,Electronics,Computers,South,On-Time,32,5,183.74,402.86,0.05,2014.3,918.7,1913.59,994.89,51.99,Winter,1.0,Tier 1: Fast Mover
ORD-12659,2023-11-13,Electronics,Audio,West,On-Time,21,2,226.83,451.93,0.0,903.86,453.66,903.86,450.2,49.81,Fall,1.0,Tier 1: Fast Mover
ORD-12660,2023-03-11,Apparel,Pants,South,On-Time,26,2,263.51,626.64,0.0,1253.28,527.02,1253.28,726.26,57.95,Spring,1.0,Tier 1: Fast Mover
ORD-12661,2023-08-15,Furniture,Desks,South,Delayed - Customs,108,2,146.25,161.01,0.57,322.02,292.5,138.47,-154.03,-111.24,Summer,2.0,Tier 3: Dead Stock
ORD-12662,2023-11-24,Furniture,Desks,West,On-Time,110,3,184.98,223.59,0.39,670.77,554.94,409.17,-145.77,-35.63,Fall,0.0,Tier 2: Warning
ORD-12663,2023-01-30,Apparel,Pants,North,On-Time,44,3,372.34,888.44,0.0,2665.32,1117.02,2665.32,1548.3,58.09,Winter,1.0,Tier 1: Fast Mover
ORD-12664,2023-02-03,Furniture,Desks,West,Delayed - Customs,132,3,33.51,37.49,0.64,112.47,100.53,40.49,-60.04,-148.29,Winter,2.0,Tier 3: Dead Stock
ORD-12665,2023-01-25,Furniture,Chairs,North,On-Time,96,2,187.61,200.32,0.62,400.64,375.22,152.24,-222.98,-146.46,Winter,2.0,Tier 3: Dead Stock
ORD-12666,2023-08-01,Electronics,Accessories,East,Delayed - Transit,111,3,153.66,186.05,0.55,558.15,460.98,251.17,-209.81,-83.53,Summer,2.0,Tier 3: Dead Stock
ORD-12667,2023-09-26,Electronics,Computers,East,On-Time,12,3,393.48,862.76,0.05,2588.28,1180.44,2458.87,1278.43,51.99,Fall,1.0,Tier 1: Fast Mover
ORD-12668,2023-10-19,Furniture,Chairs,West,On-Time,67,5,158.32,204.47,0.05,1022.35,791.6,971.23,179.63,18.5,Fall,1.0,Tier 1: Fast Mover
ORD-12669,2023-10-27,Furniture,Chairs,West,Delayed - Customs,124,2,179.17,220.49,0.45,440.98,358.34,242.54,-115.8,-47.75,Fall,0.0,Tier 2: Warning
ORD-12670,2023-06-14,Electronics,Computers,South,On-Time,52,4,40.06,93.46,0.05,373.84,160.24,355.15,194.91,54.88,Summer,1.0,Tier 1: Fast Mover
ORD-12671,2023-05-04,Apparel,Footwear,East,On-Time,24,1,184.67,350.15,0.0,350.15,184.67,350.15,165.48,47.26,Spring,1.0,Tier 1: Fast Mover
ORD-12672,2023-04-13,Electronics,Computers,North,On-Time,10,5,373.18,662.1,0.0,3310.5,1865.9,3310.5,1444.6,43.64,Spring,1.0,Tier 1: Fast Mover
ORD-12673,2023-01-25,Apparel,Pants,South,On-Time,47,3,177.0,397.89,0.0,1193.67,531.0,1193.67,662.67,55.52,Winter,1.0,Tier 1: Fast Mover
ORD-12674,2023-08-30,Furniture,Tables,West,On-Time,122,1,35.74,43.45,0.64,43.45,35.74,15.64,-20.1,-128.49,Summer,2.0,Tier 3: Dead Stock
ORD-12675,2023-11-01,Electronics,Audio,North,On-Time,35,5,392.37,787.45,0.05,3937.25,1961.85,3740.39,1778.54,47.55,Fall,1.0,Tier 1: Fast Mover
ORD-12676,2023-11-18,Electronics,Accessories,West,On-Time,46,1,117.95,252.88,0.05,252.88,117.95,240.24,122.29,50.9,Fall,1.0,Tier 1: Fast Mover
ORD-12677,2023-05-22,Furniture,Tables,East,On-Time,68,3,264.69,280.59,0.0,841.77,794.07,841.77,47.7,5.67,Spring,1.0,Tier 1: Fast Mover
ORD-12678,2023-04-10,Apparel,Shirts,South,On-Time,38,1,148.35,242.06,0.0,242.06,148.35,242.06,93.71,38.71,Spring,1.0,Tier 1: Fast Mover
ORD-12679,2023-04-12,Apparel,Pants,South,On-Time,27,2,346.09,616.72,0.0,1233.44,692.18,1233.44,541.26,43.88,Spring,1.0,Tier 1: Fast Mover
ORD-12680,2023-01-09,Apparel,Footwear,South,On-Time,37,3,70.74,160.06,0.05,480.18,212.22,456.17,243.95,53.48,Winter,1.0,Tier 1: Fast Mover
ORD-12681,2023-11-14,Furniture,Desks,South,On-Time,132,5,318.62,384.58,0.52,1922.9,1593.1,922.99,-670.11,-72.6,Fall,0.0,Tier 2: Warning
ORD-12682,2023-11-08,Furniture,Chairs,South,On-Time,98,2,135.38,167.24,0.64,334.48,270.76,120.41,-150.35,-124.86,Fall,2.0,Tier 3: Dead Stock
ORD-12683,2023-08-09,Apparel,Shirts,South,Delayed - Customs,92,2,364.12,411.52,0.47,823.04,728.24,436.21,-292.03,-66.95,Summer,0.0,Tier 2: Warning
ORD-12684,2023-10-21,Electronics,Computers,West,On-Time,32,4,373.91,715.38,0.0,2861.52,1495.64,2861.52,1365.88,47.73,Fall,1.0,Tier 1: Fast Mover
ORD-12685,2023-04-18,Furniture,Tables,East,On-Time,103,3,209.53,271.53,0.42,814.59,628.59,472.46,-156.13,-33.05,Spring,0.0,Tier 2: Warning
ORD-12686,2023-04-01,Furniture,Tables,West,On-Time,109,5,45.17,48.06,0.51,240.3,225.85,117.75,-108.1,-91.81,Spring,2.0,Tier 3: Dead Stock
ORD-12687,2023-09-25,Electronics,Computers,North,Delayed - Customs,92,1,95.03,121.87,0.41,121.87,95.03,71.9,-23.13,-32.16,Fall,0.0,Tier 2: Warning
ORD-12688,2023-06-10,Apparel,Footwear,West,On-Time,26,5,303.94,656.34,0.05,3281.7,1519.7,3117.62,1597.92,51.25,Summer,1.0,Tier 1: Fast Mover
ORD-12689,2023-12-17,Furniture,Chairs,North,On-Time,128,2,91.87,121.78,0.4,243.56,183.74,146.14,-37.6,-25.73,Winter,0.0,Tier 2: Warning
ORD-12690,2023-11-06,Furniture,Desks,North,On-Time,121,1,16.19,21.21,0.49,21.21,16.19,10.82,-5.37,-49.67,Fall,0.0,Tier 2: Warning
ORD-12691,2023-07-18,Electronics,Audio,South,On-Time,41,1,205.42,434.11,0.05,434.11,205.42,412.4,206.98,50.19,Summer,1.0,Tier 1: Fast Mover
ORD-12692,2023-01-20,Apparel,Footwear,East,On-Time,44,3,263.72,486.45,0.05,1459.35,791.16,1386.38,595.22,42.93,Winter,1.0,Tier 1: Fast Mover
ORD-12693,2023-05-01,Electronics,Computers,West,On-Time,54,5,257.09,531.94,0.0,2659.7,1285.45,2659.7,1374.25,51.67,Spring,1.0,Tier 1: Fast Mover
ORD-12694,2023-01-08,Furniture,Chairs,South,On-Time,112,5,257.62,310.31,0.44,1551.55,1288.1,868.87,-419.23,-48.25,Winter,0.0,Tier 2: Warning
ORD-12695,2023-08-17,Furniture,Chairs,South,On-Time,124,3,197.68,258.05,0.48,774.15,593.04,402.56,-190.48,-47.32,Summer,0.0,Tier 2: Warning
ORD-12696,2023-02-25,Apparel,Shirts,South,On-Time,8,4,179.05,307.07,0.0,1228.28,716.2,1228.28,512.08,41.69,Winter,1.0,Tier 1: Fast Mover
ORD-12697,2023-07-12,Apparel,Footwear,West,On-Time,48,1,244.9,431.82,0.05,431.82,244.9,410.23,165.33,40.3,Summer,1.0,Tier 1: Fast Mover
ORD-12698,2023-05-30,Furniture,Desks,West,Delayed - Customs,68,1,83.97,97.93,0.0,97.93,83.97,97.93,13.96,14.26,Spring,1.0,Tier 1: Fast Mover
ORD-12699,2023-11-06,Apparel,Shirts,South,On-Time,34,4,94.76,205.04,0.0,820.16,379.04,820.16,441.12,53.78,Fall,1.0,Tier 1: Fast Mover
ORD-12700,2023-04-27,Electronics,Accessories,North,On-Time,28,2,360.23,583.79,0.0,1167.58,720.46,1167.58,447.12,38.29,Spring,1.0,Tier 1: Fast Mover
ORD-12701,2023-02-24,Furniture,Tables,South,On-Time,136,2,107.87,142.56,0.52,285.12,215.74,136.86,-78.88,-57.64,Winter,0.0,Tier 2: Warning
ORD-12702,2023-10-07,Electronics,Audio,West,On-Time,32,5,165.49,384.02,0.05,1920.1,827.45,1824.1,996.65,54.64,Fall,1.0,Tier 1: Fast Mover
ORD-12703,2023-06-29,Electronics,Audio,West,On-Time,9,1,113.71,228.43,0.05,228.43,113.71,217.01,103.3,47.6,Summer,1.0,Tier 1: Fast Mover
ORD-12704,2023-07-10,Electronics,Computers,West,On-Time,12,4,41.29,69.98,0.0,279.92,165.16,279.92,114.76,41.0,Summer,1.0,Tier 1: Fast Mover
ORD-12705,2023-05-14,Furniture,Desks,South,On-Time,113,1,280.0,356.66,0.63,356.66,280.0,131.96,-148.04,-112.18,Spring,2.0,Tier 3: Dead Stock
ORD-12706,2023-03-23,Apparel,Pants,South,Delayed - Customs,104,3,245.48,305.68,0.53,917.04,736.44,431.01,-305.43,-70.86,Spring,0.0,Tier 2: Warning
ORD-12707,2023-07-31,Furniture,Desks,West,On-Time,126,2,268.89,350.65,0.51,701.3,537.78,343.64,-194.14,-56.5,Summer,0.0,Tier 2: Warning
ORD-12708,2023-02-09,Electronics,Audio,South,On-Time,25,1,369.46,719.29,0.0,719.29,369.46,719.29,349.83,48.64,Winter,1.0,Tier 1: Fast Mover
ORD-12709,2023-01-31,Apparel,Pants,East,On-Time,20,1,42.0,95.25,0.0,95.25,42.0,95.25,53.25,55.91,Winter,1.0,Tier 1: Fast Mover
ORD-12710,2023-02-14,Furniture,Chairs,South,On-Time,105,1,239.07,275.29,0.5,275.29,239.07,137.65,-101.43,-73.69,Winter,0.0,Tier 2: Warning
ORD-12711,2023-05-21,Apparel,Pants,East,Delayed - Transit,83,2,301.76,370.09,0.05,740.18,603.52,703.17,99.65,14.17,Spring,1.0,Tier 1: Fast Mover
ORD-12712,2023-05-30,Electronics,Computers,West,On-Time,43,1,325.09,760.97,0.05,760.97,325.09,722.92,397.83,55.03,Spring,1.0,Tier 1: Fast Mover
ORD-12713,2023-10-09,Electronics,Uncategorized,South,On-Time,27,2,367.37,770.22,0.05,1540.44,734.74,1463.42,728.68,49.79,Fall,1.0,Tier 1: Fast Mover
ORD-12714,2023-06-06,Apparel,Pants,South,On-Time,8,5,227.28,385.42,0.05,1927.1,1136.4,1830.75,694.35,37.93,Summer,1.0,Tier 1: Fast Mover
ORD-12715,2023-05-27,Electronics,Accessories,South,On-Time,20,3,33.06,79.07,0.0,237.21,99.18,237.21,138.03,58.19,Spring,1.0,Tier 1: Fast Mover
ORD-12716,2023-07-07,Furniture,Desks,South,Delayed - Customs,144,3,89.66,97.36,0.6,292.08,268.98,116.83,-152.15,-130.23,Summer,2.0,Tier 3: Dead Stock
ORD-12717,2023-03-07,Furniture,Chairs,South,On-Time,124,4,84.81,108.21,0.62,432.84,339.24,164.48,-174.76,-106.25,Spring,2.0,Tier 3: Dead Stock
ORD-12718,2023-11-29,Electronics,Audio,East,On-Time,26,2,298.11,625.47,0.0,1250.94,596.22,1250.94,654.72,52.34,Fall,1.0,Tier 1: Fast Mover
ORD-12719,2023-06-21,Furniture,Chairs,North,On-Time,106,5,236.09,266.69,0.44,1333.45,1180.45,746.73,-433.72,-58.08,Summer,0.0,Tier 2: Warning
ORD-12720,2023-05-19,Furniture,Chairs,North,On-Time,110,2,282.32,366.87,0.65,733.74,564.64,256.81,-307.83,-119.87,Spring,2.0,Tier 3: Dead Stock
ORD-12721,2023-12-16,Electronics,Accessories,North,Delayed - Customs,165,3,71.55,93.2,0.55,279.6,214.65,125.82,-88.83,-70.6,Winter,0.0,Tier 2: Warning
ORD-12722,2023-12-02,Furniture,Tables,West,Delayed - Transit,114,2,331.91,420.57,0.42,841.14,663.82,487.86,-175.96,-36.07,Winter,0.0,Tier 2: Warning
ORD-12723,2023-07-08,Electronics,Computers,West,Delayed - Transit,136,2,352.94,389.3,0.6,778.6,705.88,311.44,-394.44,-126.65,Summer,2.0,Tier 3: Dead Stock
ORD-12724,2023-08-30,Furniture,Desks,South,On-Time,50,4,238.92,270.86,0.05,1083.44,955.68,1029.27,73.59,7.15,Summer,1.0,Tier 1: Fast Mover
ORD-12725,2023-01-25,Furniture,Chairs,West,On-Time,158,5,52.07,62.92,0.54,314.6,260.35,144.72,-115.63,-79.9,Winter,2.0,Tier 3: Dead Stock
ORD-12726,2023-02-16,Furniture,Tables,East,On-Time,108,4,368.79,465.09,0.41,1860.36,1475.16,1097.61,-377.55,-34.4,Winter,0.0,Tier 2: Warning
ORD-12727,2023-03-04,Furniture,Tables,South,On-Time,104,5,120.92,153.86,0.6,769.3,604.6,307.72,-296.88,-96.48,Spring,2.0,Tier 3: Dead Stock
ORD-12728,2023-12-13,Apparel,Pants,West,On-Time,22,1,327.06,534.39,0.05,534.39,327.06,507.67,180.61,35.58,Winter,1.0,Tier 1: Fast Mover
ORD-12729,2023-05-09,Furniture,Desks,North,Delayed - Transit,118,4,274.15,339.65,0.61,1358.6,1096.6,529.85,-566.75,-106.96,Spring,2.0,Tier 3: Dead Stock
ORD-12730,2023-04-13,Electronics,Accessories,North,On-Time,31,1,173.47,363.55,0.0,363.55,173.47,363.55,190.08,52.28,Spring,1.0,Tier 1: Fast Mover
ORD-12731,2023-02-26,Furniture,Desks,East,On-Time,70,3,22.53,27.49,0.0,82.47,67.59,82.47,14.88,18.04,Winter,1.0,Tier 1: Fast Mover
ORD-12732,2023-02-06,Apparel,Footwear,North,Delayed - Transit,136,1,189.74,213.61,0.56,213.61,189.74,93.99,-95.75,-101.88,Winter,2.0,Tier 3: Dead Stock
ORD-12733,2023-07-25,Furniture,Chairs,North,Delayed - Customs,135,5,157.14,212.04,0.55,1060.2,785.7,477.09,-308.61,-64.69,Summer,0.0,Tier 2: Warning
ORD-12734,2023-09-22,Furniture,Uncategorized,West,Delayed - Transit,98,4,50.35,64.39,0.48,257.56,201.4,133.93,-67.47,-50.38,Fall,0.0,Tier 2: Warning
ORD-12735,2023-05-06,Apparel,Footwear,South,On-Time,22,1,86.51,206.1,0.0,206.1,86.51,206.1,119.59,58.03,Spring,1.0,Tier 1: Fast Mover
ORD-12736,2023-02-19,Electronics,Computers,South,On-Time,28,1,304.37,495.81,0.05,495.81,304.37,471.02,166.65,35.38,Winter,1.0,Tier 1: Fast Mover
ORD-12737,2023-09-14,Apparel,Footwear,North,On-Time,6,4,105.64,214.62,0.05,858.48,422.56,815.56,393.0,48.19,Fall,1.0,Tier 1: Fast Mover
ORD-12738,2023-09-09,Apparel,Shirts,North,On-Time,28,4,163.39,269.74,0.05,1078.96,653.56,1025.01,371.45,36.24,Fall,1.0,Tier 1: Fast Mover
ORD-12739,2023-03-28,Electronics,Audio,North,On-Time,35,1,33.43,73.11,0.0,73.11,33.43,73.11,39.68,54.27,Spring,1.0,Tier 1: Fast Mover
ORD-12740,2023-06-15,Electronics,Computers,West,On-Time,23,5,121.27,197.37,0.0,986.85,606.35,986.85,380.5,38.56,Summer,1.0,Tier 1: Fast Mover
ORD-12741,2023-02-21,Electronics,Computers,East,On-Time,26,5,127.99,289.74,0.05,1448.7,639.95,1376.27,736.32,53.5,Winter,1.0,Tier 1: Fast Mover
ORD-12742,2023-01-29,Furniture,Uncategorized,North,On-Time,116,4,241.51,324.95,0.63,1299.8,966.04,480.93,-485.11,-100.87,Winter,2.0,Tier 3: Dead Stock
ORD-12743,2023-07-15,Electronics,Audio,South,Delayed - Transit,93,2,172.96,181.73,0.47,363.46,345.92,192.63,-153.29,-79.57,Summer,2.0,Tier 3: Dead Stock
ORD-12744,2023-04-30,Furniture,Tables,North,On-Time,96,4,313.71,346.28,0.36,1385.12,1254.84,886.48,-368.36,-41.55,Spring,0.0,Tier 2: Warning
ORD-12745,2023-09-29,Apparel,Shirts,North,On-Time,28,2,107.91,255.09,0.0,510.18,215.82,510.18,294.36,57.7,Fall,1.0,Tier 1: Fast Mover
ORD-12746,2023-08-12,Apparel,Footwear,North,On-Time,26,5,181.95,429.31,0.05,2146.55,909.75,2039.22,1129.47,55.39,Summer,1.0,Tier 1: Fast Mover
ORD-12747,2023-03-08,Electronics,Computers,West,Delayed - Transit,115,5,123.26,163.18,0.6,815.9,616.3,326.36,-289.94,-88.84,Spring,2.0,Tier 3: Dead Stock
ORD-12748,2023-02-01,Furniture,Desks,North,Delayed - Transit,84,4,200.28,261.62,0.05,1046.48,801.12,994.16,193.04,19.42,Winter,1.0,Tier 1: Fast Mover
ORD-12749,2023-09-08,Electronics,Computers,West,On-Time,25,1,310.3,518.25,0.05,518.25,310.3,492.34,182.04,36.97,Fall,1.0,Tier 1: Fast Mover
ORD-12750,2023-10-21,Apparel,Footwear,East,On-Time,25,4,53.67,102.13,0.05,408.52,214.68,388.09,173.41,44.68,Fall,1.0,Tier 1: Fast Mover
ORD-12751,2023-07-16,Apparel,Pants,East,Delayed - Customs,104,4,392.24,441.11,0.49,1764.44,1568.96,899.86,-669.1,-74.36,Summer,0.0,Tier 2: Warning
ORD-12752,2023-09-14,Apparel,Footwear,North,On-Time,23,4,139.71,310.48,0.0,1241.92,558.84,1241.92,683.08,55.0,Fall,1.0,Tier 1: Fast Mover
ORD-12753,2023-09-25,Apparel,Pants,North,On-Time,50,1,389.27,727.47,0.05,727.47,389.27,691.1,301.83,43.67,Fall,1.0,Tier 1: Fast Mover
ORD-12754,2023-04-07,Furniture,Tables,North,Delayed - Transit,90,3,72.87,83.95,0.51,251.85,218.61,123.41,-95.2,-77.15,Spring,0.0,Tier 2: Warning
ORD-12755,2023-05-11,Electronics,Audio,East,On-Time,29,3,341.06,695.03,0.0,2085.09,1023.18,2085.09,1061.91,50.93,Spring,1.0,Tier 1: Fast Mover
ORD-12756,2023-09-12,Apparel,Shirts,South,Delayed - Customs,125,5,300.37,341.77,0.44,1708.85,1501.85,956.96,-544.89,-56.94,Fall,0.0,Tier 2: Warning
ORD-12757,2023-07-03,Apparel,Pants,South,On-Time,17,2,116.79,187.96,0.0,375.92,233.58,375.92,142.34,37.86,Summer,1.0,Tier 1: Fast Mover
ORD-12758,2023-05-06,Apparel,Footwear,East,On-Time,43,2,237.42,478.84,0.0,957.68,474.84,957.68,482.84,50.42,Spring,1.0,Tier 1: Fast Mover
ORD-12759,2023-04-22,Apparel,Pants,East,On-Time,35,2,146.12,320.32,0.05,640.64,292.24,608.61,316.37,51.98,Spring,1.0,Tier 1: Fast Mover
ORD-12760,2023-11-22,Furniture,Chairs,North,On-Time,97,5,140.34,186.6,0.51,933.0,701.7,457.17,-244.53,-53.49,Fall,0.0,Tier 2: Warning
ORD-12761,2023-03-19,Electronics,Accessories,East,On-Time,56,4,180.7,420.72,0.0,1682.88,722.8,1682.88,960.08,57.05,Spring,1.0,Tier 1: Fast Mover
ORD-12762,2023-10-09,Furniture,Desks,North,On-Time,168,5,352.75,386.27,0.55,1931.35,1763.75,869.11,-894.64,-102.94,Fall,2.0,Tier 3: Dead Stock
ORD-12763,2023-07-22,Furniture,Desks,North,On-Time,75,3,297.24,399.49,0.05,1198.47,891.72,1138.55,246.83,21.68,Summer,1.0,Tier 1: Fast Mover
ORD-12764,2023-03-10,Apparel,Shirts,North,Delayed - Transit,118,5,245.57,283.81,0.46,1419.05,1227.85,766.29,-461.56,-60.23,Spring,0.0,Tier 2: Warning
ORD-12765,2023-08-04,Furniture,Tables,West,On-Time,121,3,57.79,74.47,0.6,223.41,173.37,89.36,-84.01,-94.0,Summer,2.0,Tier 3: Dead Stock
ORD-12766,2023-08-12,Apparel,Shirts,West,On-Time,25,4,281.92,521.07,0.0,2084.28,1127.68,2084.28,956.6,45.9,Summer,1.0,Tier 1: Fast Mover
ORD-12767,2023-12-26,Apparel,Pants,North,Delayed - Transit,156,3,261.25,316.81,0.37,950.43,783.75,598.77,-184.98,-30.89,Winter,0.0,Tier 2: Warning
ORD-12768,2023-08-31,Electronics,Computers,East,On-Time,29,5,190.51,347.15,0.0,1735.75,952.55,1735.75,783.2,45.12,Summer,1.0,Tier 1: Fast Mover
ORD-12769,2023-01-30,Electronics,Computers,West,Delayed - Customs,130,2,153.16,204.51,0.36,409.02,306.32,261.77,-44.55,-17.02,Winter,0.0,Tier 2: Warning
ORD-12770,2023-11-02,Electronics,Audio,East,On-Time,30,2,60.12,139.05,0.05,278.1,120.24,264.2,143.96,54.49,Fall,1.0,Tier 1: Fast Mover
ORD-12771,2023-12-13,Furniture,Chairs,North,On-Time,120,2,372.22,437.79,0.48,875.58,744.44,455.3,-289.14,-63.5,Winter,0.0,Tier 2: Warning
ORD-12772,2023-02-10,Furniture,Desks,South,On-Time,122,4,15.2,18.03,0.41,72.12,60.8,42.55,-18.25,-42.89,Winter,0.0,Tier 2: Warning
ORD-12773,2023-05-30,Apparel,Shirts,South,On-Time,33,5,129.84,276.82,0.0,1384.1,649.2,1384.1,734.9,53.1,Spring,1.0,Tier 1: Fast Mover
ORD-12774,2023-12-01,Electronics,Computers,West,Delayed - Transit,117,3,296.85,362.8,0.55,1088.4,890.55,489.78,-400.77,-81.83,Winter,2.0,Tier 3: Dead Stock
ORD-12775,2023-08-16,Apparel,Footwear,North,On-Time,27,3,372.87,785.73,0.05,2357.19,1118.61,2239.33,1120.72,50.05,Summer,1.0,Tier 1: Fast Mover
ORD-12776,2023-07-22,Apparel,Shirts,East,On-Time,15,2,24.24,39.01,0.05,78.02,48.48,74.12,25.64,34.59,Summer,1.0,Tier 1: Fast Mover
ORD-12777,2023-01-27,Apparel,Shirts,West,On-Time,43,5,379.79,709.53,0.0,3547.65,1898.95,3547.65,1648.7,46.47,Winter,1.0,Tier 1: Fast Mover
ORD-12778,2023-07-16,Furniture,Desks,North,Delayed - Customs,101,2,293.78,376.07,0.38,752.14,587.56,466.33,-121.23,-26.0,Summer,0.0,Tier 2: Warning
ORD-12779,2023-03-28,Furniture,Tables,West,On-Time,141,5,69.09,74.31,0.57,371.55,345.45,159.77,-185.68,-116.22,Spring,2.0,Tier 3: Dead Stock
ORD-12780,2023-12-24,Furniture,Tables,West,On-Time,148,3,263.74,333.4,0.42,1000.2,791.22,580.12,-211.1,-36.39,Winter,0.0,Tier 2: Warning
ORD-12781,2023-09-21,Electronics,Accessories,South,On-Time,27,4,158.71,362.43,0.05,1449.72,634.84,1377.23,742.39,53.9,Fall,1.0,Tier 1: Fast Mover
ORD-12782,2023-10-30,Furniture,Chairs,West,On-Time,113,3,329.79,441.79,0.5,1325.37,989.37,662.69,-326.69,-49.3,Fall,0.0,Tier 2: Warning
ORD-12783,2023-12-10,Apparel,Footwear,East,Delayed - Customs,116,1,338.71,415.43,0.62,415.43,338.71,157.86,-180.85,-114.56,Winter,2.0,Tier 3: Dead Stock
ORD-12784,2023-10-21,Furniture,Tables,East,On-Time,78,4,219.49,267.23,0.0,1068.92,877.96,1068.92,190.96,17.86,Fall,1.0,Tier 1: Fast Mover
ORD-12785,2023-09-22,Apparel,Pants,East,On-Time,2,4,57.37,116.3,0.05,465.2,229.48,441.94,212.46,48.07,Fall,1.0,Tier 1: Fast Mover
ORD-12786,2023-01-13,Electronics,Audio,South,Delayed - Customs,88,2,271.97,337.8,0.55,675.6,543.94,304.02,-239.92,-78.92,Winter,2.0,Tier 3: Dead Stock
ORD-12787,2023-09-23,Electronics,Audio,North,Delayed - Customs,131,2,360.19,470.49,0.42,940.98,720.38,545.77,-174.61,-31.99,Fall,0.0,Tier 2: Warning
ORD-12788,2023-06-30,Electronics,Accessories,South,On-Time,10,3,130.94,304.49,0.05,913.47,392.82,867.8,474.98,54.73,Summer,1.0,Tier 1: Fast Mover
ORD-12789,2023-08-26,Apparel,Footwear,North,On-Time,24,2,67.26,146.78,0.05,293.56,134.52,278.88,144.36,51.76,Summer,1.0,Tier 1: Fast Mover
ORD-12790,2023-05-22,Furniture,Chairs,South,Delayed - Transit,117,2,200.72,220.51,0.39,441.02,401.44,269.02,-132.42,-49.22,Spring,0.0,Tier 2: Warning
ORD-12791,2023-11-30,Electronics,Accessories,East,On-Time,66,4,231.83,453.84,0.0,1815.36,927.32,1815.36,888.04,48.92,Fall,1.0,Tier 1: Fast Mover
ORD-12792,2023-06-22,Electronics,Audio,South,Delayed - Transit,97,1,252.87,332.99,0.38,332.99,252.87,206.45,-46.42,-22.48,Summer,0.0,Tier 2: Warning
ORD-12793,2023-10-14,Electronics,Accessories,South,On-Time,41,2,79.36,166.61,0.0,333.22,158.72,333.22,174.5,52.37,Fall,1.0,Tier 1: Fast Mover
ORD-12794,2023-02-16,Electronics,Computers,West,On-Time,24,1,87.17,179.97,0.05,179.97,87.17,170.97,83.8,49.01,Winter,1.0,Tier 1: Fast Mover
ORD-12795,2023-07-16,Electronics,Accessories,West,On-Time,7,1,115.14,219.33,0.05,219.33,115.14,208.36,93.22,44.74,Summer,1.0,Tier 1: Fast Mover
ORD-12796,2023-12-15,Apparel,Footwear,North,Delayed - Customs,124,4,282.86,343.25,0.45,1373.0,1131.44,755.15,-376.29,-49.83,Winter,0.0,Tier 2: Warning
ORD-12797,2023-01-29,Electronics,Accessories,West,On-Time,21,4,385.35,917.78,0.0,3671.12,1541.4,3671.12,2129.72,58.01,Winter,1.0,Tier 1: Fast Mover
ORD-12798,2023-04-03,Apparel,Shirts,North,Delayed - Customs,71,1,162.19,176.85,0.05,176.85,162.19,168.01,5.82,3.46,Spring,1.0,Tier 1: Fast Mover
ORD-12799,2023-03-19,Electronics,Computers,West,Delayed - Customs,115,1,355.72,434.91,0.48,434.91,355.72,226.15,-129.57,-57.29,Spring,0.0,Tier 2: Warning
ORD-12800,2023-05-21,Furniture,Chairs,North,Delayed - Transit,120,1,160.78,203.38,0.6,203.38,160.78,81.35,-79.43,-97.63,Spring,2.0,Tier 3: Dead Stock
ORD-12801,2023-06-07,Furniture,Chairs,South,On-Time,82,5,340.01,454.43,0.05,2272.15,1700.05,2158.54,458.49,21.24,Summer,1.0,Tier 1: Fast Mover
ORD-12802,2023-02-09,Electronics,Computers,East,Delayed - Transit,95,2,106.02,135.18,0.36,270.36,212.04,173.03,-39.01,-22.54,Winter,0.0,Tier 2: Warning
ORD-12803,2023-12-31,Electronics,Audio,East,On-Time,25,2,252.74,586.06,0.05,1172.12,505.48,1113.51,608.03,54.6,Winter,1.0,Tier 1: Fast Mover
ORD-12804,2023-05-18,Electronics,Computers,South,On-Time,23,1,219.25,411.81,0.05,411.81,219.25,391.22,171.97,43.96,Spring,1.0,Tier 1: Fast Mover
ORD-12805,2023-02-22,Electronics,Audio,South,On-Time,38,4,257.58,569.1,0.05,2276.4,1030.32,2162.58,1132.26,52.36,Winter,1.0,Tier 1: Fast Mover
ORD-12806,2023-04-28,Electronics,Audio,East,On-Time,24,3,355.13,680.43,0.05,2041.29,1065.39,1939.23,873.84,45.06,Spring,1.0,Tier 1: Fast Mover
ORD-12807,2023-10-19,Apparel,Footwear,West,Delayed - Customs,84,3,65.99,88.24,0.05,264.72,197.97,251.48,53.51,21.28,Fall,1.0,Tier 1: Fast Mover
ORD-12808,2023-05-01,Electronics,Accessories,West,Delayed - Transit,148,1,69.63,86.12,0.54,86.12,69.63,39.62,-30.01,-75.77,Spring,0.0,Tier 2: Warning
ORD-12809,2023-08-19,Furniture,Desks,East,On-Time,125,3,226.64,262.33,0.59,786.99,679.92,322.67,-357.25,-110.72,Summer,2.0,Tier 3: Dead Stock
ORD-12810,2023-11-24,Electronics,Computers,North,On-Time,8,4,270.17,570.35,0.0,2281.4,1080.68,2281.4,1200.72,52.63,Fall,1.0,Tier 1: Fast Mover
ORD-12811,2023-10-15,Electronics,Accessories,North,On-Time,31,3,69.66,115.53,0.0,346.59,208.98,346.59,137.61,39.7,Fall,1.0,Tier 1: Fast Mover
ORD-12812,2023-11-07,Apparel,Shirts,East,Delayed - Transit,95,2,345.99,448.97,0.61,897.94,691.98,350.2,-341.78,-97.6,Fall,2.0,Tier 3: Dead Stock
ORD-12813,2023-02-21,Furniture,Desks,East,On-Time,146,3,138.97,165.47,0.35,496.41,416.91,322.67,-94.24,-29.21,Winter,0.0,Tier 2: Warning
ORD-12814,2023-12-23,Furniture,Desks,South,On-Time,134,2,222.03,280.33,0.52,560.66,444.06,269.12,-174.94,-65.01,Winter,0.0,Tier 2: Warning
ORD-12815,2023-04-17,Electronics,Accessories,North,On-Time,11,2,87.13,166.64,0.05,333.28,174.26,316.62,142.36,44.96,Spring,1.0,Tier 1: Fast Mover
ORD-12816,2023-08-20,Electronics,Computers,South,Delayed - Transit,115,1,297.8,382.25,0.51,382.25,297.8,187.3,-110.5,-58.99,Summer,0.0,Tier 2: Warning
ORD-12817,2023-02-20,Electronics,Audio,North,On-Time,33,5,34.49,58.11,0.05,290.55,172.45,276.02,103.57,37.52,Winter,1.0,Tier 1: Fast Mover
ORD-12818,2023-07-28,Apparel,Footwear,North,On-Time,1,5,88.27,202.8,0.05,1014.0,441.35,963.3,521.95,54.18,Summer,1.0,Tier 1: Fast Mover
ORD-12819,2023-05-15,Furniture,Desks,West,Delayed - Transit,100,5,243.02,301.06,0.6,1505.3,1215.1,602.12,-612.98,-101.8,Spring,2.0,Tier 3: Dead Stock
ORD-12820,2023-10-05,Apparel,Footwear,North,On-Time,28,3,160.03,309.34,0.05,928.02,480.09,881.62,401.53,45.54,Fall,1.0,Tier 1: Fast Mover
ORD-12821,2023-10-20,Electronics,Computers,South,On-Time,20,4,57.39,116.17,0.05,464.68,229.56,441.45,211.89,48.0,Fall,1.0,Tier 1: Fast Mover
ORD-12822,2023-12-17,Apparel,Pants,East,On-Time,33,3,25.32,42.95,0.0,128.85,75.96,128.85,52.89,41.05,Winter,1.0,Tier 1: Fast Mover
ORD-12823,2023-12-16,Apparel,Footwear,East,Delayed - Customs,110,4,297.3,319.33,0.63,1277.32,1189.2,472.61,-716.59,-151.62,Winter,2.0,Tier 3: Dead Stock
ORD-12824,2023-03-22,Furniture,Tables,South,On-Time,140,5,152.65,188.77,0.6,943.85,763.25,377.54,-385.71,-102.16,Spring,2.0,Tier 3: Dead Stock
ORD-12825,2023-06-02,Furniture,Tables,East,Delayed - Customs,117,4,205.95,217.89,0.45,871.56,823.8,479.36,-344.44,-71.85,Summer,0.0,Tier 2: Warning
ORD-12826,2023-05-15,Electronics,Audio,West,Delayed - Customs,140,5,317.85,354.82,0.58,1774.1,1589.25,745.12,-844.13,-113.29,Spring,2.0,Tier 3: Dead Stock
ORD-12827,2023-11-01,Furniture,Tables,East,On-Time,89,4,173.64,185.64,0.62,742.56,694.56,282.17,-412.39,-146.15,Fall,2.0,Tier 3: Dead Stock
ORD-12828,2023-05-03,Electronics,Computers,North,On-Time,1,5,161.5,294.58,0.0,1472.9,807.5,1472.9,665.4,45.18,Spring,1.0,Tier 1: Fast Mover
ORD-12829,2023-10-19,Apparel,Footwear,West,Delayed - Transit,179,5,64.61,82.86,0.59,414.3,323.05,169.86,-153.19,-90.18,Fall,2.0,Tier 3: Dead Stock
ORD-12830,2023-03-22,Apparel,Pants,South,Delayed - Transit,91,3,226.98,254.02,0.4,762.06,680.94,457.24,-223.7,-48.93,Spring,0.0,Tier 2: Warning
ORD-12831,2023-07-20,Apparel,Footwear,South,On-Time,33,1,228.66,541.62,0.05,541.62,228.66,514.54,285.88,55.56,Summer,1.0,Tier 1: Fast Mover
ORD-12832,2023-11-20,Apparel,Uncategorized,North,On-Time,38,3,320.95,534.19,0.0,1602.57,962.85,1602.57,639.72,39.92,Fall,1.0,Tier 1: Fast Mover
ORD-12833,2023-05-15,Furniture,Tables,East,Delayed - Transit,74,2,340.15,391.2,0.05,782.4,680.3,743.28,62.98,8.47,Spring,1.0,Tier 1: Fast Mover
ORD-12834,2023-12-26,Electronics,Computers,West,On-Time,20,4,296.41,660.15,0.05,2640.6,1185.64,2508.57,1322.93,52.74,Winter,1.0,Tier 1: Fast Mover
ORD-12835,2023-11-06,Furniture,Chairs,West,On-Time,119,4,147.78,169.53,0.64,678.12,591.12,244.12,-347.0,-142.14,Fall,2.0,Tier 3: Dead Stock
ORD-12836,2023-05-22,Electronics,Computers,North,On-Time,31,1,376.53,815.15,0.05,815.15,376.53,774.39,397.86,51.38,Spring,1.0,Tier 1: Fast Mover
ORD-12837,2023-08-13,Furniture,Desks,East,On-Time,102,4,120.86,135.85,0.53,543.4,483.44,255.4,-228.04,-89.29,Summer,2.0,Tier 3: Dead Stock
ORD-12838,2023-05-10,Electronics,Computers,West,On-Time,23,4,146.46,270.39,0.05,1081.56,585.84,1027.48,441.64,42.98,Spring,1.0,Tier 1: Fast Mover
ORD-12839,2023-05-29,Furniture,Desks,East,On-Time,118,2,176.04,202.66,0.39,405.32,352.08,247.25,-104.83,-42.4,Spring,0.0,Tier 2: Warning
ORD-12840,2023-07-15,Furniture,Chairs,East,On-Time,121,1,165.08,206.85,0.57,206.85,165.08,88.95,-76.13,-85.6,Summer,2.0,Tier 3: Dead Stock
ORD-12841,2023-06-23,Electronics,Accessories,North,On-Time,1,2,362.52,784.11,0.0,1568.22,725.04,1568.22,843.18,53.77,Summer,1.0,Tier 1: Fast Mover
ORD-12842,2023-05-21,Furniture,Tables,East,On-Time,92,2,163.77,188.69,0.49,377.38,327.54,192.46,-135.08,-70.18,Spring,0.0,Tier 2: Warning
ORD-12843,2023-07-01,Electronics,Audio,North,Delayed - Customs,117,1,254.48,341.06,0.65,341.06,254.48,119.37,-135.11,-113.18,Summer,2.0,Tier 3: Dead Stock
ORD-12844,2023-10-07,Apparel,Shirts,West,Delayed - Customs,122,5,265.79,315.98,0.62,1579.9,1328.95,600.36,-728.59,-121.36,Fall,2.0,Tier 3: Dead Stock
ORD-12845,2023-12-04,Electronics,Accessories,West,Delayed - Transit,140,2,254.94,336.8,0.54,673.6,509.88,309.86,-200.02,-64.55,Winter,0.0,Tier 2: Warning
ORD-12846,2023-08-19,Furniture,Tables,West,On-Time,115,5,105.04,110.94,0.56,554.7,525.2,244.07,-281.13,-115.19,Summer,2.0,Tier 3: Dead Stock
ORD-12847,2023-08-29,Electronics,Computers,East,On-Time,22,5,363.52,866.98,0.05,4334.9,1817.6,4118.16,2300.56,55.86,Summer,1.0,Tier 1: Fast Mover
ORD-12848,2023-10-27,Electronics,Accessories,East,On-Time,16,3,47.85,89.15,0.0,267.45,143.55,267.45,123.9,46.33,Fall,1.0,Tier 1: Fast Mover
ORD-12849,2023-11-19,Apparel,Pants,South,Delayed - Customs,152,1,237.22,290.19,0.52,290.19,237.22,139.29,-97.93,-70.31,Fall,0.0,Tier 2: Warning
ORD-12850,2023-10-18,Apparel,Pants,South,On-Time,53,4,42.44,70.89,0.0,283.56,169.76,283.56,113.8,40.13,Fall,1.0,Tier 1: Fast Mover
ORD-12851,2023-11-26,Electronics,Accessories,East,Delayed - Transit,130,2,196.69,255.74,0.35,511.48,393.38,332.46,-60.92,-18.32,Fall,0.0,Tier 2: Warning
ORD-12852,2023-08-25,Electronics,Accessories,North,On-Time,13,3,71.43,147.82,0.0,443.46,214.29,443.46,229.17,51.68,Summer,1.0,Tier 1: Fast Mover
ORD-12853,2023-04-10,Apparel,Footwear,North,On-Time,25,1,48.62,89.4,0.0,89.4,48.62,89.4,40.78,45.62,Spring,1.0,Tier 1: Fast Mover
ORD-12854,2023-07-31,Apparel,Footwear,South,On-Time,22,4,97.84,234.68,0.05,938.72,391.36,891.78,500.42,56.11,Summer,1.0,Tier 1: Fast Mover
ORD-12855,2023-07-02,Furniture,Chairs,North,On-Time,110,5,361.6,478.82,0.43,2394.1,1808.0,1364.64,-443.36,-32.49,Summer,0.0,Tier 2: Warning
ORD-12856,2023-10-17,Apparel,Pants,South,On-Time,13,3,66.08,118.04,0.0,354.12,198.24,354.12,155.88,44.02,Fall,1.0,Tier 1: Fast Mover
ORD-12857,2023-09-27,Furniture,Desks,West,Delayed - Transit,105,1,134.1,179.45,0.51,179.45,134.1,87.93,-46.17,-52.51,Fall,0.0,Tier 2: Warning
ORD-12858,2023-10-28,Apparel,Pants,East,On-Time,35,1,356.15,734.23,0.05,734.23,356.15,697.52,341.37,48.94,Fall,1.0,Tier 1: Fast Mover
ORD-12859,2023-08-06,Furniture,Tables,South,On-Time,108,2,196.54,253.7,0.46,507.4,393.08,274.0,-119.08,-43.46,Summer,0.0,Tier 2: Warning
ORD-12860,2023-02-16,Electronics,Audio,East,On-Time,23,4,176.15,389.62,0.0,1558.48,704.6,1558.48,853.88,54.79,Winter,1.0,Tier 1: Fast Mover
ORD-12861,2023-07-23,Electronics,Audio,South,On-Time,9,1,181.32,297.79,0.05,297.79,181.32,282.9,101.58,35.91,Summer,1.0,Tier 1: Fast Mover
ORD-12862,2023-02-21,Apparel,Footwear,West,On-Time,29,3,327.44,591.93,0.0,1775.79,982.32,1775.79,793.47,44.68,Winter,1.0,Tier 1: Fast Mover
ORD-12863,2023-05-16,Electronics,Audio,East,On-Time,23,2,377.13,870.66,0.05,1741.32,754.26,1654.25,899.99,54.4,Spring,1.0,Tier 1: Fast Mover
ORD-12864,2023-11-11,Apparel,Pants,East,On-Time,51,5,184.06,356.91,0.05,1784.55,920.3,1695.32,775.02,45.72,Fall,1.0,Tier 1: Fast Mover
ORD-12865,2023-07-22,Electronics,Uncategorized,South,On-Time,33,2,64.19,130.03,0.0,260.06,128.38,260.06,131.68,50.63,Summer,1.0,Tier 1: Fast Mover
ORD-12866,2023-07-06,Apparel,Pants,East,Delayed - Customs,89,1,393.55,462.72,0.5,462.72,393.55,231.36,-162.19,-70.1,Summer,0.0,Tier 2: Warning
ORD-12867,2023-03-06,Furniture,Tables,West,On-Time,140,5,68.26,83.07,0.61,415.35,341.3,161.99,-179.31,-110.7,Spring,2.0,Tier 3: Dead Stock
ORD-12868,2023-09-02,Furniture,Desks,West,Delayed - Transit,122,2,64.11,73.95,0.63,147.9,128.22,54.72,-73.5,-134.31,Fall,2.0,Tier 3: Dead Stock
ORD-12869,2023-02-22,Furniture,Chairs,South,Delayed - Customs,117,5,219.03,278.8,0.44,1394.0,1095.15,780.64,-314.51,-40.29,Winter,0.0,Tier 2: Warning
ORD-12870,2023-08-26,Apparel,Shirts,East,On-Time,1,5,39.62,75.14,0.05,375.7,198.1,356.92,158.82,44.5,Summer,1.0,Tier 1: Fast Mover
ORD-12871,2023-10-29,Furniture,Desks,South,On-Time,129,3,44.52,51.97,0.64,155.91,133.56,56.13,-77.43,-137.96,Fall,2.0,Tier 3: Dead Stock
ORD-12872,2023-07-21,Electronics,Computers,South,On-Time,40,3,389.86,683.11,0.05,2049.33,1169.58,1946.86,777.28,39.92,Summer,1.0,Tier 1: Fast Mover
ORD-12873,2023-06-30,Furniture,Chairs,East,Delayed - Transit,166,4,261.25,286.58,0.45,1146.32,1045.0,630.48,-414.52,-65.75,Summer,0.0,Tier 2: Warning
ORD-12874,2023-08-06,Apparel,Pants,East,On-Time,37,5,83.2,192.41,0.0,962.05,416.0,962.05,546.05,56.76,Summer,1.0,Tier 1: Fast Mover
ORD-12875,2023-09-29,Apparel,Pants,South,On-Time,12,5,268.47,616.57,0.05,3082.85,1342.35,2928.71,1586.36,54.17,Fall,1.0,Tier 1: Fast Mover
ORD-12876,2023-08-07,Furniture,Tables,West,On-Time,141,1,171.9,221.98,0.46,221.98,171.9,119.87,-52.03,-43.41,Summer,0.0,Tier 2: Warning
ORD-12877,2023-02-05,Apparel,Shirts,North,Delayed - Transit,117,3,383.72,460.84,0.36,1382.52,1151.16,884.81,-266.35,-30.1,Winter,0.0,Tier 2: Warning
ORD-12878,2023-03-14,Furniture,Chairs,South,Delayed - Transit,116,3,226.42,259.73,0.47,779.19,679.26,412.97,-266.29,-64.48,Spring,0.0,Tier 2: Warning
ORD-12879,2023-05-04,Furniture,Chairs,West,On-Time,131,3,115.34,148.07,0.4,444.21,346.02,266.53,-79.49,-29.83,Spring,0.0,Tier 2: Warning
ORD-12880,2023-02-19,Electronics,Computers,North,On-Time,24,1,25.2,55.78,0.0,55.78,25.2,55.78,30.58,54.82,Winter,1.0,Tier 1: Fast Mover
ORD-12881,2023-11-12,Apparel,Footwear,North,On-Time,25,3,305.23,537.71,0.05,1613.13,915.69,1532.47,616.78,40.25,Fall,1.0,Tier 1: Fast Mover
ORD-12882,2023-04-08,Electronics,Accessories,North,On-Time,27,5,18.87,32.54,0.0,162.7,94.35,162.7,68.35,42.01,Spring,1.0,Tier 1: Fast Mover
ORD-12883,2023-11-03,Apparel,Pants,West,On-Time,24,3,219.21,360.31,0.05,1080.93,657.63,1026.88,369.25,35.96,Fall,1.0,Tier 1: Fast Mover
ORD-12884,2023-08-22,Apparel,Shirts,West,On-Time,24,3,225.43,387.23,0.05,1161.69,676.29,1103.61,427.32,38.72,Summer,1.0,Tier 1: Fast Mover
ORD-12885,2023-11-05,Apparel,Footwear,West,Delayed - Transit,110,3,178.07,194.23,0.54,582.69,534.21,268.04,-266.17,-99.3,Fall,2.0,Tier 3: Dead Stock
ORD-12886,2023-02-22,Furniture,Tables,East,On-Time,102,1,314.3,336.07,0.61,336.07,314.3,131.07,-183.23,-139.8,Winter,2.0,Tier 3: Dead Stock
ORD-12887,2023-03-09,Electronics,Computers,South,On-Time,10,3,107.5,213.75,0.05,641.25,322.5,609.19,286.69,47.06,Spring,1.0,Tier 1: Fast Mover
ORD-12888,2023-08-24,Electronics,Accessories,East,On-Time,40,3,384.81,836.59,0.0,2509.77,1154.43,2509.77,1355.34,54.0,Summer,1.0,Tier 1: Fast Mover
ORD-12889,2023-03-05,Furniture,Desks,West,On-Time,133,2,178.99,193.59,0.58,387.18,357.98,162.62,-195.36,-120.14,Spring,2.0,Tier 3: Dead Stock
ORD-12890,2023-07-18,Electronics,Audio,East,On-Time,32,4,16.59,36.77,0.05,147.08,66.36,139.73,73.37,52.51,Summer,1.0,Tier 1: Fast Mover
ORD-12891,2023-08-03,Apparel,Pants,South,Delayed - Transit,142,2,266.87,328.32,0.55,656.64,533.74,295.49,-238.25,-80.63,Summer,2.0,Tier 3: Dead Stock
ORD-12892,2023-05-26,Apparel,Footwear,East,On-Time,36,1,129.44,296.69,0.0,296.69,129.44,296.69,167.25,56.37,Spring,1.0,Tier 1: Fast Mover
ORD-12893,2023-07-05,Apparel,Pants,South,On-Time,34,3,50.25,80.62,0.0,241.86,150.75,241.86,91.11,37.67,Summer,1.0,Tier 1: Fast Mover
ORD-12894,2023-02-18,Electronics,Computers,South,Delayed - Transit,107,3,307.25,372.64,0.41,1117.92,921.75,659.57,-262.18,-39.75,Winter,0.0,Tier 2: Warning
ORD-12895,2023-10-11,Electronics,Accessories,North,Delayed - Customs,156,1,231.37,255.33,0.38,255.33,231.37,158.3,-73.07,-46.15,Fall,0.0,Tier 2: Warning
ORD-12896,2023-08-07,Electronics,Uncategorized,North,On-Time,29,1,274.13,509.44,0.05,509.44,274.13,483.97,209.84,43.36,Summer,1.0,Tier 1: Fast Mover
ORD-12897,2023-06-11,Apparel,Footwear,South,On-Time,37,5,42.3,84.68,0.05,423.4,211.5,402.23,190.73,47.42,Summer,1.0,Tier 1: Fast Mover
ORD-12898,2023-08-06,Furniture,Chairs,North,On-Time,109,2,350.54,415.79,0.64,831.58,701.08,299.37,-401.71,-134.19,Summer,2.0,Tier 3: Dead Stock
ORD-12899,2023-03-29,Apparel,Footwear,West,On-Time,45,1,169.89,308.59,0.0,308.59,169.89,308.59,138.7,44.95,Spring,1.0,Tier 1: Fast Mover
ORD-12900,2023-01-04,Electronics,Audio,East,On-Time,40,4,104.35,239.14,0.0,956.56,417.4,956.56,539.16,56.36,Winter,1.0,Tier 1: Fast Mover
ORD-12901,2023-09-02,Furniture,Desks,East,Delayed - Transit,92,1,306.48,376.63,0.39,376.63,306.48,229.74,-76.74,-33.4,Fall,0.0,Tier 2: Warning
ORD-12902,2023-06-23,Electronics,Audio,East,On-Time,42,1,264.38,434.07,0.0,434.07,264.38,434.07,169.69,39.09,Summer,1.0,Tier 1: Fast Mover
ORD-12903,2023-01-06,Apparel,Footwear,North,On-Time,52,4,111.9,196.61,0.05,786.44,447.6,747.12,299.52,40.09,Winter,1.0,Tier 1: Fast Mover
ORD-12904,2023-11-26,Furniture,Tables,West,On-Time,126,1,334.84,358.68,0.58,358.68,334.84,150.65,-184.19,-122.27,Fall,2.0,Tier 3: Dead Stock
ORD-12905,2023-12-01,Electronics,Accessories,North,On-Time,34,5,164.34,280.92,0.0,1404.6,821.7,1404.6,582.9,41.5,Winter,1.0,Tier 1: Fast Mover
ORD-12906,2023-09-15,Electronics,Computers,East,On-Time,41,4,351.3,658.12,0.05,2632.48,1405.2,2500.86,1095.66,43.81,Fall,1.0,Tier 1: Fast Mover
ORD-12907,2023-10-02,Furniture,Tables,East,On-Time,117,3,126.62,153.22,0.4,459.66,379.86,275.8,-104.06,-37.73,Fall,0.0,Tier 2: Warning
ORD-12908,2023-03-15,Furniture,Chairs,North,On-Time,106,5,305.7,406.57,0.56,2032.85,1528.5,894.45,-634.05,-70.89,Spring,0.0,Tier 2: Warning
ORD-12909,2023-01-22,Furniture,Chairs,North,On-Time,149,2,297.97,333.29,0.59,666.58,595.94,273.3,-322.64,-118.06,Winter,2.0,Tier 3: Dead Stock
ORD-12910,2023-03-31,Apparel,Footwear,East,On-Time,36,3,378.79,844.42,0.05,2533.26,1136.37,2406.6,1270.23,52.78,Spring,1.0,Tier 1: Fast Mover
ORD-12911,2023-08-07,Apparel,Shirts,West,On-Time,18,2,208.48,359.09,0.0,718.18,416.96,718.18,301.22,41.94,Summer,1.0,Tier 1: Fast Mover
ORD-12912,2023-03-01,Apparel,Shirts,East,On-Time,55,4,112.08,182.84,0.0,731.36,448.32,731.36,283.04,38.7,Spring,1.0,Tier 1: Fast Mover
ORD-12913,2023-05-22,Apparel,Shirts,East,On-Time,35,4,199.17,436.8,0.05,1747.2,796.68,1659.84,863.16,52.0,Spring,1.0,Tier 1: Fast Mover
ORD-12914,2023-04-30,Electronics,Accessories,North,Delayed - Transit,116,1,333.14,366.01,0.38,366.01,333.14,226.93,-106.21,-46.81,Spring,0.0,Tier 2: Warning
ORD-12915,2023-10-26,Apparel,Shirts,North,On-Time,36,2,118.24,244.49,0.05,488.98,236.48,464.53,228.05,49.09,Fall,1.0,Tier 1: Fast Mover
ORD-12916,2023-12-05,Apparel,Pants,West,Delayed - Transit,71,2,17.95,20.44,0.05,40.88,35.9,38.84,2.94,7.56,Winter,1.0,Tier 1: Fast Mover
ORD-12917,2023-01-16,Apparel,Pants,South,Delayed - Transit,106,4,270.16,334.32,0.43,1337.28,1080.64,762.25,-318.39,-41.77,Winter,0.0,Tier 2: Warning
ORD-12918,2023-04-12,Electronics,Computers,East,On-Time,37,4,70.49,134.7,0.05,538.8,281.96,511.86,229.9,44.91,Spring,1.0,Tier 1: Fast Mover
ORD-12919,2023-09-09,Electronics,Computers,North,On-Time,30,5,20.36,33.44,0.05,167.2,101.8,158.84,57.04,35.91,Fall,1.0,Tier 1: Fast Mover
ORD-12920,2023-12-21,Apparel,Shirts,North,On-Time,13,1,106.71,215.12,0.0,215.12,106.71,215.12,108.41,50.4,Winter,1.0,Tier 1: Fast Mover
ORD-12921,2023-11-01,Furniture,Chairs,West,On-Time,126,4,164.73,211.28,0.39,845.12,658.92,515.52,-143.4,-27.82,Fall,0.0,Tier 2: Warning
ORD-12922,2023-07-10,Apparel,Footwear,West,Delayed - Transit,117,3,144.26,172.01,0.38,516.03,432.78,319.94,-112.84,-35.27,Summer,0.0,Tier 2: Warning
ORD-12923,2023-04-10,Electronics,Accessories,North,On-Time,27,1,20.75,43.52,0.05,43.52,20.75,41.34,20.59,49.81,Spring,1.0,Tier 1: Fast Mover
ORD-12924,2023-12-17,Apparel,Pants,North,On-Time,49,4,59.81,112.1,0.0,448.4,239.24,448.4,209.16,46.65,Winter,1.0,Tier 1: Fast Mover
ORD-12925,2023-08-25,Furniture,Tables,South,On-Time,138,5,106.66,128.59,0.56,642.95,533.3,282.9,-250.4,-88.51,Summer,2.0,Tier 3: Dead Stock
ORD-12926,2023-07-27,Electronics,Accessories,South,On-Time,27,3,48.09,83.73,0.05,251.19,144.27,238.63,94.36,39.54,Summer,1.0,Tier 1: Fast Mover
ORD-12927,2023-11-12,Apparel,Footwear,East,Delayed - Transit,87,1,190.85,245.75,0.6,245.75,190.85,98.3,-92.55,-94.15,Fall,2.0,Tier 3: Dead Stock
ORD-12928,2023-04-29,Apparel,Pants,North,On-Time,23,3,121.71,278.74,0.0,836.22,365.13,836.22,471.09,56.34,Spring,1.0,Tier 1: Fast Mover
ORD-12929,2023-05-13,Electronics,Audio,North,On-Time,47,2,297.36,490.45,0.0,980.9,594.72,980.9,386.18,39.37,Spring,1.0,Tier 1: Fast Mover
ORD-12930,2023-11-29,Electronics,Accessories,West,On-Time,38,4,248.5,573.04,0.05,2292.16,994.0,2177.55,1183.55,54.35,Fall,1.0,Tier 1: Fast Mover
ORD-12931,2023-06-18,Electronics,Computers,North,On-Time,51,5,83.63,138.94,0.05,694.7,418.15,659.97,241.82,36.64,Summer,1.0,Tier 1: Fast Mover
ORD-12932,2023-01-14,Furniture,Desks,South,On-Time,136,3,135.06,166.17,0.57,498.51,405.18,214.36,-190.82,-89.02,Winter,2.0,Tier 3: Dead Stock
ORD-12933,2023-12-10,Apparel,Footwear,North,On-Time,18,2,167.48,342.89,0.05,685.78,334.96,651.49,316.53,48.59,Winter,1.0,Tier 1: Fast Mover
ORD-12934,2023-10-08,Apparel,Pants,East,Delayed - Customs,116,5,375.2,478.06,0.63,2390.3,1876.0,884.41,-991.59,-112.12,Fall,2.0,Tier 3: Dead Stock
ORD-12935,2023-02-16,Furniture,Desks,South,On-Time,140,5,310.41,409.52,0.62,2047.6,1552.05,778.09,-773.96,-99.47,Winter,2.0,Tier 3: Dead Stock
ORD-12936,2023-03-17,Furniture,Desks,North,Delayed - Customs,121,2,70.28,82.89,0.61,165.78,140.56,64.65,-75.91,-117.4,Spring,2.0,Tier 3: Dead Stock
ORD-12937,2023-01-20,Electronics,Computers,West,Delayed - Transit,115,1,58.0,65.45,0.46,65.45,58.0,35.34,-22.66,-64.11,Winter,0.0,Tier 2: Warning
ORD-12938,2023-03-09,Electronics,Accessories,South,On-Time,68,3,226.65,423.77,0.0,1271.31,679.95,1271.31,591.36,46.52,Spring,1.0,Tier 1: Fast Mover
ORD-12939,2023-05-07,Electronics,Audio,North,On-Time,40,4,71.28,164.84,0.0,659.36,285.12,659.36,374.24,56.76,Spring,1.0,Tier 1: Fast Mover
ORD-12940,2023-12-07,Furniture,Tables,West,Delayed - Transit,129,1,356.19,462.47,0.63,462.47,356.19,171.11,-185.08,-108.16,Winter,2.0,Tier 3: Dead Stock
ORD-12941,2023-06-26,Apparel,Pants,South,On-Time,48,3,188.28,324.22,0.05,972.66,564.84,924.03,359.19,38.87,Summer,1.0,Tier 1: Fast Mover
ORD-12942,2023-02-14,Electronics,Audio,South,On-Time,38,3,105.78,209.9,0.0,629.7,317.34,629.7,312.36,49.6,Winter,1.0,Tier 1: Fast Mover
ORD-12943,2023-10-12,Electronics,Computers,East,On-Time,43,2,381.53,899.42,0.0,1798.84,763.06,1798.84,1035.78,57.58,Fall,1.0,Tier 1: Fast Mover
ORD-12944,2023-08-08,Furniture,Desks,West,Delayed - Transit,72,4,58.92,70.74,0.05,282.96,235.68,268.81,33.13,12.33,Summer,1.0,Tier 1: Fast Mover
ORD-12945,2023-06-21,Furniture,Chairs,North,On-Time,85,3,115.01,138.7,0.05,416.1,345.03,395.3,50.27,12.72,Summer,1.0,Tier 1: Fast Mover
ORD-12946,2023-05-09,Apparel,Shirts,South,Delayed - Transit,82,3,41.78,54.62,0.0,163.86,125.34,163.86,38.52,23.51,Spring,1.0,Tier 1: Fast Mover
ORD-12947,2023-08-05,Furniture,Tables,South,On-Time,99,4,42.33,48.05,0.54,192.2,169.32,88.41,-80.91,-91.51,Summer,2.0,Tier 3: Dead Stock
ORD-12948,2023-03-22,Apparel,Pants,East,On-Time,46,2,398.22,859.83,0.0,1719.66,796.44,1719.66,923.22,53.69,Spring,1.0,Tier 1: Fast Mover
ORD-12949,2023-06-01,Apparel,Pants,East,On-Time,40,2,138.34,234.33,0.05,468.66,276.68,445.23,168.55,37.86,Summer,1.0,Tier 1: Fast Mover
ORD-12950,2023-12-18,Apparel,Shirts,South,On-Time,29,1,206.36,347.25,0.0,347.25,206.36,347.25,140.89,40.57,Winter,1.0,Tier 1: Fast Mover
ORD-12951,2023-06-30,Apparel,Pants,West,On-Time,25,4,103.39,245.63,0.05,982.52,413.56,933.39,519.83,55.69,Summer,1.0,Tier 1: Fast Mover
ORD-12952,2023-11-22,Apparel,Footwear,North,On-Time,28,5,76.51,151.52,0.0,757.6,382.55,757.6,375.05,49.51,Fall,1.0,Tier 1: Fast Mover
ORD-12953,2023-08-02,Furniture,Chairs,South,Delayed - Customs,113,3,116.44,153.11,0.46,459.33,349.32,248.04,-101.28,-40.83,Summer,0.0,Tier 2: Warning
ORD-12954,2023-12-10,Furniture,Tables,West,On-Time,100,3,344.68,382.04,0.53,1146.12,1034.04,538.68,-495.36,-91.96,Winter,2.0,Tier 3: Dead Stock
ORD-12955,2023-11-17,Electronics,Audio,East,On-Time,39,1,197.5,401.16,0.05,401.16,197.5,381.1,183.6,48.18,Fall,1.0,Tier 1: Fast Mover
ORD-12956,2023-11-29,Furniture,Desks,South,On-Time,125,1,200.1,220.67,0.39,220.67,200.1,134.61,-65.49,-48.65,Fall,0.0,Tier 2: Warning
ORD-12957,2023-11-22,Electronics,Audio,East,On-Time,17,5,123.48,238.23,0.05,1191.15,617.4,1131.59,514.19,45.44,Fall,1.0,Tier 1: Fast Mover
ORD-12958,2023-12-21,Apparel,Pants,North,On-Time,50,2,48.89,97.54,0.05,195.08,97.78,185.33,87.55,47.24,Winter,1.0,Tier 1: Fast Mover
ORD-12959,2023-09-17,Furniture,Tables,East,On-Time,102,4,132.98,169.78,0.49,679.12,531.92,346.35,-185.57,-53.58,Fall,0.0,Tier 2: Warning
ORD-12960,2023-09-15,Apparel,Pants,South,On-Time,53,5,309.27,680.83,0.05,3404.15,1546.35,3233.94,1687.59,52.18,Fall,1.0,Tier 1: Fast Mover
ORD-12961,2023-06-08,Apparel,Footwear,North,On-Time,42,5,334.66,624.64,0.05,3123.2,1673.3,2967.04,1293.74,43.6,Summer,1.0,Tier 1: Fast Mover
ORD-12962,2023-03-19,Electronics,Accessories,South,On-Time,29,5,86.01,189.37,0.0,946.85,430.05,946.85,516.8,54.58,Spring,1.0,Tier 1: Fast Mover
ORD-12963,2023-09-08,Apparel,Pants,West,On-Time,25,5,107.02,219.13,0.05,1095.65,535.1,1040.87,505.77,48.59,Fall,1.0,Tier 1: Fast Mover
ORD-12964,2023-03-31,Furniture,Tables,North,Delayed - Transit,93,3,358.85,407.02,0.57,1221.06,1076.55,525.06,-551.49,-105.04,Spring,2.0,Tier 3: Dead Stock
ORD-12965,2023-07-08,Furniture,Tables,South,On-Time,102,1,383.98,479.26,0.6,479.26,383.98,191.7,-192.28,-100.3,Summer,2.0,Tier 3: Dead Stock
ORD-12966,2023-08-29,Electronics,Computers,North,On-Time,26,1,275.47,639.17,0.05,639.17,275.47,607.21,331.74,54.63,Summer,1.0,Tier 1: Fast Mover
ORD-12967,2023-08-09,Apparel,Pants,East,On-Time,27,2,103.3,239.15,0.0,478.3,206.6,478.3,271.7,56.81,Summer,1.0,Tier 1: Fast Mover
ORD-12968,2023-02-22,Furniture,Desks,West,On-Time,61,1,238.06,301.04,0.0,301.04,238.06,301.04,62.98,20.92,Winter,1.0,Tier 1: Fast Mover
ORD-12969,2023-03-17,Furniture,Chairs,South,Delayed - Transit,83,1,54.91,68.34,0.05,68.34,54.91,64.92,10.01,15.42,Spring,1.0,Tier 1: Fast Mover
ORD-12970,2023-01-20,Electronics,Accessories,East,On-Time,31,3,148.22,296.73,0.0,890.19,444.66,890.19,445.53,50.05,Winter,1.0,Tier 1: Fast Mover
ORD-12971,2023-09-23,Electronics,Audio,North,On-Time,32,2,288.05,667.13,0.05,1334.26,576.1,1267.55,691.45,54.55,Fall,1.0,Tier 1: Fast Mover
ORD-12972,2023-01-16,Electronics,Audio,South,Delayed - Transit,120,1,380.95,483.01,0.57,483.01,380.95,207.69,-173.26,-83.42,Winter,2.0,Tier 3: Dead Stock
ORD-12973,2023-01-31,Electronics,Computers,East,On-Time,46,2,367.99,752.8,0.05,1505.6,735.98,1430.32,694.34,48.54,Winter,1.0,Tier 1: Fast Mover
ORD-12974,2023-08-26,Electronics,Accessories,South,On-Time,32,2,131.12,270.53,0.05,541.06,262.24,514.01,251.77,48.98,Summer,1.0,Tier 1: Fast Mover
ORD-12975,2023-09-30,Furniture,Tables,South,Delayed - Customs,129,1,126.77,167.91,0.54,167.91,126.77,77.24,-49.53,-64.13,Fall,0.0,Tier 2: Warning
ORD-12976,2023-10-02,Apparel,Pants,South,On-Time,68,2,18.87,32.86,0.05,65.72,37.74,62.43,24.69,39.55,Fall,1.0,Tier 1: Fast Mover
ORD-12977,2023-04-16,Electronics,Computers,East,On-Time,31,5,303.59,658.56,0.0,3292.8,1517.95,3292.8,1774.85,53.9,Spring,1.0,Tier 1: Fast Mover
ORD-12978,2023-10-10,Electronics,Audio,North,On-Time,56,5,212.44,404.13,0.05,2020.65,1062.2,1919.62,857.42,44.67,Fall,1.0,Tier 1: Fast Mover
ORD-12979,2023-02-03,Apparel,Footwear,West,Delayed - Customs,154,3,206.91,255.12,0.55,765.36,620.73,344.41,-276.32,-80.23,Winter,2.0,Tier 3: Dead Stock
ORD-12980,2023-10-05,Furniture,Tables,East,On-Time,116,4,215.86,260.93,0.47,1043.72,863.44,553.17,-310.27,-56.09,Fall,0.0,Tier 2: Warning
ORD-12981,2023-06-18,Apparel,Pants,West,On-Time,20,5,327.11,671.2,0.0,3356.0,1635.55,3356.0,1720.45,51.26,Summer,1.0,Tier 1: Fast Mover
ORD-12982,2023-08-23,Furniture,Tables,West,On-Time,124,5,146.14,172.61,0.61,863.05,730.7,336.59,-394.11,-117.09,Summer,2.0,Tier 3: Dead Stock
ORD-12983,2023-05-09,Apparel,Pants,West,On-Time,26,4,80.0,169.83,0.0,679.32,320.0,679.32,359.32,52.89,Spring,1.0,Tier 1: Fast Mover
ORD-12984,2023-02-17,Electronics,Audio,North,On-Time,20,1,344.35,658.4,0.05,658.4,344.35,625.48,281.13,44.95,Winter,1.0,Tier 1: Fast Mover
ORD-12985,2023-12-04,Electronics,Audio,North,On-Time,29,3,131.81,237.95,0.05,713.85,395.43,678.16,282.73,41.69,Winter,1.0,Tier 1: Fast Mover
ORD-12986,2023-01-23,Furniture,Chairs,North,On-Time,118,3,258.7,311.48,0.53,934.44,776.1,439.19,-336.91,-76.71,Winter,0.0,Tier 2: Warning
ORD-12987,2023-01-28,Electronics,Computers,South,On-Time,19,5,56.49,103.22,0.0,516.1,282.45,516.1,233.65,45.27,Winter,1.0,Tier 1: Fast Mover
ORD-12988,2023-12-05,Furniture,Chairs,South,On-Time,98,4,293.48,383.71,0.43,1534.84,1173.92,874.86,-299.06,-34.18,Winter,0.0,Tier 2: Warning
ORD-12989,2023-12-20,Furniture,Chairs,South,On-Time,134,3,116.3,127.49,0.43,382.47,348.9,218.01,-130.89,-60.04,Winter,0.0,Tier 2: Warning
ORD-12990,2023-10-20,Apparel,Pants,East,On-Time,32,4,84.52,155.35,0.0,621.4,338.08,621.4,283.32,45.59,Fall,1.0,Tier 1: Fast Mover
ORD-12991,2023-05-23,Electronics,Computers,North,On-Time,8,5,302.96,640.95,0.0,3204.75,1514.8,3204.75,1689.95,52.73,Spring,1.0,Tier 1: Fast Mover
ORD-12992,2023-06-03,Electronics,Accessories,East,On-Time,31,5,35.09,75.77,0.05,378.85,175.45,359.91,184.46,51.25,Summer,1.0,Tier 1: Fast Mover
ORD-12993,2023-07-19,Apparel,Shirts,East,On-Time,35,2,258.4,557.03,0.0,1114.06,516.8,1114.06,597.26,53.61,Summer,1.0,Tier 1: Fast Mover
ORD-12994,2023-10-27,Furniture,Chairs,South,On-Time,92,1,278.47,296.32,0.46,296.32,278.47,160.01,-118.46,-74.03,Fall,0.0,Tier 2: Warning
ORD-12995,2023-09-06,Apparel,Shirts,North,On-Time,34,3,182.56,299.29,0.0,897.87,547.68,897.87,350.19,39.0,Fall,1.0,Tier 1: Fast Mover
ORD-12996,2023-05-18,Apparel,Footwear,West,Delayed - Transit,85,1,97.03,129.28,0.0,129.28,97.03,129.28,32.25,24.95,Spring,1.0,Tier 1: Fast Mover
ORD-12997,2023-10-03,Apparel,Shirts,East,On-Time,26,3,118.47,268.62,0.0,805.86,355.41,805.86,450.45,55.9,Fall,1.0,Tier 1: Fast Mover
ORD-12998,2023-10-31,Furniture,Chairs,East,Delayed - Transit,178,3,295.53,393.56,0.59,1180.68,886.59,484.08,-402.51,-83.15,Fall,2.0,Tier 3: Dead Stock
ORD-12999,2023-10-07,Furniture,Desks,South,Delayed - Transit,82,4,344.93,403.54,0.05,1614.16,1379.72,1533.45,153.73,10.03,Fall,1.0,Tier 1: Fast Mover
ORD-13000,2023-10-20,Apparel,Shirts,East,Delayed - Transit,133,4,171.84,190.67,0.53,762.68,687.36,358.46,-328.9,-91.75,Fall,2.0,Tier 3: Dead Stock
ORD-13001,2023-09-19,Furniture,Chairs,South,Delayed - Customs,59,3,106.83,130.15,0.0,390.45,320.49,390.45,69.96,17.92,Fall,1.0,Tier 1: Fast Mover
ORD-13002,2023-12-09,Electronics,Audio,East,On-Time,40,3,325.16,581.69,0.0,1745.07,975.48,1745.07,769.59,44.1,Winter,1.0,Tier 1: Fast Mover
ORD-13003,2023-10-13,Apparel,Shirts,West,On-Time,32,5,219.85,506.52,0.0,2532.6,1099.25,2532.6,1433.35,56.6,Fall,1.0,Tier 1: Fast Mover
ORD-13004,2023-03-19,Furniture,Desks,West,On-Time,131,1,105.8,123.14,0.36,123.14,105.8,78.81,-26.99,-34.25,Spring,0.0,Tier 2: Warning
ORD-13005,2023-11-22,Electronics,Computers,West,On-Time,26,1,179.82,338.53,0.0,338.53,179.82,338.53,158.71,46.88,Fall,1.0,Tier 1: Fast Mover
ORD-13006,2023-09-05,Electronics,Computers,North,On-Time,14,2,59.17,110.53,0.0,221.06,118.34,221.06,102.72,46.47,Fall,1.0,Tier 1: Fast Mover
ORD-13007,2023-11-15,Electronics,Accessories,South,On-Time,14,1,287.66,499.92,0.05,499.92,287.66,474.92,187.26,39.43,Fall,1.0,Tier 1: Fast Mover
ORD-13008,2023-04-13,Electronics,Computers,East,Delayed - Transit,92,5,360.28,431.89,0.6,2159.45,1801.4,863.78,-937.62,-108.55,Spring,2.0,Tier 3: Dead Stock
ORD-13009,2023-12-14,Furniture,Chairs,North,On-Time,103,3,155.55,169.28,0.42,507.84,466.65,294.55,-172.1,-58.43,Winter,0.0,Tier 2: Warning
ORD-13010,2023-11-24,Apparel,Footwear,West,Delayed - Customs,148,1,120.57,134.34,0.53,134.34,120.57,63.14,-57.43,-90.96,Fall,2.0,Tier 3: Dead Stock
ORD-13011,2023-07-06,Apparel,Pants,West,On-Time,38,2,19.3,41.44,0.0,82.88,38.6,82.88,44.28,53.43,Summer,1.0,Tier 1: Fast Mover
ORD-13012,2023-04-16,Electronics,Computers,South,On-Time,14,5,41.04,80.65,0.05,403.25,205.2,383.09,177.89,46.44,Spring,1.0,Tier 1: Fast Mover
ORD-13013,2023-04-14,Apparel,Pants,North,On-Time,29,4,332.59,723.01,0.05,2892.04,1330.36,2747.44,1417.08,51.58,Spring,1.0,Tier 1: Fast Mover
ORD-13014,2023-11-12,Apparel,Pants,South,On-Time,5,1,135.49,218.6,0.05,218.6,135.49,207.67,72.18,34.76,Fall,1.0,Tier 1: Fast Mover
ORD-13015,2023-02-09,Electronics,Computers,West,On-Time,15,3,264.85,571.55,0.05,1714.65,794.55,1628.92,834.37,51.22,Winter,1.0,Tier 1: Fast Mover
ORD-13016,2023-11-09,Electronics,Audio,West,Delayed - Customs,95,4,304.43,334.18,0.5,1336.72,1217.72,668.36,-549.36,-82.2,Fall,2.0,Tier 3: Dead Stock
ORD-13017,2023-06-14,Furniture,Chairs,East,On-Time,126,2,100.91,111.88,0.64,223.76,201.82,80.55,-121.27,-150.54,Summer,2.0,Tier 3: Dead Stock
ORD-13018,2023-07-21,Furniture,Chairs,North,On-Time,117,3,306.86,398.58,0.56,1195.74,920.58,526.13,-394.45,-74.97,Summer,0.0,Tier 2: Warning
ORD-13019,2023-06-29,Apparel,Footwear,West,On-Time,34,4,126.27,283.45,0.05,1133.8,505.08,1077.11,572.03,53.11,Summer,1.0,Tier 1: Fast Mover
ORD-13020,2023-11-29,Furniture,Tables,North,On-Time,138,3,261.99,283.25,0.6,849.75,785.97,339.9,-446.07,-131.24,Fall,2.0,Tier 3: Dead Stock
ORD-13021,2023-07-02,Apparel,Pants,North,On-Time,34,4,280.0,633.99,0.0,2535.96,1120.0,2535.96,1415.96,55.84,Summer,1.0,Tier 1: Fast Mover
ORD-13022,2023-02-20,Electronics,Accessories,West,On-Time,5,1,233.99,495.34,0.0,495.34,233.99,495.34,261.35,52.76,Winter,1.0,Tier 1: Fast Mover
ORD-13023,2023-06-24,Furniture,Desks,South,On-Time,127,3,55.29,67.12,0.41,201.36,165.87,118.8,-47.07,-39.62,Summer,0.0,Tier 2: Warning
ORD-13024,2023-12-24,Electronics,Computers,East,On-Time,14,1,78.78,130.73,0.0,130.73,78.78,130.73,51.95,39.74,Winter,1.0,Tier 1: Fast Mover
ORD-13025,2023-12-04,Apparel,Shirts,East,Delayed - Transit,130,1,91.65,112.28,0.61,112.28,91.65,43.79,-47.86,-109.3,Winter,2.0,Tier 3: Dead Stock
ORD-13026,2023-06-01,Furniture,Desks,West,On-Time,117,3,370.14,495.87,0.48,1487.61,1110.42,773.56,-336.86,-43.55,Summer,0.0,Tier 2: Warning
ORD-13027,2023-03-18,Apparel,Shirts,North,Delayed - Customs,83,1,310.13,412.95,0.05,412.95,310.13,392.3,82.17,20.95,Spring,1.0,Tier 1: Fast Mover
ORD-13028,2023-01-07,Furniture,Desks,South,On-Time,97,5,188.81,246.52,0.38,1232.6,944.05,764.21,-179.84,-23.53,Winter,0.0,Tier 2: Warning
ORD-13029,2023-02-23,Electronics,Audio,North,Delayed - Customs,136,1,39.99,44.04,0.56,44.04,39.99,19.38,-20.61,-106.37,Winter,2.0,Tier 3: Dead Stock
ORD-13030,2023-12-27,Furniture,Tables,West,On-Time,120,1,295.73,352.9,0.62,352.9,295.73,134.1,-161.63,-120.53,Winter,2.0,Tier 3: Dead Stock
ORD-13031,2023-05-16,Furniture,Uncategorized,North,On-Time,132,4,396.71,456.29,0.47,1825.16,1586.84,967.33,-619.51,-64.04,Spring,0.0,Tier 2: Warning
ORD-13032,2023-09-02,Electronics,Accessories,South,On-Time,21,1,338.74,673.58,0.0,673.58,338.74,673.58,334.84,49.71,Fall,1.0,Tier 1: Fast Mover
ORD-13033,2023-08-16,Furniture,Desks,West,On-Time,121,4,94.11,102.99,0.63,411.96,376.44,152.43,-224.01,-146.97,Summer,2.0,Tier 3: Dead Stock
ORD-13034,2023-06-17,Furniture,Chairs,North,On-Time,109,5,117.8,132.68,0.4,663.4,589.0,398.04,-190.96,-47.98,Summer,0.0,Tier 2: Warning
ORD-13035,2023-07-13,Electronics,Computers,South,On-Time,40,3,132.82,259.4,0.0,778.2,398.46,778.2,379.74,48.8,Summer,1.0,Tier 1: Fast Mover
ORD-13036,2023-08-06,Apparel,Shirts,West,On-Time,49,3,391.7,831.61,0.0,2494.83,1175.1,2494.83,1319.73,52.9,Summer,1.0,Tier 1: Fast Mover
ORD-13037,2023-07-30,Apparel,Footwear,West,On-Time,43,5,252.02,441.03,0.05,2205.15,1260.1,2094.89,834.79,39.85,Summer,1.0,Tier 1: Fast Mover
ORD-13038,2023-02-17,Apparel,Footwear,East,On-Time,28,1,393.75,829.59,0.05,829.59,393.75,788.11,394.36,50.04,Winter,1.0,Tier 1: Fast Mover
ORD-13039,2023-05-17,Apparel,Uncategorized,East,On-Time,38,5,149.91,244.75,0.0,1223.75,749.55,1223.75,474.2,38.75,Spring,1.0,Tier 1: Fast Mover
ORD-13040,2023-08-21,Apparel,Pants,North,Delayed - Transit,158,2,89.91,109.19,0.53,218.38,179.82,102.64,-77.18,-75.2,Summer,0.0,Tier 2: Warning
ORD-13041,2023-06-23,Electronics,Computers,West,On-Time,40,4,304.02,539.07,0.05,2156.28,1216.08,2048.47,832.39,40.63,Summer,1.0,Tier 1: Fast Mover
ORD-13042,2023-08-30,Electronics,Computers,North,Delayed - Transit,129,2,280.75,366.51,0.41,733.02,561.5,432.48,-129.02,-29.83,Summer,0.0,Tier 2: Warning
ORD-13043,2023-03-21,Apparel,Shirts,West,On-Time,43,3,91.45,189.62,0.05,568.86,274.35,540.42,266.07,49.23,Spring,1.0,Tier 1: Fast Mover
ORD-13044,2023-03-21,Furniture,Desks,West,On-Time,160,4,362.63,386.84,0.53,1547.36,1450.52,727.26,-723.26,-99.45,Spring,2.0,Tier 3: Dead Stock
ORD-13045,2023-05-30,Electronics,Audio,South,Delayed - Customs,110,5,210.64,235.56,0.62,1177.8,1053.2,447.56,-605.64,-135.32,Spring,2.0,Tier 3: Dead Stock
ORD-13046,2023-09-06,Apparel,Shirts,South,On-Time,28,2,92.44,172.84,0.05,345.68,184.88,328.4,143.52,43.7,Fall,1.0,Tier 1: Fast Mover
ORD-13047,2023-08-20,Furniture,Tables,West,On-Time,175,5,118.72,137.19,0.42,685.95,593.6,397.85,-195.75,-49.2,Summer,0.0,Tier 2: Warning
ORD-13048,2023-01-29,Electronics,Computers,East,On-Time,43,5,258.98,556.67,0.05,2783.35,1294.9,2644.18,1349.28,51.03,Winter,1.0,Tier 1: Fast Mover
ORD-13049,2023-07-21,Apparel,Pants,South,On-Time,38,5,302.17,600.58,0.05,3002.9,1510.85,2852.76,1341.91,47.04,Summer,1.0,Tier 1: Fast Mover
ORD-13050,2023-12-27,Furniture,Chairs,West,Delayed - Transit,140,5,177.13,213.34,0.59,1066.7,885.65,437.35,-448.3,-102.51,Winter,2.0,Tier 3: Dead Stock
ORD-13051,2023-03-25,Apparel,Footwear,West,On-Time,28,3,311.15,579.39,0.05,1738.17,933.45,1651.26,717.81,43.47,Spring,1.0,Tier 1: Fast Mover
ORD-13052,2023-06-22,Electronics,Accessories,South,On-Time,27,1,380.19,639.6,0.05,639.6,380.19,607.62,227.43,37.43,Summer,1.0,Tier 1: Fast Mover
ORD-13053,2023-05-13,Apparel,Shirts,West,On-Time,30,5,340.01,802.34,0.05,4011.7,1700.05,3811.12,2111.07,55.39,Spring,1.0,Tier 1: Fast Mover
ORD-13054,2023-07-08,Furniture,Chairs,West,On-Time,107,2,63.51,81.0,0.53,162.0,127.02,76.14,-50.88,-66.82,Summer,0.0,Tier 2: Warning
ORD-13055,2023-07-12,Furniture,Desks,North,On-Time,108,2,228.5,249.27,0.52,498.54,457.0,239.3,-217.7,-90.97,Summer,2.0,Tier 3: Dead Stock
ORD-13056,2023-11-30,Furniture,Chairs,South,Delayed - Transit,118,3,389.62,426.25,0.39,1278.75,1168.86,780.04,-388.82,-49.85,Fall,0.0,Tier 2: Warning
ORD-13057,2023-12-31,Furniture,Desks,South,Delayed - Customs,121,5,286.2,345.93,0.37,1729.65,1431.0,1089.68,-341.32,-31.32,Winter,0.0,Tier 2: Warning
ORD-13058,2023-12-22,Electronics,Uncategorized,North,On-Time,30,1,83.52,171.76,0.05,171.76,83.52,163.17,79.65,48.81,Winter,1.0,Tier 1: Fast Mover
ORD-13059,2023-11-29,Electronics,Accessories,South,On-Time,17,5,368.32,620.47,0.05,3102.35,1841.6,2947.23,1105.63,37.51,Fall,1.0,Tier 1: Fast Mover
ORD-13060,2023-09-26,Furniture,Desks,South,On-Time,80,1,395.11,465.28,0.05,465.28,395.11,442.02,46.91,10.61,Fall,1.0,Tier 1: Fast Mover
ORD-13061,2023-11-14,Apparel,Uncategorized,North,On-Time,21,2,396.37,681.13,0.05,1362.26,792.74,1294.15,501.41,38.74,Fall,1.0,Tier 1: Fast Mover
ORD-13062,2023-10-26,Apparel,Pants,East,On-Time,48,5,15.84,28.66,0.0,143.3,79.2,143.3,64.1,44.73,Fall,1.0,Tier 1: Fast Mover
ORD-13063,2023-01-02,Furniture,Chairs,South,Delayed - Customs,130,3,269.23,317.28,0.6,951.84,807.69,380.74,-426.95,-112.14,Winter,2.0,Tier 3: Dead Stock
ORD-13064,2023-05-03,Furniture,Tables,South,On-Time,84,1,351.35,391.14,0.05,391.14,351.35,371.58,20.23,5.45,Spring,1.0,Tier 1: Fast Mover
ORD-13065,2023-05-06,Apparel,Footwear,East,Delayed - Customs,83,3,73.13,87.56,0.0,262.68,219.39,262.68,43.29,16.48,Spring,1.0,Tier 1: Fast Mover
ORD-13066,2023-09-27,Electronics,Accessories,South,On-Time,17,4,76.21,126.67,0.0,506.68,304.84,506.68,201.84,39.84,Fall,1.0,Tier 1: Fast Mover
ORD-13067,2023-12-09,Furniture,Tables,East,On-Time,124,4,318.51,396.47,0.61,1585.88,1274.04,618.49,-655.55,-105.99,Winter,2.0,Tier 3: Dead Stock
ORD-13068,2023-11-07,Furniture,Desks,East,Delayed - Transit,124,4,335.39,427.2,0.58,1708.8,1341.56,717.7,-623.86,-86.93,Fall,2.0,Tier 3: Dead Stock
ORD-13069,2023-02-05,Electronics,Accessories,North,Delayed - Transit,135,3,368.31,413.28,0.51,1239.84,1104.93,607.52,-497.41,-81.88,Winter,2.0,Tier 3: Dead Stock
ORD-13070,2023-12-06,Apparel,Shirts,North,On-Time,30,2,361.66,640.01,0.0,1280.02,723.32,1280.02,556.7,43.49,Winter,1.0,Tier 1: Fast Mover
ORD-13071,2023-08-20,Furniture,Desks,North,On-Time,100,1,260.13,282.57,0.65,282.57,260.13,98.9,-161.23,-163.02,Summer,2.0,Tier 3: Dead Stock
ORD-13072,2023-05-03,Furniture,Desks,South,Delayed - Customs,168,3,198.07,252.62,0.47,757.86,594.21,401.67,-192.54,-47.94,Spring,0.0,Tier 2: Warning
ORD-13073,2023-07-07,Electronics,Audio,West,On-Time,46,5,294.64,633.89,0.0,3169.45,1473.2,3169.45,1696.25,53.52,Summer,1.0,Tier 1: Fast Mover
ORD-13074,2023-12-14,Electronics,Accessories,West,On-Time,38,4,227.09,376.96,0.0,1507.84,908.36,1507.84,599.48,39.76,Winter,1.0,Tier 1: Fast Mover
ORD-13075,2023-09-28,Electronics,Audio,West,On-Time,17,4,307.54,592.04,0.0,2368.16,1230.16,2368.16,1138.0,48.05,Fall,1.0,Tier 1: Fast Mover
ORD-13076,2023-07-10,Furniture,Chairs,West,On-Time,121,3,68.01,80.69,0.46,242.07,204.03,130.72,-73.31,-56.08,Summer,0.0,Tier 2: Warning
ORD-13077,2023-06-16,Furniture,Tables,East,On-Time,81,1,44.6,55.27,0.05,55.27,44.6,52.51,7.91,15.06,Summer,1.0,Tier 1: Fast Mover
ORD-13078,2023-05-07,Furniture,Chairs,South,On-Time,152,2,67.33,74.24,0.51,148.48,134.66,72.76,-61.9,-85.09,Spring,2.0,Tier 3: Dead Stock
ORD-13079,2023-04-28,Apparel,Footwear,East,On-Time,29,1,181.89,333.67,0.05,333.67,181.89,316.99,135.1,42.62,Spring,1.0,Tier 1: Fast Mover
ORD-13080,2023-10-03,Electronics,Computers,North,On-Time,47,5,172.93,298.37,0.0,1491.85,864.65,1491.85,627.2,42.04,Fall,1.0,Tier 1: Fast Mover
ORD-13081,2023-07-26,Electronics,Accessories,East,Delayed - Customs,114,5,45.39,58.45,0.54,292.25,226.95,134.44,-92.52,-68.82,Summer,0.0,Tier 2: Warning
ORD-13082,2023-03-28,Furniture,Tables,South,On-Time,111,3,395.89,494.71,0.64,1484.13,1187.67,534.29,-653.38,-122.29,Spring,2.0,Tier 3: Dead Stock
ORD-13083,2023-10-15,Apparel,Footwear,North,On-Time,20,1,23.07,48.65,0.05,48.65,23.07,46.22,23.15,50.08,Fall,1.0,Tier 1: Fast Mover
ORD-13084,2023-09-11,Furniture,Desks,West,Delayed - Customs,117,5,274.51,315.33,0.53,1576.65,1372.55,741.03,-631.52,-85.22,Fall,2.0,Tier 3: Dead Stock
ORD-13085,2023-05-18,Furniture,Chairs,East,On-Time,146,2,392.31,465.47,0.56,930.94,784.62,409.61,-375.01,-91.55,Spring,2.0,Tier 3: Dead Stock
ORD-13086,2023-09-17,Furniture,Tables,North,On-Time,74,4,44.13,49.01,0.0,196.04,176.52,196.04,19.52,9.96,Fall,1.0,Tier 1: Fast Mover
ORD-13087,2023-06-05,Electronics,Accessories,South,On-Time,13,3,328.32,613.24,0.05,1839.72,984.96,1747.73,762.77,43.64,Summer,1.0,Tier 1: Fast Mover
ORD-13088,2023-07-13,Furniture,Desks,North,On-Time,92,5,326.99,348.23,0.59,1741.15,1634.95,713.87,-921.08,-129.03,Summer,2.0,Tier 3: Dead Stock
ORD-13089,2023-12-22,Furniture,Desks,West,Delayed - Transit,122,4,206.56,247.43,0.48,989.72,826.24,514.65,-311.59,-60.54,Winter,0.0,Tier 2: Warning
ORD-13090,2023-04-17,Furniture,Tables,North,On-Time,125,2,269.88,330.37,0.47,660.74,539.76,350.19,-189.57,-54.13,Spring,0.0,Tier 2: Warning
ORD-13091,2023-06-22,Electronics,Computers,West,On-Time,31,1,264.97,558.79,0.0,558.79,264.97,558.79,293.82,52.58,Summer,1.0,Tier 1: Fast Mover
ORD-13092,2023-02-01,Electronics,Audio,South,Delayed - Customs,146,3,219.76,266.96,0.48,800.88,659.28,416.46,-242.82,-58.31,Winter,0.0,Tier 2: Warning
ORD-13093,2023-02-23,Apparel,Footwear,South,On-Time,41,1,313.55,688.29,0.05,688.29,313.55,653.88,340.33,52.05,Winter,1.0,Tier 1: Fast Mover
ORD-13094,2023-12-10,Apparel,Shirts,East,On-Time,22,3,146.28,287.7,0.05,863.1,438.84,819.95,381.11,46.48,Winter,1.0,Tier 1: Fast Mover
ORD-13095,2023-08-10,Apparel,Footwear,West,On-Time,22,4,142.53,283.15,0.05,1132.6,570.12,1075.97,505.85,47.01,Summer,1.0,Tier 1: Fast Mover
ORD-13096,2023-02-11,Apparel,Shirts,South,On-Time,27,4,183.76,376.37,0.05,1505.48,735.04,1430.21,695.17,48.61,Winter,1.0,Tier 1: Fast Mover
ORD-13097,2023-09-12,Furniture,Desks,East,On-Time,151,2,353.17,442.14,0.37,884.28,706.34,557.1,-149.24,-26.79,Fall,0.0,Tier 2: Warning
ORD-13098,2023-11-11,Furniture,Chairs,East,On-Time,116,4,263.08,315.71,0.42,1262.84,1052.32,732.45,-319.87,-43.67,Fall,0.0,Tier 2: Warning
ORD-13099,2023-03-08,Electronics,Audio,East,Delayed - Transit,134,2,218.03,231.68,0.51,463.36,436.06,227.05,-209.01,-92.06,Spring,2.0,Tier 3: Dead Stock
ORD-13100,2023-12-16,Apparel,Pants,East,On-Time,35,4,20.25,40.71,0.05,162.84,81.0,154.7,73.7,47.64,Winter,1.0,Tier 1: Fast Mover
ORD-13101,2023-10-13,Electronics,Computers,West,On-Time,26,2,233.24,412.65,0.05,825.3,466.48,784.04,317.56,40.5,Fall,1.0,Tier 1: Fast Mover
ORD-13102,2023-11-14,Apparel,Shirts,West,On-Time,29,3,19.97,45.12,0.0,135.36,59.91,135.36,75.45,55.74,Fall,1.0,Tier 1: Fast Mover
ORD-13103,2023-01-15,Furniture,Desks,South,On-Time,116,2,77.42,94.11,0.55,188.22,154.84,84.7,-70.14,-82.81,Winter,2.0,Tier 3: Dead Stock
ORD-13104,2023-05-06,Furniture,Desks,South,On-Time,130,1,146.35,172.62,0.52,172.62,146.35,82.86,-63.49,-76.63,Spring,0.0,Tier 2: Warning
ORD-13105,2023-01-11,Furniture,Chairs,East,On-Time,138,4,59.99,64.11,0.5,256.44,239.96,128.22,-111.74,-87.15,Winter,2.0,Tier 3: Dead Stock
ORD-13106,2023-08-12,Furniture,Chairs,East,On-Time,135,5,193.96,235.91,0.58,1179.55,969.8,495.41,-474.39,-95.76,Summer,2.0,Tier 3: Dead Stock
ORD-13107,2023-08-15,Apparel,Footwear,South,On-Time,31,4,286.25,541.44,0.0,2165.76,1145.0,2165.76,1020.76,47.13,Summer,1.0,Tier 1: Fast Mover
ORD-13108,2023-05-07,Apparel,Footwear,West,On-Time,4,1,31.51,64.69,0.05,64.69,31.51,61.46,29.95,48.73,Spring,1.0,Tier 1: Fast Mover
ORD-13109,2023-09-06,Furniture,Desks,East,Delayed - Customs,156,1,238.34,283.12,0.44,283.12,238.34,158.55,-79.79,-50.33,Fall,0.0,Tier 2: Warning
ORD-13110,2023-05-29,Electronics,Accessories,North,On-Time,45,5,148.05,326.17,0.05,1630.85,740.25,1549.31,809.06,52.22,Spring,1.0,Tier 1: Fast Mover
ORD-13111,2023-10-19,Furniture,Chairs,West,Delayed - Customs,110,2,26.91,30.32,0.64,60.64,53.82,21.83,-31.99,-146.54,Fall,2.0,Tier 3: Dead Stock
ORD-13112,2023-11-10,Electronics,Accessories,West,On-Time,25,3,375.76,601.66,0.05,1804.98,1127.28,1714.73,587.45,34.26,Fall,1.0,Tier 1: Fast Mover
ORD-13113,2023-11-14,Apparel,Pants,East,On-Time,49,3,188.7,385.86,0.05,1157.58,566.1,1099.7,533.6,48.52,Fall,1.0,Tier 1: Fast Mover
ORD-13114,2023-04-15,Electronics,Accessories,South,On-Time,31,4,145.11,324.53,0.0,1298.12,580.44,1298.12,717.68,55.29,Spring,1.0,Tier 1: Fast Mover
ORD-13115,2023-03-02,Apparel,Shirts,South,Delayed - Transit,105,3,112.56,136.73,0.54,410.19,337.68,188.69,-148.99,-78.96,Spring,2.0,Tier 3: Dead Stock
ORD-13116,2023-07-25,Furniture,Desks,East,On-Time,156,2,356.68,415.93,0.64,831.86,713.36,299.47,-413.89,-138.21,Summer,2.0,Tier 3: Dead Stock
ORD-13117,2023-06-10,Electronics,Computers,North,On-Time,36,2,245.6,467.87,0.0,935.74,491.2,935.74,444.54,47.51,Summer,1.0,Tier 1: Fast Mover
ORD-13118,2023-12-18,Furniture,Chairs,North,On-Time,101,3,26.8,29.9,0.47,89.7,80.4,47.54,-32.86,-69.12,Winter,0.0,Tier 2: Warning
ORD-13119,2023-11-19,Apparel,Footwear,West,On-Time,2,3,17.03,37.11,0.05,111.33,51.09,105.76,54.67,51.69,Fall,1.0,Tier 1: Fast Mover
ORD-13120,2023-11-30,Furniture,Tables,South,On-Time,109,4,164.13,205.98,0.37,823.92,656.52,519.07,-137.45,-26.48,Fall,0.0,Tier 2: Warning
ORD-13121,2023-09-10,Apparel,Pants,North,On-Time,32,3,323.91,687.31,0.05,2061.93,971.73,1958.83,987.1,50.39,Fall,1.0,Tier 1: Fast Mover
ORD-13122,2023-04-01,Furniture,Chairs,East,On-Time,98,1,165.46,200.56,0.58,200.56,165.46,84.24,-81.22,-96.43,Spring,2.0,Tier 3: Dead Stock
ORD-13123,2023-07-16,Electronics,Audio,East,On-Time,19,4,67.07,143.55,0.0,574.2,268.28,574.2,305.92,53.28,Summer,1.0,Tier 1: Fast Mover
ORD-13124,2023-01-06,Furniture,Tables,East,Delayed - Transit,129,4,30.74,35.68,0.47,142.72,122.96,75.64,-47.32,-62.56,Winter,0.0,Tier 2: Warning
ORD-13125,2023-10-18,Apparel,Pants,South,Delayed - Transit,113,4,303.24,367.44,0.46,1469.76,1212.96,793.67,-419.29,-52.83,Fall,0.0,Tier 2: Warning
ORD-13126,2023-01-27,Apparel,Pants,East,On-Time,39,5,83.33,161.79,0.0,808.95,416.65,808.95,392.3,48.49,Winter,1.0,Tier 1: Fast Mover
ORD-13127,2023-04-23,Apparel,Shirts,North,On-Time,23,2,308.68,570.87,0.05,1141.74,617.36,1084.65,467.29,43.08,Spring,1.0,Tier 1: Fast Mover
ORD-13128,2023-07-22,Electronics,Audio,West,Delayed - Transit,71,4,399.14,438.44,0.0,1753.76,1596.56,1753.76,157.2,8.96,Summer,1.0,Tier 1: Fast Mover
ORD-13129,2023-04-30,Apparel,Pants,East,On-Time,47,5,107.69,246.11,0.0,1230.55,538.45,1230.55,692.1,56.24,Spring,1.0,Tier 1: Fast Mover
ORD-13130,2023-02-12,Electronics,Computers,South,On-Time,39,5,97.0,178.1,0.0,890.5,485.0,890.5,405.5,45.54,Winter,1.0,Tier 1: Fast Mover
ORD-13131,2023-08-08,Apparel,Shirts,East,On-Time,48,5,297.02,652.41,0.0,3262.05,1485.1,3262.05,1776.95,54.47,Summer,1.0,Tier 1: Fast Mover
ORD-13132,2023-07-19,Apparel,Footwear,West,On-Time,49,1,151.61,315.28,0.05,315.28,151.61,299.52,147.91,49.38,Summer,1.0,Tier 1: Fast Mover
ORD-13133,2023-12-18,Apparel,Pants,South,Delayed - Transit,82,3,353.05,434.27,0.0,1302.81,1059.15,1302.81,243.66,18.7,Winter,1.0,Tier 1: Fast Mover
ORD-13134,2023-01-27,Furniture,Desks,East,Delayed - Transit,124,5,331.8,436.28,0.49,2181.4,1659.0,1112.51,-546.49,-49.12,Winter,0.0,Tier 2: Warning
ORD-13135,2023-03-06,Furniture,Chairs,South,On-Time,93,3,216.09,283.47,0.36,850.41,648.27,544.26,-104.01,-19.11,Spring,0.0,Tier 2: Warning
ORD-13136,2023-08-18,Apparel,Uncategorized,West,On-Time,6,3,394.78,856.51,0.0,2569.53,1184.34,2569.53,1385.19,53.91,Summer,1.0,Tier 1: Fast Mover
ORD-13137,2023-05-28,Electronics,Accessories,East,On-Time,44,5,69.4,159.73,0.05,798.65,347.0,758.72,411.72,54.26,Spring,1.0,Tier 1: Fast Mover
ORD-13138,2023-03-06,Furniture,Tables,West,On-Time,81,2,374.99,489.34,0.0,978.68,749.98,978.68,228.7,23.37,Spring,1.0,Tier 1: Fast Mover
ORD-13139,2023-07-10,Furniture,Desks,North,On-Time,142,5,86.51,108.45,0.47,542.25,432.55,287.39,-145.16,-50.51,Summer,0.0,Tier 2: Warning
ORD-13140,2023-11-10,Electronics,Accessories,North,On-Time,32,4,332.84,592.71,0.05,2370.84,1331.36,2252.3,920.94,40.89,Fall,1.0,Tier 1: Fast Mover
ORD-13141,2023-08-30,Electronics,Computers,North,On-Time,33,5,188.23,403.56,0.05,2017.8,941.15,1916.91,975.76,50.9,Summer,1.0,Tier 1: Fast Mover
ORD-13142,2023-01-01,Furniture,Tables,West,Delayed - Transit,111,4,383.87,458.49,0.51,1833.96,1535.48,898.64,-636.84,-70.87,Winter,0.0,Tier 2: Warning
ORD-13143,2023-08-31,Furniture,Desks,West,On-Time,100,1,135.6,145.22,0.5,145.22,135.6,72.61,-62.99,-86.75,Summer,2.0,Tier 3: Dead Stock
ORD-13144,2023-01-31,Electronics,Computers,East,On-Time,26,2,144.14,339.04,0.0,678.08,288.28,678.08,389.8,57.49,Winter,1.0,Tier 1: Fast Mover
ORD-13145,2023-05-17,Apparel,Pants,South,On-Time,1,3,343.24,656.94,0.0,1970.82,1029.72,1970.82,941.1,47.75,Spring,1.0,Tier 1: Fast Mover
ORD-13146,2023-06-21,Electronics,Accessories,East,On-Time,29,3,315.95,518.91,0.0,1556.73,947.85,1556.73,608.88,39.11,Summer,1.0,Tier 1: Fast Mover
ORD-13147,2023-11-13,Furniture,Desks,South,On-Time,119,3,370.74,435.14,0.47,1305.42,1112.22,691.87,-420.35,-60.76,Fall,0.0,Tier 2: Warning
ORD-13148,2023-07-23,Apparel,Shirts,East,On-Time,43,5,225.68,378.2,0.0,1891.0,1128.4,1891.0,762.6,40.33,Summer,1.0,Tier 1: Fast Mover
ORD-13149,2023-11-13,Apparel,Pants,North,On-Time,26,5,387.53,700.5,0.0,3502.5,1937.65,3502.5,1564.85,44.68,Fall,1.0,Tier 1: Fast Mover
ORD-13150,2023-07-17,Electronics,Audio,South,On-Time,18,4,214.64,383.41,0.05,1533.64,858.56,1456.96,598.4,41.07,Summer,1.0,Tier 1: Fast Mover
ORD-13151,2023-11-25,Furniture,Chairs,South,On-Time,86,5,86.24,105.08,0.4,525.4,431.2,315.24,-115.96,-36.78,Fall,0.0,Tier 2: Warning
ORD-13152,2023-11-01,Electronics,Accessories,South,Delayed - Customs,83,4,90.05,117.97,0.05,471.88,360.2,448.29,88.09,19.65,Fall,1.0,Tier 1: Fast Mover
ORD-13153,2023-10-13,Apparel,Pants,South,On-Time,43,3,41.91,74.1,0.0,222.3,125.73,222.3,96.57,43.44,Fall,1.0,Tier 1: Fast Mover
ORD-13154,2023-06-15,Electronics,Computers,West,On-Time,40,2,101.99,214.66,0.05,429.32,203.98,407.85,203.87,49.99,Summer,1.0,Tier 1: Fast Mover
ORD-13155,2023-10-28,Apparel,Shirts,East,On-Time,22,3,203.09,334.12,0.05,1002.36,609.27,952.24,342.97,36.02,Fall,1.0,Tier 1: Fast Mover
ORD-13156,2023-06-14,Electronics,Audio,East,On-Time,22,4,128.49,305.32,0.0,1221.28,513.96,1221.28,707.32,57.92,Summer,1.0,Tier 1: Fast Mover
ORD-13157,2023-06-07,Electronics,Computers,North,On-Time,36,1,119.27,225.85,0.05,225.85,119.27,214.56,95.29,44.41,Summer,1.0,Tier 1: Fast Mover
ORD-13158,2023-05-09,Apparel,Footwear,South,On-Time,37,5,319.45,705.87,0.0,3529.35,1597.25,3529.35,1932.1,54.74,Spring,1.0,Tier 1: Fast Mover
ORD-13159,2023-07-07,Furniture,Tables,North,On-Time,119,2,380.18,446.3,0.44,892.6,760.36,499.86,-260.5,-52.12,Summer,0.0,Tier 2: Warning
ORD-13160,2023-03-30,Apparel,Shirts,East,On-Time,25,1,361.7,756.49,0.0,756.49,361.7,756.49,394.79,52.19,Spring,1.0,Tier 1: Fast Mover
ORD-13161,2023-01-27,Furniture,Desks,West,Delayed - Transit,83,5,316.78,336.96,0.05,1684.8,1583.9,1600.56,16.66,1.04,Winter,0.0,Tier 2: Warning
ORD-13162,2023-05-16,Apparel,Pants,East,On-Time,37,2,306.14,559.01,0.0,1118.02,612.28,1118.02,505.74,45.24,Spring,1.0,Tier 1: Fast Mover
ORD-13163,2023-11-18,Furniture,Desks,South,On-Time,94,2,195.8,248.89,0.5,497.78,391.6,248.89,-142.71,-57.34,Fall,0.0,Tier 2: Warning
ORD-13164,2023-07-25,Electronics,Accessories,North,On-Time,20,1,129.99,221.39,0.0,221.39,129.99,221.39,91.4,41.28,Summer,1.0,Tier 1: Fast Mover
ORD-13165,2023-10-18,Furniture,Chairs,East,On-Time,186,4,201.9,217.18,0.58,868.72,807.6,364.86,-442.74,-121.34,Fall,2.0,Tier 3: Dead Stock
ORD-13166,2023-10-17,Apparel,Shirts,North,Delayed - Customs,124,4,315.8,368.76,0.65,1475.04,1263.2,516.26,-746.94,-144.68,Fall,2.0,Tier 3: Dead Stock
ORD-13167,2023-01-05,Apparel,Shirts,East,On-Time,52,5,332.52,582.74,0.05,2913.7,1662.6,2768.02,1105.42,39.94,Winter,1.0,Tier 1: Fast Mover
ORD-13168,2023-04-25,Furniture,Chairs,South,On-Time,87,4,333.73,445.1,0.45,1780.4,1334.92,979.22,-355.7,-36.32,Spring,0.0,Tier 2: Warning
ORD-13169,2023-11-19,Furniture,Desks,East,Delayed - Transit,131,2,87.79,111.83,0.49,223.66,175.58,114.07,-61.51,-53.93,Fall,0.0,Tier 2: Warning
ORD-13170,2023-02-12,Apparel,Pants,West,On-Time,41,4,38.95,66.04,0.0,264.16,155.8,264.16,108.36,41.02,Winter,1.0,Tier 1: Fast Mover
ORD-13171,2023-05-04,Electronics,Accessories,West,On-Time,22,4,242.17,558.49,0.05,2233.96,968.68,2122.26,1153.58,54.36,Spring,1.0,Tier 1: Fast Mover
ORD-13172,2023-03-02,Apparel,Shirts,South,On-Time,44,2,108.53,255.76,0.0,511.52,217.06,511.52,294.46,57.57,Spring,1.0,Tier 1: Fast Mover
ORD-13173,2023-06-02,Electronics,Computers,East,On-Time,57,1,58.48,123.91,0.0,123.91,58.48,123.91,65.43,52.8,Summer,1.0,Tier 1: Fast Mover
ORD-13174,2023-07-04,Furniture,Chairs,East,On-Time,81,3,23.09,26.28,0.05,78.84,69.27,74.9,5.63,7.51,Summer,1.0,Tier 1: Fast Mover
ORD-13175,2023-12-01,Furniture,Desks,West,On-Time,98,3,132.18,144.51,0.48,433.53,396.54,225.44,-171.1,-75.9,Winter,0.0,Tier 2: Warning
ORD-13176,2023-01-04,Furniture,Chairs,East,Delayed - Transit,121,3,156.82,174.81,0.56,524.43,470.46,230.75,-239.71,-103.88,Winter,2.0,Tier 3: Dead Stock
ORD-13177,2023-05-30,Electronics,Computers,West,Delayed - Transit,95,2,181.74,231.52,0.46,463.04,363.48,250.04,-113.44,-45.37,Spring,0.0,Tier 2: Warning
ORD-13178,2023-05-22,Electronics,Accessories,East,On-Time,34,2,122.01,198.33,0.05,396.66,244.02,376.83,132.81,35.24,Spring,1.0,Tier 1: Fast Mover
ORD-13179,2023-12-15,Furniture,Chairs,North,On-Time,131,2,198.27,223.86,0.56,447.72,396.54,197.0,-199.54,-101.29,Winter,2.0,Tier 3: Dead Stock
ORD-13180,2023-04-07,Furniture,Desks,South,On-Time,87,2,353.0,465.99,0.39,931.98,706.0,568.51,-137.49,-24.18,Spring,0.0,Tier 2: Warning
ORD-13181,2023-09-21,Apparel,Pants,North,Delayed - Transit,95,1,86.86,111.4,0.5,111.4,86.86,55.7,-31.16,-55.94,Fall,0.0,Tier 2: Warning
ORD-13182,2023-09-22,Electronics,Computers,North,On-Time,12,4,225.17,467.83,0.0,1871.32,900.68,1871.32,970.64,51.87,Fall,1.0,Tier 1: Fast Mover
ORD-13183,2023-04-02,Furniture,Tables,South,On-Time,141,5,268.89,289.67,0.58,1448.35,1344.45,608.31,-736.14,-121.02,Spring,2.0,Tier 3: Dead Stock
ORD-13184,2023-11-05,Apparel,Shirts,South,On-Time,12,4,67.39,155.63,0.0,622.52,269.56,622.52,352.96,56.7,Fall,1.0,Tier 1: Fast Mover
ORD-13185,2023-04-23,Furniture,Chairs,East,On-Time,128,3,81.27,87.01,0.51,261.03,243.81,127.9,-115.91,-90.62,Spring,2.0,Tier 3: Dead Stock
ORD-13186,2023-01-17,Furniture,Tables,East,Delayed - Customs,144,4,184.76,228.51,0.61,914.04,739.04,356.48,-382.56,-107.32,Winter,2.0,Tier 3: Dead Stock
ORD-13187,2023-09-17,Furniture,Desks,South,On-Time,133,4,281.6,342.9,0.43,1371.6,1126.4,781.81,-344.59,-44.08,Fall,0.0,Tier 2: Warning
ORD-13188,2023-11-17,Furniture,Desks,North,On-Time,159,1,247.62,266.36,0.64,266.36,247.62,95.89,-151.73,-158.23,Fall,2.0,Tier 3: Dead Stock
ORD-13189,2023-11-08,Apparel,Shirts,West,Delayed - Customs,118,2,240.05,282.77,0.61,565.54,480.1,220.56,-259.54,-117.67,Fall,2.0,Tier 3: Dead Stock
ORD-13190,2023-01-08,Furniture,Chairs,North,On-Time,161,3,90.35,113.26,0.5,339.78,271.05,169.89,-101.16,-59.54,Winter,0.0,Tier 2: Warning
ORD-13191,2023-07-17,Electronics,Accessories,East,On-Time,32,2,371.54,736.13,0.0,1472.26,743.08,1472.26,729.18,49.53,Summer,1.0,Tier 1: Fast Mover
ORD-13192,2023-03-16,Electronics,Computers,East,On-Time,32,1,304.57,554.59,0.05,554.59,304.57,526.86,222.29,42.19,Spring,1.0,Tier 1: Fast Mover
ORD-13193,2023-01-20,Electronics,Computers,South,Delayed - Transit,99,4,390.7,420.72,0.54,1682.88,1562.8,774.12,-788.68,-101.88,Winter,2.0,Tier 3: Dead Stock
ORD-13194,2023-06-28,Furniture,Chairs,East,Delayed - Customs,134,1,398.88,508.86,0.45,508.86,398.88,279.87,-119.01,-42.52,Summer,0.0,Tier 2: Warning
ORD-13195,2023-02-07,Apparel,Pants,East,Delayed - Customs,113,5,181.2,194.56,0.55,972.8,906.0,437.76,-468.24,-106.96,Winter,2.0,Tier 3: Dead Stock
ORD-13196,2023-05-29,Electronics,Accessories,South,On-Time,54,2,301.79,692.85,0.05,1385.7,603.58,1316.42,712.84,54.15,Spring,1.0,Tier 1: Fast Mover
ORD-13197,2023-03-19,Furniture,Chairs,South,On-Time,147,1,162.97,175.83,0.51,175.83,162.97,86.16,-76.81,-89.16,Spring,2.0,Tier 3: Dead Stock
ORD-13198,2023-05-15,Apparel,Pants,West,On-Time,25,3,208.64,405.87,0.0,1217.61,625.92,1217.61,591.69,48.59,Spring,1.0,Tier 1: Fast Mover
ORD-13199,2023-03-16,Electronics,Audio,South,On-Time,25,5,297.49,484.51,0.05,2422.55,1487.45,2301.42,813.97,35.37,Spring,1.0,Tier 1: Fast Mover
ORD-13200,2023-05-27,Electronics,Accessories,North,On-Time,19,3,222.24,365.03,0.05,1095.09,666.72,1040.34,373.62,35.91,Spring,1.0,Tier 1: Fast Mover
ORD-13201,2023-03-13,Apparel,Uncategorized,North,On-Time,42,4,47.59,112.72,0.0,450.88,190.36,450.88,260.52,57.78,Spring,1.0,Tier 1: Fast Mover
ORD-13202,2023-07-12,Furniture,Chairs,West,Delayed - Transit,114,5,132.07,151.37,0.62,756.85,660.35,287.6,-372.75,-129.6,Summer,2.0,Tier 3: Dead Stock
ORD-13203,2023-08-31,Apparel,Pants,West,On-Time,29,1,328.15,711.99,0.05,711.99,328.15,676.39,348.24,51.49,Summer,1.0,Tier 1: Fast Mover
ORD-13204,2023-04-27,Apparel,Footwear,West,Delayed - Customs,114,3,347.27,417.76,0.45,1253.28,1041.81,689.3,-352.51,-51.14,Spring,0.0,Tier 2: Warning
ORD-13205,2023-04-11,Electronics,Audio,East,On-Time,16,5,31.4,69.17,0.0,345.85,157.0,345.85,188.85,54.6,Spring,1.0,Tier 1: Fast Mover
ORD-13206,2023-08-16,Apparel,Pants,West,On-Time,1,1,173.55,299.65,0.0,299.65,173.55,299.65,126.1,42.08,Summer,1.0,Tier 1: Fast Mover
ORD-13207,2023-09-16,Electronics,Audio,North,On-Time,33,4,331.69,772.65,0.05,3090.6,1326.76,2936.07,1609.31,54.81,Fall,1.0,Tier 1: Fast Mover
ORD-13208,2023-02-03,Electronics,Computers,West,On-Time,23,4,28.68,58.32,0.0,233.28,114.72,233.28,118.56,50.82,Winter,1.0,Tier 1: Fast Mover
ORD-13209,2023-02-22,Furniture,Desks,North,On-Time,100,2,266.99,303.15,0.44,606.3,533.98,339.53,-194.45,-57.27,Winter,0.0,Tier 2: Warning
ORD-13210,2023-05-31,Electronics,Computers,East,On-Time,29,1,329.63,757.07,0.0,757.07,329.63,757.07,427.44,56.46,Spring,1.0,Tier 1: Fast Mover
ORD-13211,2023-09-15,Furniture,Desks,South,On-Time,139,3,232.84,293.2,0.53,879.6,698.52,413.41,-285.11,-68.96,Fall,0.0,Tier 2: Warning
ORD-13212,2023-05-11,Electronics,Computers,West,On-Time,37,1,343.4,614.61,0.0,614.61,343.4,614.61,271.21,44.13,Spring,1.0,Tier 1: Fast Mover
ORD-13213,2023-12-27,Electronics,Computers,West,Delayed - Transit,119,4,105.43,122.78,0.51,491.12,421.72,240.65,-181.07,-75.24,Winter,0.0,Tier 2: Warning
ORD-13214,2023-01-16,Electronics,Computers,South,Delayed - Customs,111,5,114.52,121.81,0.63,609.05,572.6,225.35,-347.25,-154.1,Winter,2.0,Tier 3: Dead Stock
ORD-13215,2023-01-16,Electronics,Accessories,West,On-Time,25,5,303.49,694.17,0.0,3470.85,1517.45,3470.85,1953.4,56.28,Winter,1.0,Tier 1: Fast Mover
ORD-13216,2023-06-28,Apparel,Shirts,South,On-Time,20,1,138.53,266.64,0.05,266.64,138.53,253.31,114.78,45.31,Summer,1.0,Tier 1: Fast Mover
ORD-13217,2023-03-02,Apparel,Shirts,South,Delayed - Transit,122,1,94.37,115.12,0.39,115.12,94.37,70.22,-24.15,-34.39,Spring,0.0,Tier 2: Warning
ORD-13218,2023-03-21,Apparel,Pants,West,On-Time,42,2,170.84,320.41,0.0,640.82,341.68,640.82,299.14,46.68,Spring,1.0,Tier 1: Fast Mover
ORD-13219,2023-06-11,Furniture,Desks,South,On-Time,133,5,229.6,302.38,0.55,1511.9,1148.0,680.36,-467.65,-68.74,Summer,0.0,Tier 2: Warning
ORD-13220,2023-01-20,Apparel,Footwear,East,On-Time,19,4,343.28,639.15,0.05,2556.6,1373.12,2428.77,1055.65,43.46,Winter,1.0,Tier 1: Fast Mover
ORD-13221,2023-03-22,Furniture,Desks,East,On-Time,125,4,334.3,449.35,0.54,1797.4,1337.2,826.8,-510.4,-61.73,Spring,0.0,Tier 2: Warning
ORD-13222,2023-06-11,Furniture,Chairs,East,On-Time,74,5,138.76,164.36,0.0,821.8,693.8,821.8,128.0,15.58,Summer,1.0,Tier 1: Fast Mover
ORD-13223,2023-03-11,Furniture,Chairs,North,On-Time,118,4,169.23,224.79,0.54,899.16,676.92,413.61,-263.31,-63.66,Spring,0.0,Tier 2: Warning
ORD-13224,2023-03-11,Electronics,Accessories,West,On-Time,33,1,107.19,247.94,0.0,247.94,107.19,247.94,140.75,56.77,Spring,1.0,Tier 1: Fast Mover
ORD-13225,2023-04-05,Apparel,Shirts,South,On-Time,26,5,228.51,384.49,0.05,1922.45,1142.55,1826.33,683.78,37.44,Spring,1.0,Tier 1: Fast Mover
ORD-13226,2023-06-03,Electronics,Accessories,South,On-Time,31,3,160.83,267.17,0.0,801.51,482.49,801.51,319.02,39.8,Summer,1.0,Tier 1: Fast Mover
ORD-13227,2023-11-21,Furniture,Uncategorized,East,Delayed - Customs,101,2,55.79,60.75,0.5,121.5,111.58,60.75,-50.83,-83.67,Fall,2.0,Tier 3: Dead Stock
ORD-13228,2023-12-22,Furniture,Chairs,North,On-Time,104,2,233.67,260.93,0.42,521.86,467.34,302.68,-164.66,-54.4,Winter,0.0,Tier 2: Warning
ORD-13229,2023-08-20,Electronics,Accessories,East,On-Time,42,3,347.53,619.96,0.0,1859.88,1042.59,1859.88,817.29,43.94,Summer,1.0,Tier 1: Fast Mover
ORD-13230,2023-08-01,Apparel,Pants,East,On-Time,24,5,247.3,513.32,0.05,2566.6,1236.5,2438.27,1201.77,49.29,Summer,1.0,Tier 1: Fast Mover
ORD-13231,2023-01-10,Apparel,Shirts,East,On-Time,38,4,215.99,452.4,0.05,1809.6,863.96,1719.12,855.16,49.74,Winter,1.0,Tier 1: Fast Mover
ORD-13232,2023-04-11,Apparel,Shirts,South,Delayed - Transit,77,4,61.43,75.31,0.05,301.24,245.72,286.18,40.46,14.14,Spring,1.0,Tier 1: Fast Mover
ORD-13233,2023-12-02,Electronics,Computers,West,On-Time,32,4,156.76,347.01,0.05,1388.04,627.04,1318.64,691.6,52.45,Winter,1.0,Tier 1: Fast Mover
ORD-13234,2023-03-19,Electronics,Accessories,East,On-Time,21,2,148.1,331.22,0.0,662.44,296.2,662.44,366.24,55.29,Spring,1.0,Tier 1: Fast Mover
ORD-13235,2023-06-22,Electronics,Accessories,North,On-Time,23,1,90.05,155.78,0.0,155.78,90.05,155.78,65.73,42.19,Summer,1.0,Tier 1: Fast Mover
ORD-13236,2023-11-21,Apparel,Footwear,East,On-Time,37,4,138.22,302.94,0.0,1211.76,552.88,1211.76,658.88,54.37,Fall,1.0,Tier 1: Fast Mover
ORD-13237,2023-01-23,Electronics,Audio,East,On-Time,26,5,116.96,262.82,0.05,1314.1,584.8,1248.4,663.6,53.16,Winter,1.0,Tier 1: Fast Mover
ORD-13238,2023-06-02,Electronics,Audio,North,On-Time,29,4,34.17,70.84,0.05,283.36,136.68,269.19,132.51,49.23,Summer,1.0,Tier 1: Fast Mover
ORD-13239,2023-02-22,Apparel,Footwear,West,On-Time,43,1,242.39,560.1,0.05,560.1,242.39,532.1,289.71,54.45,Winter,1.0,Tier 1: Fast Mover
ORD-13240,2023-06-15,Apparel,Footwear,North,Delayed - Customs,171,3,393.13,515.89,0.38,1547.67,1179.39,959.56,-219.83,-22.91,Summer,0.0,Tier 2: Warning
ORD-13241,2023-06-16,Apparel,Footwear,East,On-Time,19,1,138.37,290.21,0.05,290.21,138.37,275.7,137.33,49.81,Summer,1.0,Tier 1: Fast Mover
ORD-13242,2023-10-03,Apparel,Shirts,South,On-Time,26,2,138.38,277.96,0.05,555.92,276.76,528.12,251.36,47.6,Fall,1.0,Tier 1: Fast Mover
ORD-13243,2023-08-07,Electronics,Accessories,North,On-Time,11,4,45.48,108.02,0.05,432.08,181.92,410.48,228.56,55.68,Summer,1.0,Tier 1: Fast Mover
ORD-13244,2023-08-30,Apparel,Shirts,North,Delayed - Customs,166,2,395.68,430.2,0.41,860.4,791.36,507.64,-283.72,-55.89,Summer,0.0,Tier 2: Warning
ORD-13245,2023-08-26,Apparel,Shirts,East,On-Time,42,5,303.86,532.57,0.05,2662.85,1519.3,2529.71,1010.41,39.94,Summer,1.0,Tier 1: Fast Mover
ORD-13246,2023-02-17,Electronics,Audio,East,On-Time,19,5,159.25,302.99,0.05,1514.95,796.25,1439.2,642.95,44.67,Winter,1.0,Tier 1: Fast Mover
ORD-13247,2023-05-01,Apparel,Pants,East,On-Time,23,5,387.95,788.1,0.0,3940.5,1939.75,3940.5,2000.75,50.77,Spring,1.0,Tier 1: Fast Mover
ORD-13248,2023-01-15,Apparel,Footwear,North,On-Time,26,2,254.3,449.57,0.0,899.14,508.6,899.14,390.54,43.43,Winter,1.0,Tier 1: Fast Mover
ORD-13249,2023-02-16,Electronics,Accessories,East,On-Time,32,1,50.68,85.7,0.0,85.7,50.68,85.7,35.02,40.86,Winter,1.0,Tier 1: Fast Mover
ORD-13250,2023-09-15,Electronics,Audio,West,Delayed - Transit,106,1,351.03,471.14,0.42,471.14,351.03,273.26,-77.77,-28.46,Fall,0.0,Tier 2: Warning
ORD-13251,2023-12-04,Apparel,Footwear,East,Delayed - Customs,108,1,339.49,457.6,0.58,457.6,339.49,192.19,-147.3,-76.64,Winter,0.0,Tier 2: Warning
ORD-13252,2023-09-01,Apparel,Pants,West,On-Time,22,5,291.92,500.72,0.05,2503.6,1459.6,2378.42,918.82,38.63,Fall,1.0,Tier 1: Fast Mover
ORD-13253,2023-08-16,Apparel,Shirts,North,On-Time,30,2,119.78,230.4,0.05,460.8,239.56,437.76,198.2,45.28,Summer,1.0,Tier 1: Fast Mover
ORD-13254,2023-07-16,Apparel,Shirts,West,On-Time,28,5,233.7,508.21,0.0,2541.05,1168.5,2541.05,1372.55,54.02,Summer,1.0,Tier 1: Fast Mover
ORD-13255,2023-09-11,Electronics,Computers,East,Delayed - Transit,81,5,255.45,318.62,0.0,1593.1,1277.25,1593.1,315.85,19.83,Fall,1.0,Tier 1: Fast Mover
ORD-13256,2023-10-12,Electronics,Accessories,South,On-Time,16,1,277.55,589.11,0.05,589.11,277.55,559.65,282.1,50.41,Fall,1.0,Tier 1: Fast Mover
ORD-13257,2023-03-09,Furniture,Tables,East,On-Time,113,3,266.73,308.45,0.42,925.35,800.19,536.7,-263.49,-49.09,Spring,0.0,Tier 2: Warning
ORD-13258,2023-03-17,Apparel,Pants,West,On-Time,13,4,66.11,140.97,0.05,563.88,264.44,535.69,271.25,50.64,Spring,1.0,Tier 1: Fast Mover
ORD-13259,2023-12-25,Electronics,Audio,North,On-Time,19,1,128.93,254.93,0.05,254.93,128.93,242.18,113.25,46.76,Winter,1.0,Tier 1: Fast Mover
ORD-13260,2023-05-23,Electronics,Audio,East,Delayed - Transit,69,3,291.2,391.38,0.05,1174.14,873.6,1115.43,241.83,21.68,Spring,1.0,Tier 1: Fast Mover
ORD-13261,2023-07-30,Furniture,Chairs,West,Delayed - Customs,120,4,148.37,174.96,0.49,699.84,593.48,356.92,-236.56,-66.28,Summer,0.0,Tier 2: Warning
ORD-13262,2023-11-14,Apparel,Footwear,South,On-Time,47,5,319.8,592.41,0.0,2962.05,1599.0,2962.05,1363.05,46.02,Fall,1.0,Tier 1: Fast Mover
ORD-13263,2023-10-23,Apparel,Shirts,South,On-Time,36,2,50.14,81.22,0.05,162.44,100.28,154.32,54.04,35.02,Fall,1.0,Tier 1: Fast Mover
ORD-13264,2023-04-13,Apparel,Shirts,West,On-Time,36,1,333.08,747.88,0.05,747.88,333.08,710.49,377.41,53.12,Spring,1.0,Tier 1: Fast Mover
ORD-13265,2023-03-17,Furniture,Desks,East,On-Time,72,4,298.99,328.98,0.0,1315.92,1195.96,1315.92,119.96,9.12,Spring,1.0,Tier 1: Fast Mover
ORD-13266,2023-07-25,Electronics,Audio,East,On-Time,14,5,26.3,48.19,0.05,240.95,131.5,228.9,97.4,42.55,Summer,1.0,Tier 1: Fast Mover
ORD-13267,2023-03-21,Furniture,Tables,North,On-Time,96,1,287.22,334.93,0.56,334.93,287.22,147.37,-139.85,-94.9,Spring,2.0,Tier 3: Dead Stock
ORD-13268,2023-03-25,Electronics,Accessories,North,On-Time,9,3,283.4,612.99,0.05,1838.97,850.2,1747.02,896.82,51.33,Spring,1.0,Tier 1: Fast Mover
ORD-13269,2023-06-05,Electronics,Accessories,South,Delayed - Transit,122,1,185.36,219.71,0.59,219.71,185.36,90.08,-95.28,-105.77,Summer,2.0,Tier 3: Dead Stock
ORD-13270,2023-12-27,Apparel,Pants,North,On-Time,39,2,65.31,131.82,0.0,263.64,130.62,263.64,133.02,50.46,Winter,1.0,Tier 1: Fast Mover
ORD-13271,2023-02-12,Furniture,Desks,North,On-Time,114,2,89.01,108.03,0.36,216.06,178.02,138.28,-39.74,-28.74,Winter,0.0,Tier 2: Warning
ORD-13272,2023-04-10,Apparel,Pants,North,On-Time,37,1,296.87,619.26,0.05,619.26,296.87,588.3,291.43,49.54,Spring,1.0,Tier 1: Fast Mover
ORD-13273,2023-12-19,Furniture,Desks,West,On-Time,137,2,210.91,252.89,0.47,505.78,421.82,268.06,-153.76,-57.36,Winter,0.0,Tier 2: Warning
ORD-13274,2023-09-23,Apparel,Uncategorized,West,On-Time,3,2,326.35,722.9,0.05,1445.8,652.7,1373.51,720.81,52.48,Fall,1.0,Tier 1: Fast Mover
ORD-13275,2023-04-23,Apparel,Pants,West,Delayed - Customs,79,2,303.15,388.17,0.05,776.34,606.3,737.52,131.22,17.79,Spring,1.0,Tier 1: Fast Mover
ORD-13276,2023-05-21,Electronics,Computers,East,Delayed - Customs,126,4,88.29,102.51,0.44,410.04,353.16,229.62,-123.54,-53.8,Spring,0.0,Tier 2: Warning
ORD-13277,2023-08-13,Apparel,Shirts,East,On-Time,20,2,226.57,385.9,0.0,771.8,453.14,771.8,318.66,41.29,Summer,1.0,Tier 1: Fast Mover
ORD-13278,2023-10-18,Electronics,Computers,South,On-Time,22,4,68.98,145.06,0.0,580.24,275.92,580.24,304.32,52.45,Fall,1.0,Tier 1: Fast Mover
ORD-13279,2023-06-22,Furniture,Chairs,East,On-Time,84,2,115.39,126.44,0.0,252.88,230.78,252.88,22.1,8.74,Summer,1.0,Tier 1: Fast Mover
ORD-13280,2023-07-15,Apparel,Footwear,East,On-Time,11,5,122.8,254.8,0.0,1274.0,614.0,1274.0,660.0,51.81,Summer,1.0,Tier 1: Fast Mover
ORD-13281,2023-03-22,Apparel,Footwear,South,Delayed - Transit,151,1,210.42,275.96,0.51,275.96,210.42,135.22,-75.2,-55.61,Spring,0.0,Tier 2: Warning
ORD-13282,2023-11-27,Apparel,Shirts,North,Delayed - Transit,113,5,292.93,343.61,0.56,1718.05,1464.65,755.94,-708.71,-93.75,Fall,2.0,Tier 3: Dead Stock
ORD-13283,2023-04-13,Furniture,Desks,North,Delayed - Transit,140,2,394.01,453.71,0.39,907.42,788.02,553.53,-234.49,-42.36,Spring,0.0,Tier 2: Warning
ORD-13284,2023-01-22,Apparel,Pants,East,On-Time,22,3,282.32,490.13,0.05,1470.39,846.96,1396.87,549.91,39.37,Winter,1.0,Tier 1: Fast Mover
ORD-13285,2023-06-17,Electronics,Audio,South,On-Time,44,5,265.46,551.12,0.05,2755.6,1327.3,2617.82,1290.52,49.3,Summer,1.0,Tier 1: Fast Mover
ORD-13286,2023-06-26,Furniture,Tables,South,On-Time,158,3,201.07,216.64,0.64,649.92,603.21,233.97,-369.24,-157.81,Summer,2.0,Tier 3: Dead Stock
ORD-13287,2023-09-06,Furniture,Chairs,North,On-Time,63,2,302.52,329.93,0.0,659.86,605.04,659.86,54.82,8.31,Fall,1.0,Tier 1: Fast Mover
ORD-13288,2023-08-14,Electronics,Computers,South,On-Time,19,1,206.44,464.95,0.05,464.95,206.44,441.7,235.26,53.26,Summer,1.0,Tier 1: Fast Mover
ORD-13289,2023-10-10,Furniture,Chairs,East,On-Time,115,4,293.99,310.65,0.37,1242.6,1175.96,782.84,-393.12,-50.22,Fall,0.0,Tier 2: Warning
ORD-13290,2023-02-23,Furniture,Tables,South,On-Time,78,4,178.3,222.12,0.05,888.48,713.2,844.06,130.86,15.5,Winter,1.0,Tier 1: Fast Mover
ORD-13291,2023-08-07,Furniture,Tables,East,On-Time,83,4,21.01,26.27,0.0,105.08,84.04,105.08,21.04,20.02,Summer,1.0,Tier 1: Fast Mover
ORD-13292,2023-12-17,Furniture,Desks,East,On-Time,60,4,71.74,80.19,0.0,320.76,286.96,320.76,33.8,10.54,Winter,1.0,Tier 1: Fast Mover
ORD-13293,2023-11-26,Electronics,Computers,North,On-Time,39,5,178.4,401.2,0.05,2006.0,892.0,1905.7,1013.7,53.19,Fall,1.0,Tier 1: Fast Mover
ORD-13294,2023-10-15,Apparel,Pants,East,On-Time,22,4,57.04,112.98,0.05,451.92,228.16,429.32,201.16,46.86,Fall,1.0,Tier 1: Fast Mover
ORD-13295,2023-11-10,Apparel,Footwear,South,On-Time,20,1,74.26,147.6,0.05,147.6,74.26,140.22,65.96,47.04,Fall,1.0,Tier 1: Fast Mover
ORD-13296,2023-09-11,Furniture,Tables,West,On-Time,83,3,144.38,176.37,0.0,529.11,433.14,529.11,95.97,18.14,Fall,1.0,Tier 1: Fast Mover
ORD-13297,2023-01-11,Electronics,Audio,West,On-Time,17,5,286.34,640.41,0.05,3202.05,1431.7,3041.95,1610.25,52.93,Winter,1.0,Tier 1: Fast Mover
ORD-13298,2023-11-23,Electronics,Uncategorized,North,On-Time,31,3,338.46,683.84,0.05,2051.52,1015.38,1948.94,933.56,47.9,Fall,1.0,Tier 1: Fast Mover
ORD-13299,2023-08-29,Electronics,Audio,South,On-Time,29,5,115.54,257.69,0.05,1288.45,577.7,1224.03,646.33,52.8,Summer,1.0,Tier 1: Fast Mover
ORD-13300,2023-08-19,Electronics,Computers,West,On-Time,37,4,286.91,570.45,0.0,2281.8,1147.64,2281.8,1134.16,49.7,Summer,1.0,Tier 1: Fast Mover
ORD-13301,2023-12-06,Electronics,Audio,East,On-Time,14,1,381.55,684.9,0.05,684.9,381.55,650.66,269.11,41.36,Winter,1.0,Tier 1: Fast Mover
ORD-13302,2023-09-25,Furniture,Tables,South,On-Time,65,5,57.92,64.53,0.0,322.65,289.6,322.65,33.05,10.24,Fall,1.0,Tier 1: Fast Mover
ORD-13303,2023-08-21,Apparel,Shirts,North,Delayed - Transit,141,5,345.68,384.54,0.56,1922.7,1728.4,845.99,-882.41,-104.31,Summer,2.0,Tier 3: Dead Stock
ORD-13304,2023-08-23,Furniture,Desks,South,On-Time,113,5,312.04,342.06,0.57,1710.3,1560.2,735.43,-824.77,-112.15,Summer,2.0,Tier 3: Dead Stock
ORD-13305,2023-10-10,Apparel,Shirts,North,On-Time,28,4,320.85,640.33,0.05,2561.32,1283.4,2433.25,1149.85,47.26,Fall,1.0,Tier 1: Fast Mover
ORD-13306,2023-08-16,Electronics,Accessories,North,On-Time,33,5,167.44,273.55,0.0,1367.75,837.2,1367.75,530.55,38.79,Summer,1.0,Tier 1: Fast Mover
ORD-13307,2023-07-12,Furniture,Desks,North,On-Time,87,4,392.43,488.44,0.38,1953.76,1569.72,1211.33,-358.39,-29.59,Summer,0.0,Tier 2: Warning
ORD-13308,2023-01-17,Furniture,Chairs,South,On-Time,152,3,362.03,480.9,0.44,1442.7,1086.09,807.91,-278.18,-34.43,Winter,0.0,Tier 2: Warning
ORD-13309,2023-12-22,Electronics,Computers,West,On-Time,21,3,63.35,104.77,0.0,314.31,190.05,314.31,124.26,39.53,Winter,1.0,Tier 1: Fast Mover
ORD-13310,2023-05-02,Furniture,Chairs,South,On-Time,93,3,382.68,444.27,0.5,1332.81,1148.04,666.41,-481.64,-72.27,Spring,0.0,Tier 2: Warning
ORD-13311,2023-03-08,Electronics,Accessories,West,Delayed - Customs,99,5,234.76,285.75,0.36,1428.75,1173.8,914.4,-259.4,-28.37,Spring,0.0,Tier 2: Warning
ORD-13312,2023-07-10,Apparel,Shirts,North,On-Time,36,1,125.03,258.11,0.0,258.11,125.03,258.11,133.08,51.56,Summer,1.0,Tier 1: Fast Mover
ORD-13313,2023-04-14,Furniture,Tables,West,On-Time,101,2,268.28,294.65,0.63,589.3,536.56,218.04,-318.52,-146.08,Spring,2.0,Tier 3: Dead Stock
ORD-13314,2023-06-28,Apparel,Pants,West,On-Time,22,2,319.71,547.35,0.05,1094.7,639.42,1039.97,400.55,38.52,Summer,1.0,Tier 1: Fast Mover
ORD-13315,2023-03-17,Electronics,Accessories,West,Delayed - Customs,96,2,57.68,73.49,0.47,146.98,115.36,77.9,-37.46,-48.09,Spring,0.0,Tier 2: Warning
ORD-13316,2023-03-05,Apparel,Footwear,North,On-Time,24,5,286.79,623.63,0.0,3118.15,1433.95,3118.15,1684.2,54.01,Spring,1.0,Tier 1: Fast Mover
ORD-13317,2023-09-15,Electronics,Accessories,North,On-Time,28,4,372.81,891.99,0.0,3567.96,1491.24,3567.96,2076.72,58.2,Fall,1.0,Tier 1: Fast Mover
ORD-13318,2023-04-30,Electronics,Computers,East,Delayed - Customs,132,1,387.79,417.14,0.63,417.14,387.79,154.34,-233.45,-151.25,Spring,2.0,Tier 3: Dead Stock
ORD-13319,2023-01-19,Electronics,Accessories,North,On-Time,43,2,71.26,130.36,0.0,260.72,142.52,260.72,118.2,45.34,Winter,1.0,Tier 1: Fast Mover
ORD-13320,2023-11-08,Furniture,Chairs,South,On-Time,101,2,358.39,380.04,0.55,760.08,716.78,342.04,-374.74,-109.56,Fall,2.0,Tier 3: Dead Stock
ORD-13321,2023-08-17,Electronics,Computers,South,On-Time,43,3,203.77,352.92,0.05,1058.76,611.31,1005.82,394.51,39.22,Summer,1.0,Tier 1: Fast Mover
ORD-13322,2023-08-27,Furniture,Tables,North,On-Time,93,3,110.04,119.53,0.46,358.59,330.12,193.64,-136.48,-70.48,Summer,0.0,Tier 2: Warning
ORD-13323,2023-09-25,Apparel,Shirts,East,On-Time,24,5,231.54,380.04,0.05,1900.2,1157.7,1805.19,647.49,35.87,Fall,1.0,Tier 1: Fast Mover
ORD-13324,2023-06-10,Electronics,Computers,North,On-Time,21,4,327.17,644.3,0.0,2577.2,1308.68,2577.2,1268.52,49.22,Summer,1.0,Tier 1: Fast Mover
ORD-13325,2023-01-03,Electronics,Computers,East,On-Time,40,2,24.17,53.91,0.0,107.82,48.34,107.82,59.48,55.17,Winter,1.0,Tier 1: Fast Mover
ORD-13326,2023-08-26,Furniture,Desks,North,On-Time,150,2,84.76,102.73,0.44,205.46,169.52,115.06,-54.46,-47.33,Summer,0.0,Tier 2: Warning
ORD-13327,2023-06-17,Furniture,Chairs,North,On-Time,118,4,70.26,74.1,0.63,296.4,281.04,109.67,-171.37,-156.26,Summer,2.0,Tier 3: Dead Stock
ORD-13328,2023-08-28,Apparel,Pants,South,On-Time,21,4,86.73,163.91,0.05,655.64,346.92,622.86,275.94,44.3,Summer,1.0,Tier 1: Fast Mover
ORD-13329,2023-02-02,Furniture,Tables,West,On-Time,114,4,216.15,254.79,0.37,1019.16,864.6,642.07,-222.53,-34.66,Winter,0.0,Tier 2: Warning
ORD-13330,2023-05-10,Electronics,Computers,East,On-Time,11,1,29.03,62.15,0.0,62.15,29.03,62.15,33.12,53.29,Spring,1.0,Tier 1: Fast Mover
ORD-13331,2023-07-14,Furniture,Chairs,North,Delayed - Customs,153,1,234.68,298.23,0.46,298.23,234.68,161.04,-73.64,-45.72,Summer,0.0,Tier 2: Warning
ORD-13332,2023-07-26,Apparel,Footwear,South,On-Time,38,3,330.12,560.47,0.0,1681.41,990.36,1681.41,691.05,41.1,Summer,1.0,Tier 1: Fast Mover
ORD-13333,2023-06-21,Apparel,Pants,South,Delayed - Transit,117,2,239.1,272.84,0.43,545.68,478.2,311.04,-167.16,-53.74,Summer,0.0,Tier 2: Warning
ORD-13334,2023-04-15,Apparel,Footwear,West,On-Time,48,3,262.97,506.29,0.05,1518.87,788.91,1442.93,654.02,45.33,Spring,1.0,Tier 1: Fast Mover
ORD-13335,2023-09-18,Furniture,Desks,North,On-Time,114,2,290.89,355.23,0.4,710.46,581.78,426.28,-155.5,-36.48,Fall,0.0,Tier 2: Warning
ORD-13336,2023-04-05,Electronics,Accessories,West,On-Time,29,1,247.51,500.57,0.05,500.57,247.51,475.54,228.03,47.95,Spring,1.0,Tier 1: Fast Mover
ORD-13337,2023-01-03,Apparel,Shirts,South,On-Time,2,2,173.94,301.86,0.0,603.72,347.88,603.72,255.84,42.38,Winter,1.0,Tier 1: Fast Mover
ORD-13338,2023-09-24,Apparel,Footwear,East,On-Time,43,2,377.75,718.67,0.05,1437.34,755.5,1365.47,609.97,44.67,Fall,1.0,Tier 1: Fast Mover
ORD-13339,2023-04-07,Furniture,Tables,South,On-Time,108,5,123.4,164.27,0.56,821.35,617.0,361.39,-255.61,-70.73,Spring,0.0,Tier 2: Warning
ORD-13340,2023-03-23,Apparel,Pants,East,On-Time,44,5,373.69,885.94,0.0,4429.7,1868.45,4429.7,2561.25,57.82,Spring,1.0,Tier 1: Fast Mover
ORD-13341,2023-02-02,Electronics,Accessories,North,On-Time,9,1,243.43,502.08,0.0,502.08,243.43,502.08,258.65,51.52,Winter,1.0,Tier 1: Fast Mover
ORD-13342,2023-02-13,Furniture,Tables,North,On-Time,129,3,229.21,297.07,0.61,891.21,687.63,347.57,-340.06,-97.84,Winter,2.0,Tier 3: Dead Stock
ORD-13343,2023-07-02,Electronics,Audio,East,On-Time,23,1,329.24,547.39,0.0,547.39,329.24,547.39,218.15,39.85,Summer,1.0,Tier 1: Fast Mover
ORD-13344,2023-08-25,Apparel,Footwear,West,Delayed - Customs,75,2,202.01,239.15,0.05,478.3,404.02,454.39,50.37,11.08,Summer,1.0,Tier 1: Fast Mover
ORD-13345,2023-05-20,Apparel,Pants,East,On-Time,40,4,386.79,715.14,0.05,2860.56,1547.16,2717.53,1170.37,43.07,Spring,1.0,Tier 1: Fast Mover
ORD-13346,2023-09-11,Electronics,Computers,South,Delayed - Transit,91,4,160.41,199.8,0.62,799.2,641.64,303.7,-337.94,-111.28,Fall,2.0,Tier 3: Dead Stock
ORD-13347,2023-09-29,Apparel,Footwear,South,On-Time,25,3,382.19,818.31,0.0,2454.93,1146.57,2454.93,1308.36,53.3,Fall,1.0,Tier 1: Fast Mover
ORD-13348,2023-02-20,Apparel,Shirts,South,On-Time,29,3,119.51,192.24,0.0,576.72,358.53,576.72,218.19,37.83,Winter,1.0,Tier 1: Fast Mover
ORD-13349,2023-07-15,Apparel,Shirts,East,On-Time,21,5,352.84,704.58,0.05,3522.9,1764.2,3346.76,1582.56,47.29,Summer,1.0,Tier 1: Fast Mover
ORD-13350,2023-05-13,Furniture,Desks,East,On-Time,159,1,87.71,95.79,0.47,95.79,87.71,50.77,-36.94,-72.76,Spring,0.0,Tier 2: Warning
ORD-13351,2023-05-13,Apparel,Shirts,South,On-Time,13,3,369.97,740.93,0.05,2222.79,1109.91,2111.65,1001.74,47.44,Spring,1.0,Tier 1: Fast Mover
ORD-13352,2023-04-04,Furniture,Desks,South,On-Time,106,5,395.29,498.95,0.61,2494.75,1976.45,972.95,-1003.5,-103.14,Spring,2.0,Tier 3: Dead Stock
ORD-13353,2023-02-08,Furniture,Tables,West,On-Time,102,1,43.55,52.24,0.57,52.24,43.55,22.46,-21.09,-93.87,Winter,2.0,Tier 3: Dead Stock
ORD-13354,2023-07-03,Electronics,Computers,East,Delayed - Customs,131,5,193.03,252.14,0.65,1260.7,965.15,441.25,-523.91,-118.73,Summer,2.0,Tier 3: Dead Stock
ORD-13355,2023-08-27,Furniture,Tables,North,On-Time,123,3,157.56,199.62,0.49,598.86,472.68,305.42,-167.26,-54.76,Summer,0.0,Tier 2: Warning
ORD-13356,2023-04-12,Apparel,Shirts,South,Delayed - Customs,131,4,24.04,30.2,0.44,120.8,96.16,67.65,-28.51,-42.15,Spring,0.0,Tier 2: Warning
ORD-13357,2023-12-11,Furniture,Tables,South,On-Time,107,1,126.93,134.15,0.63,134.15,126.93,49.64,-77.29,-155.72,Winter,2.0,Tier 3: Dead Stock
ORD-13358,2023-11-19,Furniture,Uncategorized,North,On-Time,108,2,329.28,400.0,0.45,800.0,658.56,440.0,-218.56,-49.67,Fall,0.0,Tier 2: Warning
ORD-13359,2023-04-07,Furniture,Chairs,West,On-Time,107,1,290.22,334.92,0.4,334.92,290.22,200.95,-89.27,-44.42,Spring,0.0,Tier 2: Warning
ORD-13360,2023-05-19,Electronics,Accessories,South,On-Time,27,4,52.86,97.78,0.0,391.12,211.44,391.12,179.68,45.94,Spring,1.0,Tier 1: Fast Mover
ORD-13361,2023-12-18,Apparel,Footwear,West,On-Time,18,3,159.01,324.19,0.05,972.57,477.03,923.94,446.91,48.37,Winter,1.0,Tier 1: Fast Mover
ORD-13362,2023-03-01,Furniture,Desks,West,On-Time,87,2,143.08,154.83,0.62,309.66,286.16,117.67,-168.49,-143.19,Spring,2.0,Tier 3: Dead Stock
ORD-13363,2023-07-08,Furniture,Chairs,East,Delayed - Customs,100,5,271.28,344.81,0.64,1724.05,1356.4,620.66,-735.74,-118.54,Summer,2.0,Tier 3: Dead Stock
ORD-13364,2023-03-28,Apparel,Shirts,North,Delayed - Transit,111,2,385.05,468.25,0.44,936.5,770.1,524.44,-245.66,-46.84,Spring,0.0,Tier 2: Warning
ORD-13365,2023-03-18,Furniture,Tables,South,Delayed - Customs,75,5,283.01,327.58,0.0,1637.9,1415.05,1637.9,222.85,13.61,Spring,1.0,Tier 1: Fast Mover
ORD-13366,2023-04-12,Furniture,Tables,East,On-Time,106,4,299.21,401.69,0.56,1606.76,1196.84,706.97,-489.87,-69.29,Spring,0.0,Tier 2: Warning
ORD-13367,2023-02-06,Electronics,Computers,East,Delayed - Transit,86,3,196.41,225.17,0.37,675.51,589.23,425.57,-163.66,-38.46,Winter,0.0,Tier 2: Warning
ORD-13368,2023-03-25,Apparel,Shirts,West,On-Time,25,3,217.87,514.61,0.0,1543.83,653.61,1543.83,890.22,57.66,Spring,1.0,Tier 1: Fast Mover
ORD-13369,2023-08-08,Apparel,Pants,South,On-Time,33,4,287.96,542.4,0.05,2169.6,1151.84,2061.12,909.28,44.12,Summer,1.0,Tier 1: Fast Mover
ORD-13370,2023-04-01,Electronics,Audio,East,Delayed - Transit,65,3,55.73,70.68,0.0,212.04,167.19,212.04,44.85,21.15,Spring,1.0,Tier 1: Fast Mover
ORD-13371,2023-08-07,Apparel,Pants,East,On-Time,19,1,61.84,105.34,0.0,105.34,61.84,105.34,43.5,41.29,Summer,1.0,Tier 1: Fast Mover
ORD-13372,2023-08-09,Apparel,Shirts,South,On-Time,41,1,342.77,747.19,0.05,747.19,342.77,709.83,367.06,51.71,Summer,1.0,Tier 1: Fast Mover
ORD-13373,2023-10-06,Electronics,Computers,South,Delayed - Customs,126,1,346.82,456.6,0.56,456.6,346.82,200.9,-145.92,-72.63,Fall,0.0,Tier 2: Warning
ORD-13374,2023-12-03,Furniture,Tables,South,Delayed - Transit,132,2,252.28,332.14,0.42,664.28,504.56,385.28,-119.28,-30.96,Winter,0.0,Tier 2: Warning
ORD-13375,2023-07-29,Apparel,Footwear,West,On-Time,25,2,323.42,705.42,0.05,1410.84,646.84,1340.3,693.46,51.74,Summer,1.0,Tier 1: Fast Mover
ORD-13376,2023-02-15,Furniture,Desks,East,Delayed - Customs,90,2,233.08,265.55,0.52,531.1,466.16,254.93,-211.23,-82.86,Winter,2.0,Tier 3: Dead Stock
ORD-13377,2023-03-09,Electronics,Computers,East,On-Time,35,5,163.73,379.61,0.05,1898.05,818.65,1803.15,984.5,54.6,Spring,1.0,Tier 1: Fast Mover
ORD-13378,2023-08-15,Furniture,Desks,North,On-Time,95,1,363.75,402.26,0.62,402.26,363.75,152.86,-210.89,-137.96,Summer,2.0,Tier 3: Dead Stock
ORD-13379,2023-10-09,Electronics,Computers,West,Delayed - Customs,133,5,53.48,63.14,0.37,315.7,267.4,198.89,-68.51,-34.45,Fall,0.0,Tier 2: Warning
ORD-13380,2023-05-02,Electronics,Accessories,South,On-Time,37,3,234.17,438.93,0.0,1316.79,702.51,1316.79,614.28,46.65,Spring,1.0,Tier 1: Fast Mover
ORD-13381,2023-07-06,Furniture,Desks,South,On-Time,100,4,162.39,209.17,0.53,836.68,649.56,393.24,-256.32,-65.18,Summer,0.0,Tier 2: Warning
ORD-13382,2023-09-14,Apparel,Pants,East,On-Time,20,5,281.3,658.5,0.05,3292.5,1406.5,3127.88,1721.38,55.03,Fall,1.0,Tier 1: Fast Mover
ORD-13383,2023-01-03,Furniture,Chairs,South,On-Time,120,3,380.82,446.75,0.35,1340.25,1142.46,871.16,-271.3,-31.14,Winter,0.0,Tier 2: Warning
ORD-13384,2023-09-27,Apparel,Shirts,East,On-Time,29,3,399.06,687.55,0.0,2062.65,1197.18,2062.65,865.47,41.96,Fall,1.0,Tier 1: Fast Mover
ORD-13385,2023-04-23,Electronics,Audio,North,Delayed - Transit,165,1,227.56,291.51,0.61,291.51,227.56,113.69,-113.87,-100.16,Spring,2.0,Tier 3: Dead Stock
ORD-13386,2023-06-29,Apparel,Shirts,South,On-Time,53,4,179.32,402.81,0.0,1611.24,717.28,1611.24,893.96,55.48,Summer,1.0,Tier 1: Fast Mover
ORD-13387,2023-12-28,Electronics,Accessories,East,On-Time,31,2,120.13,259.77,0.0,519.54,240.26,519.54,279.28,53.76,Winter,1.0,Tier 1: Fast Mover
ORD-13388,2023-08-30,Apparel,Shirts,East,On-Time,32,3,54.48,95.51,0.0,286.53,163.44,286.53,123.09,42.96,Summer,1.0,Tier 1: Fast Mover
ORD-13389,2023-04-10,Apparel,Shirts,West,Delayed - Customs,86,4,317.09,405.79,0.35,1623.16,1268.36,1055.05,-213.31,-20.22,Spring,0.0,Tier 2: Warning
ORD-13390,2023-04-18,Electronics,Accessories,South,On-Time,16,1,31.36,73.73,0.0,73.73,31.36,73.73,42.37,57.47,Spring,1.0,Tier 1: Fast Mover
ORD-13391,2023-03-12,Furniture,Desks,East,Delayed - Customs,81,2,35.5,41.25,0.05,82.5,71.0,78.38,7.38,9.41,Spring,1.0,Tier 1: Fast Mover
ORD-13392,2023-03-04,Furniture,Chairs,South,On-Time,98,4,378.3,438.53,0.64,1754.12,1513.2,631.48,-881.72,-139.63,Spring,2.0,Tier 3: Dead Stock
ORD-13393,2023-10-16,Apparel,Pants,North,Delayed - Transit,132,2,265.73,299.67,0.51,599.34,531.46,293.68,-237.78,-80.97,Fall,2.0,Tier 3: Dead Stock
ORD-13394,2023-05-07,Furniture,Chairs,West,Delayed - Transit,107,3,368.76,396.05,0.51,1188.15,1106.28,582.19,-524.09,-90.02,Spring,2.0,Tier 3: Dead Stock
ORD-13395,2023-05-29,Electronics,Accessories,East,Delayed - Transit,145,2,264.54,342.85,0.5,685.7,529.08,342.85,-186.23,-54.32,Spring,0.0,Tier 2: Warning
ORD-13396,2023-06-22,Apparel,Pants,East,On-Time,23,3,247.12,508.44,0.05,1525.32,741.36,1449.05,707.69,48.84,Summer,1.0,Tier 1: Fast Mover
ORD-13397,2023-01-13,Electronics,Accessories,North,Delayed - Customs,102,4,167.63,216.25,0.58,865.0,670.52,363.3,-307.22,-84.56,Winter,2.0,Tier 3: Dead Stock
ORD-13398,2023-03-21,Furniture,Tables,West,On-Time,150,3,206.02,277.63,0.5,832.89,618.06,416.45,-201.62,-48.41,Spring,0.0,Tier 2: Warning
ORD-13399,2023-05-10,Furniture,Desks,North,On-Time,133,5,204.06,256.5,0.42,1282.5,1020.3,743.85,-276.45,-37.16,Spring,0.0,Tier 2: Warning
ORD-13400,2023-08-18,Apparel,Shirts,West,Delayed - Transit,103,4,384.16,428.67,0.49,1714.68,1536.64,874.49,-662.15,-75.72,Summer,0.0,Tier 2: Warning
ORD-13401,2023-05-10,Electronics,Audio,North,On-Time,8,5,228.62,440.9,0.05,2204.5,1143.1,2094.28,951.18,45.42,Spring,1.0,Tier 1: Fast Mover
ORD-13402,2023-03-18,Apparel,Shirts,West,Delayed - Transit,141,4,140.63,170.09,0.57,680.36,562.52,292.55,-269.97,-92.28,Spring,2.0,Tier 3: Dead Stock
ORD-13403,2023-04-22,Electronics,Audio,North,On-Time,30,5,343.63,820.3,0.0,4101.5,1718.15,4101.5,2383.35,58.11,Spring,1.0,Tier 1: Fast Mover
ORD-13404,2023-09-04,Electronics,Audio,North,Delayed - Customs,94,2,259.55,325.91,0.35,651.82,519.1,423.68,-95.42,-22.52,Fall,0.0,Tier 2: Warning
ORD-13405,2023-08-09,Apparel,Pants,South,Delayed - Transit,52,3,211.62,256.64,0.05,769.92,634.86,731.42,96.56,13.2,Summer,1.0,Tier 1: Fast Mover
ORD-13406,2023-05-20,Apparel,Uncategorized,West,Delayed - Transit,104,4,159.14,175.87,0.44,703.48,636.56,393.95,-242.61,-61.58,Spring,0.0,Tier 2: Warning
ORD-13407,2023-06-05,Furniture,Chairs,North,On-Time,133,4,252.07,274.02,0.4,1096.08,1008.28,657.65,-350.63,-53.32,Summer,0.0,Tier 2: Warning
ORD-13408,2023-11-09,Apparel,Footwear,North,On-Time,38,1,66.12,148.65,0.05,148.65,66.12,141.22,75.1,53.18,Fall,1.0,Tier 1: Fast Mover
ORD-13409,2023-01-29,Electronics,Audio,South,On-Time,42,5,376.26,669.47,0.0,3347.35,1881.3,3347.35,1466.05,43.8,Winter,1.0,Tier 1: Fast Mover
ORD-13410,2023-06-26,Electronics,Computers,East,Delayed - Customs,125,1,44.76,55.33,0.5,55.33,44.76,27.67,-17.1,-61.79,Summer,0.0,Tier 2: Warning
ORD-13411,2023-10-19,Furniture,Chairs,East,On-Time,73,4,250.21,308.03,0.0,1232.12,1000.84,1232.12,231.28,18.77,Fall,1.0,Tier 1: Fast Mover
ORD-13412,2023-07-24,Electronics,Audio,South,On-Time,45,3,52.62,110.55,0.0,331.65,157.86,331.65,173.79,52.4,Summer,1.0,Tier 1: Fast Mover
ORD-13413,2023-08-30,Apparel,Pants,West,On-Time,41,4,328.0,769.66,0.0,3078.64,1312.0,3078.64,1766.64,57.38,Summer,1.0,Tier 1: Fast Mover
ORD-13414,2023-01-27,Apparel,Footwear,West,On-Time,14,5,80.35,142.3,0.05,711.5,401.75,675.93,274.18,40.56,Winter,1.0,Tier 1: Fast Mover
ORD-13415,2023-08-04,Furniture,Chairs,East,On-Time,109,5,338.59,446.08,0.39,2230.4,1692.95,1360.54,-332.41,-24.43,Summer,0.0,Tier 2: Warning
ORD-13416,2023-01-09,Furniture,Tables,South,On-Time,137,4,214.57,274.46,0.48,1097.84,858.28,570.88,-287.4,-50.34,Winter,0.0,Tier 2: Warning
ORD-13417,2023-02-27,Furniture,Chairs,East,On-Time,109,4,187.69,207.94,0.6,831.76,750.76,332.7,-418.06,-125.65,Winter,2.0,Tier 3: Dead Stock
ORD-13418,2023-12-30,Electronics,Audio,North,On-Time,34,4,64.32,146.21,0.05,584.84,257.28,555.6,298.32,53.69,Winter,1.0,Tier 1: Fast Mover
ORD-13419,2023-01-28,Furniture,Chairs,East,On-Time,106,3,133.33,167.33,0.64,501.99,399.99,180.72,-219.27,-121.34,Winter,2.0,Tier 3: Dead Stock
ORD-13420,2023-10-17,Furniture,Uncategorized,North,On-Time,139,5,266.35,284.89,0.41,1424.45,1331.75,840.43,-491.32,-58.46,Fall,0.0,Tier 2: Warning
ORD-13421,2023-01-15,Apparel,Pants,North,Delayed - Transit,130,2,191.59,205.87,0.62,411.74,383.18,156.46,-226.72,-144.9,Winter,2.0,Tier 3: Dead Stock
ORD-13422,2023-02-02,Apparel,Pants,South,Delayed - Customs,141,1,215.23,274.96,0.43,274.96,215.23,156.73,-58.5,-37.33,Winter,0.0,Tier 2: Warning
ORD-13423,2023-03-31,Electronics,Audio,South,Delayed - Transit,107,2,367.59,476.92,0.63,953.84,735.18,352.92,-382.26,-108.31,Spring,2.0,Tier 3: Dead Stock
ORD-13424,2023-02-14,Electronics,Accessories,East,Delayed - Customs,126,2,72.34,86.01,0.42,172.02,144.68,99.77,-44.91,-45.01,Winter,0.0,Tier 2: Warning
ORD-13425,2023-05-30,Apparel,Shirts,North,On-Time,53,4,381.09,742.46,0.05,2969.84,1524.36,2821.35,1296.99,45.97,Spring,1.0,Tier 1: Fast Mover
ORD-13426,2023-10-01,Electronics,Accessories,East,On-Time,11,5,368.68,631.92,0.0,3159.6,1843.4,3159.6,1316.2,41.66,Fall,1.0,Tier 1: Fast Mover
ORD-13427,2023-03-05,Furniture,Chairs,East,Delayed - Transit,115,5,164.54,189.44,0.39,947.2,822.7,577.79,-244.91,-42.39,Spring,0.0,Tier 2: Warning
ORD-13428,2023-07-13,Electronics,Audio,West,On-Time,28,4,252.03,407.8,0.0,1631.2,1008.12,1631.2,623.08,38.2,Summer,1.0,Tier 1: Fast Mover
ORD-13429,2023-01-09,Electronics,Accessories,West,On-Time,42,4,377.36,881.02,0.0,3524.08,1509.44,3524.08,2014.64,57.17,Winter,1.0,Tier 1: Fast Mover
ORD-13430,2023-09-19,Electronics,Accessories,South,On-Time,23,2,112.18,264.95,0.05,529.9,224.36,503.41,279.05,55.43,Fall,1.0,Tier 1: Fast Mover
ORD-13431,2023-07-15,Furniture,Uncategorized,North,On-Time,141,2,27.06,29.32,0.45,58.64,54.12,32.25,-21.87,-67.8,Summer,0.0,Tier 2: Warning
ORD-13432,2023-07-19,Apparel,Pants,West,Delayed - Transit,124,4,56.0,73.75,0.47,295.0,224.0,156.35,-67.65,-43.27,Summer,0.0,Tier 2: Warning
ORD-13433,2023-05-25,Furniture,Tables,East,Delayed - Transit,95,3,297.45,341.63,0.54,1024.89,892.35,471.45,-420.9,-89.28,Spring,2.0,Tier 3: Dead Stock
ORD-13434,2023-08-30,Furniture,Uncategorized,West,Delayed - Customs,143,4,351.11,423.34,0.62,1693.36,1404.44,643.48,-760.96,-118.26,Summer,2.0,Tier 3: Dead Stock
ORD-13435,2023-06-26,Apparel,Shirts,South,On-Time,44,4,38.74,76.91,0.0,307.64,154.96,307.64,152.68,49.63,Summer,1.0,Tier 1: Fast Mover
ORD-13436,2023-02-08,Electronics,Audio,East,On-Time,30,5,166.92,369.22,0.0,1846.1,834.6,1846.1,1011.5,54.79,Winter,1.0,Tier 1: Fast Mover
ORD-13437,2023-02-18,Apparel,Shirts,South,On-Time,53,5,141.23,303.46,0.05,1517.3,706.15,1441.44,735.29,51.01,Winter,1.0,Tier 1: Fast Mover
ORD-13438,2023-04-16,Apparel,Footwear,East,Delayed - Transit,112,3,369.31,485.81,0.64,1457.43,1107.93,524.67,-583.26,-111.17,Spring,2.0,Tier 3: Dead Stock
ORD-13439,2023-01-23,Apparel,Shirts,East,On-Time,21,1,134.36,282.15,0.0,282.15,134.36,282.15,147.79,52.38,Winter,1.0,Tier 1: Fast Mover
ORD-13440,2023-11-27,Furniture,Desks,West,On-Time,93,2,225.7,286.3,0.48,572.6,451.4,297.75,-153.65,-51.6,Fall,0.0,Tier 2: Warning
ORD-13441,2023-01-17,Furniture,Desks,East,Delayed - Transit,122,5,274.58,318.17,0.56,1590.85,1372.9,699.97,-672.93,-96.14,Winter,2.0,Tier 3: Dead Stock
ORD-13442,2023-04-21,Furniture,Tables,South,On-Time,90,3,16.05,18.5,0.63,55.5,48.15,20.54,-27.62,-134.48,Spring,2.0,Tier 3: Dead Stock
ORD-13443,2023-09-04,Electronics,Accessories,North,On-Time,41,2,388.84,699.84,0.05,1399.68,777.68,1329.7,552.02,41.51,Fall,1.0,Tier 1: Fast Mover
ORD-13444,2023-08-29,Furniture,Tables,West,Delayed - Transit,91,2,62.03,80.65,0.48,161.3,124.06,83.88,-40.18,-47.91,Summer,0.0,Tier 2: Warning
ORD-13445,2023-10-13,Apparel,Footwear,East,On-Time,29,4,323.07,556.73,0.0,2226.92,1292.28,2226.92,934.64,41.97,Fall,1.0,Tier 1: Fast Mover
ORD-13446,2023-05-25,Apparel,Pants,North,On-Time,18,5,48.19,86.59,0.0,432.95,240.95,432.95,192.0,44.35,Spring,1.0,Tier 1: Fast Mover
ORD-13447,2023-10-21,Apparel,Pants,East,On-Time,30,4,259.81,452.95,0.05,1811.8,1039.24,1721.21,681.97,39.62,Fall,1.0,Tier 1: Fast Mover
ORD-13448,2023-10-30,Furniture,Desks,East,On-Time,94,2,172.36,206.5,0.4,413.0,344.72,247.8,-96.92,-39.11,Fall,0.0,Tier 2: Warning
ORD-13449,2023-05-17,Apparel,Pants,West,On-Time,21,1,34.98,71.27,0.0,71.27,34.98,71.27,36.29,50.92,Spring,1.0,Tier 1: Fast Mover
ORD-13450,2023-05-22,Apparel,Pants,East,On-Time,12,5,298.12,566.63,0.0,2833.15,1490.6,2833.15,1342.55,47.39,Spring,1.0,Tier 1: Fast Mover
ORD-13451,2023-03-23,Furniture,Desks,West,On-Time,126,2,54.42,60.73,0.54,121.46,108.84,55.87,-52.97,-94.8,Spring,2.0,Tier 3: Dead Stock
ORD-13452,2023-01-12,Electronics,Audio,South,On-Time,55,2,40.66,79.5,0.0,159.0,81.32,159.0,77.68,48.86,Winter,1.0,Tier 1: Fast Mover
ORD-13453,2023-04-13,Electronics,Computers,South,On-Time,42,4,348.25,647.45,0.05,2589.8,1393.0,2460.31,1067.31,43.38,Spring,1.0,Tier 1: Fast Mover
ORD-13454,2023-09-12,Electronics,Audio,East,Delayed - Customs,102,2,388.51,512.28,0.39,1024.56,777.02,624.98,-152.04,-24.33,Fall,0.0,Tier 2: Warning
ORD-13455,2023-10-12,Apparel,Shirts,North,On-Time,20,5,149.01,356.83,0.05,1784.15,745.05,1694.94,949.89,56.04,Fall,1.0,Tier 1: Fast Mover
ORD-13456,2023-05-04,Electronics,Audio,West,On-Time,44,5,355.49,610.26,0.0,3051.3,1777.45,3051.3,1273.85,41.75,Spring,1.0,Tier 1: Fast Mover
ORD-13457,2023-06-02,Furniture,Chairs,East,On-Time,109,2,169.93,186.99,0.45,373.98,339.86,205.69,-134.17,-65.23,Summer,0.0,Tier 2: Warning
ORD-13458,2023-05-13,Furniture,Tables,East,On-Time,106,1,135.64,163.46,0.59,163.46,135.64,67.02,-68.62,-102.39,Spring,2.0,Tier 3: Dead Stock
ORD-13459,2023-01-08,Apparel,Shirts,North,On-Time,32,5,202.93,474.1,0.05,2370.5,1014.65,2251.98,1237.33,54.94,Winter,1.0,Tier 1: Fast Mover
ORD-13460,2023-02-16,Apparel,Shirts,South,Delayed - Transit,80,4,298.12,338.33,0.05,1353.32,1192.48,1285.65,93.17,7.25,Winter,1.0,Tier 1: Fast Mover
ORD-13461,2023-07-23,Furniture,Desks,South,On-Time,68,4,172.2,182.15,0.05,728.6,688.8,692.17,3.37,0.49,Summer,1.0,Tier 1: Fast Mover
ORD-13462,2023-07-15,Apparel,Shirts,South,On-Time,15,1,379.79,618.83,0.05,618.83,379.79,587.89,208.1,35.4,Summer,1.0,Tier 1: Fast Mover
ORD-13463,2023-07-10,Furniture,Chairs,East,On-Time,103,1,337.48,395.24,0.51,395.24,337.48,193.67,-143.81,-74.26,Summer,0.0,Tier 2: Warning
ORD-13464,2023-05-08,Apparel,Shirts,West,On-Time,53,1,386.25,623.28,0.0,623.28,386.25,623.28,237.03,38.03,Spring,1.0,Tier 1: Fast Mover
ORD-13465,2023-07-15,Furniture,Desks,South,On-Time,106,3,358.31,406.88,0.37,1220.64,1074.93,769.0,-305.93,-39.78,Summer,0.0,Tier 2: Warning
ORD-13466,2023-05-11,Furniture,Tables,South,On-Time,104,3,280.83,311.26,0.35,933.78,842.49,606.96,-235.53,-38.81,Spring,0.0,Tier 2: Warning
ORD-13467,2023-12-31,Electronics,Accessories,West,On-Time,17,4,99.85,205.49,0.0,821.96,399.4,821.96,422.56,51.41,Winter,1.0,Tier 1: Fast Mover
ORD-13468,2023-10-10,Electronics,Accessories,East,On-Time,23,5,363.26,639.81,0.0,3199.05,1816.3,3199.05,1382.75,43.22,Fall,1.0,Tier 1: Fast Mover
ORD-13469,2023-08-15,Apparel,Shirts,South,On-Time,44,2,396.48,932.48,0.0,1864.96,792.96,1864.96,1072.0,57.48,Summer,1.0,Tier 1: Fast Mover
ORD-13470,2023-08-06,Furniture,Chairs,West,On-Time,89,4,74.6,96.24,0.46,384.96,298.4,207.88,-90.52,-43.55,Summer,0.0,Tier 2: Warning
ORD-13471,2023-03-18,Apparel,Footwear,North,On-Time,33,3,304.33,532.61,0.05,1597.83,912.99,1517.94,604.95,39.85,Spring,1.0,Tier 1: Fast Mover
ORD-13472,2023-12-11,Apparel,Footwear,East,On-Time,32,1,318.56,711.98,0.0,711.98,318.56,711.98,393.42,55.26,Winter,1.0,Tier 1: Fast Mover
ORD-13473,2023-08-22,Furniture,Tables,North,On-Time,63,3,296.94,393.52,0.05,1180.56,890.82,1121.53,230.71,20.57,Summer,1.0,Tier 1: Fast Mover
ORD-13474,2023-08-29,Electronics,Computers,East,On-Time,37,4,232.16,389.43,0.0,1557.72,928.64,1557.72,629.08,40.38,Summer,1.0,Tier 1: Fast Mover
ORD-13475,2023-06-05,Furniture,Chairs,North,On-Time,75,4,112.95,146.56,0.05,586.24,451.8,556.93,105.13,18.88,Summer,1.0,Tier 1: Fast Mover
ORD-13476,2023-10-30,Electronics,Accessories,South,On-Time,24,1,45.92,106.43,0.0,106.43,45.92,106.43,60.51,56.85,Fall,1.0,Tier 1: Fast Mover
ORD-13477,2023-06-07,Furniture,Desks,North,On-Time,114,4,385.34,412.42,0.64,1649.68,1541.36,593.88,-947.48,-159.54,Summer,2.0,Tier 3: Dead Stock
ORD-13478,2023-02-08,Furniture,Tables,North,On-Time,129,1,147.52,193.53,0.46,193.53,147.52,104.51,-43.01,-41.16,Winter,0.0,Tier 2: Warning
ORD-13479,2023-12-31,Electronics,Audio,North,On-Time,40,5,336.02,663.81,0.0,3319.05,1680.1,3319.05,1638.95,49.38,Winter,1.0,Tier 1: Fast Mover
ORD-13480,2023-09-04,Apparel,Footwear,East,Delayed - Customs,140,2,41.25,55.67,0.58,111.34,82.5,46.76,-35.74,-76.42,Fall,0.0,Tier 2: Warning
ORD-13481,2023-09-30,Electronics,Accessories,West,On-Time,26,5,343.37,550.8,0.0,2754.0,1716.85,2754.0,1037.15,37.66,Fall,1.0,Tier 1: Fast Mover
ORD-13482,2023-04-16,Apparel,Pants,South,On-Time,23,2,46.1,96.16,0.05,192.32,92.2,182.7,90.5,49.54,Spring,1.0,Tier 1: Fast Mover
ORD-13483,2023-02-02,Apparel,Footwear,South,On-Time,26,1,180.14,429.74,0.05,429.74,180.14,408.25,228.11,55.88,Winter,1.0,Tier 1: Fast Mover
ORD-13484,2023-12-23,Electronics,Audio,South,Delayed - Transit,105,4,349.53,444.29,0.59,1777.16,1398.12,728.64,-669.48,-91.88,Winter,2.0,Tier 3: Dead Stock
ORD-13485,2023-12-03,Apparel,Shirts,North,On-Time,45,4,156.38,275.39,0.05,1101.56,625.52,1046.48,420.96,40.23,Winter,1.0,Tier 1: Fast Mover
ORD-13486,2023-08-08,Furniture,Desks,South,On-Time,92,1,176.67,207.86,0.54,207.86,176.67,95.62,-81.05,-84.77,Summer,2.0,Tier 3: Dead Stock
ORD-13487,2023-10-12,Furniture,Tables,South,Delayed - Customs,121,2,273.64,325.09,0.48,650.18,547.28,338.09,-209.19,-61.87,Fall,0.0,Tier 2: Warning
ORD-13488,2023-12-13,Electronics,Computers,East,Delayed - Transit,91,1,305.78,383.08,0.36,383.08,305.78,245.17,-60.61,-24.72,Winter,0.0,Tier 2: Warning
ORD-13489,2023-05-11,Furniture,Tables,West,On-Time,116,4,195.86,233.92,0.54,935.68,783.44,430.41,-353.03,-82.02,Spring,2.0,Tier 3: Dead Stock
ORD-13490,2023-09-01,Electronics,Audio,South,On-Time,57,5,19.53,44.2,0.0,221.0,97.65,221.0,123.35,55.81,Fall,1.0,Tier 1: Fast Mover
ORD-13491,2023-08-31,Electronics,Computers,South,On-Time,42,1,23.29,55.21,0.05,55.21,23.29,52.45,29.16,55.6,Summer,1.0,Tier 1: Fast Mover
ORD-13492,2023-08-05,Apparel,Shirts,East,On-Time,20,5,238.66,527.94,0.05,2639.7,1193.3,2507.72,1314.42,52.41,Summer,1.0,Tier 1: Fast Mover
ORD-13493,2023-09-27,Furniture,Chairs,West,Delayed - Customs,62,5,312.4,355.74,0.05,1778.7,1562.0,1689.77,127.77,7.56,Fall,1.0,Tier 1: Fast Mover
ORD-13494,2023-05-07,Apparel,Shirts,West,Delayed - Customs,122,3,209.31,219.99,0.51,659.97,627.93,323.39,-304.54,-94.17,Spring,2.0,Tier 3: Dead Stock
ORD-13495,2023-07-22,Apparel,Pants,North,On-Time,8,5,376.61,691.03,0.05,3455.15,1883.05,3282.39,1399.34,42.63,Summer,1.0,Tier 1: Fast Mover
ORD-13496,2023-01-03,Apparel,Pants,East,Delayed - Customs,111,5,172.63,207.95,0.57,1039.75,863.15,447.09,-416.06,-93.06,Winter,2.0,Tier 3: Dead Stock
ORD-13497,2023-07-28,Apparel,Shirts,North,On-Time,32,3,108.72,184.84,0.05,554.52,326.16,526.79,200.63,38.09,Summer,1.0,Tier 1: Fast Mover
ORD-13498,2023-04-03,Electronics,Audio,North,On-Time,45,5,382.33,700.82,0.0,3504.1,1911.65,3504.1,1592.45,45.45,Spring,1.0,Tier 1: Fast Mover
ORD-13499,2023-12-11,Electronics,Accessories,North,On-Time,23,5,321.82,515.86,0.05,2579.3,1609.1,2450.34,841.24,34.33,Winter,1.0,Tier 1: Fast Mover
ORD-13500,2023-05-16,Furniture,Chairs,West,On-Time,72,4,135.22,163.97,0.0,655.88,540.88,655.88,115.0,17.53,Spring,1.0,Tier 1: Fast Mover
ORD-13501,2023-02-06,Furniture,Uncategorized,West,On-Time,128,4,240.68,308.15,0.36,1232.6,962.72,788.86,-173.86,-22.04,Winter,0.0,Tier 2: Warning
ORD-13502,2023-01-09,Apparel,Pants,East,On-Time,49,2,282.44,579.97,0.0,1159.94,564.88,1159.94,595.06,51.3,Winter,1.0,Tier 1: Fast Mover
ORD-13503,2023-09-10,Electronics,Computers,North,Delayed - Transit,130,5,295.8,396.55,0.49,1982.75,1479.0,1011.2,-467.8,-46.26,Fall,0.0,Tier 2: Warning
ORD-13504,2023-02-14,Electronics,Audio,South,Delayed - Customs,74,4,174.45,186.68,0.0,746.72,697.8,746.72,48.92,6.55,Winter,1.0,Tier 1: Fast Mover
ORD-13505,2023-11-17,Apparel,Uncategorized,South,On-Time,29,4,337.23,740.51,0.05,2962.04,1348.92,2813.94,1465.02,52.06,Fall,1.0,Tier 1: Fast Mover
ORD-13506,2023-03-24,Furniture,Desks,North,On-Time,90,4,235.58,303.38,0.63,1213.52,942.32,449.0,-493.32,-109.87,Spring,2.0,Tier 3: Dead Stock
ORD-13507,2023-12-09,Furniture,Chairs,West,On-Time,112,5,344.66,460.91,0.42,2304.55,1723.3,1336.64,-386.66,-28.93,Winter,0.0,Tier 2: Warning
ORD-13508,2023-03-15,Apparel,Shirts,East,On-Time,12,5,325.36,685.25,0.0,3426.25,1626.8,3426.25,1799.45,52.52,Spring,1.0,Tier 1: Fast Mover
ORD-13509,2023-01-19,Apparel,Shirts,East,On-Time,10,2,305.35,533.26,0.05,1066.52,610.7,1013.19,402.49,39.73,Winter,1.0,Tier 1: Fast Mover
ORD-13510,2023-03-12,Furniture,Chairs,East,On-Time,117,3,47.09,52.71,0.58,158.13,141.27,66.41,-74.86,-112.71,Spring,2.0,Tier 3: Dead Stock
ORD-13511,2023-10-07,Apparel,Pants,South,Delayed - Customs,103,4,164.72,199.02,0.6,796.08,658.88,318.43,-340.45,-106.91,Fall,2.0,Tier 3: Dead Stock
ORD-13512,2023-12-15,Furniture,Chairs,North,On-Time,87,5,220.86,259.9,0.46,1299.5,1104.3,701.73,-402.57,-57.37,Winter,0.0,Tier 2: Warning
ORD-13513,2023-02-22,Apparel,Shirts,North,Delayed - Transit,114,1,388.24,453.12,0.39,453.12,388.24,276.4,-111.84,-40.46,Winter,0.0,Tier 2: Warning
ORD-13514,2023-11-29,Furniture,Desks,East,Delayed - Transit,70,5,142.36,161.16,0.0,805.8,711.8,805.8,94.0,11.67,Fall,1.0,Tier 1: Fast Mover
ORD-13515,2023-06-08,Furniture,Desks,West,On-Time,97,1,267.59,328.53,0.35,328.53,267.59,213.54,-54.05,-25.31,Summer,0.0,Tier 2: Warning
ORD-13516,2023-10-19,Electronics,Audio,South,Delayed - Customs,130,5,171.51,225.15,0.37,1125.75,857.55,709.22,-148.33,-20.91,Fall,0.0,Tier 2: Warning
ORD-13517,2023-08-20,Apparel,Shirts,South,On-Time,31,4,358.13,673.47,0.0,2693.88,1432.52,2693.88,1261.36,46.82,Summer,1.0,Tier 1: Fast Mover
ORD-13518,2023-04-20,Furniture,Chairs,South,Delayed - Transit,83,3,345.77,407.21,0.05,1221.63,1037.31,1160.55,123.24,10.62,Spring,1.0,Tier 1: Fast Mover
ORD-13519,2023-07-10,Electronics,Accessories,East,On-Time,28,3,148.46,267.82,0.0,803.46,445.38,803.46,358.08,44.57,Summer,1.0,Tier 1: Fast Mover
ORD-13520,2023-10-29,Electronics,Computers,West,On-Time,30,1,224.77,364.21,0.0,364.21,224.77,364.21,139.44,38.29,Fall,1.0,Tier 1: Fast Mover
ORD-13521,2023-07-15,Apparel,Shirts,South,On-Time,24,2,124.65,211.47,0.05,422.94,249.3,401.79,152.49,37.95,Summer,1.0,Tier 1: Fast Mover
ORD-13522,2023-08-20,Electronics,Accessories,West,On-Time,26,5,187.5,333.88,0.0,1669.4,937.5,1669.4,731.9,43.84,Summer,1.0,Tier 1: Fast Mover
ORD-13523,2023-03-12,Furniture,Desks,North,Delayed - Transit,123,2,183.03,197.99,0.47,395.98,366.06,209.87,-156.19,-74.42,Spring,0.0,Tier 2: Warning
ORD-13524,2023-09-08,Furniture,Chairs,East,On-Time,153,3,152.2,178.66,0.44,535.98,456.6,300.15,-156.45,-52.12,Fall,0.0,Tier 2: Warning
ORD-13525,2023-10-08,Apparel,Footwear,East,On-Time,42,3,238.71,422.53,0.0,1267.59,716.13,1267.59,551.46,43.5,Fall,1.0,Tier 1: Fast Mover
ORD-13526,2023-08-24,Electronics,Accessories,North,On-Time,25,3,137.59,322.15,0.05,966.45,412.77,918.13,505.36,55.04,Summer,1.0,Tier 1: Fast Mover
ORD-13527,2023-05-11,Electronics,Audio,North,On-Time,34,2,178.87,288.45,0.0,576.9,357.74,576.9,219.16,37.99,Spring,1.0,Tier 1: Fast Mover
ORD-13528,2023-02-10,Electronics,Audio,East,On-Time,15,1,105.14,200.29,0.0,200.29,105.14,200.29,95.15,47.51,Winter,1.0,Tier 1: Fast Mover
ORD-13529,2023-09-13,Furniture,Chairs,North,Delayed - Transit,119,2,135.04,170.94,0.61,341.88,270.08,133.33,-136.75,-102.56,Fall,2.0,Tier 3: Dead Stock
ORD-13530,2023-04-13,Electronics,Accessories,South,On-Time,17,2,350.25,839.94,0.05,1679.88,700.5,1595.89,895.39,56.11,Spring,1.0,Tier 1: Fast Mover
ORD-13531,2023-10-17,Electronics,Computers,East,On-Time,16,5,263.79,629.04,0.05,3145.2,1318.95,2987.94,1668.99,55.86,Fall,1.0,Tier 1: Fast Mover
ORD-13532,2023-11-09,Apparel,Uncategorized,West,On-Time,21,4,50.36,112.89,0.05,451.56,201.44,428.98,227.54,53.04,Fall,1.0,Tier 1: Fast Mover
ORD-13533,2023-03-23,Furniture,Desks,East,Delayed - Transit,84,2,220.17,268.47,0.0,536.94,440.34,536.94,96.6,17.99,Spring,1.0,Tier 1: Fast Mover
ORD-13534,2023-10-10,Electronics,Audio,East,On-Time,15,3,49.89,86.75,0.0,260.25,149.67,260.25,110.58,42.49,Fall,1.0,Tier 1: Fast Mover
ORD-13535,2023-04-04,Apparel,Pants,South,On-Time,19,3,347.58,587.64,0.05,1762.92,1042.74,1674.77,632.03,37.74,Spring,1.0,Tier 1: Fast Mover
ORD-13536,2023-02-11,Apparel,Pants,East,On-Time,26,1,103.57,216.64,0.0,216.64,103.57,216.64,113.07,52.19,Winter,1.0,Tier 1: Fast Mover
ORD-13537,2023-11-21,Electronics,Audio,West,Delayed - Transit,159,4,61.84,71.87,0.55,287.48,247.36,129.37,-117.99,-91.21,Fall,2.0,Tier 3: Dead Stock
ORD-13538,2023-12-22,Furniture,Chairs,South,On-Time,167,3,38.47,50.25,0.39,150.75,115.41,91.96,-23.45,-25.5,Winter,0.0,Tier 2: Warning
ORD-13539,2023-04-20,Electronics,Computers,West,On-Time,32,2,130.36,245.03,0.0,490.06,260.72,490.06,229.34,46.8,Spring,1.0,Tier 1: Fast Mover
ORD-13540,2023-05-03,Apparel,Shirts,North,On-Time,28,3,347.46,712.74,0.0,2138.22,1042.38,2138.22,1095.84,51.25,Spring,1.0,Tier 1: Fast Mover
ORD-13541,2023-04-18,Electronics,Accessories,East,On-Time,18,4,208.65,351.47,0.0,1405.88,834.6,1405.88,571.28,40.64,Spring,1.0,Tier 1: Fast Mover
ORD-13542,2023-01-28,Furniture,Desks,South,On-Time,110,3,52.48,65.57,0.6,196.71,157.44,78.68,-78.76,-100.09,Winter,2.0,Tier 3: Dead Stock
ORD-13543,2023-05-09,Furniture,Chairs,East,On-Time,131,4,113.66,129.17,0.39,516.68,454.64,315.17,-139.47,-44.25,Spring,0.0,Tier 2: Warning
ORD-13544,2023-03-08,Electronics,Accessories,South,On-Time,21,5,303.84,614.54,0.05,3072.7,1519.2,2919.07,1399.87,47.96,Spring,1.0,Tier 1: Fast Mover
ORD-13545,2023-03-22,Furniture,Tables,North,On-Time,164,4,34.98,43.4,0.5,173.6,139.92,86.8,-53.12,-61.2,Spring,0.0,Tier 2: Warning
ORD-13546,2023-12-26,Furniture,Chairs,East,On-Time,140,5,244.16,317.95,0.46,1589.75,1220.8,858.47,-362.34,-42.21,Winter,0.0,Tier 2: Warning
ORD-13547,2023-02-28,Apparel,Pants,South,Delayed - Transit,165,3,244.74,281.35,0.63,844.05,734.22,312.3,-421.92,-135.1,Winter,2.0,Tier 3: Dead Stock
ORD-13548,2023-09-21,Furniture,Chairs,East,On-Time,122,1,375.86,477.45,0.46,477.45,375.86,257.82,-118.04,-45.78,Fall,0.0,Tier 2: Warning
ORD-13549,2023-12-19,Electronics,Computers,East,On-Time,20,3,311.98,744.64,0.05,2233.92,935.94,2122.22,1186.28,55.9,Winter,1.0,Tier 1: Fast Mover
ORD-13550,2023-06-20,Apparel,Footwear,East,Delayed - Transit,123,5,82.22,92.13,0.59,460.65,411.1,188.87,-222.23,-117.67,Summer,2.0,Tier 3: Dead Stock
ORD-13551,2023-06-23,Electronics,Uncategorized,West,On-Time,41,5,276.02,469.15,0.05,2345.75,1380.1,2228.46,848.36,38.07,Summer,1.0,Tier 1: Fast Mover
ORD-13552,2023-12-06,Apparel,Shirts,South,On-Time,29,1,203.63,348.44,0.0,348.44,203.63,348.44,144.81,41.56,Winter,1.0,Tier 1: Fast Mover
ORD-13553,2023-05-17,Apparel,Pants,South,On-Time,23,4,356.91,780.28,0.05,3121.12,1427.64,2965.06,1537.42,51.85,Spring,1.0,Tier 1: Fast Mover
ORD-13554,2023-06-28,Furniture,Desks,South,On-Time,139,5,312.65,343.19,0.54,1715.95,1563.25,789.34,-773.91,-98.05,Summer,2.0,Tier 3: Dead Stock
ORD-13555,2023-05-23,Furniture,Desks,West,On-Time,108,4,61.21,69.64,0.63,278.56,244.84,103.07,-141.77,-137.55,Spring,2.0,Tier 3: Dead Stock
ORD-13556,2023-08-03,Furniture,Tables,North,Delayed - Customs,147,2,322.5,364.68,0.6,729.36,645.0,291.74,-353.26,-121.08,Summer,2.0,Tier 3: Dead Stock
ORD-13557,2023-02-16,Apparel,Pants,South,On-Time,33,2,340.1,756.74,0.0,1513.48,680.2,1513.48,833.28,55.06,Winter,1.0,Tier 1: Fast Mover
ORD-13558,2023-10-14,Electronics,Accessories,South,Delayed - Transit,65,4,94.57,101.42,0.05,405.68,378.28,385.4,7.12,1.85,Fall,1.0,Tier 1: Fast Mover
ORD-13559,2023-09-09,Apparel,Shirts,South,On-Time,33,3,365.52,655.85,0.0,1967.55,1096.56,1967.55,870.99,44.27,Fall,1.0,Tier 1: Fast Mover
ORD-13560,2023-01-02,Apparel,Footwear,West,Delayed - Customs,65,4,104.08,120.13,0.0,480.52,416.32,480.52,64.2,13.36,Winter,1.0,Tier 1: Fast Mover
ORD-13561,2023-03-18,Furniture,Desks,North,On-Time,114,2,283.32,362.84,0.59,725.68,566.64,297.53,-269.11,-90.45,Spring,2.0,Tier 3: Dead Stock
ORD-13562,2023-05-31,Apparel,Footwear,North,On-Time,22,2,350.41,610.3,0.05,1220.6,700.82,1159.57,458.75,39.56,Spring,1.0,Tier 1: Fast Mover
ORD-13563,2023-03-29,Furniture,Chairs,North,On-Time,145,4,379.23,474.49,0.43,1897.96,1516.92,1081.84,-435.08,-40.22,Spring,0.0,Tier 2: Warning
ORD-13564,2023-11-08,Electronics,Accessories,North,Delayed - Customs,93,4,280.57,348.98,0.39,1395.92,1122.28,851.51,-270.77,-31.8,Fall,0.0,Tier 2: Warning
ORD-13565,2023-06-07,Electronics,Accessories,South,Delayed - Customs,84,3,137.85,145.43,0.05,436.29,413.55,414.48,0.93,0.22,Summer,0.0,Tier 2: Warning
ORD-13566,2023-12-30,Furniture,Tables,South,Delayed - Transit,109,1,208.45,238.82,0.55,238.82,208.45,107.47,-100.98,-93.96,Winter,2.0,Tier 3: Dead Stock
ORD-13567,2023-10-30,Electronics,Accessories,South,On-Time,31,1,106.92,182.75,0.0,182.75,106.92,182.75,75.83,41.49,Fall,1.0,Tier 1: Fast Mover
ORD-13568,2023-12-12,Apparel,Pants,North,Delayed - Transit,64,4,83.15,105.32,0.0,421.28,332.6,421.28,88.68,21.05,Winter,1.0,Tier 1: Fast Mover
ORD-13569,2023-11-09,Electronics,Audio,South,On-Time,38,3,146.91,243.52,0.05,730.56,440.73,694.03,253.3,36.5,Fall,1.0,Tier 1: Fast Mover
ORD-13570,2023-04-22,Electronics,Audio,North,Delayed - Customs,119,4,331.02,348.67,0.38,1394.68,1324.08,864.7,-459.38,-53.13,Spring,0.0,Tier 2: Warning
ORD-13571,2023-04-30,Apparel,Footwear,South,On-Time,45,1,347.66,825.1,0.05,825.1,347.66,783.85,436.19,55.65,Spring,1.0,Tier 1: Fast Mover
ORD-13572,2023-06-19,Furniture,Desks,West,On-Time,156,4,39.63,42.25,0.55,169.0,158.52,76.05,-82.47,-108.44,Summer,2.0,Tier 3: Dead Stock
ORD-13573,2023-07-04,Apparel,Shirts,North,Delayed - Transit,130,3,178.1,189.46,0.51,568.38,534.3,278.51,-255.79,-91.84,Summer,2.0,Tier 3: Dead Stock
ORD-13574,2023-09-09,Furniture,Desks,East,Delayed - Transit,110,2,36.47,42.51,0.6,85.02,72.94,34.01,-38.93,-114.48,Fall,2.0,Tier 3: Dead Stock
ORD-13575,2023-04-29,Furniture,Desks,East,Delayed - Customs,138,4,127.55,149.09,0.61,596.36,510.2,232.58,-277.62,-119.37,Spring,2.0,Tier 3: Dead Stock
ORD-13576,2023-02-11,Furniture,Desks,North,On-Time,106,5,204.56,254.51,0.6,1272.55,1022.8,509.02,-513.78,-100.94,Winter,2.0,Tier 3: Dead Stock
ORD-13577,2023-12-06,Electronics,Computers,West,Delayed - Transit,114,1,212.28,281.88,0.6,281.88,212.28,112.75,-99.53,-88.27,Winter,2.0,Tier 3: Dead Stock
ORD-13578,2023-10-12,Apparel,Shirts,West,On-Time,34,4,387.25,652.23,0.05,2608.92,1549.0,2478.47,929.47,37.5,Fall,1.0,Tier 1: Fast Mover
ORD-13579,2023-06-14,Apparel,Pants,West,On-Time,39,4,123.51,213.59,0.0,854.36,494.04,854.36,360.32,42.17,Summer,1.0,Tier 1: Fast Mover
ORD-13580,2023-05-13,Apparel,Shirts,South,On-Time,27,5,331.2,541.18,0.0,2705.9,1656.0,2705.9,1049.9,38.8,Spring,1.0,Tier 1: Fast Mover
ORD-13581,2023-07-20,Apparel,Footwear,West,On-Time,23,3,398.7,853.17,0.05,2559.51,1196.1,2431.53,1235.43,50.81,Summer,1.0,Tier 1: Fast Mover
ORD-13582,2023-01-04,Apparel,Footwear,South,On-Time,40,1,168.63,291.52,0.05,291.52,168.63,276.94,108.31,39.11,Winter,1.0,Tier 1: Fast Mover
ORD-13583,2023-03-13,Furniture,Desks,East,On-Time,155,1,116.66,136.74,0.38,136.74,116.66,84.78,-31.88,-37.61,Spring,0.0,Tier 2: Warning
ORD-13584,2023-06-21,Electronics,Audio,North,On-Time,41,4,227.23,425.21,0.0,1700.84,908.92,1700.84,791.92,46.56,Summer,1.0,Tier 1: Fast Mover
ORD-13585,2023-11-17,Furniture,Desks,South,Delayed - Transit,112,3,267.37,297.61,0.38,892.83,802.11,553.55,-248.56,-44.9,Fall,0.0,Tier 2: Warning
ORD-13586,2023-07-06,Furniture,Uncategorized,South,On-Time,109,2,337.21,357.4,0.58,714.8,674.42,300.22,-374.2,-124.64,Summer,2.0,Tier 3: Dead Stock
ORD-13587,2023-10-14,Electronics,Accessories,West,On-Time,24,3,376.54,712.44,0.0,2137.32,1129.62,2137.32,1007.7,47.15,Fall,1.0,Tier 1: Fast Mover
ORD-13588,2023-06-19,Apparel,Shirts,East,On-Time,31,3,272.11,517.93,0.0,1553.79,816.33,1553.79,737.46,47.46,Summer,1.0,Tier 1: Fast Mover
ORD-13589,2023-05-12,Electronics,Audio,West,Delayed - Transit,102,2,335.06,423.81,0.4,847.62,670.12,508.57,-161.55,-31.77,Spring,0.0,Tier 2: Warning
ORD-13590,2023-05-29,Furniture,Desks,South,On-Time,131,4,91.51,111.55,0.38,446.2,366.04,276.64,-89.4,-32.31,Spring,0.0,Tier 2: Warning
ORD-13591,2023-04-17,Furniture,Desks,South,Delayed - Transit,132,4,310.31,394.83,0.52,1579.32,1241.24,758.07,-483.17,-63.74,Spring,0.0,Tier 2: Warning
ORD-13592,2023-08-07,Apparel,Pants,West,On-Time,6,4,297.58,604.17,0.05,2416.68,1190.32,2295.85,1105.53,48.15,Summer,1.0,Tier 1: Fast Mover
ORD-13593,2023-03-22,Furniture,Desks,East,On-Time,83,5,70.44,74.77,0.05,373.85,352.2,355.16,2.96,0.83,Spring,0.0,Tier 2: Warning
ORD-13594,2023-04-14,Apparel,Pants,South,Delayed - Customs,142,1,380.88,409.6,0.58,409.6,380.88,172.03,-208.85,-121.4,Spring,2.0,Tier 3: Dead Stock
ORD-13595,2023-03-07,Apparel,Footwear,South,On-Time,31,2,69.13,131.73,0.0,263.46,138.26,263.46,125.2,47.52,Spring,1.0,Tier 1: Fast Mover
ORD-13596,2023-08-11,Furniture,Desks,East,Delayed - Transit,108,5,18.2,22.05,0.59,110.25,91.0,45.2,-45.8,-101.32,Summer,2.0,Tier 3: Dead Stock
ORD-13597,2023-08-15,Apparel,Shirts,North,Delayed - Transit,96,4,204.56,233.33,0.5,933.32,818.24,466.66,-351.58,-75.34,Summer,0.0,Tier 2: Warning
ORD-13598,2023-06-11,Apparel,Footwear,South,On-Time,35,5,247.8,592.21,0.05,2961.05,1239.0,2813.0,1574.0,55.95,Summer,1.0,Tier 1: Fast Mover
ORD-13599,2023-08-06,Electronics,Accessories,North,On-Time,44,5,388.87,710.61,0.05,3553.05,1944.35,3375.4,1431.05,42.4,Summer,1.0,Tier 1: Fast Mover
ORD-13600,2023-06-27,Apparel,Shirts,East,On-Time,37,3,192.34,366.62,0.0,1099.86,577.02,1099.86,522.84,47.54,Summer,1.0,Tier 1: Fast Mover
ORD-13601,2023-02-18,Furniture,Tables,East,On-Time,115,1,361.3,402.78,0.39,402.78,361.3,245.7,-115.6,-47.05,Winter,0.0,Tier 2: Warning
ORD-13602,2023-11-11,Apparel,Shirts,South,Delayed - Transit,106,5,71.21,87.5,0.49,437.5,356.05,223.13,-132.93,-59.57,Fall,0.0,Tier 2: Warning
ORD-13603,2023-08-02,Furniture,Chairs,West,On-Time,116,2,88.83,117.68,0.54,235.36,177.66,108.27,-69.39,-64.1,Summer,0.0,Tier 2: Warning
ORD-13604,2023-10-25,Furniture,Tables,North,On-Time,129,3,199.89,227.91,0.38,683.73,599.67,423.91,-175.76,-41.46,Fall,0.0,Tier 2: Warning
ORD-13605,2023-05-18,Apparel,Pants,East,On-Time,21,2,395.56,782.49,0.05,1564.98,791.12,1486.73,695.61,46.79,Spring,1.0,Tier 1: Fast Mover
ORD-13606,2023-12-25,Apparel,Pants,North,Delayed - Customs,96,3,260.5,323.01,0.53,969.03,781.5,455.44,-326.06,-71.59,Winter,0.0,Tier 2: Warning
ORD-13607,2023-10-21,Electronics,Computers,West,Delayed - Customs,135,5,205.35,232.1,0.65,1160.5,1026.75,406.18,-620.58,-152.79,Fall,2.0,Tier 3: Dead Stock
ORD-13608,2023-11-15,Electronics,Audio,West,On-Time,28,4,309.72,668.68,0.0,2674.72,1238.88,2674.72,1435.84,53.68,Fall,1.0,Tier 1: Fast Mover
ORD-13609,2023-03-23,Apparel,Footwear,South,Delayed - Customs,101,3,280.87,355.73,0.63,1067.19,842.61,394.86,-447.75,-113.39,Spring,2.0,Tier 3: Dead Stock
ORD-13610,2023-12-25,Electronics,Audio,East,Delayed - Customs,135,1,255.1,288.18,0.4,288.18,255.1,172.91,-82.19,-47.54,Winter,0.0,Tier 2: Warning
ORD-13611,2023-03-20,Furniture,Tables,East,On-Time,132,3,285.54,374.39,0.49,1123.17,856.62,572.82,-283.8,-49.55,Spring,0.0,Tier 2: Warning
ORD-13612,2023-06-16,Furniture,Desks,West,On-Time,124,1,250.06,336.72,0.62,336.72,250.06,127.95,-122.11,-95.43,Summer,2.0,Tier 3: Dead Stock
ORD-13613,2023-10-22,Apparel,Pants,East,On-Time,45,2,24.28,43.81,0.05,87.62,48.56,83.24,34.68,41.66,Fall,1.0,Tier 1: Fast Mover
ORD-13614,2023-04-29,Electronics,Accessories,West,On-Time,54,5,141.76,331.57,0.05,1657.85,708.8,1574.96,866.16,55.0,Spring,1.0,Tier 1: Fast Mover
ORD-13615,2023-06-25,Apparel,Shirts,East,Delayed - Transit,110,1,285.54,382.66,0.48,382.66,285.54,198.98,-86.56,-43.5,Summer,0.0,Tier 2: Warning
ORD-13616,2023-06-27,Electronics,Accessories,West,On-Time,21,3,106.59,184.68,0.05,554.04,319.77,526.34,206.57,39.25,Summer,1.0,Tier 1: Fast Mover
ORD-13617,2023-11-30,Furniture,Chairs,North,On-Time,102,3,194.63,251.47,0.52,754.41,583.89,362.12,-221.77,-61.24,Fall,0.0,Tier 2: Warning
ORD-13618,2023-11-19,Apparel,Uncategorized,North,On-Time,41,3,257.86,493.17,0.05,1479.51,773.58,1405.53,631.95,44.96,Fall,1.0,Tier 1: Fast Mover
ORD-13619,2023-06-06,Furniture,Uncategorized,North,Delayed - Transit,82,4,168.15,211.2,0.05,844.8,672.6,802.56,129.96,16.19,Summer,1.0,Tier 1: Fast Mover
ORD-13620,2023-04-14,Furniture,Chairs,East,On-Time,156,1,314.09,406.71,0.39,406.71,314.09,248.09,-66.0,-26.6,Spring,0.0,Tier 2: Warning
ORD-13621,2023-02-23,Electronics,Audio,West,On-Time,19,5,178.47,370.37,0.0,1851.85,892.35,1851.85,959.5,51.81,Winter,1.0,Tier 1: Fast Mover
ORD-13622,2023-10-27,Electronics,Audio,West,On-Time,26,1,135.72,297.51,0.05,297.51,135.72,282.63,146.91,51.98,Fall,1.0,Tier 1: Fast Mover
ORD-13623,2023-10-19,Apparel,Shirts,North,On-Time,10,2,32.58,66.52,0.0,133.04,65.16,133.04,67.88,51.02,Fall,1.0,Tier 1: Fast Mover
ORD-13624,2023-12-16,Furniture,Desks,East,Delayed - Customs,126,2,334.09,368.24,0.49,736.48,668.18,375.6,-292.58,-77.89,Winter,2.0,Tier 3: Dead Stock
ORD-13625,2023-10-19,Apparel,Pants,East,On-Time,30,4,219.96,519.19,0.0,2076.76,879.84,2076.76,1196.92,57.63,Fall,1.0,Tier 1: Fast Mover
ORD-13626,2023-03-01,Electronics,Audio,West,On-Time,19,3,23.45,55.48,0.05,166.44,70.35,158.12,87.77,55.51,Spring,1.0,Tier 1: Fast Mover
ORD-13627,2023-07-09,Furniture,Desks,South,On-Time,132,2,288.04,370.46,0.48,740.92,576.08,385.28,-190.8,-49.52,Summer,0.0,Tier 2: Warning
ORD-13628,2023-05-11,Electronics,Accessories,East,On-Time,37,2,368.15,770.96,0.05,1541.92,736.3,1464.82,728.52,49.73,Spring,1.0,Tier 1: Fast Mover
ORD-13629,2023-09-09,Electronics,Audio,West,Delayed - Transit,110,5,75.88,84.9,0.46,424.5,379.4,229.23,-150.17,-65.51,Fall,0.0,Tier 2: Warning
ORD-13630,2023-09-20,Apparel,Pants,East,On-Time,16,3,247.81,557.15,0.05,1671.45,743.43,1587.88,844.45,53.18,Fall,1.0,Tier 1: Fast Mover
ORD-13631,2023-09-27,Electronics,Accessories,East,On-Time,15,5,293.5,602.21,0.05,3011.05,1467.5,2860.5,1393.0,48.7,Fall,1.0,Tier 1: Fast Mover
ORD-13632,2023-10-18,Electronics,Computers,East,On-Time,1,1,55.39,123.67,0.0,123.67,55.39,123.67,68.28,55.21,Fall,1.0,Tier 1: Fast Mover
ORD-13633,2023-10-12,Furniture,Chairs,West,On-Time,139,3,29.86,37.72,0.36,113.16,89.58,72.42,-17.16,-23.69,Fall,0.0,Tier 2: Warning
ORD-13634,2023-07-22,Apparel,Footwear,East,On-Time,34,5,109.49,248.82,0.0,1244.1,547.45,1244.1,696.65,56.0,Summer,1.0,Tier 1: Fast Mover
ORD-13635,2023-02-08,Apparel,Footwear,North,On-Time,33,5,95.27,186.59,0.05,932.95,476.35,886.3,409.95,46.25,Winter,1.0,Tier 1: Fast Mover
ORD-13636,2023-12-29,Apparel,Footwear,East,Delayed - Customs,112,4,241.92,321.68,0.65,1286.72,967.68,450.35,-517.33,-114.87,Winter,2.0,Tier 3: Dead Stock
ORD-13637,2023-02-08,Electronics,Computers,East,Delayed - Transit,84,1,337.9,424.39,0.0,424.39,337.9,424.39,86.49,20.38,Winter,1.0,Tier 1: Fast Mover
ORD-13638,2023-06-07,Apparel,Shirts,South,On-Time,34,5,307.27,608.1,0.0,3040.5,1536.35,3040.5,1504.15,49.47,Summer,1.0,Tier 1: Fast Mover
ORD-13639,2023-04-16,Furniture,Chairs,South,On-Time,138,1,344.48,398.79,0.41,398.79,344.48,235.29,-109.19,-46.41,Spring,0.0,Tier 2: Warning
ORD-13640,2023-03-29,Electronics,Computers,South,On-Time,24,3,216.92,520.59,0.05,1561.77,650.76,1483.68,832.92,56.14,Spring,1.0,Tier 1: Fast Mover
ORD-13641,2023-02-21,Electronics,Audio,East,Delayed - Customs,142,1,244.09,319.51,0.47,319.51,244.09,169.34,-74.75,-44.14,Winter,0.0,Tier 2: Warning
ORD-13642,2023-07-26,Electronics,Accessories,East,On-Time,47,3,53.69,96.52,0.05,289.56,161.07,275.08,114.01,41.45,Summer,1.0,Tier 1: Fast Mover
ORD-13643,2023-10-19,Electronics,Audio,West,On-Time,18,3,198.36,337.23,0.05,1011.69,595.08,961.11,366.03,38.08,Fall,1.0,Tier 1: Fast Mover
ORD-13644,2023-10-20,Furniture,Desks,North,On-Time,122,1,80.67,102.22,0.41,102.22,80.67,60.31,-20.36,-33.76,Fall,0.0,Tier 2: Warning
ORD-13645,2023-09-13,Furniture,Desks,North,On-Time,105,1,200.5,214.36,0.41,214.36,200.5,126.47,-74.03,-58.53,Fall,0.0,Tier 2: Warning
ORD-13646,2023-12-07,Furniture,Tables,South,On-Time,110,3,294.18,316.02,0.41,948.06,882.54,559.36,-323.18,-57.78,Winter,0.0,Tier 2: Warning
ORD-13647,2023-06-28,Apparel,Pants,West,On-Time,29,4,237.28,526.05,0.0,2104.2,949.12,2104.2,1155.08,54.89,Summer,1.0,Tier 1: Fast Mover
ORD-13648,2023-02-23,Apparel,Uncategorized,North,Delayed - Customs,154,5,202.07,271.97,0.52,1359.85,1010.35,652.73,-357.62,-54.79,Winter,0.0,Tier 2: Warning
ORD-13649,2023-02-17,Electronics,Computers,West,On-Time,10,2,171.48,284.33,0.05,568.66,342.96,540.23,197.27,36.52,Winter,1.0,Tier 1: Fast Mover
ORD-13650,2023-10-23,Electronics,Audio,East,On-Time,24,1,82.19,145.37,0.0,145.37,82.19,145.37,63.18,43.46,Fall,1.0,Tier 1: Fast Mover
ORD-13651,2023-09-28,Furniture,Desks,South,Delayed - Customs,117,3,226.15,283.5,0.57,850.5,678.45,365.72,-312.74,-85.51,Fall,2.0,Tier 3: Dead Stock
ORD-13652,2023-05-20,Furniture,Chairs,West,Delayed - Transit,61,2,315.97,338.52,0.0,677.04,631.94,677.04,45.1,6.66,Spring,1.0,Tier 1: Fast Mover
ORD-13653,2023-01-08,Electronics,Accessories,South,On-Time,11,5,283.33,490.27,0.0,2451.35,1416.65,2451.35,1034.7,42.21,Winter,1.0,Tier 1: Fast Mover
ORD-13654,2023-07-08,Furniture,Tables,East,On-Time,80,3,388.28,508.82,0.05,1526.46,1164.84,1450.14,285.3,19.67,Summer,1.0,Tier 1: Fast Mover
ORD-13655,2023-11-01,Furniture,Tables,North,On-Time,114,4,396.8,483.25,0.54,1933.0,1587.2,889.18,-698.02,-78.5,Fall,2.0,Tier 3: Dead Stock
ORD-13656,2023-07-27,Apparel,Pants,South,Delayed - Customs,117,4,287.39,321.86,0.46,1287.44,1149.56,695.22,-454.34,-65.35,Summer,0.0,Tier 2: Warning
ORD-13657,2023-10-02,Electronics,Audio,East,On-Time,27,5,60.6,109.82,0.05,549.1,303.0,521.65,218.65,41.91,Fall,1.0,Tier 1: Fast Mover
ORD-13658,2023-02-22,Furniture,Desks,North,On-Time,102,3,237.01,317.52,0.47,952.56,711.03,504.86,-206.17,-40.84,Winter,0.0,Tier 2: Warning
ORD-13659,2023-02-24,Furniture,Desks,East,On-Time,127,4,290.66,306.49,0.57,1225.96,1162.64,527.16,-635.48,-120.55,Winter,2.0,Tier 3: Dead Stock
ORD-13660,2023-08-04,Electronics,Audio,North,On-Time,23,1,352.95,695.46,0.05,695.46,352.95,660.69,307.74,46.58,Summer,1.0,Tier 1: Fast Mover
ORD-13661,2023-11-10,Apparel,Pants,West,Delayed - Transit,117,2,233.24,258.48,0.6,516.96,466.48,206.78,-259.7,-125.59,Fall,2.0,Tier 3: Dead Stock
ORD-13662,2023-10-24,Furniture,Desks,West,On-Time,125,3,320.64,432.18,0.51,1296.54,961.92,635.3,-326.62,-51.41,Fall,0.0,Tier 2: Warning
ORD-13663,2023-02-18,Furniture,Chairs,North,On-Time,174,4,129.06,160.36,0.36,641.44,516.24,410.52,-105.72,-25.75,Winter,0.0,Tier 2: Warning
ORD-13664,2023-03-27,Furniture,Desks,South,On-Time,90,2,55.14,66.85,0.5,133.7,110.28,66.85,-43.43,-64.97,Spring,0.0,Tier 2: Warning
ORD-13665,2023-11-17,Electronics,Audio,North,On-Time,17,1,162.33,276.34,0.05,276.34,162.33,262.52,100.19,38.17,Fall,1.0,Tier 1: Fast Mover
ORD-13666,2023-08-16,Apparel,Shirts,North,On-Time,32,5,229.72,527.5,0.0,2637.5,1148.6,2637.5,1488.9,56.45,Summer,1.0,Tier 1: Fast Mover
ORD-13667,2023-01-11,Apparel,Pants,North,On-Time,35,1,69.68,161.02,0.05,161.02,69.68,152.97,83.29,54.45,Winter,1.0,Tier 1: Fast Mover
ORD-13668,2023-03-19,Apparel,Pants,East,On-Time,7,1,278.67,566.62,0.0,566.62,278.67,566.62,287.95,50.82,Spring,1.0,Tier 1: Fast Mover
ORD-13669,2023-02-15,Apparel,Footwear,South,On-Time,29,5,266.2,622.64,0.05,3113.2,1331.0,2957.54,1626.54,55.0,Winter,1.0,Tier 1: Fast Mover
ORD-13670,2023-09-11,Apparel,Footwear,South,Delayed - Transit,107,2,85.37,99.81,0.37,199.62,170.74,125.76,-44.98,-35.77,Fall,0.0,Tier 2: Warning
ORD-13671,2023-01-14,Electronics,Accessories,West,On-Time,17,1,245.27,534.44,0.0,534.44,245.27,534.44,289.17,54.11,Winter,1.0,Tier 1: Fast Mover
ORD-13672,2023-01-08,Electronics,Accessories,West,On-Time,41,3,214.62,383.93,0.05,1151.79,643.86,1094.2,450.34,41.16,Winter,1.0,Tier 1: Fast Mover
ORD-13673,2023-01-19,Electronics,Accessories,West,On-Time,61,1,334.73,770.69,0.0,770.69,334.73,770.69,435.96,56.57,Winter,1.0,Tier 1: Fast Mover
ORD-13674,2023-07-20,Electronics,Accessories,West,Delayed - Customs,122,3,136.67,167.51,0.45,502.53,410.01,276.39,-133.62,-48.34,Summer,0.0,Tier 2: Warning
ORD-13675,2023-12-14,Electronics,Computers,East,On-Time,32,5,297.18,659.33,0.0,3296.65,1485.9,3296.65,1810.75,54.93,Winter,1.0,Tier 1: Fast Mover
ORD-13676,2023-11-27,Electronics,Audio,South,On-Time,26,5,89.67,208.8,0.05,1044.0,448.35,991.8,543.45,54.79,Fall,1.0,Tier 1: Fast Mover
ORD-13677,2023-07-13,Electronics,Computers,East,On-Time,26,1,353.16,717.33,0.0,717.33,353.16,717.33,364.17,50.77,Summer,1.0,Tier 1: Fast Mover
ORD-13678,2023-11-26,Apparel,Shirts,South,On-Time,41,4,114.4,199.93,0.0,799.72,457.6,799.72,342.12,42.78,Fall,1.0,Tier 1: Fast Mover
ORD-13679,2023-02-23,Apparel,Footwear,East,On-Time,36,5,303.69,581.65,0.05,2908.25,1518.45,2762.84,1244.39,45.04,Winter,1.0,Tier 1: Fast Mover
ORD-13680,2023-04-03,Electronics,Audio,East,Delayed - Transit,113,1,124.51,148.91,0.55,148.91,124.51,67.01,-57.5,-85.81,Spring,2.0,Tier 3: Dead Stock
ORD-13681,2023-04-23,Apparel,Footwear,South,On-Time,46,5,92.64,184.93,0.05,924.65,463.2,878.42,415.22,47.27,Spring,1.0,Tier 1: Fast Mover
ORD-13682,2023-06-05,Apparel,Shirts,North,On-Time,33,3,170.7,382.07,0.0,1146.21,512.1,1146.21,634.11,55.32,Summer,1.0,Tier 1: Fast Mover
ORD-13683,2023-03-23,Furniture,Tables,North,On-Time,114,2,243.96,281.41,0.46,562.82,487.92,303.92,-184.0,-60.54,Spring,0.0,Tier 2: Warning
ORD-13684,2023-06-13,Apparel,Shirts,North,Delayed - Customs,130,2,109.25,117.0,0.6,234.0,218.5,93.6,-124.9,-133.44,Summer,2.0,Tier 3: Dead Stock
ORD-13685,2023-11-17,Electronics,Computers,West,On-Time,40,4,90.92,161.36,0.0,645.44,363.68,645.44,281.76,43.65,Fall,1.0,Tier 1: Fast Mover
ORD-13686,2023-06-24,Apparel,Shirts,East,Delayed - Customs,145,1,216.53,275.61,0.56,275.61,216.53,121.27,-95.26,-78.55,Summer,2.0,Tier 3: Dead Stock
ORD-13687,2023-07-25,Apparel,Pants,West,On-Time,21,5,331.81,593.81,0.0,2969.05,1659.05,2969.05,1310.0,44.12,Summer,1.0,Tier 1: Fast Mover
ORD-13688,2023-12-08,Electronics,Computers,East,On-Time,26,4,73.81,166.34,0.05,665.36,295.24,632.09,336.85,53.29,Winter,1.0,Tier 1: Fast Mover
ORD-13689,2023-01-19,Electronics,Audio,West,On-Time,16,5,324.87,630.6,0.0,3153.0,1624.35,3153.0,1528.65,48.48,Winter,1.0,Tier 1: Fast Mover
ORD-13690,2023-08-05,Electronics,Audio,South,On-Time,43,4,276.9,443.08,0.05,1772.32,1107.6,1683.7,576.1,34.22,Summer,1.0,Tier 1: Fast Mover
ORD-13691,2023-04-16,Apparel,Pants,North,On-Time,24,1,260.6,589.48,0.0,589.48,260.6,589.48,328.88,55.79,Spring,1.0,Tier 1: Fast Mover
ORD-13692,2023-12-13,Furniture,Tables,West,On-Time,120,3,334.59,385.54,0.45,1156.62,1003.77,636.14,-367.63,-57.79,Winter,0.0,Tier 2: Warning
ORD-13693,2023-10-10,Electronics,Computers,North,Delayed - Customs,111,1,68.83,85.46,0.42,85.46,68.83,49.57,-19.26,-38.86,Fall,0.0,Tier 2: Warning
ORD-13694,2023-08-03,Furniture,Chairs,South,Delayed - Customs,111,4,385.63,435.12,0.52,1740.48,1542.52,835.43,-707.09,-84.64,Summer,2.0,Tier 3: Dead Stock
ORD-13695,2023-10-13,Furniture,Chairs,North,On-Time,129,5,350.27,383.69,0.62,1918.45,1751.35,729.01,-1022.34,-140.24,Fall,2.0,Tier 3: Dead Stock
ORD-13696,2023-04-02,Furniture,Uncategorized,South,On-Time,128,5,165.57,193.72,0.57,968.6,827.85,416.5,-411.35,-98.76,Spring,2.0,Tier 3: Dead Stock
ORD-13697,2023-04-26,Furniture,Chairs,West,On-Time,129,5,69.83,73.41,0.62,367.05,349.15,139.48,-209.67,-150.32,Spring,2.0,Tier 3: Dead Stock
ORD-13698,2023-03-27,Furniture,Tables,West,On-Time,109,3,210.75,278.36,0.42,835.08,632.25,484.35,-147.9,-30.54,Spring,0.0,Tier 2: Warning
ORD-13699,2023-08-03,Furniture,Chairs,West,On-Time,102,5,219.5,279.51,0.47,1397.55,1097.5,740.7,-356.8,-48.17,Summer,0.0,Tier 2: Warning
ORD-13700,2023-06-15,Apparel,Pants,North,Delayed - Customs,165,1,287.38,341.9,0.55,341.9,287.38,153.86,-133.53,-86.79,Summer,2.0,Tier 3: Dead Stock
ORD-13701,2023-06-05,Furniture,Desks,East,On-Time,109,3,305.47,372.3,0.45,1116.9,916.41,614.3,-302.12,-49.18,Summer,0.0,Tier 2: Warning
ORD-13702,2023-01-11,Apparel,Shirts,South,On-Time,27,2,398.56,902.42,0.05,1804.84,797.12,1714.6,917.48,53.51,Winter,1.0,Tier 1: Fast Mover
ORD-13703,2023-06-18,Apparel,Pants,North,Delayed - Transit,139,4,141.63,171.11,0.4,684.44,566.52,410.66,-155.86,-37.95,Summer,0.0,Tier 2: Warning
ORD-13704,2023-03-01,Furniture,Tables,West,On-Time,99,1,293.15,324.37,0.54,324.37,293.15,149.21,-143.94,-96.47,Spring,2.0,Tier 3: Dead Stock
ORD-13705,2023-01-28,Furniture,Tables,North,Delayed - Transit,144,2,215.63,283.42,0.62,566.84,431.26,215.4,-215.86,-100.21,Winter,2.0,Tier 3: Dead Stock
ORD-13706,2023-03-08,Furniture,Desks,North,On-Time,89,1,90.52,98.34,0.6,98.34,90.52,39.34,-51.18,-130.12,Spring,2.0,Tier 3: Dead Stock
ORD-13707,2023-02-15,Apparel,Footwear,East,Delayed - Customs,144,3,108.92,119.68,0.39,359.04,326.76,219.01,-107.75,-49.2,Winter,0.0,Tier 2: Warning
ORD-13708,2023-12-29,Apparel,Shirts,East,On-Time,42,3,272.96,519.83,0.05,1559.49,818.88,1481.52,662.64,44.73,Winter,1.0,Tier 1: Fast Mover
ORD-13709,2023-07-19,Apparel,Footwear,East,Delayed - Transit,116,3,263.16,351.48,0.41,1054.44,789.48,622.12,-167.36,-26.9,Summer,0.0,Tier 2: Warning
ORD-13710,2023-10-22,Furniture,Tables,West,On-Time,95,2,358.24,408.38,0.62,816.76,716.48,310.37,-406.11,-130.85,Fall,2.0,Tier 3: Dead Stock
ORD-13711,2023-02-05,Electronics,Uncategorized,West,On-Time,18,3,85.15,149.77,0.05,449.31,255.45,426.84,171.39,40.15,Winter,1.0,Tier 1: Fast Mover
ORD-13712,2023-01-09,Furniture,Tables,West,Delayed - Customs,150,5,213.33,242.89,0.41,1214.45,1066.65,716.53,-350.12,-48.86,Winter,0.0,Tier 2: Warning
ORD-13713,2023-09-11,Furniture,Tables,South,On-Time,122,5,165.05,200.15,0.4,1000.75,825.25,600.45,-224.8,-37.44,Fall,0.0,Tier 2: Warning
ORD-13714,2023-03-28,Electronics,Audio,North,On-Time,8,2,153.35,248.55,0.05,497.1,306.7,472.25,165.55,35.05,Spring,1.0,Tier 1: Fast Mover
ORD-13715,2023-07-19,Apparel,Shirts,East,Delayed - Customs,84,3,330.7,404.6,0.05,1213.8,992.1,1153.11,161.01,13.96,Summer,1.0,Tier 1: Fast Mover
ORD-13716,2023-08-10,Furniture,Tables,South,Delayed - Transit,105,5,54.36,67.7,0.64,338.5,271.8,121.86,-149.94,-123.04,Summer,2.0,Tier 3: Dead Stock
ORD-13717,2023-04-03,Furniture,Tables,North,On-Time,75,1,291.7,381.16,0.0,381.16,291.7,381.16,89.46,23.47,Spring,1.0,Tier 1: Fast Mover
ORD-13718,2023-09-06,Furniture,Chairs,North,On-Time,63,1,241.61,297.46,0.0,297.46,241.61,297.46,55.85,18.78,Fall,1.0,Tier 1: Fast Mover
ORD-13719,2023-04-30,Furniture,Tables,North,On-Time,69,4,221.28,264.38,0.05,1057.52,885.12,1004.64,119.52,11.9,Spring,1.0,Tier 1: Fast Mover
ORD-13720,2023-09-18,Furniture,Tables,East,Delayed - Customs,114,1,382.43,447.47,0.43,447.47,382.43,255.06,-127.37,-49.94,Fall,0.0,Tier 2: Warning
ORD-13721,2023-07-12,Electronics,Computers,East,Delayed - Customs,97,4,182.16,214.66,0.47,858.64,728.64,455.08,-273.56,-60.11,Summer,0.0,Tier 2: Warning
ORD-13722,2023-08-26,Apparel,Uncategorized,West,On-Time,44,3,97.33,221.44,0.0,664.32,291.99,664.32,372.33,56.05,Summer,1.0,Tier 1: Fast Mover
ORD-13723,2023-01-06,Electronics,Computers,North,On-Time,24,5,399.65,700.44,0.05,3502.2,1998.25,3327.09,1328.84,39.94,Winter,1.0,Tier 1: Fast Mover
ORD-13724,2023-07-18,Apparel,Footwear,West,On-Time,20,2,102.87,165.24,0.0,330.48,205.74,330.48,124.74,37.75,Summer,1.0,Tier 1: Fast Mover
ORD-13725,2023-04-08,Electronics,Audio,East,On-Time,21,2,130.94,242.7,0.0,485.4,261.88,485.4,223.52,46.05,Spring,1.0,Tier 1: Fast Mover
ORD-13726,2023-02-02,Furniture,Chairs,West,On-Time,97,5,39.73,43.18,0.52,215.9,198.65,103.63,-95.02,-91.69,Winter,2.0,Tier 3: Dead Stock
ORD-13727,2023-06-08,Apparel,Footwear,South,Delayed - Transit,45,1,345.4,454.47,0.05,454.47,345.4,431.75,86.35,20.0,Summer,1.0,Tier 1: Fast Mover
ORD-13728,2023-05-21,Electronics,Accessories,West,On-Time,31,4,91.97,215.11,0.05,860.44,367.88,817.42,449.54,54.99,Spring,1.0,Tier 1: Fast Mover
ORD-13729,2023-07-02,Furniture,Tables,South,On-Time,103,3,37.41,44.91,0.42,134.73,112.23,78.14,-34.09,-43.62,Summer,0.0,Tier 2: Warning
ORD-13730,2023-08-01,Furniture,Desks,North,On-Time,133,2,194.43,250.66,0.37,501.32,388.86,315.83,-73.03,-23.12,Summer,0.0,Tier 2: Warning
ORD-13731,2023-11-02,Apparel,Footwear,North,On-Time,36,3,21.66,34.71,0.0,104.13,64.98,104.13,39.15,37.6,Fall,1.0,Tier 1: Fast Mover
ORD-13732,2023-12-30,Furniture,Chairs,North,On-Time,132,2,267.29,310.09,0.53,620.18,534.58,291.48,-243.1,-83.4,Winter,2.0,Tier 3: Dead Stock
ORD-13733,2023-08-31,Apparel,Pants,North,Delayed - Transit,145,1,234.25,311.45,0.63,311.45,234.25,115.24,-119.01,-103.28,Summer,2.0,Tier 3: Dead Stock
ORD-13734,2023-07-26,Furniture,Chairs,East,On-Time,133,5,385.95,438.76,0.58,2193.8,1929.75,921.4,-1008.35,-109.44,Summer,2.0,Tier 3: Dead Stock
ORD-13735,2023-07-23,Electronics,Computers,East,Delayed - Customs,121,5,27.04,30.03,0.64,150.15,135.2,54.05,-81.15,-150.12,Summer,2.0,Tier 3: Dead Stock
ORD-13736,2023-01-22,Furniture,Chairs,South,On-Time,93,2,69.62,87.36,0.53,174.72,139.24,82.12,-57.12,-69.56,Winter,0.0,Tier 2: Warning
ORD-13737,2023-02-20,Apparel,Shirts,South,On-Time,38,3,313.54,657.1,0.05,1971.3,940.62,1872.74,932.12,49.77,Winter,1.0,Tier 1: Fast Mover
ORD-13738,2023-03-03,Electronics,Audio,East,On-Time,34,4,52.92,123.55,0.0,494.2,211.68,494.2,282.52,57.17,Spring,1.0,Tier 1: Fast Mover
ORD-13739,2023-12-14,Apparel,Pants,West,On-Time,22,4,95.15,226.02,0.05,904.08,380.6,858.88,478.28,55.69,Winter,1.0,Tier 1: Fast Mover
ORD-13740,2023-12-21,Electronics,Accessories,North,On-Time,41,3,92.28,194.69,0.0,584.07,276.84,584.07,307.23,52.6,Winter,1.0,Tier 1: Fast Mover
ORD-13741,2023-10-14,Furniture,Desks,South,On-Time,124,5,258.55,333.87,0.62,1669.35,1292.75,634.35,-658.4,-103.79,Fall,2.0,Tier 3: Dead Stock
ORD-13742,2023-12-06,Furniture,Tables,South,Delayed - Customs,95,3,178.97,221.47,0.63,664.41,536.91,245.83,-291.08,-118.41,Winter,2.0,Tier 3: Dead Stock
ORD-13743,2023-03-12,Furniture,Tables,East,On-Time,118,4,293.98,362.61,0.52,1450.44,1175.92,696.21,-479.71,-68.9,Spring,0.0,Tier 2: Warning
ORD-13744,2023-11-29,Apparel,Shirts,West,On-Time,29,5,149.65,337.5,0.05,1687.5,748.25,1603.13,854.88,53.33,Fall,1.0,Tier 1: Fast Mover
ORD-13745,2023-12-18,Electronics,Accessories,South,On-Time,17,1,84.47,175.68,0.0,175.68,84.47,175.68,91.21,51.92,Winter,1.0,Tier 1: Fast Mover
ORD-13746,2023-02-08,Electronics,Computers,East,On-Time,18,5,44.8,80.26,0.0,401.3,224.0,401.3,177.3,44.18,Winter,1.0,Tier 1: Fast Mover
ORD-13747,2023-02-14,Furniture,Desks,North,On-Time,101,5,106.01,132.24,0.6,661.2,530.05,264.48,-265.57,-100.41,Winter,2.0,Tier 3: Dead Stock
ORD-13748,2023-08-08,Electronics,Audio,North,On-Time,30,1,345.92,678.94,0.05,678.94,345.92,644.99,299.07,46.37,Summer,1.0,Tier 1: Fast Mover
ORD-13749,2023-10-07,Furniture,Uncategorized,South,On-Time,127,3,18.5,23.05,0.39,69.15,55.5,42.18,-13.32,-31.57,Fall,0.0,Tier 2: Warning
ORD-13750,2023-09-28,Apparel,Pants,North,On-Time,42,3,87.62,173.87,0.05,521.61,262.86,495.53,232.67,46.95,Fall,1.0,Tier 1: Fast Mover
ORD-13751,2023-10-26,Electronics,Audio,East,Delayed - Transit,98,3,162.41,188.94,0.6,566.82,487.23,226.73,-260.5,-114.9,Fall,2.0,Tier 3: Dead Stock
ORD-13752,2023-11-17,Furniture,Desks,North,On-Time,97,3,290.87,380.44,0.54,1141.32,872.61,525.01,-347.6,-66.21,Fall,0.0,Tier 2: Warning
ORD-13753,2023-12-25,Electronics,Audio,West,On-Time,15,5,208.0,484.39,0.05,2421.95,1040.0,2300.85,1260.85,54.8,Winter,1.0,Tier 1: Fast Mover
ORD-13754,2023-12-02,Electronics,Accessories,East,On-Time,20,2,196.99,337.3,0.0,674.6,393.98,674.6,280.62,41.6,Winter,1.0,Tier 1: Fast Mover
ORD-13755,2023-11-26,Electronics,Computers,North,On-Time,21,2,396.66,927.56,0.0,1855.12,793.32,1855.12,1061.8,57.24,Fall,1.0,Tier 1: Fast Mover
ORD-13756,2023-02-15,Furniture,Tables,North,On-Time,113,3,82.2,103.17,0.43,309.51,246.6,176.42,-70.18,-39.78,Winter,0.0,Tier 2: Warning
ORD-13757,2023-07-30,Electronics,Accessories,North,On-Time,22,2,51.89,90.55,0.0,181.1,103.78,181.1,77.32,42.69,Summer,1.0,Tier 1: Fast Mover
ORD-13758,2023-10-27,Furniture,Tables,South,Delayed - Transit,150,3,118.01,135.81,0.36,407.43,354.03,260.76,-93.27,-35.77,Fall,0.0,Tier 2: Warning
ORD-13759,2023-09-30,Apparel,Shirts,West,On-Time,27,3,72.37,118.01,0.05,354.03,217.11,336.33,119.22,35.45,Fall,1.0,Tier 1: Fast Mover
ORD-13760,2023-12-25,Furniture,Desks,South,On-Time,120,5,68.11,89.51,0.62,447.55,340.55,170.07,-170.48,-100.24,Winter,2.0,Tier 3: Dead Stock
ORD-13761,2023-02-17,Apparel,Footwear,East,On-Time,24,5,177.48,347.36,0.0,1736.8,887.4,1736.8,849.4,48.91,Winter,1.0,Tier 1: Fast Mover
ORD-13762,2023-12-10,Apparel,Pants,North,On-Time,24,4,139.59,319.12,0.0,1276.48,558.36,1276.48,718.12,56.26,Winter,1.0,Tier 1: Fast Mover
ORD-13763,2023-12-20,Electronics,Accessories,South,On-Time,55,3,305.74,644.15,0.05,1932.45,917.22,1835.83,918.61,50.04,Winter,1.0,Tier 1: Fast Mover
ORD-13764,2023-10-10,Furniture,Tables,West,Delayed - Transit,75,4,161.41,172.98,0.05,691.92,645.64,657.32,11.68,1.78,Fall,1.0,Tier 1: Fast Mover
ORD-13765,2023-04-04,Electronics,Accessories,North,On-Time,53,5,227.54,442.66,0.05,2213.3,1137.7,2102.64,964.94,45.89,Spring,1.0,Tier 1: Fast Mover
ORD-13766,2023-04-21,Apparel,Shirts,North,On-Time,13,2,176.7,363.88,0.0,727.76,353.4,727.76,374.36,51.44,Spring,1.0,Tier 1: Fast Mover
ORD-13767,2023-03-26,Furniture,Chairs,North,On-Time,129,5,57.68,67.73,0.48,338.65,288.4,176.1,-112.3,-63.77,Spring,0.0,Tier 2: Warning
ORD-13768,2023-07-13,Electronics,Computers,South,On-Time,24,4,224.62,503.36,0.0,2013.44,898.48,2013.44,1114.96,55.38,Summer,1.0,Tier 1: Fast Mover
ORD-13769,2023-03-06,Electronics,Computers,South,On-Time,16,5,104.13,205.82,0.0,1029.1,520.65,1029.1,508.45,49.41,Spring,1.0,Tier 1: Fast Mover
ORD-13770,2023-10-12,Furniture,Desks,East,Delayed - Customs,124,4,337.42,422.5,0.47,1690.0,1349.68,895.7,-453.98,-50.68,Fall,0.0,Tier 2: Warning
ORD-13771,2023-05-09,Apparel,Shirts,West,On-Time,10,2,29.95,64.54,0.05,129.08,59.9,122.63,62.73,51.15,Spring,1.0,Tier 1: Fast Mover
ORD-13772,2023-04-11,Furniture,Desks,South,Delayed - Transit,126,5,239.97,288.63,0.63,1443.15,1199.85,533.97,-665.88,-124.71,Spring,2.0,Tier 3: Dead Stock
ORD-13773,2023-02-26,Furniture,Chairs,West,On-Time,72,5,328.27,408.86,0.05,2044.3,1641.35,1942.09,300.74,15.49,Winter,1.0,Tier 1: Fast Mover
ORD-13774,2023-12-27,Apparel,Shirts,North,Delayed - Transit,108,4,80.8,96.1,0.38,384.4,323.2,238.33,-84.87,-35.61,Winter,0.0,Tier 2: Warning
ORD-13775,2023-02-04,Furniture,Chairs,West,On-Time,137,1,120.11,162.08,0.6,162.08,120.11,64.83,-55.28,-85.26,Winter,2.0,Tier 3: Dead Stock
ORD-13776,2023-05-02,Apparel,Shirts,North,On-Time,27,3,143.35,308.27,0.05,924.81,430.05,878.57,448.52,51.05,Spring,1.0,Tier 1: Fast Mover
ORD-13777,2023-02-26,Electronics,Audio,South,On-Time,29,1,92.1,148.22,0.0,148.22,92.1,148.22,56.12,37.86,Winter,1.0,Tier 1: Fast Mover
ORD-13778,2023-08-17,Furniture,Chairs,West,On-Time,111,1,271.73,350.39,0.52,350.39,271.73,168.19,-103.54,-61.56,Summer,0.0,Tier 2: Warning
ORD-13779,2023-01-08,Electronics,Computers,West,Delayed - Transit,109,3,145.64,185.27,0.51,555.81,436.92,272.35,-164.57,-60.43,Winter,0.0,Tier 2: Warning
ORD-13780,2023-11-16,Furniture,Desks,North,On-Time,143,5,334.47,426.24,0.39,2131.2,1672.35,1300.03,-372.32,-28.64,Fall,0.0,Tier 2: Warning
ORD-13781,2023-07-17,Electronics,Audio,East,On-Time,46,5,280.99,548.97,0.05,2744.85,1404.95,2607.61,1202.66,46.12,Summer,1.0,Tier 1: Fast Mover
ORD-13782,2023-05-29,Electronics,Computers,East,Delayed - Transit,155,2,132.14,162.21,0.52,324.42,264.28,155.72,-108.56,-69.71,Spring,0.0,Tier 2: Warning
ORD-13783,2023-08-18,Electronics,Accessories,South,Delayed - Transit,125,3,313.71,384.3,0.44,1152.9,941.13,645.62,-295.51,-45.77,Summer,0.0,Tier 2: Warning
ORD-13784,2023-12-23,Electronics,Accessories,East,Delayed - Transit,99,3,191.15,202.52,0.42,607.56,573.45,352.38,-221.07,-62.73,Winter,0.0,Tier 2: Warning
ORD-13785,2023-02-16,Electronics,Accessories,East,On-Time,18,4,55.02,118.13,0.0,472.52,220.08,472.52,252.44,53.42,Winter,1.0,Tier 1: Fast Mover
ORD-13786,2023-08-19,Electronics,Audio,East,On-Time,30,3,335.77,753.85,0.05,2261.55,1007.31,2148.47,1141.16,53.12,Summer,1.0,Tier 1: Fast Mover
ORD-13787,2023-08-07,Furniture,Chairs,North,Delayed - Transit,152,1,284.13,355.55,0.4,355.55,284.13,213.33,-70.8,-33.19,Summer,0.0,Tier 2: Warning
ORD-13788,2023-02-19,Furniture,Tables,South,Delayed - Transit,123,4,247.61,333.21,0.43,1332.84,990.44,759.72,-230.72,-30.37,Winter,0.0,Tier 2: Warning
ORD-13789,2023-05-03,Electronics,Accessories,South,On-Time,15,2,93.47,201.94,0.0,403.88,186.94,403.88,216.94,53.71,Spring,1.0,Tier 1: Fast Mover
ORD-13790,2023-09-13,Apparel,Pants,North,On-Time,9,5,221.44,415.95,0.05,2079.75,1107.2,1975.76,868.56,43.96,Fall,1.0,Tier 1: Fast Mover
ORD-13791,2023-04-23,Furniture,Chairs,West,Delayed - Customs,95,3,118.76,135.09,0.43,405.27,356.28,231.0,-125.28,-54.23,Spring,0.0,Tier 2: Warning
ORD-13792,2023-07-09,Electronics,Audio,South,On-Time,30,4,301.79,684.34,0.0,2737.36,1207.16,2737.36,1530.2,55.9,Summer,1.0,Tier 1: Fast Mover
ORD-13793,2023-04-05,Electronics,Accessories,South,On-Time,14,4,398.5,735.49,0.05,2941.96,1594.0,2794.86,1200.86,42.97,Spring,1.0,Tier 1: Fast Mover
ORD-13794,2023-04-08,Apparel,Footwear,East,On-Time,22,2,104.99,239.81,0.05,479.62,209.98,455.64,245.66,53.92,Spring,1.0,Tier 1: Fast Mover
ORD-13795,2023-03-29,Furniture,Chairs,South,On-Time,92,2,36.8,41.91,0.49,83.82,73.6,42.75,-30.85,-72.17,Spring,0.0,Tier 2: Warning
ORD-13796,2023-03-03,Furniture,Tables,North,Delayed - Customs,116,5,169.93,221.64,0.38,1108.2,849.65,687.08,-162.57,-23.66,Spring,0.0,Tier 2: Warning
ORD-13797,2023-04-14,Electronics,Accessories,East,On-Time,18,3,382.87,642.19,0.05,1926.57,1148.61,1830.24,681.63,37.24,Spring,1.0,Tier 1: Fast Mover
ORD-13798,2023-03-03,Furniture,Tables,West,On-Time,78,3,128.3,141.99,0.0,425.97,384.9,425.97,41.07,9.64,Spring,1.0,Tier 1: Fast Mover
ORD-13799,2023-10-22,Electronics,Computers,East,On-Time,38,3,100.66,194.06,0.05,582.18,301.98,553.07,251.09,45.4,Fall,1.0,Tier 1: Fast Mover
ORD-13800,2023-09-06,Furniture,Desks,North,Delayed - Customs,156,5,386.13,453.22,0.36,2266.1,1930.65,1450.3,-480.35,-33.12,Fall,0.0,Tier 2: Warning
ORD-13801,2023-12-07,Apparel,Shirts,North,On-Time,16,1,61.97,111.56,0.0,111.56,61.97,111.56,49.59,44.45,Winter,1.0,Tier 1: Fast Mover
ORD-13802,2023-12-01,Electronics,Audio,North,On-Time,34,3,364.54,846.49,0.0,2539.47,1093.62,2539.47,1445.85,56.94,Winter,1.0,Tier 1: Fast Mover
ORD-13803,2023-06-08,Furniture,Chairs,East,On-Time,143,3,62.05,74.76,0.39,224.28,186.15,136.81,-49.34,-36.06,Summer,0.0,Tier 2: Warning
ORD-13804,2023-11-06,Electronics,Accessories,West,Delayed - Transit,84,2,269.87,315.23,0.05,630.46,539.74,598.94,59.2,9.88,Fall,1.0,Tier 1: Fast Mover
ORD-13805,2023-08-24,Apparel,Footwear,West,On-Time,23,5,190.79,417.23,0.05,2086.15,953.95,1981.84,1027.89,51.87,Summer,1.0,Tier 1: Fast Mover
ORD-13806,2023-12-31,Furniture,Tables,West,On-Time,121,3,108.92,128.22,0.54,384.66,326.76,176.94,-149.82,-84.67,Winter,2.0,Tier 3: Dead Stock
ORD-13807,2023-05-01,Furniture,Desks,South,On-Time,129,4,218.3,267.16,0.58,1068.64,873.2,448.83,-424.37,-94.55,Spring,2.0,Tier 3: Dead Stock
ORD-13808,2023-12-21,Apparel,Footwear,East,On-Time,21,5,192.77,422.75,0.05,2113.75,963.85,2008.06,1044.21,52.0,Winter,1.0,Tier 1: Fast Mover
ORD-13809,2023-01-28,Furniture,Chairs,North,On-Time,106,1,218.38,267.03,0.45,267.03,218.38,146.87,-71.51,-48.69,Winter,0.0,Tier 2: Warning
ORD-13810,2023-04-16,Furniture,Chairs,West,On-Time,117,3,38.3,49.91,0.47,149.73,114.9,79.36,-35.54,-44.79,Spring,0.0,Tier 2: Warning
ORD-13811,2023-11-18,Electronics,Computers,North,Delayed - Customs,135,3,191.66,212.1,0.54,636.3,574.98,292.7,-282.28,-96.44,Fall,2.0,Tier 3: Dead Stock
ORD-13812,2023-12-05,Furniture,Tables,North,On-Time,127,4,330.23,431.93,0.37,1727.72,1320.92,1088.46,-232.46,-21.36,Winter,0.0,Tier 2: Warning
ORD-13813,2023-03-13,Apparel,Shirts,South,On-Time,23,3,150.19,342.72,0.05,1028.16,450.57,976.75,526.18,53.87,Spring,1.0,Tier 1: Fast Mover
ORD-13814,2023-12-08,Furniture,Tables,East,On-Time,65,4,106.7,136.05,0.0,544.2,426.8,544.2,117.4,21.57,Winter,1.0,Tier 1: Fast Mover
ORD-13815,2023-07-21,Apparel,Footwear,South,Delayed - Transit,80,1,45.16,49.43,0.05,49.43,45.16,46.96,1.8,3.83,Summer,1.0,Tier 1: Fast Mover
ORD-13816,2023-05-18,Furniture,Tables,East,Delayed - Transit,143,3,257.34,321.67,0.37,965.01,772.02,607.96,-164.06,-26.99,Spring,0.0,Tier 2: Warning
ORD-13817,2023-04-09,Furniture,Chairs,East,On-Time,95,4,98.05,118.29,0.48,473.16,392.2,246.04,-146.16,-59.4,Spring,0.0,Tier 2: Warning
ORD-13818,2023-06-30,Furniture,Tables,South,On-Time,76,1,354.83,397.7,0.05,397.7,354.83,377.82,22.99,6.08,Summer,1.0,Tier 1: Fast Mover
ORD-13819,2023-05-27,Apparel,Shirts,West,On-Time,27,1,386.43,675.59,0.0,675.59,386.43,675.59,289.16,42.8,Spring,1.0,Tier 1: Fast Mover
ORD-13820,2023-01-29,Electronics,Accessories,South,On-Time,19,2,33.09,57.7,0.0,115.4,66.18,115.4,49.22,42.65,Winter,1.0,Tier 1: Fast Mover
ORD-13821,2023-12-20,Furniture,Chairs,West,Delayed - Transit,116,5,146.98,167.46,0.41,837.3,734.9,494.01,-240.89,-48.76,Winter,0.0,Tier 2: Warning
ORD-13822,2023-11-08,Furniture,Desks,East,On-Time,118,5,295.79,334.58,0.5,1672.9,1478.95,836.45,-642.5,-76.81,Fall,0.0,Tier 2: Warning
ORD-13823,2023-12-01,Electronics,Audio,South,Delayed - Customs,111,1,125.21,136.4,0.39,136.4,125.21,83.2,-42.01,-50.49,Winter,0.0,Tier 2: Warning
ORD-13824,2023-07-13,Apparel,Pants,West,On-Time,19,5,226.02,403.94,0.0,2019.7,1130.1,2019.7,889.6,44.05,Summer,1.0,Tier 1: Fast Mover
ORD-13825,2023-09-23,Electronics,Accessories,East,On-Time,25,2,194.5,379.43,0.05,758.86,389.0,720.92,331.92,46.04,Fall,1.0,Tier 1: Fast Mover
ORD-13826,2023-08-05,Furniture,Chairs,East,On-Time,172,1,105.94,123.45,0.36,123.45,105.94,79.01,-26.93,-34.09,Summer,0.0,Tier 2: Warning
ORD-13827,2023-12-21,Electronics,Audio,West,Delayed - Customs,88,1,286.03,375.29,0.45,375.29,286.03,206.41,-79.62,-38.57,Winter,0.0,Tier 2: Warning
ORD-13828,2023-02-04,Apparel,Pants,West,On-Time,16,4,347.41,585.8,0.0,2343.2,1389.64,2343.2,953.56,40.69,Winter,1.0,Tier 1: Fast Mover
ORD-13829,2023-12-20,Electronics,Accessories,East,On-Time,37,3,186.3,444.31,0.0,1332.93,558.9,1332.93,774.03,58.07,Winter,1.0,Tier 1: Fast Mover
ORD-13830,2023-07-19,Apparel,Pants,South,Delayed - Transit,81,1,243.3,320.64,0.05,320.64,243.3,304.61,61.31,20.13,Summer,1.0,Tier 1: Fast Mover
ORD-13831,2023-04-13,Apparel,Pants,North,On-Time,38,4,150.34,281.31,0.0,1125.24,601.36,1125.24,523.88,46.56,Spring,1.0,Tier 1: Fast Mover
ORD-13832,2023-03-15,Furniture,Tables,North,Delayed - Customs,118,2,367.37,429.78,0.6,859.56,734.74,343.82,-390.92,-113.7,Spring,2.0,Tier 3: Dead Stock
ORD-13833,2023-08-24,Apparel,Footwear,West,On-Time,35,5,257.4,615.96,0.0,3079.8,1287.0,3079.8,1792.8,58.21,Summer,1.0,Tier 1: Fast Mover
ORD-13834,2023-01-05,Furniture,Chairs,East,Delayed - Transit,110,3,309.23,331.6,0.64,994.8,927.69,358.13,-569.56,-159.04,Winter,2.0,Tier 3: Dead Stock
ORD-13835,2023-08-27,Furniture,Tables,West,On-Time,74,5,394.08,424.87,0.05,2124.35,1970.4,2018.13,47.73,2.37,Summer,1.0,Tier 1: Fast Mover
ORD-13836,2023-07-19,Apparel,Footwear,North,On-Time,45,2,110.91,221.39,0.05,442.78,221.82,420.64,198.82,47.27,Summer,1.0,Tier 1: Fast Mover
ORD-13837,2023-02-08,Furniture,Desks,West,On-Time,94,1,326.54,430.19,0.55,430.19,326.54,193.59,-132.95,-68.68,Winter,0.0,Tier 2: Warning
ORD-13838,2023-06-07,Apparel,Pants,North,On-Time,38,3,385.07,740.47,0.05,2221.41,1155.21,2110.34,955.13,45.26,Summer,1.0,Tier 1: Fast Mover
ORD-13839,2023-03-06,Electronics,Accessories,West,On-Time,19,2,67.38,146.58,0.0,293.16,134.76,293.16,158.4,54.03,Spring,1.0,Tier 1: Fast Mover
ORD-13840,2023-10-17,Electronics,Accessories,South,On-Time,28,1,256.5,466.99,0.0,466.99,256.5,466.99,210.49,45.07,Fall,1.0,Tier 1: Fast Mover
ORD-13841,2023-10-31,Apparel,Pants,North,On-Time,26,2,245.14,439.57,0.05,879.14,490.28,835.18,344.9,41.3,Fall,1.0,Tier 1: Fast Mover
ORD-13842,2023-04-21,Apparel,Shirts,North,On-Time,31,2,357.0,677.68,0.05,1355.36,714.0,1287.59,573.59,44.55,Spring,1.0,Tier 1: Fast Mover
ORD-13843,2023-01-29,Electronics,Accessories,South,On-Time,29,4,299.76,623.95,0.05,2495.8,1199.04,2371.01,1171.97,49.43,Winter,1.0,Tier 1: Fast Mover
ORD-13844,2023-12-16,Furniture,Chairs,North,On-Time,127,3,342.37,372.69,0.53,1118.07,1027.11,525.49,-501.62,-95.46,Winter,2.0,Tier 3: Dead Stock
ORD-13845,2023-10-30,Furniture,Chairs,North,On-Time,145,5,169.55,211.74,0.5,1058.7,847.75,529.35,-318.4,-60.15,Fall,0.0,Tier 2: Warning
ORD-13846,2023-02-20,Electronics,Computers,North,Delayed - Transit,128,4,47.47,50.8,0.6,203.2,189.88,81.28,-108.6,-133.61,Winter,2.0,Tier 3: Dead Stock
ORD-13847,2023-11-07,Electronics,Audio,South,Delayed - Transit,89,1,112.89,122.97,0.58,122.97,112.89,51.65,-61.24,-118.58,Fall,2.0,Tier 3: Dead Stock
ORD-13848,2023-06-07,Electronics,Audio,South,On-Time,50,4,111.99,249.56,0.05,998.24,447.96,948.33,500.37,52.76,Summer,1.0,Tier 1: Fast Mover
ORD-13849,2023-09-21,Apparel,Footwear,South,On-Time,39,4,354.49,567.91,0.0,2271.64,1417.96,2271.64,853.68,37.58,Fall,1.0,Tier 1: Fast Mover
ORD-13850,2023-11-17,Furniture,Tables,South,On-Time,148,1,285.18,319.26,0.44,319.26,285.18,178.79,-106.39,-59.51,Fall,0.0,Tier 2: Warning
ORD-13851,2023-01-20,Apparel,Footwear,North,Delayed - Transit,95,1,99.39,128.95,0.65,128.95,99.39,45.13,-54.26,-120.22,Winter,2.0,Tier 3: Dead Stock
ORD-13852,2023-09-29,Electronics,Accessories,North,Delayed - Transit,126,2,398.11,493.85,0.47,987.7,796.22,523.48,-272.74,-52.1,Fall,0.0,Tier 2: Warning
ORD-13853,2023-10-16,Apparel,Shirts,West,On-Time,22,1,340.56,718.87,0.0,718.87,340.56,718.87,378.31,52.63,Fall,1.0,Tier 1: Fast Mover
ORD-13854,2023-06-23,Furniture,Desks,West,On-Time,75,4,55.7,65.96,0.0,263.84,222.8,263.84,41.04,15.55,Summer,1.0,Tier 1: Fast Mover
ORD-13855,2023-03-09,Furniture,Desks,South,On-Time,93,4,94.02,111.93,0.47,447.72,376.08,237.29,-138.79,-58.49,Spring,0.0,Tier 2: Warning
ORD-13856,2023-03-17,Electronics,Uncategorized,South,Delayed - Transit,87,1,305.35,368.56,0.42,368.56,305.35,213.76,-91.59,-42.84,Spring,0.0,Tier 2: Warning
ORD-13857,2023-10-05,Apparel,Pants,West,Delayed - Transit,84,4,372.61,491.12,0.0,1964.48,1490.44,1964.48,474.04,24.13,Fall,1.0,Tier 1: Fast Mover
ORD-13858,2023-12-26,Electronics,Computers,South,On-Time,29,3,163.06,376.99,0.05,1130.97,489.18,1074.42,585.24,54.47,Winter,1.0,Tier 1: Fast Mover
ORD-13859,2023-05-31,Electronics,Computers,North,On-Time,36,2,266.62,498.28,0.05,996.56,533.24,946.73,413.49,43.68,Spring,1.0,Tier 1: Fast Mover
ORD-13860,2023-04-21,Electronics,Accessories,East,Delayed - Transit,78,2,361.01,440.21,0.0,880.42,722.02,880.42,158.4,17.99,Spring,1.0,Tier 1: Fast Mover
ORD-13861,2023-10-24,Apparel,Pants,West,On-Time,33,5,127.13,298.98,0.0,1494.9,635.65,1494.9,859.25,57.48,Fall,1.0,Tier 1: Fast Mover
ORD-13862,2023-01-18,Furniture,Desks,North,Delayed - Customs,85,4,109.42,114.91,0.05,459.64,437.68,436.66,-1.02,-0.23,Winter,0.0,Tier 2: Warning
ORD-13863,2023-05-21,Apparel,Shirts,North,On-Time,52,2,134.63,292.19,0.0,584.38,269.26,584.38,315.12,53.92,Spring,1.0,Tier 1: Fast Mover
ORD-13864,2023-05-25,Electronics,Audio,North,Delayed - Transit,159,2,340.68,417.87,0.38,835.74,681.36,518.16,-163.2,-31.5,Spring,0.0,Tier 2: Warning
ORD-13865,2023-02-18,Electronics,Computers,East,On-Time,30,5,181.36,392.12,0.05,1960.6,906.8,1862.57,955.77,51.31,Winter,1.0,Tier 1: Fast Mover
ORD-13866,2023-03-29,Furniture,Chairs,East,On-Time,141,4,21.89,28.05,0.55,112.2,87.56,50.49,-37.07,-73.42,Spring,0.0,Tier 2: Warning
ORD-13867,2023-08-17,Electronics,Computers,West,On-Time,36,4,344.06,750.37,0.0,3001.48,1376.24,3001.48,1625.24,54.15,Summer,1.0,Tier 1: Fast Mover
ORD-13868,2023-11-29,Apparel,Pants,West,On-Time,22,4,217.77,466.13,0.0,1864.52,871.08,1864.52,993.44,53.28,Fall,1.0,Tier 1: Fast Mover
ORD-13869,2023-04-23,Electronics,Audio,East,On-Time,28,2,288.37,476.35,0.05,952.7,576.74,905.07,328.33,36.28,Spring,1.0,Tier 1: Fast Mover
ORD-13870,2023-12-09,Electronics,Computers,West,Delayed - Customs,141,3,63.67,70.95,0.56,212.85,191.01,93.65,-97.36,-103.95,Winter,2.0,Tier 3: Dead Stock
ORD-13871,2023-06-29,Furniture,Tables,West,On-Time,128,4,397.67,460.22,0.5,1840.88,1590.68,920.44,-670.24,-72.82,Summer,0.0,Tier 2: Warning
ORD-13872,2023-08-25,Apparel,Footwear,West,On-Time,29,4,326.39,769.78,0.05,3079.12,1305.56,2925.16,1619.6,55.37,Summer,1.0,Tier 1: Fast Mover
ORD-13873,2023-11-26,Electronics,Computers,South,On-Time,25,1,183.84,431.68,0.05,431.68,183.84,410.1,226.26,55.17,Fall,1.0,Tier 1: Fast Mover
ORD-13874,2023-01-13,Electronics,Audio,North,On-Time,29,4,361.85,764.3,0.05,3057.2,1447.4,2904.34,1456.94,50.16,Winter,1.0,Tier 1: Fast Mover
ORD-13875,2023-05-09,Furniture,Tables,South,On-Time,103,2,116.72,147.38,0.46,294.76,233.44,159.17,-74.27,-46.66,Spring,0.0,Tier 2: Warning
ORD-13876,2023-01-12,Electronics,Accessories,North,On-Time,29,1,329.31,638.04,0.05,638.04,329.31,606.14,276.83,45.67,Winter,1.0,Tier 1: Fast Mover
ORD-13877,2023-12-30,Furniture,Chairs,West,On-Time,146,1,192.0,233.95,0.5,233.95,192.0,116.98,-75.03,-64.14,Winter,0.0,Tier 2: Warning
ORD-13878,2023-12-08,Furniture,Tables,West,On-Time,96,5,211.89,249.12,0.42,1245.6,1059.45,722.45,-337.0,-46.65,Winter,0.0,Tier 2: Warning
ORD-13879,2023-07-07,Electronics,Audio,West,On-Time,19,5,215.4,393.21,0.0,1966.05,1077.0,1966.05,889.05,45.22,Summer,1.0,Tier 1: Fast Mover
ORD-13880,2023-10-15,Electronics,Audio,South,Delayed - Customs,76,3,284.12,320.6,0.0,961.8,852.36,961.8,109.44,11.38,Fall,1.0,Tier 1: Fast Mover
ORD-13881,2023-08-26,Electronics,Accessories,West,Delayed - Customs,141,1,68.56,84.37,0.52,84.37,68.56,40.5,-28.06,-69.29,Summer,0.0,Tier 2: Warning
ORD-13882,2023-10-19,Electronics,Accessories,East,Delayed - Customs,83,3,333.55,425.13,0.05,1275.39,1000.65,1211.62,210.97,17.41,Fall,1.0,Tier 1: Fast Mover
ORD-13883,2023-04-06,Electronics,Accessories,South,On-Time,26,4,279.82,656.28,0.05,2625.12,1119.28,2493.86,1374.58,55.12,Spring,1.0,Tier 1: Fast Mover
ORD-13884,2023-06-05,Electronics,Computers,West,On-Time,19,5,99.8,185.82,0.05,929.1,499.0,882.65,383.65,43.47,Summer,1.0,Tier 1: Fast Mover
ORD-13885,2023-05-04,Electronics,Computers,South,Delayed - Transit,99,4,176.67,191.0,0.46,764.0,706.68,412.56,-294.12,-71.29,Spring,0.0,Tier 2: Warning
ORD-13886,2023-11-30,Apparel,Footwear,West,On-Time,36,2,110.96,194.87,0.05,389.74,221.92,370.25,148.33,40.06,Fall,1.0,Tier 1: Fast Mover
ORD-13887,2023-01-01,Furniture,Chairs,South,On-Time,124,3,386.89,507.95,0.37,1523.85,1160.67,960.03,-200.64,-20.9,Winter,0.0,Tier 2: Warning
ORD-13888,2023-05-10,Furniture,Tables,South,On-Time,117,2,256.36,290.38,0.36,580.76,512.72,371.69,-141.03,-37.94,Spring,0.0,Tier 2: Warning
ORD-13889,2023-07-08,Electronics,Uncategorized,West,On-Time,47,4,278.14,447.34,0.0,1789.36,1112.56,1789.36,676.8,37.82,Summer,1.0,Tier 1: Fast Mover
ORD-13890,2023-06-12,Furniture,Tables,South,Delayed - Transit,99,2,135.35,170.3,0.62,340.6,270.7,129.43,-141.27,-109.15,Summer,2.0,Tier 3: Dead Stock
ORD-13891,2023-07-14,Apparel,Shirts,South,On-Time,20,4,211.03,383.48,0.0,1533.92,844.12,1533.92,689.8,44.97,Summer,1.0,Tier 1: Fast Mover
ORD-13892,2023-10-20,Electronics,Computers,South,On-Time,19,4,264.93,507.81,0.0,2031.24,1059.72,2031.24,971.52,47.83,Fall,1.0,Tier 1: Fast Mover
ORD-13893,2023-11-16,Electronics,Computers,West,On-Time,21,4,379.92,788.13,0.0,3152.52,1519.68,3152.52,1632.84,51.79,Fall,1.0,Tier 1: Fast Mover
ORD-13894,2023-07-21,Furniture,Desks,East,On-Time,121,3,292.19,387.04,0.52,1161.12,876.57,557.34,-319.23,-57.28,Summer,0.0,Tier 2: Warning
ORD-13895,2023-05-14,Apparel,Pants,East,On-Time,22,1,90.26,168.8,0.0,168.8,90.26,168.8,78.54,46.53,Spring,1.0,Tier 1: Fast Mover
ORD-13896,2023-01-17,Electronics,Audio,West,On-Time,38,5,395.63,774.38,0.05,3871.9,1978.15,3678.31,1700.16,46.22,Winter,1.0,Tier 1: Fast Mover
ORD-13897,2023-03-05,Electronics,Audio,West,On-Time,35,1,110.52,255.66,0.0,255.66,110.52,255.66,145.14,56.77,Spring,1.0,Tier 1: Fast Mover
ORD-13898,2023-07-27,Furniture,Tables,West,Delayed - Customs,90,5,255.33,307.28,0.42,1536.4,1276.65,891.11,-385.54,-43.26,Summer,0.0,Tier 2: Warning
ORD-13899,2023-10-13,Apparel,Shirts,South,On-Time,12,1,332.56,630.69,0.0,630.69,332.56,630.69,298.13,47.27,Fall,1.0,Tier 1: Fast Mover
ORD-13900,2023-05-26,Electronics,Audio,North,On-Time,26,3,270.8,640.97,0.0,1922.91,812.4,1922.91,1110.51,57.75,Spring,1.0,Tier 1: Fast Mover
ORD-13901,2023-08-28,Furniture,Desks,East,Delayed - Transit,137,5,335.91,451.38,0.48,2256.9,1679.55,1173.59,-505.96,-43.11,Summer,0.0,Tier 2: Warning
ORD-13902,2023-06-28,Furniture,Tables,East,On-Time,96,1,84.65,89.62,0.58,89.62,84.65,37.64,-47.01,-124.89,Summer,2.0,Tier 3: Dead Stock
ORD-13903,2023-07-03,Electronics,Computers,South,On-Time,26,1,394.51,931.28,0.0,931.28,394.51,931.28,536.77,57.64,Summer,1.0,Tier 1: Fast Mover
ORD-13904,2023-03-05,Apparel,Pants,North,On-Time,55,4,309.25,609.36,0.05,2437.44,1237.0,2315.57,1078.57,46.58,Spring,1.0,Tier 1: Fast Mover
ORD-13905,2023-08-29,Furniture,Chairs,West,On-Time,105,5,363.86,401.69,0.62,2008.45,1819.3,763.21,-1056.09,-138.37,Summer,2.0,Tier 3: Dead Stock
ORD-13906,2023-04-03,Furniture,Tables,West,On-Time,165,3,240.37,309.55,0.38,928.65,721.11,575.76,-145.35,-25.24,Spring,0.0,Tier 2: Warning
ORD-13907,2023-03-11,Electronics,Computers,North,On-Time,18,3,297.11,535.94,0.05,1607.82,891.33,1527.43,636.1,41.65,Spring,1.0,Tier 1: Fast Mover
ORD-13908,2023-08-11,Electronics,Accessories,West,On-Time,29,2,42.97,77.26,0.05,154.52,85.94,146.79,60.85,41.46,Summer,1.0,Tier 1: Fast Mover
ORD-13909,2023-12-20,Apparel,Pants,East,On-Time,2,5,17.42,35.06,0.05,175.3,87.1,166.54,79.44,47.7,Winter,1.0,Tier 1: Fast Mover
ORD-13910,2023-04-14,Furniture,Chairs,East,Delayed - Transit,123,1,210.09,234.2,0.57,234.2,210.09,100.71,-109.38,-108.62,Spring,2.0,Tier 3: Dead Stock
ORD-13911,2023-06-14,Electronics,Accessories,West,On-Time,48,5,352.97,739.19,0.05,3695.95,1764.85,3511.15,1746.3,49.74,Summer,1.0,Tier 1: Fast Mover
ORD-13912,2023-02-22,Electronics,Computers,South,Delayed - Customs,112,1,35.47,38.82,0.6,38.82,35.47,15.53,-19.94,-128.43,Winter,2.0,Tier 3: Dead Stock
ORD-13913,2023-03-23,Furniture,Desks,West,Delayed - Transit,120,3,266.42,331.77,0.53,995.31,799.26,467.8,-331.46,-70.86,Spring,0.0,Tier 2: Warning
ORD-13914,2023-02-15,Apparel,Footwear,West,On-Time,33,1,131.53,313.63,0.0,313.63,131.53,313.63,182.1,58.06,Winter,1.0,Tier 1: Fast Mover
ORD-13915,2023-06-14,Furniture,Desks,North,On-Time,100,3,260.07,294.67,0.42,884.01,780.21,512.73,-267.48,-52.17,Summer,0.0,Tier 2: Warning
ORD-13916,2023-03-28,Furniture,Desks,North,Delayed - Customs,93,1,328.71,415.95,0.43,415.95,328.71,237.09,-91.62,-38.64,Spring,0.0,Tier 2: Warning
ORD-13917,2023-11-16,Furniture,Tables,North,Delayed - Customs,122,4,392.81,511.87,0.49,2047.48,1571.24,1044.21,-527.03,-50.47,Fall,0.0,Tier 2: Warning
ORD-13918,2023-08-16,Apparel,Footwear,North,On-Time,20,2,170.44,401.52,0.0,803.04,340.88,803.04,462.16,57.55,Summer,1.0,Tier 1: Fast Mover
ORD-13919,2023-07-23,Furniture,Tables,North,On-Time,72,2,345.95,426.73,0.0,853.46,691.9,853.46,161.56,18.93,Summer,1.0,Tier 1: Fast Mover
ORD-13920,2023-05-12,Electronics,Accessories,North,On-Time,30,5,31.05,68.44,0.0,342.2,155.25,342.2,186.95,54.63,Spring,1.0,Tier 1: Fast Mover
ORD-13921,2023-10-02,Apparel,Footwear,West,Delayed - Customs,129,5,209.24,276.21,0.62,1381.05,1046.2,524.8,-521.4,-99.35,Fall,2.0,Tier 3: Dead Stock
ORD-13922,2023-05-13,Apparel,Shirts,West,Delayed - Customs,126,4,217.22,261.91,0.44,1047.64,868.88,586.68,-282.2,-48.1,Spring,0.0,Tier 2: Warning
ORD-13923,2023-08-23,Furniture,Chairs,South,On-Time,107,2,318.77,427.45,0.42,854.9,637.54,495.84,-141.7,-28.58,Summer,0.0,Tier 2: Warning
ORD-13924,2023-03-23,Furniture,Desks,South,On-Time,110,2,28.57,30.91,0.39,61.82,57.14,37.71,-19.43,-51.52,Spring,0.0,Tier 2: Warning
ORD-13925,2023-02-15,Apparel,Shirts,East,On-Time,47,5,284.94,659.97,0.05,3299.85,1424.7,3134.86,1710.16,54.55,Winter,1.0,Tier 1: Fast Mover
ORD-13926,2023-12-20,Furniture,Chairs,South,Delayed - Transit,85,4,293.95,395.65,0.05,1582.6,1175.8,1503.47,327.67,21.79,Winter,1.0,Tier 1: Fast Mover
ORD-13927,2023-12-25,Furniture,Tables,East,On-Time,108,2,153.45,203.57,0.65,407.14,306.9,142.5,-164.4,-115.37,Winter,2.0,Tier 3: Dead Stock
ORD-13928,2023-04-19,Furniture,Desks,West,Delayed - Transit,116,3,253.1,319.63,0.49,958.89,759.3,489.03,-270.27,-55.27,Spring,0.0,Tier 2: Warning
ORD-13929,2023-09-15,Electronics,Accessories,East,On-Time,18,5,95.14,196.43,0.05,982.15,475.7,933.04,457.34,49.02,Fall,1.0,Tier 1: Fast Mover
ORD-13930,2023-05-11,Electronics,Computers,South,On-Time,24,4,316.14,711.53,0.0,2846.12,1264.56,2846.12,1581.56,55.57,Spring,1.0,Tier 1: Fast Mover
ORD-13931,2023-08-18,Electronics,Audio,East,Delayed - Transit,121,2,105.8,138.16,0.57,276.32,211.6,118.82,-92.78,-78.09,Summer,2.0,Tier 3: Dead Stock
ORD-13932,2023-05-23,Furniture,Chairs,South,Delayed - Transit,115,4,335.84,359.78,0.44,1439.12,1343.36,805.91,-537.45,-66.69,Spring,0.0,Tier 2: Warning
ORD-13933,2023-11-09,Electronics,Audio,East,On-Time,25,2,309.41,661.95,0.0,1323.9,618.82,1323.9,705.08,53.26,Fall,1.0,Tier 1: Fast Mover
ORD-13934,2023-08-11,Electronics,Audio,North,On-Time,41,2,295.72,708.03,0.0,1416.06,591.44,1416.06,824.62,58.23,Summer,1.0,Tier 1: Fast Mover
ORD-13935,2023-03-27,Electronics,Computers,South,Delayed - Transit,103,3,43.08,50.22,0.52,150.66,129.24,72.32,-56.92,-78.71,Spring,2.0,Tier 3: Dead Stock
ORD-13936,2023-06-02,Electronics,Computers,East,On-Time,24,4,235.52,492.13,0.05,1968.52,942.08,1870.09,928.01,49.62,Summer,1.0,Tier 1: Fast Mover
ORD-13937,2023-04-08,Electronics,Computers,North,On-Time,41,2,279.97,483.0,0.05,966.0,559.94,917.7,357.76,38.98,Spring,1.0,Tier 1: Fast Mover
ORD-13938,2023-07-14,Electronics,Accessories,West,On-Time,18,5,312.28,690.83,0.0,3454.15,1561.4,3454.15,1892.75,54.8,Summer,1.0,Tier 1: Fast Mover
ORD-13939,2023-10-26,Electronics,Audio,North,On-Time,28,5,45.49,80.1,0.05,400.5,227.45,380.48,153.03,40.22,Fall,1.0,Tier 1: Fast Mover
ORD-13940,2023-04-11,Electronics,Computers,South,On-Time,25,4,77.9,143.33,0.05,573.32,311.6,544.65,233.05,42.79,Spring,1.0,Tier 1: Fast Mover
ORD-13941,2023-12-11,Electronics,Computers,North,On-Time,22,4,102.38,174.78,0.0,699.12,409.52,699.12,289.6,41.42,Winter,1.0,Tier 1: Fast Mover
ORD-13942,2023-06-17,Apparel,Footwear,North,Delayed - Customs,61,4,110.71,134.08,0.05,536.32,442.84,509.5,66.66,13.08,Summer,1.0,Tier 1: Fast Mover
ORD-13943,2023-07-25,Furniture,Chairs,South,Delayed - Transit,113,5,394.18,449.62,0.54,2248.1,1970.9,1034.13,-936.77,-90.59,Summer,2.0,Tier 3: Dead Stock
ORD-13944,2023-10-01,Furniture,Desks,West,On-Time,117,3,175.12,222.05,0.38,666.15,525.36,413.01,-112.35,-27.2,Fall,0.0,Tier 2: Warning
ORD-13945,2023-03-28,Furniture,Tables,South,Delayed - Transit,103,3,152.56,170.72,0.41,512.16,457.68,302.17,-155.51,-51.46,Spring,0.0,Tier 2: Warning
ORD-13946,2023-08-28,Furniture,Chairs,South,On-Time,163,2,221.43,254.55,0.6,509.1,442.86,203.64,-239.22,-117.47,Summer,2.0,Tier 3: Dead Stock
ORD-13947,2023-07-21,Apparel,Footwear,West,Delayed - Transit,112,2,398.35,470.48,0.48,940.96,796.7,489.3,-307.4,-62.82,Summer,0.0,Tier 2: Warning
ORD-13948,2023-05-30,Furniture,Chairs,East,Delayed - Transit,72,2,96.3,120.02,0.0,240.04,192.6,240.04,47.44,19.76,Spring,1.0,Tier 1: Fast Mover
ORD-13949,2023-08-24,Furniture,Desks,North,On-Time,94,2,208.71,249.35,0.61,498.7,417.42,194.49,-222.93,-114.62,Summer,2.0,Tier 3: Dead Stock
ORD-13950,2023-03-17,Apparel,Shirts,East,Delayed - Transit,135,1,159.75,201.35,0.36,201.35,159.75,128.86,-30.89,-23.97,Spring,0.0,Tier 2: Warning
ORD-13951,2023-05-22,Apparel,Pants,East,Delayed - Customs,138,1,335.58,375.27,0.36,375.27,335.58,240.17,-95.41,-39.72,Spring,0.0,Tier 2: Warning
ORD-13952,2023-03-18,Apparel,Footwear,South,On-Time,23,3,377.63,894.88,0.05,2684.64,1132.89,2550.41,1417.52,55.58,Spring,1.0,Tier 1: Fast Mover
ORD-13953,2023-11-30,Apparel,Shirts,South,On-Time,35,2,113.51,227.72,0.0,455.44,227.02,455.44,228.42,50.15,Fall,1.0,Tier 1: Fast Mover
ORD-13954,2023-07-04,Furniture,Tables,North,On-Time,96,3,53.53,60.15,0.5,180.45,160.59,90.23,-70.37,-77.99,Summer,0.0,Tier 2: Warning
ORD-13955,2023-06-05,Furniture,Tables,North,On-Time,104,3,116.23,132.9,0.62,398.7,348.69,151.51,-197.18,-130.15,Summer,2.0,Tier 3: Dead Stock
ORD-13956,2023-04-04,Electronics,Computers,East,On-Time,15,2,69.74,166.18,0.05,332.36,139.48,315.74,176.26,55.82,Spring,1.0,Tier 1: Fast Mover
ORD-13957,2023-03-23,Apparel,Pants,East,On-Time,32,1,299.37,518.29,0.05,518.29,299.37,492.38,193.01,39.2,Spring,1.0,Tier 1: Fast Mover
ORD-13958,2023-03-24,Furniture,Tables,East,Delayed - Customs,146,2,204.72,237.85,0.43,475.7,409.44,271.15,-138.29,-51.0,Spring,0.0,Tier 2: Warning
ORD-13959,2023-06-24,Apparel,Footwear,West,On-Time,15,4,311.19,740.51,0.0,2962.04,1244.76,2962.04,1717.28,57.98,Summer,1.0,Tier 1: Fast Mover
ORD-13960,2023-04-12,Furniture,Chairs,South,On-Time,90,4,248.12,279.15,0.58,1116.6,992.48,468.97,-523.51,-111.63,Spring,2.0,Tier 3: Dead Stock
ORD-13961,2023-05-27,Furniture,Desks,East,Delayed - Transit,80,3,152.59,172.9,0.0,518.7,457.77,518.7,60.93,11.75,Spring,1.0,Tier 1: Fast Mover
ORD-13962,2023-06-05,Furniture,Desks,South,On-Time,125,3,55.06,63.59,0.59,190.77,165.18,78.22,-86.96,-111.19,Summer,2.0,Tier 3: Dead Stock
ORD-13963,2023-04-14,Electronics,Audio,North,On-Time,33,4,171.91,374.49,0.0,1497.96,687.64,1497.96,810.32,54.09,Spring,1.0,Tier 1: Fast Mover
ORD-13964,2023-12-01,Furniture,Chairs,West,On-Time,98,4,270.57,290.79,0.46,1163.16,1082.28,628.11,-454.17,-72.31,Winter,0.0,Tier 2: Warning
ORD-13965,2023-09-25,Apparel,Uncategorized,West,On-Time,20,1,85.64,177.1,0.0,177.1,85.64,177.1,91.46,51.64,Fall,1.0,Tier 1: Fast Mover
ORD-13966,2023-12-28,Electronics,Accessories,North,On-Time,48,5,278.2,642.54,0.0,3212.7,1391.0,3212.7,1821.7,56.7,Winter,1.0,Tier 1: Fast Mover
ORD-13967,2023-06-03,Electronics,Audio,North,On-Time,21,2,139.57,292.62,0.0,585.24,279.14,585.24,306.1,52.3,Summer,1.0,Tier 1: Fast Mover
ORD-13968,2023-03-14,Apparel,Pants,West,On-Time,54,1,66.01,141.29,0.05,141.29,66.01,134.23,68.22,50.82,Spring,1.0,Tier 1: Fast Mover
ORD-13969,2023-08-01,Furniture,Tables,West,Delayed - Customs,107,1,237.4,250.32,0.49,250.32,237.4,127.66,-109.74,-85.96,Summer,2.0,Tier 3: Dead Stock
ORD-13970,2023-03-24,Electronics,Audio,West,On-Time,29,1,338.45,779.34,0.0,779.34,338.45,779.34,440.89,56.57,Spring,1.0,Tier 1: Fast Mover
ORD-13971,2023-11-29,Apparel,Pants,North,On-Time,49,3,51.45,88.57,0.0,265.71,154.35,265.71,111.36,41.91,Fall,1.0,Tier 1: Fast Mover
ORD-13972,2023-04-09,Electronics,Computers,West,On-Time,24,2,192.62,423.43,0.05,846.86,385.24,804.52,419.28,52.12,Spring,1.0,Tier 1: Fast Mover
ORD-13973,2023-01-06,Apparel,Footwear,South,On-Time,46,5,264.06,535.48,0.0,2677.4,1320.3,2677.4,1357.1,50.69,Winter,1.0,Tier 1: Fast Mover
ORD-13974,2023-10-15,Furniture,Tables,West,On-Time,117,4,132.07,172.76,0.36,691.04,528.28,442.27,-86.01,-19.45,Fall,0.0,Tier 2: Warning
ORD-13975,2023-07-28,Furniture,Chairs,South,Delayed - Transit,117,3,135.61,161.77,0.5,485.31,406.83,242.66,-164.18,-67.66,Summer,0.0,Tier 2: Warning
ORD-13976,2023-11-25,Furniture,Chairs,North,On-Time,133,1,369.91,427.1,0.4,427.1,369.91,256.26,-113.65,-44.35,Fall,0.0,Tier 2: Warning
ORD-13977,2023-06-18,Electronics,Accessories,East,On-Time,59,4,145.79,298.35,0.0,1193.4,583.16,1193.4,610.24,51.13,Summer,1.0,Tier 1: Fast Mover
ORD-13978,2023-10-09,Electronics,Accessories,East,On-Time,40,4,265.98,559.72,0.05,2238.88,1063.92,2126.94,1063.02,49.98,Fall,1.0,Tier 1: Fast Mover
ORD-13979,2023-12-09,Electronics,Computers,South,On-Time,21,4,100.51,238.23,0.05,952.92,402.04,905.27,503.23,55.59,Winter,1.0,Tier 1: Fast Mover
ORD-13980,2023-08-25,Electronics,Audio,North,On-Time,39,5,66.94,113.49,0.05,567.45,334.7,539.08,204.38,37.91,Summer,1.0,Tier 1: Fast Mover
ORD-13981,2023-09-23,Electronics,Audio,South,On-Time,29,2,200.79,326.32,0.05,652.64,401.58,620.01,218.43,35.23,Fall,1.0,Tier 1: Fast Mover
ORD-13982,2023-06-23,Furniture,Desks,South,On-Time,114,4,67.95,87.29,0.56,349.16,271.8,153.63,-118.17,-76.92,Summer,0.0,Tier 2: Warning
ORD-13983,2023-06-03,Apparel,Pants,South,On-Time,25,3,322.77,774.19,0.05,2322.57,968.31,2206.44,1238.13,56.11,Summer,1.0,Tier 1: Fast Mover
ORD-13984,2023-12-01,Furniture,Chairs,South,On-Time,132,3,261.18,291.61,0.5,874.83,783.54,437.42,-346.13,-79.13,Winter,2.0,Tier 3: Dead Stock
ORD-13985,2023-07-15,Furniture,Desks,North,On-Time,85,3,178.83,197.59,0.0,592.77,536.49,592.77,56.28,9.49,Summer,1.0,Tier 1: Fast Mover
ORD-13986,2023-01-06,Apparel,Shirts,North,On-Time,33,2,288.66,526.73,0.05,1053.46,577.32,1000.79,423.47,42.31,Winter,1.0,Tier 1: Fast Mover
ORD-13987,2023-02-24,Electronics,Accessories,East,On-Time,24,2,161.82,331.61,0.0,663.22,323.64,663.22,339.58,51.2,Winter,1.0,Tier 1: Fast Mover
ORD-13988,2023-08-18,Electronics,Computers,North,Delayed - Transit,107,1,205.87,239.57,0.6,239.57,205.87,95.83,-110.04,-114.83,Summer,2.0,Tier 3: Dead Stock
ORD-13989,2023-07-31,Electronics,Accessories,North,On-Time,26,3,178.16,419.52,0.05,1258.56,534.48,1195.63,661.15,55.3,Summer,1.0,Tier 1: Fast Mover
ORD-13990,2023-08-16,Electronics,Audio,North,On-Time,15,2,290.58,640.65,0.0,1281.3,581.16,1281.3,700.14,54.64,Summer,1.0,Tier 1: Fast Mover
ORD-13991,2023-08-24,Apparel,Pants,East,On-Time,38,5,132.95,218.51,0.05,1092.55,664.75,1037.92,373.17,35.95,Summer,1.0,Tier 1: Fast Mover
ORD-13992,2023-12-23,Apparel,Shirts,South,On-Time,24,4,88.28,201.27,0.0,805.08,353.12,805.08,451.96,56.14,Winter,1.0,Tier 1: Fast Mover
ORD-13993,2023-11-06,Furniture,Tables,North,On-Time,92,5,100.84,133.68,0.61,668.4,504.2,260.68,-243.52,-93.42,Fall,2.0,Tier 3: Dead Stock
ORD-13994,2023-04-28,Electronics,Computers,South,Delayed - Customs,134,1,202.5,232.68,0.38,232.68,202.5,144.26,-58.24,-40.37,Spring,0.0,Tier 2: Warning
ORD-13995,2023-06-17,Electronics,Computers,East,On-Time,15,3,181.35,374.63,0.05,1123.89,544.05,1067.7,523.65,49.04,Summer,1.0,Tier 1: Fast Mover
ORD-13996,2023-09-16,Electronics,Computers,North,On-Time,27,2,114.58,265.44,0.05,530.88,229.16,504.34,275.18,54.56,Fall,1.0,Tier 1: Fast Mover
ORD-13997,2023-05-04,Furniture,Desks,South,On-Time,105,1,331.32,433.75,0.44,433.75,331.32,242.9,-88.42,-36.4,Spring,0.0,Tier 2: Warning
ORD-13998,2023-04-16,Apparel,Shirts,South,Delayed - Transit,123,3,390.41,460.61,0.6,1381.83,1171.23,552.73,-618.5,-111.9,Spring,2.0,Tier 3: Dead Stock
ORD-13999,2023-09-21,Electronics,Accessories,East,On-Time,48,4,391.13,932.43,0.0,3729.72,1564.52,3729.72,2165.2,58.05,Fall,1.0,Tier 1: Fast Mover
ORD-14000,2023-04-01,Apparel,Footwear,West,On-Time,23,4,193.27,462.5,0.0,1850.0,773.08,1850.0,1076.92,58.21,Spring,1.0,Tier 1: Fast Mover
ORD-14001,2023-02-26,Apparel,Footwear,East,On-Time,46,3,63.52,138.65,0.0,415.95,190.56,415.95,225.39,54.19,Winter,1.0,Tier 1: Fast Mover
ORD-14002,2023-02-09,Furniture,Desks,East,On-Time,98,2,389.98,514.29,0.42,1028.58,779.96,596.58,-183.38,-30.74,Winter,0.0,Tier 2: Warning
ORD-14003,2023-05-24,Apparel,Shirts,South,On-Time,22,2,203.48,367.91,0.0,735.82,406.96,735.82,328.86,44.69,Spring,1.0,Tier 1: Fast Mover
ORD-14004,2023-04-19,Apparel,Shirts,West,On-Time,43,3,83.84,183.27,0.0,549.81,251.52,549.81,298.29,54.25,Spring,1.0,Tier 1: Fast Mover
ORD-14005,2023-03-30,Furniture,Tables,South,On-Time,120,3,242.94,306.65,0.55,919.95,728.82,413.98,-314.84,-76.05,Spring,0.0,Tier 2: Warning
ORD-14006,2023-03-30,Furniture,Desks,East,Delayed - Customs,72,1,126.08,153.94,0.0,153.94,126.08,153.94,27.86,18.1,Spring,1.0,Tier 1: Fast Mover
ORD-14007,2023-02-15,Electronics,Computers,South,On-Time,33,4,144.98,296.65,0.0,1186.6,579.92,1186.6,606.68,51.13,Winter,1.0,Tier 1: Fast Mover
ORD-14008,2023-01-06,Apparel,Pants,West,On-Time,42,1,331.11,752.06,0.05,752.06,331.11,714.46,383.35,53.66,Winter,1.0,Tier 1: Fast Mover
ORD-14009,2023-08-19,Electronics,Audio,East,On-Time,18,2,134.31,287.77,0.0,575.54,268.62,575.54,306.92,53.33,Summer,1.0,Tier 1: Fast Mover
ORD-14010,2023-04-14,Electronics,Accessories,West,Delayed - Customs,138,3,281.76,314.2,0.52,942.6,845.28,452.45,-392.83,-86.82,Spring,2.0,Tier 3: Dead Stock
ORD-14011,2023-05-01,Electronics,Audio,North,Delayed - Transit,97,3,307.15,349.0,0.46,1047.0,921.45,565.38,-356.07,-62.98,Spring,0.0,Tier 2: Warning
ORD-14012,2023-11-18,Apparel,Shirts,South,On-Time,27,1,64.27,106.55,0.05,106.55,64.27,101.22,36.95,36.51,Fall,1.0,Tier 1: Fast Mover
ORD-14013,2023-07-07,Electronics,Accessories,East,On-Time,35,5,142.78,314.71,0.05,1573.55,713.9,1494.87,780.97,52.24,Summer,1.0,Tier 1: Fast Mover
ORD-14014,2023-09-20,Electronics,Uncategorized,East,On-Time,1,2,143.61,321.21,0.0,642.42,287.22,642.42,355.2,55.29,Fall,1.0,Tier 1: Fast Mover
ORD-14015,2023-03-12,Electronics,Audio,West,Delayed - Customs,160,3,330.94,356.09,0.39,1068.27,992.82,651.64,-341.18,-52.36,Spring,0.0,Tier 2: Warning
ORD-14016,2023-01-14,Electronics,Audio,West,On-Time,28,3,394.16,778.22,0.0,2334.66,1182.48,2334.66,1152.18,49.35,Winter,1.0,Tier 1: Fast Mover
ORD-14017,2023-05-11,Apparel,Footwear,East,On-Time,22,5,205.47,364.58,0.0,1822.9,1027.35,1822.9,795.55,43.64,Spring,1.0,Tier 1: Fast Mover
ORD-14018,2023-08-01,Furniture,Tables,East,On-Time,123,5,222.39,244.17,0.44,1220.85,1111.95,683.68,-428.27,-62.64,Summer,0.0,Tier 2: Warning
ORD-14019,2023-04-07,Furniture,Chairs,South,On-Time,88,5,145.76,156.16,0.62,780.8,728.8,296.7,-432.1,-145.63,Spring,2.0,Tier 3: Dead Stock
ORD-14020,2023-12-24,Furniture,Chairs,South,On-Time,144,1,222.6,250.99,0.38,250.99,222.6,155.61,-66.99,-43.05,Winter,0.0,Tier 2: Warning
ORD-14021,2023-02-24,Electronics,Audio,South,On-Time,26,5,185.92,389.46,0.05,1947.3,929.6,1849.94,920.34,49.75,Winter,1.0,Tier 1: Fast Mover
ORD-14022,2023-11-09,Electronics,Accessories,South,On-Time,10,5,330.09,551.23,0.0,2756.15,1650.45,2756.15,1105.7,40.12,Fall,1.0,Tier 1: Fast Mover
ORD-14023,2023-12-18,Electronics,Computers,East,On-Time,26,2,319.89,764.57,0.05,1529.14,639.78,1452.68,812.9,55.96,Winter,1.0,Tier 1: Fast Mover
ORD-14024,2023-05-10,Furniture,Chairs,North,Delayed - Customs,125,2,22.2,23.83,0.5,47.66,44.4,23.83,-20.57,-86.32,Spring,2.0,Tier 3: Dead Stock
ORD-14025,2023-05-21,Electronics,Accessories,North,Delayed - Transit,97,5,266.19,293.11,0.5,1465.55,1330.95,732.78,-598.18,-81.63,Spring,2.0,Tier 3: Dead Stock
ORD-14026,2023-10-14,Furniture,Desks,South,On-Time,125,1,307.71,400.31,0.46,400.31,307.71,216.17,-91.54,-42.35,Fall,0.0,Tier 2: Warning
ORD-14027,2023-04-22,Apparel,Shirts,South,Delayed - Transit,146,2,318.61,386.21,0.64,772.42,637.22,278.07,-359.15,-129.16,Spring,2.0,Tier 3: Dead Stock
ORD-14028,2023-12-05,Electronics,Accessories,West,On-Time,24,5,194.15,330.11,0.05,1650.55,970.75,1568.02,597.27,38.09,Winter,1.0,Tier 1: Fast Mover
ORD-14029,2023-10-20,Electronics,Accessories,North,On-Time,31,5,138.16,293.7,0.0,1468.5,690.8,1468.5,777.7,52.96,Fall,1.0,Tier 1: Fast Mover
ORD-14030,2023-09-14,Apparel,Footwear,South,On-Time,27,2,132.19,288.66,0.05,577.32,264.38,548.45,284.07,51.8,Fall,1.0,Tier 1: Fast Mover
ORD-14031,2023-01-24,Apparel,Pants,South,On-Time,36,5,147.94,313.09,0.05,1565.45,739.7,1487.18,747.48,50.26,Winter,1.0,Tier 1: Fast Mover
ORD-14032,2023-05-11,Apparel,Pants,North,Delayed - Transit,118,3,158.85,195.24,0.45,585.72,476.55,322.15,-154.4,-47.93,Spring,0.0,Tier 2: Warning
ORD-14033,2023-01-16,Furniture,Desks,South,On-Time,132,3,113.62,139.22,0.58,417.66,340.86,175.42,-165.44,-94.31,Winter,2.0,Tier 3: Dead Stock
ORD-14034,2023-02-11,Furniture,Tables,West,On-Time,142,1,281.42,346.09,0.46,346.09,281.42,186.89,-94.53,-50.58,Winter,0.0,Tier 2: Warning
ORD-14035,2023-02-08,Apparel,Shirts,West,On-Time,28,3,103.96,220.98,0.05,662.94,311.88,629.79,317.91,50.48,Winter,1.0,Tier 1: Fast Mover
ORD-14036,2023-10-11,Furniture,Tables,North,Delayed - Transit,117,5,317.12,344.47,0.51,1722.35,1585.6,843.95,-741.65,-87.88,Fall,2.0,Tier 3: Dead Stock
ORD-14037,2023-07-17,Furniture,Tables,South,On-Time,122,5,186.01,196.13,0.53,980.65,930.05,460.91,-469.14,-101.79,Summer,2.0,Tier 3: Dead Stock
ORD-14038,2023-01-15,Electronics,Audio,South,On-Time,45,1,205.37,464.96,0.0,464.96,205.37,464.96,259.59,55.83,Winter,1.0,Tier 1: Fast Mover
ORD-14039,2023-06-06,Electronics,Audio,West,On-Time,32,3,311.62,672.0,0.05,2016.0,934.86,1915.2,980.34,51.19,Summer,1.0,Tier 1: Fast Mover
ORD-14040,2023-05-23,Electronics,Accessories,South,On-Time,39,3,214.47,355.39,0.05,1066.17,643.41,1012.86,369.45,36.48,Spring,1.0,Tier 1: Fast Mover
ORD-14041,2023-06-28,Electronics,Audio,South,On-Time,27,4,339.57,616.48,0.05,2465.92,1358.28,2342.62,984.34,42.02,Summer,1.0,Tier 1: Fast Mover
ORD-14042,2023-10-11,Furniture,Tables,West,Delayed - Transit,111,3,300.61,353.13,0.47,1059.39,901.83,561.48,-340.35,-60.62,Fall,0.0,Tier 2: Warning
ORD-14043,2023-12-29,Furniture,Tables,East,Delayed - Customs,115,2,68.56,84.44,0.44,168.88,137.12,94.57,-42.55,-44.99,Winter,0.0,Tier 2: Warning
ORD-14044,2023-06-21,Electronics,Audio,West,On-Time,45,5,246.76,477.66,0.05,2388.3,1233.8,2268.89,1035.09,45.62,Summer,1.0,Tier 1: Fast Mover
ORD-14045,2023-12-25,Furniture,Tables,West,On-Time,99,3,208.16,242.61,0.56,727.83,624.48,320.25,-304.23,-95.0,Winter,2.0,Tier 3: Dead Stock
ORD-14046,2023-07-02,Furniture,Tables,North,On-Time,80,3,276.57,336.3,0.05,1008.9,829.71,958.46,128.75,13.43,Summer,1.0,Tier 1: Fast Mover
ORD-14047,2023-10-09,Apparel,Pants,South,On-Time,35,1,21.3,35.99,0.0,35.99,21.3,35.99,14.69,40.82,Fall,1.0,Tier 1: Fast Mover
ORD-14048,2023-06-06,Electronics,Accessories,North,On-Time,17,5,357.34,698.74,0.0,3493.7,1786.7,3493.7,1707.0,48.86,Summer,1.0,Tier 1: Fast Mover
ORD-14049,2023-12-03,Apparel,Pants,West,On-Time,39,3,172.63,398.72,0.05,1196.16,517.89,1136.35,618.46,54.43,Winter,1.0,Tier 1: Fast Mover
ORD-14050,2023-10-04,Furniture,Chairs,South,Delayed - Transit,109,1,217.68,266.82,0.57,266.82,217.68,114.73,-102.95,-89.73,Fall,2.0,Tier 3: Dead Stock
ORD-14051,2023-08-29,Apparel,Pants,East,Delayed - Customs,117,4,138.56,158.64,0.48,634.56,554.24,329.97,-224.27,-67.97,Summer,0.0,Tier 2: Warning
ORD-14052,2023-04-27,Furniture,Tables,West,Delayed - Transit,99,2,246.2,330.06,0.41,660.12,492.4,389.47,-102.93,-26.43,Spring,0.0,Tier 2: Warning
ORD-14053,2023-05-19,Apparel,Uncategorized,South,On-Time,26,2,184.38,423.67,0.0,847.34,368.76,847.34,478.58,56.48,Spring,1.0,Tier 1: Fast Mover
ORD-14054,2023-06-21,Furniture,Chairs,North,On-Time,124,1,37.68,44.56,0.39,44.56,37.68,27.18,-10.5,-38.62,Summer,0.0,Tier 2: Warning
ORD-14055,2023-12-12,Furniture,Chairs,East,On-Time,90,1,208.63,261.54,0.62,261.54,208.63,99.39,-109.24,-109.92,Winter,2.0,Tier 3: Dead Stock
ORD-14056,2023-07-16,Electronics,Audio,South,Delayed - Transit,81,3,245.26,280.66,0.05,841.98,735.78,799.88,64.1,8.01,Summer,1.0,Tier 1: Fast Mover
ORD-14057,2023-04-30,Apparel,Pants,West,On-Time,30,4,223.57,409.93,0.05,1639.72,894.28,1557.73,663.45,42.59,Spring,1.0,Tier 1: Fast Mover
ORD-14058,2023-05-23,Furniture,Desks,East,Delayed - Transit,126,1,101.56,124.16,0.43,124.16,101.56,70.77,-30.79,-43.5,Spring,0.0,Tier 2: Warning
ORD-14059,2023-08-28,Apparel,Pants,West,On-Time,40,5,202.62,468.65,0.05,2343.25,1013.1,2226.09,1212.99,54.49,Summer,1.0,Tier 1: Fast Mover
ORD-14060,2023-05-19,Electronics,Audio,East,On-Time,52,1,87.2,191.06,0.0,191.06,87.2,191.06,103.86,54.36,Spring,1.0,Tier 1: Fast Mover
ORD-14061,2023-02-22,Apparel,Shirts,West,On-Time,22,3,128.16,291.75,0.05,875.25,384.48,831.49,447.01,53.76,Winter,1.0,Tier 1: Fast Mover
ORD-14062,2023-07-30,Electronics,Accessories,South,On-Time,22,2,94.94,216.51,0.0,433.02,189.88,433.02,243.14,56.15,Summer,1.0,Tier 1: Fast Mover
ORD-14063,2023-02-16,Electronics,Audio,North,On-Time,15,4,121.06,198.48,0.05,793.92,484.24,754.22,269.98,35.8,Winter,1.0,Tier 1: Fast Mover
ORD-14064,2023-04-16,Apparel,Shirts,East,On-Time,34,5,307.43,590.77,0.05,2953.85,1537.15,2806.16,1269.01,45.22,Spring,1.0,Tier 1: Fast Mover
ORD-14065,2023-11-23,Apparel,Footwear,South,On-Time,34,5,291.25,562.64,0.0,2813.2,1456.25,2813.2,1356.95,48.24,Fall,1.0,Tier 1: Fast Mover
ORD-14066,2023-10-22,Apparel,Footwear,East,On-Time,59,2,218.68,507.34,0.0,1014.68,437.36,1014.68,577.32,56.9,Fall,1.0,Tier 1: Fast Mover
ORD-14067,2023-07-18,Electronics,Accessories,West,On-Time,24,4,375.21,860.83,0.0,3443.32,1500.84,3443.32,1942.48,56.41,Summer,1.0,Tier 1: Fast Mover
ORD-14068,2023-05-26,Electronics,Audio,South,On-Time,65,3,311.48,636.92,0.0,1910.76,934.44,1910.76,976.32,51.1,Spring,1.0,Tier 1: Fast Mover
ORD-14069,2023-09-10,Electronics,Accessories,West,On-Time,21,5,145.68,284.2,0.0,1421.0,728.4,1421.0,692.6,48.74,Fall,1.0,Tier 1: Fast Mover
ORD-14070,2023-01-13,Apparel,Shirts,North,On-Time,48,4,275.33,584.68,0.05,2338.72,1101.32,2221.78,1120.46,50.43,Winter,1.0,Tier 1: Fast Mover
ORD-14071,2023-02-12,Electronics,Computers,North,Delayed - Transit,113,1,304.05,333.56,0.57,333.56,304.05,143.43,-160.62,-111.98,Winter,2.0,Tier 3: Dead Stock
ORD-14072,2023-12-04,Electronics,Accessories,East,On-Time,15,2,335.05,586.85,0.05,1173.7,670.1,1115.02,444.92,39.9,Winter,1.0,Tier 1: Fast Mover
ORD-14073,2023-09-24,Apparel,Pants,East,On-Time,21,3,23.9,54.11,0.0,162.33,71.7,162.33,90.63,55.83,Fall,1.0,Tier 1: Fast Mover
ORD-14074,2023-10-27,Electronics,Computers,South,On-Time,24,1,259.69,447.19,0.05,447.19,259.69,424.83,165.14,38.87,Fall,1.0,Tier 1: Fast Mover
ORD-14075,2023-08-20,Furniture,Desks,South,On-Time,73,1,168.73,222.12,0.0,222.12,168.73,222.12,53.39,24.04,Summer,1.0,Tier 1: Fast Mover
ORD-14076,2023-06-16,Furniture,Desks,South,Delayed - Transit,86,3,39.62,46.5,0.63,139.5,118.86,51.62,-67.25,-130.28,Summer,2.0,Tier 3: Dead Stock
ORD-14077,2023-08-13,Apparel,Uncategorized,South,On-Time,36,4,215.99,438.93,0.0,1755.72,863.96,1755.72,891.76,50.79,Summer,1.0,Tier 1: Fast Mover
ORD-14078,2023-05-07,Apparel,Shirts,South,Delayed - Transit,106,5,238.96,318.96,0.63,1594.8,1194.8,590.08,-604.72,-102.48,Spring,2.0,Tier 3: Dead Stock
ORD-14079,2023-02-19,Furniture,Desks,South,Delayed - Transit,98,5,125.59,142.83,0.58,714.15,627.95,299.94,-328.01,-109.36,Winter,2.0,Tier 3: Dead Stock
ORD-14080,2023-07-19,Furniture,Tables,West,Delayed - Customs,79,4,65.78,69.22,0.0,276.88,263.12,276.88,13.76,4.97,Summer,1.0,Tier 1: Fast Mover
ORD-14081,2023-02-01,Apparel,Shirts,North,On-Time,21,5,208.28,438.12,0.05,2190.6,1041.4,2081.07,1039.67,49.96,Winter,1.0,Tier 1: Fast Mover
ORD-14082,2023-05-02,Furniture,Desks,West,On-Time,104,1,17.21,22.53,0.59,22.53,17.21,9.24,-7.97,-86.31,Spring,2.0,Tier 3: Dead Stock
ORD-14083,2023-03-19,Electronics,Accessories,South,On-Time,33,2,336.33,695.89,0.05,1391.78,672.66,1322.19,649.53,49.13,Spring,1.0,Tier 1: Fast Mover
ORD-14084,2023-07-18,Furniture,Chairs,West,On-Time,138,3,150.83,195.71,0.59,587.13,452.49,240.72,-211.77,-87.97,Summer,2.0,Tier 3: Dead Stock
ORD-14085,2023-04-07,Furniture,Desks,West,On-Time,156,4,248.69,305.57,0.52,1222.28,994.76,586.69,-408.07,-69.55,Spring,0.0,Tier 2: Warning
ORD-14086,2023-09-07,Apparel,Pants,East,On-Time,27,2,251.36,405.31,0.0,810.62,502.72,810.62,307.9,37.98,Fall,1.0,Tier 1: Fast Mover
ORD-14087,2023-01-15,Furniture,Desks,West,On-Time,88,3,233.57,259.97,0.57,779.91,700.71,335.36,-365.35,-108.94,Winter,2.0,Tier 3: Dead Stock
ORD-14088,2023-03-13,Furniture,Desks,North,On-Time,177,2,320.08,409.07,0.51,818.14,640.16,400.89,-239.27,-59.69,Spring,0.0,Tier 2: Warning
ORD-14089,2023-05-25,Electronics,Computers,South,On-Time,18,2,186.56,350.02,0.0,700.04,373.12,700.04,326.92,46.7,Spring,1.0,Tier 1: Fast Mover
ORD-14090,2023-08-12,Apparel,Shirts,West,On-Time,14,2,376.89,639.62,0.05,1279.24,753.78,1215.28,461.5,37.97,Summer,1.0,Tier 1: Fast Mover
ORD-14091,2023-12-23,Electronics,Audio,South,On-Time,30,3,148.23,309.34,0.0,928.02,444.69,928.02,483.33,52.08,Winter,1.0,Tier 1: Fast Mover
ORD-14092,2023-07-21,Furniture,Tables,South,On-Time,85,5,40.11,53.12,0.0,265.6,200.55,265.6,65.05,24.49,Summer,1.0,Tier 1: Fast Mover
ORD-14093,2023-06-05,Apparel,Shirts,South,On-Time,6,2,375.87,766.34,0.05,1532.68,751.74,1456.05,704.31,48.37,Summer,1.0,Tier 1: Fast Mover
ORD-14094,2023-07-01,Apparel,Footwear,South,On-Time,19,3,171.89,294.75,0.05,884.25,515.67,840.04,324.37,38.61,Summer,1.0,Tier 1: Fast Mover
ORD-14095,2023-06-10,Apparel,Pants,West,On-Time,24,2,295.14,580.96,0.0,1161.92,590.28,1161.92,571.64,49.2,Summer,1.0,Tier 1: Fast Mover
ORD-14096,2023-05-30,Apparel,Shirts,West,On-Time,57,2,54.32,125.35,0.0,250.7,108.64,250.7,142.06,56.67,Spring,1.0,Tier 1: Fast Mover
ORD-14097,2023-05-01,Furniture,Chairs,East,Delayed - Customs,98,2,213.58,226.61,0.52,453.22,427.16,217.55,-209.61,-96.35,Spring,2.0,Tier 3: Dead Stock
ORD-14098,2023-09-09,Electronics,Accessories,West,On-Time,24,2,205.39,373.47,0.05,746.94,410.78,709.59,298.81,42.11,Fall,1.0,Tier 1: Fast Mover
ORD-14099,2023-09-15,Furniture,Uncategorized,West,On-Time,108,5,104.76,136.16,0.51,680.8,523.8,333.59,-190.21,-57.02,Fall,0.0,Tier 2: Warning
ORD-14100,2023-07-12,Furniture,Tables,East,On-Time,126,1,169.26,222.6,0.62,222.6,169.26,84.59,-84.67,-100.1,Summer,2.0,Tier 3: Dead Stock
ORD-14101,2023-04-26,Furniture,Chairs,North,On-Time,95,3,131.11,144.95,0.65,434.85,393.33,152.2,-241.13,-158.43,Spring,2.0,Tier 3: Dead Stock
ORD-14102,2023-12-29,Apparel,Footwear,South,Delayed - Transit,86,5,205.61,258.7,0.45,1293.5,1028.05,711.43,-316.63,-44.51,Winter,0.0,Tier 2: Warning
ORD-14103,2023-07-27,Electronics,Audio,South,Delayed - Transit,68,4,93.37,110.16,0.0,440.64,373.48,440.64,67.16,15.24,Summer,1.0,Tier 1: Fast Mover
ORD-14104,2023-05-14,Furniture,Desks,South,On-Time,107,3,399.61,526.56,0.61,1579.68,1198.83,616.08,-582.75,-94.59,Spring,2.0,Tier 3: Dead Stock
ORD-14105,2023-05-25,Electronics,Accessories,West,On-Time,56,5,48.93,98.44,0.0,492.2,244.65,492.2,247.55,50.29,Spring,1.0,Tier 1: Fast Mover
ORD-14106,2023-09-30,Furniture,Uncategorized,North,On-Time,110,4,315.9,418.48,0.55,1673.92,1263.6,753.26,-510.34,-67.75,Fall,0.0,Tier 2: Warning
ORD-14107,2023-06-09,Furniture,Desks,West,Delayed - Customs,76,4,374.2,478.24,0.05,1912.96,1496.8,1817.31,320.51,17.64,Summer,1.0,Tier 1: Fast Mover
ORD-14108,2023-06-08,Electronics,Computers,East,On-Time,37,5,375.58,895.28,0.0,4476.4,1877.9,4476.4,2598.5,58.05,Summer,1.0,Tier 1: Fast Mover
ORD-14109,2023-07-29,Apparel,Footwear,East,On-Time,24,2,282.14,671.58,0.05,1343.16,564.28,1276.0,711.72,55.78,Summer,1.0,Tier 1: Fast Mover
ORD-14110,2023-05-07,Apparel,Shirts,West,On-Time,31,2,354.86,678.82,0.0,1357.64,709.72,1357.64,647.92,47.72,Spring,1.0,Tier 1: Fast Mover
ORD-14111,2023-06-22,Apparel,Footwear,South,On-Time,14,4,286.39,681.32,0.0,2725.28,1145.56,2725.28,1579.72,57.97,Summer,1.0,Tier 1: Fast Mover
ORD-14112,2023-08-13,Electronics,Accessories,West,On-Time,45,3,217.17,401.65,0.05,1204.95,651.51,1144.7,493.19,43.08,Summer,1.0,Tier 1: Fast Mover
ORD-14113,2023-09-05,Apparel,Footwear,West,On-Time,26,1,320.57,606.3,0.0,606.3,320.57,606.3,285.73,47.13,Fall,1.0,Tier 1: Fast Mover
ORD-14114,2023-10-25,Electronics,Computers,North,Delayed - Transit,130,5,300.41,388.83,0.39,1944.15,1502.05,1185.93,-316.12,-26.66,Fall,0.0,Tier 2: Warning
ORD-14115,2023-10-18,Furniture,Chairs,South,Delayed - Transit,88,2,139.62,183.68,0.41,367.36,279.24,216.74,-62.5,-28.83,Fall,0.0,Tier 2: Warning
ORD-14116,2023-09-08,Apparel,Pants,South,On-Time,15,2,296.09,510.37,0.05,1020.74,592.18,969.7,377.52,38.93,Fall,1.0,Tier 1: Fast Mover
ORD-14117,2023-06-10,Electronics,Accessories,East,On-Time,38,4,377.27,808.35,0.0,3233.4,1509.08,3233.4,1724.32,53.33,Summer,1.0,Tier 1: Fast Mover
ORD-14118,2023-02-21,Electronics,Computers,West,On-Time,41,1,313.89,540.15,0.0,540.15,313.89,540.15,226.26,41.89,Winter,1.0,Tier 1: Fast Mover
ORD-14119,2023-05-13,Electronics,Audio,West,On-Time,23,4,215.09,470.36,0.05,1881.44,860.36,1787.37,927.01,51.86,Spring,1.0,Tier 1: Fast Mover
ORD-14120,2023-06-03,Electronics,Audio,West,On-Time,13,4,22.94,51.65,0.0,206.6,91.76,206.6,114.84,55.59,Summer,1.0,Tier 1: Fast Mover
ORD-14121,2023-07-05,Furniture,Desks,East,On-Time,103,2,366.7,393.44,0.62,786.88,733.4,299.01,-434.39,-145.27,Summer,2.0,Tier 3: Dead Stock
ORD-14122,2023-11-03,Electronics,Accessories,South,On-Time,21,5,86.69,204.24,0.0,1021.2,433.45,1021.2,587.75,57.55,Fall,1.0,Tier 1: Fast Mover
ORD-14123,2023-10-19,Apparel,Pants,North,Delayed - Customs,115,3,58.82,71.74,0.38,215.22,176.46,133.44,-43.02,-32.24,Fall,0.0,Tier 2: Warning
ORD-14124,2023-12-07,Furniture,Tables,East,On-Time,114,4,202.24,256.29,0.44,1025.16,808.96,574.09,-234.87,-40.91,Winter,0.0,Tier 2: Warning
ORD-14125,2023-09-17,Furniture,Desks,East,On-Time,112,1,368.06,476.23,0.6,476.23,368.06,190.49,-177.57,-93.22,Fall,2.0,Tier 3: Dead Stock
ORD-14126,2023-11-11,Apparel,Shirts,West,On-Time,34,1,244.06,445.34,0.05,445.34,244.06,423.07,179.01,42.31,Fall,1.0,Tier 1: Fast Mover
ORD-14127,2023-01-05,Furniture,Tables,East,On-Time,122,2,171.89,207.38,0.58,414.76,343.78,174.2,-169.58,-97.35,Winter,2.0,Tier 3: Dead Stock
ORD-14128,2023-05-25,Apparel,Pants,North,On-Time,33,5,182.08,355.58,0.05,1777.9,910.4,1689.01,778.61,46.1,Spring,1.0,Tier 1: Fast Mover
ORD-14129,2023-08-25,Electronics,Uncategorized,South,On-Time,40,4,47.06,87.05,0.05,348.2,188.24,330.79,142.55,43.09,Summer,1.0,Tier 1: Fast Mover
ORD-14130,2023-10-11,Electronics,Audio,West,Delayed - Customs,155,5,315.55,375.34,0.54,1876.7,1577.75,863.28,-714.47,-82.76,Fall,2.0,Tier 3: Dead Stock
ORD-14131,2023-03-16,Electronics,Computers,West,On-Time,27,4,83.64,182.83,0.0,731.32,334.56,731.32,396.76,54.25,Spring,1.0,Tier 1: Fast Mover
ORD-14132,2023-02-20,Electronics,Accessories,East,On-Time,17,3,98.91,204.73,0.05,614.19,296.73,583.48,286.75,49.14,Winter,1.0,Tier 1: Fast Mover
ORD-14133,2023-12-16,Apparel,Footwear,South,On-Time,29,1,214.88,504.06,0.05,504.06,214.88,478.86,263.98,55.13,Winter,1.0,Tier 1: Fast Mover
ORD-14134,2023-01-02,Apparel,Shirts,West,On-Time,23,2,295.1,642.09,0.05,1284.18,590.2,1219.97,629.77,51.62,Winter,1.0,Tier 1: Fast Mover
ORD-14135,2023-06-24,Furniture,Tables,South,On-Time,131,1,70.51,82.5,0.4,82.5,70.51,49.5,-21.01,-42.44,Summer,0.0,Tier 2: Warning
ORD-14136,2023-05-19,Furniture,Chairs,West,On-Time,101,2,319.01,341.63,0.54,683.26,638.02,314.3,-323.72,-103.0,Spring,2.0,Tier 3: Dead Stock
ORD-14137,2023-02-16,Apparel,Footwear,East,On-Time,22,4,296.94,555.84,0.0,2223.36,1187.76,2223.36,1035.6,46.58,Winter,1.0,Tier 1: Fast Mover
ORD-14138,2023-09-11,Apparel,Footwear,West,On-Time,20,3,294.66,666.17,0.0,1998.51,883.98,1998.51,1114.53,55.77,Fall,1.0,Tier 1: Fast Mover
ORD-14139,2023-02-20,Electronics,Computers,West,On-Time,3,5,183.64,322.48,0.05,1612.4,918.2,1531.78,613.58,40.06,Winter,1.0,Tier 1: Fast Mover
ORD-14140,2023-09-30,Furniture,Uncategorized,East,On-Time,55,2,102.54,121.25,0.05,242.5,205.08,230.38,25.3,10.98,Fall,1.0,Tier 1: Fast Mover
ORD-14141,2023-07-06,Electronics,Audio,South,On-Time,22,5,370.35,652.76,0.0,3263.8,1851.75,3263.8,1412.05,43.26,Summer,1.0,Tier 1: Fast Mover
ORD-14142,2023-04-18,Furniture,Desks,West,On-Time,150,4,192.72,213.86,0.46,855.44,770.88,461.94,-308.94,-66.88,Spring,0.0,Tier 2: Warning
ORD-14143,2023-11-07,Furniture,Desks,East,On-Time,110,2,188.62,224.71,0.36,449.42,377.24,287.63,-89.61,-31.16,Fall,0.0,Tier 2: Warning
ORD-14144,2023-03-03,Electronics,Accessories,West,On-Time,49,1,267.19,633.9,0.0,633.9,267.19,633.9,366.71,57.85,Spring,1.0,Tier 1: Fast Mover
ORD-14145,2023-09-26,Apparel,Footwear,West,On-Time,33,2,57.95,95.78,0.05,191.56,115.9,181.98,66.08,36.31,Fall,1.0,Tier 1: Fast Mover
ORD-14146,2023-11-18,Furniture,Chairs,East,On-Time,116,3,348.39,436.96,0.63,1310.88,1045.17,485.03,-560.14,-115.49,Fall,2.0,Tier 3: Dead Stock
ORD-14147,2023-01-20,Electronics,Computers,North,On-Time,42,1,330.78,591.44,0.05,591.44,330.78,561.87,231.09,41.13,Winter,1.0,Tier 1: Fast Mover
ORD-14148,2023-01-30,Electronics,Audio,West,On-Time,1,4,336.12,661.31,0.0,2645.24,1344.48,2645.24,1300.76,49.17,Winter,1.0,Tier 1: Fast Mover
ORD-14149,2023-08-10,Electronics,Accessories,East,On-Time,42,5,66.31,146.49,0.0,732.45,331.55,732.45,400.9,54.73,Summer,1.0,Tier 1: Fast Mover
ORD-14150,2023-03-01,Furniture,Chairs,North,Delayed - Transit,106,5,126.78,147.34,0.65,736.7,633.9,257.85,-376.06,-145.85,Spring,2.0,Tier 3: Dead Stock
ORD-14151,2023-12-31,Electronics,Computers,North,Delayed - Customs,130,2,241.49,298.59,0.36,597.18,482.98,382.2,-100.78,-26.37,Winter,0.0,Tier 2: Warning
ORD-14152,2023-09-01,Apparel,Shirts,North,On-Time,46,4,291.09,537.28,0.0,2149.12,1164.36,2149.12,984.76,45.82,Fall,1.0,Tier 1: Fast Mover
ORD-14153,2023-03-27,Electronics,Audio,South,Delayed - Transit,91,3,257.13,306.12,0.64,918.36,771.39,330.61,-440.78,-133.32,Spring,2.0,Tier 3: Dead Stock
ORD-14154,2023-06-27,Apparel,Footwear,North,Delayed - Transit,107,5,370.61,442.22,0.45,2211.1,1853.05,1216.11,-636.95,-52.38,Summer,0.0,Tier 2: Warning
ORD-14155,2023-11-10,Furniture,Tables,South,Delayed - Customs,97,4,151.9,195.07,0.61,780.28,607.6,304.31,-303.29,-99.67,Fall,2.0,Tier 3: Dead Stock
ORD-14156,2023-07-05,Apparel,Footwear,East,On-Time,24,1,351.99,832.12,0.0,832.12,351.99,832.12,480.13,57.7,Summer,1.0,Tier 1: Fast Mover
ORD-14157,2023-01-20,Electronics,Computers,South,Delayed - Transit,98,2,76.21,85.28,0.37,170.56,152.42,107.45,-44.97,-41.85,Winter,0.0,Tier 2: Warning
ORD-14158,2023-06-07,Electronics,Accessories,North,On-Time,61,1,174.21,361.08,0.05,361.08,174.21,343.03,168.82,49.21,Summer,1.0,Tier 1: Fast Mover
ORD-14159,2023-07-15,Furniture,Tables,North,On-Time,73,3,385.67,434.12,0.05,1302.36,1157.01,1237.24,80.23,6.48,Summer,1.0,Tier 1: Fast Mover
ORD-14160,2023-04-04,Furniture,Desks,East,On-Time,103,5,209.54,221.51,0.43,1107.55,1047.7,631.3,-416.4,-65.96,Spring,0.0,Tier 2: Warning
ORD-14161,2023-10-15,Electronics,Computers,North,On-Time,27,5,276.27,508.41,0.0,2542.05,1381.35,2542.05,1160.7,45.66,Fall,1.0,Tier 1: Fast Mover
ORD-14162,2023-11-11,Electronics,Accessories,West,On-Time,34,5,149.72,269.96,0.0,1349.8,748.6,1349.8,601.2,44.54,Fall,1.0,Tier 1: Fast Mover
ORD-14163,2023-09-21,Apparel,Shirts,East,Delayed - Customs,158,3,164.69,202.96,0.37,608.88,494.07,383.59,-110.48,-28.8,Fall,0.0,Tier 2: Warning
ORD-14164,2023-09-30,Electronics,Computers,East,On-Time,35,2,141.09,258.95,0.0,517.9,282.18,517.9,235.72,45.51,Fall,1.0,Tier 1: Fast Mover
ORD-14165,2023-04-03,Apparel,Footwear,North,On-Time,38,1,35.55,76.86,0.05,76.86,35.55,73.02,37.47,51.31,Spring,1.0,Tier 1: Fast Mover
ORD-14166,2023-05-31,Apparel,Footwear,East,Delayed - Customs,153,1,314.57,360.63,0.52,360.63,314.57,173.1,-141.47,-81.72,Spring,2.0,Tier 3: Dead Stock
ORD-14167,2023-10-01,Apparel,Shirts,West,On-Time,54,3,344.91,789.39,0.0,2368.17,1034.73,2368.17,1333.44,56.31,Fall,1.0,Tier 1: Fast Mover
ORD-14168,2023-10-20,Apparel,Footwear,South,On-Time,20,2,194.03,411.14,0.0,822.28,388.06,822.28,434.22,52.81,Fall,1.0,Tier 1: Fast Mover
ORD-14169,2023-03-23,Apparel,Pants,North,Delayed - Customs,96,1,81.12,105.8,0.43,105.8,81.12,60.31,-20.81,-34.51,Spring,0.0,Tier 2: Warning
ORD-14170,2023-08-29,Electronics,Computers,North,On-Time,40,1,133.65,268.79,0.0,268.79,133.65,268.79,135.14,50.28,Summer,1.0,Tier 1: Fast Mover
ORD-14171,2023-09-08,Electronics,Audio,South,On-Time,34,1,228.14,469.75,0.05,469.75,228.14,446.26,218.12,48.88,Fall,1.0,Tier 1: Fast Mover
ORD-14172,2023-05-06,Furniture,Tables,South,On-Time,130,1,180.46,213.68,0.63,213.68,180.46,79.06,-101.4,-128.25,Spring,2.0,Tier 3: Dead Stock
ORD-14173,2023-06-30,Electronics,Accessories,West,On-Time,14,1,377.69,654.78,0.0,654.78,377.69,654.78,277.09,42.32,Summer,1.0,Tier 1: Fast Mover
ORD-14174,2023-12-01,Electronics,Accessories,East,On-Time,31,1,175.38,330.44,0.05,330.44,175.38,313.92,138.54,44.13,Winter,1.0,Tier 1: Fast Mover
ORD-14175,2023-12-02,Furniture,Desks,North,On-Time,110,3,39.36,46.66,0.54,139.98,118.08,64.39,-53.69,-83.38,Winter,2.0,Tier 3: Dead Stock
ORD-14176,2023-03-28,Apparel,Pants,North,On-Time,18,4,251.07,505.0,0.05,2020.0,1004.28,1919.0,914.72,47.67,Spring,1.0,Tier 1: Fast Mover
ORD-14177,2023-05-16,Apparel,Footwear,West,On-Time,34,4,302.95,487.88,0.05,1951.52,1211.8,1853.94,642.14,34.64,Spring,1.0,Tier 1: Fast Mover
ORD-14178,2023-11-02,Apparel,Shirts,West,On-Time,41,3,390.51,922.39,0.0,2767.17,1171.53,2767.17,1595.64,57.66,Fall,1.0,Tier 1: Fast Mover
ORD-14179,2023-01-07,Furniture,Tables,West,On-Time,135,4,180.35,209.0,0.49,836.0,721.4,426.36,-295.04,-69.2,Winter,0.0,Tier 2: Warning
ORD-14180,2023-05-22,Furniture,Tables,South,Delayed - Customs,90,2,235.87,257.13,0.59,514.26,471.74,210.85,-260.89,-123.74,Spring,2.0,Tier 3: Dead Stock
ORD-14181,2023-02-13,Electronics,Accessories,East,On-Time,33,4,195.59,414.31,0.05,1657.24,782.36,1574.38,792.02,50.31,Winter,1.0,Tier 1: Fast Mover
ORD-14182,2023-06-08,Electronics,Accessories,South,Delayed - Transit,110,5,26.19,28.58,0.57,142.9,130.95,61.45,-69.5,-113.11,Summer,2.0,Tier 3: Dead Stock
ORD-14183,2023-02-13,Apparel,Pants,West,Delayed - Customs,94,3,262.78,287.14,0.62,861.42,788.34,327.34,-461.0,-140.83,Winter,2.0,Tier 3: Dead Stock
ORD-14184,2023-11-23,Apparel,Footwear,North,On-Time,15,4,292.79,570.26,0.05,2281.04,1171.16,2166.99,995.83,45.95,Fall,1.0,Tier 1: Fast Mover
ORD-14185,2023-10-04,Apparel,Pants,East,On-Time,18,3,360.61,787.65,0.05,2362.95,1081.83,2244.8,1162.97,51.81,Fall,1.0,Tier 1: Fast Mover
ORD-14186,2023-05-15,Furniture,Tables,South,On-Time,98,1,276.54,315.2,0.35,315.2,276.54,204.88,-71.66,-34.98,Spring,0.0,Tier 2: Warning
ORD-14187,2023-05-24,Electronics,Audio,West,On-Time,22,3,373.38,715.62,0.0,2146.86,1120.14,2146.86,1026.72,47.82,Spring,1.0,Tier 1: Fast Mover
ORD-14188,2023-09-11,Apparel,Pants,North,Delayed - Transit,110,5,131.5,144.95,0.42,724.75,657.5,420.36,-237.15,-56.42,Fall,0.0,Tier 2: Warning
ORD-14189,2023-03-24,Furniture,Chairs,South,Delayed - Transit,123,2,241.54,257.54,0.6,515.08,483.08,206.03,-277.05,-134.47,Spring,2.0,Tier 3: Dead Stock
ORD-14190,2023-10-06,Apparel,Footwear,North,On-Time,47,3,292.5,637.27,0.05,1911.81,877.5,1816.22,938.72,51.69,Fall,1.0,Tier 1: Fast Mover
ORD-14191,2023-01-20,Furniture,Desks,North,On-Time,144,3,52.37,66.94,0.55,200.82,157.11,90.37,-66.74,-73.85,Winter,0.0,Tier 2: Warning
ORD-14192,2023-09-09,Furniture,Uncategorized,South,On-Time,97,4,314.95,423.4,0.51,1693.6,1259.8,829.86,-429.94,-51.81,Fall,0.0,Tier 2: Warning
ORD-14193,2023-04-10,Furniture,Tables,South,On-Time,117,5,198.12,243.1,0.4,1215.5,990.6,729.3,-261.3,-35.83,Spring,0.0,Tier 2: Warning
ORD-14194,2023-06-27,Electronics,Computers,North,Delayed - Transit,127,4,390.04,459.43,0.44,1837.72,1560.16,1029.12,-531.04,-51.6,Summer,0.0,Tier 2: Warning
ORD-14195,2023-07-07,Furniture,Desks,South,On-Time,107,4,93.38,100.43,0.47,401.72,373.52,212.91,-160.61,-75.43,Summer,0.0,Tier 2: Warning
ORD-14196,2023-01-05,Apparel,Footwear,South,On-Time,34,3,111.97,234.45,0.0,703.35,335.91,703.35,367.44,52.24,Winter,1.0,Tier 1: Fast Mover
ORD-14197,2023-07-20,Apparel,Shirts,South,On-Time,39,4,96.05,174.5,0.05,698.0,384.2,663.1,278.9,42.06,Summer,1.0,Tier 1: Fast Mover
ORD-14198,2023-06-16,Furniture,Chairs,West,On-Time,103,4,154.33,176.96,0.36,707.84,617.32,453.02,-164.3,-36.27,Summer,0.0,Tier 2: Warning
ORD-14199,2023-12-06,Apparel,Shirts,South,Delayed - Transit,126,1,235.8,291.29,0.6,291.29,235.8,116.52,-119.28,-102.38,Winter,2.0,Tier 3: Dead Stock
ORD-14200,2023-01-24,Furniture,Uncategorized,South,On-Time,78,4,339.42,397.99,0.0,1591.96,1357.68,1591.96,234.28,14.72,Winter,1.0,Tier 1: Fast Mover
ORD-14201,2023-08-24,Furniture,Desks,West,On-Time,96,5,204.08,237.1,0.38,1185.5,1020.4,735.01,-285.39,-38.83,Summer,0.0,Tier 2: Warning
ORD-14202,2023-05-11,Furniture,Tables,West,Delayed - Transit,110,5,42.51,46.23,0.6,231.15,212.55,92.46,-120.09,-129.88,Spring,2.0,Tier 3: Dead Stock
ORD-14203,2023-08-14,Apparel,Shirts,West,On-Time,13,2,137.76,255.75,0.0,511.5,275.52,511.5,235.98,46.13,Summer,1.0,Tier 1: Fast Mover
ORD-14204,2023-12-19,Apparel,Shirts,West,On-Time,25,2,120.6,262.63,0.0,525.26,241.2,525.26,284.06,54.08,Winter,1.0,Tier 1: Fast Mover
ORD-14205,2023-09-09,Apparel,Footwear,West,On-Time,52,1,298.22,512.04,0.0,512.04,298.22,512.04,213.82,41.76,Fall,1.0,Tier 1: Fast Mover
ORD-14206,2023-01-29,Furniture,Desks,West,On-Time,122,2,289.63,359.92,0.41,719.84,579.26,424.71,-154.55,-36.39,Winter,0.0,Tier 2: Warning
ORD-14207,2023-06-21,Apparel,Footwear,North,On-Time,22,1,142.74,309.6,0.0,309.6,142.74,309.6,166.86,53.9,Summer,1.0,Tier 1: Fast Mover
ORD-14208,2023-01-29,Electronics,Accessories,East,On-Time,45,3,258.83,561.72,0.0,1685.16,776.49,1685.16,908.67,53.92,Winter,1.0,Tier 1: Fast Mover
ORD-14209,2023-10-28,Furniture,Chairs,West,On-Time,112,3,143.86,168.86,0.44,506.58,431.58,283.68,-147.9,-52.13,Fall,0.0,Tier 2: Warning
ORD-14210,2023-03-12,Electronics,Accessories,East,Delayed - Transit,139,3,213.12,275.3,0.43,825.9,639.36,470.76,-168.6,-35.81,Spring,0.0,Tier 2: Warning
ORD-14211,2023-03-13,Furniture,Chairs,East,On-Time,115,5,221.24,295.26,0.52,1476.3,1106.2,708.62,-397.58,-56.11,Spring,0.0,Tier 2: Warning
ORD-14212,2023-09-19,Furniture,Chairs,East,Delayed - Transit,144,4,214.21,231.86,0.6,927.44,856.84,370.98,-485.86,-130.97,Fall,2.0,Tier 3: Dead Stock
ORD-14213,2023-07-12,Apparel,Footwear,North,On-Time,27,3,225.88,522.79,0.0,1568.37,677.64,1568.37,890.73,56.79,Summer,1.0,Tier 1: Fast Mover
ORD-14214,2023-09-18,Electronics,Computers,North,Delayed - Transit,144,4,265.67,306.49,0.55,1225.96,1062.68,551.68,-511.0,-92.63,Fall,2.0,Tier 3: Dead Stock
ORD-14215,2023-12-24,Electronics,Accessories,West,On-Time,45,3,258.17,456.14,0.05,1368.42,774.51,1300.0,525.49,40.42,Winter,1.0,Tier 1: Fast Mover
ORD-14216,2023-03-07,Apparel,Footwear,North,Delayed - Transit,112,5,369.58,419.08,0.38,2095.4,1847.9,1299.15,-548.75,-42.24,Spring,0.0,Tier 2: Warning
ORD-14217,2023-02-08,Electronics,Accessories,North,On-Time,17,1,392.1,679.95,0.05,679.95,392.1,645.95,253.85,39.3,Winter,1.0,Tier 1: Fast Mover
ORD-14218,2023-05-15,Apparel,Pants,West,On-Time,40,3,387.77,814.25,0.0,2442.75,1163.31,2442.75,1279.44,52.38,Spring,1.0,Tier 1: Fast Mover
ORD-14219,2023-04-09,Electronics,Computers,South,Delayed - Transit,110,3,38.49,45.22,0.52,135.66,115.47,65.12,-50.35,-77.33,Spring,0.0,Tier 2: Warning
ORD-14220,2023-10-01,Electronics,Computers,South,Delayed - Transit,137,2,333.21,398.62,0.51,797.24,666.42,390.65,-275.77,-70.59,Fall,0.0,Tier 2: Warning
ORD-14221,2023-12-24,Apparel,Footwear,East,Delayed - Transit,133,2,326.08,387.72,0.48,775.44,652.16,403.23,-248.93,-61.73,Winter,0.0,Tier 2: Warning
ORD-14222,2023-10-25,Electronics,Accessories,North,On-Time,27,3,373.45,858.75,0.05,2576.25,1120.35,2447.44,1327.09,54.22,Fall,1.0,Tier 1: Fast Mover
ORD-14223,2023-07-19,Electronics,Accessories,North,On-Time,20,2,94.71,213.04,0.0,426.08,189.42,426.08,236.66,55.54,Summer,1.0,Tier 1: Fast Mover
ORD-14224,2023-01-21,Apparel,Pants,West,Delayed - Customs,87,2,331.84,427.61,0.46,855.22,663.68,461.82,-201.86,-43.71,Winter,0.0,Tier 2: Warning
ORD-14225,2023-08-29,Furniture,Desks,East,On-Time,119,1,226.28,242.59,0.52,242.59,226.28,116.44,-109.84,-94.33,Summer,2.0,Tier 3: Dead Stock
ORD-14226,2023-01-27,Apparel,Shirts,West,On-Time,22,5,157.02,266.45,0.0,1332.25,785.1,1332.25,547.15,41.07,Winter,1.0,Tier 1: Fast Mover
ORD-14227,2023-03-10,Electronics,Audio,South,Delayed - Transit,123,3,330.83,429.69,0.62,1289.07,992.49,489.85,-502.64,-102.61,Spring,2.0,Tier 3: Dead Stock
ORD-14228,2023-06-24,Apparel,Shirts,East,On-Time,28,1,317.61,585.46,0.05,585.46,317.61,556.19,238.58,42.9,Summer,1.0,Tier 1: Fast Mover
ORD-14229,2023-01-16,Apparel,Pants,North,On-Time,33,5,385.16,741.98,0.0,3709.9,1925.8,3709.9,1784.1,48.09,Winter,1.0,Tier 1: Fast Mover
ORD-14230,2023-02-24,Apparel,Footwear,South,On-Time,61,1,30.61,53.69,0.0,53.69,30.61,53.69,23.08,42.99,Winter,1.0,Tier 1: Fast Mover
ORD-14231,2023-05-22,Apparel,Footwear,East,On-Time,24,2,233.56,491.62,0.0,983.24,467.12,983.24,516.12,52.49,Spring,1.0,Tier 1: Fast Mover
ORD-14232,2023-09-08,Electronics,Audio,East,On-Time,28,5,321.34,648.12,0.0,3240.6,1606.7,3240.6,1633.9,50.42,Fall,1.0,Tier 1: Fast Mover
ORD-14233,2023-09-06,Electronics,Computers,West,On-Time,32,2,227.25,457.69,0.05,915.38,454.5,869.61,415.11,47.74,Fall,1.0,Tier 1: Fast Mover
ORD-14234,2023-03-03,Apparel,Footwear,West,On-Time,25,3,177.08,421.89,0.0,1265.67,531.24,1265.67,734.43,58.03,Spring,1.0,Tier 1: Fast Mover
ORD-14235,2023-08-06,Apparel,Footwear,West,Delayed - Transit,99,2,316.53,343.08,0.45,686.16,633.06,377.39,-255.67,-67.75,Summer,0.0,Tier 2: Warning
ORD-14236,2023-01-14,Furniture,Chairs,South,Delayed - Customs,92,5,362.44,482.35,0.38,2411.75,1812.2,1495.29,-316.92,-21.19,Winter,0.0,Tier 2: Warning
ORD-14237,2023-11-07,Apparel,Shirts,South,Delayed - Transit,62,5,252.81,292.84,0.05,1464.2,1264.05,1390.99,126.94,9.13,Fall,1.0,Tier 1: Fast Mover
ORD-14238,2023-05-04,Apparel,Shirts,East,On-Time,56,3,181.1,424.18,0.05,1272.54,543.3,1208.91,665.61,55.06,Spring,1.0,Tier 1: Fast Mover
ORD-14239,2023-06-10,Apparel,Footwear,West,On-Time,30,3,135.02,216.85,0.05,650.55,405.06,618.02,212.96,34.46,Summer,1.0,Tier 1: Fast Mover
ORD-14240,2023-12-11,Apparel,Uncategorized,East,On-Time,47,4,140.73,254.47,0.0,1017.88,562.92,1017.88,454.96,44.7,Winter,1.0,Tier 1: Fast Mover
ORD-14241,2023-01-04,Electronics,Audio,South,On-Time,44,1,102.16,189.59,0.05,189.59,102.16,180.11,77.95,43.28,Winter,1.0,Tier 1: Fast Mover
ORD-14242,2023-06-25,Furniture,Chairs,North,Delayed - Transit,51,3,241.58,271.37,0.05,814.11,724.74,773.4,48.66,6.29,Summer,1.0,Tier 1: Fast Mover
ORD-14243,2023-08-28,Apparel,Shirts,South,On-Time,52,2,277.39,451.7,0.05,903.4,554.78,858.23,303.45,35.36,Summer,1.0,Tier 1: Fast Mover
ORD-14244,2023-09-06,Furniture,Desks,East,Delayed - Transit,137,3,65.33,78.85,0.46,236.55,195.99,127.74,-68.25,-53.43,Fall,0.0,Tier 2: Warning
ORD-14245,2023-03-10,Furniture,Desks,South,On-Time,129,3,71.72,89.28,0.59,267.84,215.16,109.81,-105.35,-95.93,Spring,2.0,Tier 3: Dead Stock
ORD-14246,2023-04-09,Apparel,Footwear,North,Delayed - Customs,136,5,295.08,334.58,0.64,1672.9,1475.4,602.24,-873.16,-144.98,Spring,2.0,Tier 3: Dead Stock
ORD-14247,2023-11-02,Apparel,Pants,East,On-Time,15,3,239.97,547.49,0.0,1642.47,719.91,1642.47,922.56,56.17,Fall,1.0,Tier 1: Fast Mover
ORD-14248,2023-08-29,Furniture,Desks,West,On-Time,135,2,215.77,239.12,0.49,478.24,431.54,243.9,-187.64,-76.93,Summer,0.0,Tier 2: Warning
ORD-14249,2023-11-27,Electronics,Computers,East,Delayed - Transit,96,1,396.5,463.34,0.52,463.34,396.5,222.4,-174.1,-78.28,Fall,0.0,Tier 2: Warning
ORD-14250,2023-04-07,Furniture,Tables,West,Delayed - Transit,83,2,267.43,315.19,0.0,630.38,534.86,630.38,95.52,15.15,Spring,1.0,Tier 1: Fast Mover
ORD-14251,2023-08-13,Apparel,Pants,South,On-Time,31,3,48.63,89.88,0.05,269.64,145.89,256.16,110.27,43.05,Summer,1.0,Tier 1: Fast Mover
ORD-14252,2023-12-01,Apparel,Footwear,South,On-Time,24,4,248.27,416.25,0.0,1665.0,993.08,1665.0,671.92,40.36,Winter,1.0,Tier 1: Fast Mover
ORD-14253,2023-02-14,Apparel,Uncategorized,North,Delayed - Transit,133,5,347.6,449.56,0.36,2247.8,1738.0,1438.59,-299.41,-20.81,Winter,0.0,Tier 2: Warning
ORD-14254,2023-12-10,Electronics,Accessories,North,On-Time,25,1,337.53,654.65,0.0,654.65,337.53,654.65,317.12,48.44,Winter,1.0,Tier 1: Fast Mover
ORD-14255,2023-06-07,Electronics,Audio,West,Delayed - Transit,120,1,348.6,434.48,0.5,434.48,348.6,217.24,-131.36,-60.47,Summer,0.0,Tier 2: Warning
ORD-14256,2023-01-05,Electronics,Accessories,South,On-Time,37,5,192.29,370.12,0.0,1850.6,961.45,1850.6,889.15,48.05,Winter,1.0,Tier 1: Fast Mover
ORD-14257,2023-08-28,Furniture,Tables,East,Delayed - Transit,105,2,304.53,336.95,0.54,673.9,609.06,309.99,-299.07,-96.47,Summer,2.0,Tier 3: Dead Stock
ORD-14258,2023-07-27,Furniture,Tables,East,On-Time,136,5,55.52,69.34,0.62,346.7,277.6,131.75,-145.85,-110.71,Summer,2.0,Tier 3: Dead Stock
ORD-14259,2023-08-30,Electronics,Computers,East,On-Time,26,5,384.17,906.9,0.05,4534.5,1920.85,4307.78,2386.93,55.41,Summer,1.0,Tier 1: Fast Mover
ORD-14260,2023-09-01,Furniture,Tables,East,On-Time,126,5,183.69,237.37,0.35,1186.85,918.45,771.45,-147.0,-19.05,Fall,0.0,Tier 2: Warning
ORD-14261,2023-09-04,Electronics,Audio,East,On-Time,44,3,262.87,571.76,0.05,1715.28,788.61,1629.52,840.91,51.6,Fall,1.0,Tier 1: Fast Mover
ORD-14262,2023-01-07,Apparel,Pants,East,Delayed - Customs,150,4,34.32,43.26,0.5,173.04,137.28,86.52,-50.76,-58.67,Winter,0.0,Tier 2: Warning
ORD-14263,2023-01-04,Apparel,Shirts,East,Delayed - Customs,102,5,214.75,249.02,0.6,1245.1,1073.75,498.04,-575.71,-115.6,Winter,2.0,Tier 3: Dead Stock
ORD-14264,2023-12-09,Apparel,Pants,South,Delayed - Transit,125,2,89.23,102.58,0.41,205.16,178.46,121.04,-57.42,-47.43,Winter,0.0,Tier 2: Warning
ORD-14265,2023-05-15,Apparel,Footwear,South,Delayed - Transit,93,1,82.25,94.78,0.61,94.78,82.25,36.96,-45.29,-122.51,Spring,2.0,Tier 3: Dead Stock
ORD-14266,2023-06-03,Electronics,Computers,South,Delayed - Transit,122,2,298.33,379.21,0.48,758.42,596.66,394.38,-202.28,-51.29,Summer,0.0,Tier 2: Warning
ORD-14267,2023-11-06,Furniture,Chairs,North,On-Time,143,1,265.45,311.82,0.53,311.82,265.45,146.56,-118.89,-81.13,Fall,2.0,Tier 3: Dead Stock
ORD-14268,2023-06-28,Furniture,Chairs,North,Delayed - Customs,117,1,104.06,126.26,0.43,126.26,104.06,71.97,-32.09,-44.59,Summer,0.0,Tier 2: Warning
ORD-14269,2023-06-22,Furniture,Tables,South,On-Time,137,5,157.81,181.17,0.38,905.85,789.05,561.63,-227.42,-40.49,Summer,0.0,Tier 2: Warning
ORD-14270,2023-05-11,Electronics,Accessories,South,Delayed - Transit,131,4,42.51,49.2,0.35,196.8,170.04,127.92,-42.12,-32.93,Spring,0.0,Tier 2: Warning
ORD-14271,2023-06-15,Furniture,Desks,East,On-Time,82,3,337.67,425.96,0.05,1277.88,1013.01,1213.99,200.98,16.56,Summer,1.0,Tier 1: Fast Mover
ORD-14272,2023-05-16,Electronics,Computers,North,On-Time,24,1,157.39,368.97,0.0,368.97,157.39,368.97,211.58,57.34,Spring,1.0,Tier 1: Fast Mover
ORD-14273,2023-08-30,Furniture,Chairs,South,On-Time,124,3,212.97,240.39,0.62,721.17,638.91,274.04,-364.87,-133.14,Summer,2.0,Tier 3: Dead Stock
ORD-14274,2023-08-25,Furniture,Tables,East,On-Time,157,3,379.94,399.37,0.63,1198.11,1139.82,443.3,-696.52,-157.12,Summer,2.0,Tier 3: Dead Stock
ORD-14275,2023-09-29,Electronics,Accessories,South,Delayed - Customs,116,3,25.65,27.63,0.64,82.89,76.95,29.84,-47.11,-157.87,Fall,2.0,Tier 3: Dead Stock
ORD-14276,2023-05-03,Electronics,Accessories,West,On-Time,35,1,302.51,633.22,0.0,633.22,302.51,633.22,330.71,52.23,Spring,1.0,Tier 1: Fast Mover
ORD-14277,2023-04-29,Apparel,Pants,West,On-Time,31,4,123.7,220.11,0.05,880.44,494.8,836.42,341.62,40.84,Spring,1.0,Tier 1: Fast Mover
ORD-14278,2023-12-09,Electronics,Computers,West,On-Time,30,4,133.5,245.88,0.0,983.52,534.0,983.52,449.52,45.71,Winter,1.0,Tier 1: Fast Mover
ORD-14279,2023-12-26,Electronics,Accessories,East,On-Time,47,1,145.18,262.63,0.05,262.63,145.18,249.5,104.32,41.81,Winter,1.0,Tier 1: Fast Mover
ORD-14280,2023-04-19,Electronics,Computers,North,On-Time,22,5,398.82,727.63,0.05,3638.15,1994.1,3456.24,1462.14,42.3,Spring,1.0,Tier 1: Fast Mover
ORD-14281,2023-12-28,Apparel,Pants,North,Delayed - Customs,111,5,125.66,145.05,0.36,725.25,628.3,464.16,-164.14,-35.36,Winter,0.0,Tier 2: Warning
ORD-14282,2023-06-13,Furniture,Tables,North,On-Time,109,5,337.5,397.12,0.41,1985.6,1687.5,1171.5,-516.0,-44.05,Summer,0.0,Tier 2: Warning
ORD-14283,2023-12-27,Furniture,Chairs,South,On-Time,145,4,389.34,481.94,0.37,1927.76,1557.36,1214.49,-342.87,-28.23,Winter,0.0,Tier 2: Warning
ORD-14284,2023-12-01,Apparel,Shirts,North,On-Time,38,5,122.64,196.23,0.0,981.15,613.2,981.15,367.95,37.5,Winter,1.0,Tier 1: Fast Mover
ORD-14285,2023-04-26,Electronics,Computers,North,On-Time,14,2,245.93,462.27,0.05,924.54,491.86,878.31,386.45,44.0,Spring,1.0,Tier 1: Fast Mover
ORD-14286,2023-08-02,Furniture,Desks,North,On-Time,122,1,309.48,332.77,0.63,332.77,309.48,123.12,-186.36,-151.35,Summer,2.0,Tier 3: Dead Stock
ORD-14287,2023-12-30,Electronics,Accessories,North,On-Time,27,2,268.73,485.88,0.0,971.76,537.46,971.76,434.3,44.69,Winter,1.0,Tier 1: Fast Mover
ORD-14288,2023-03-30,Electronics,Audio,West,On-Time,35,1,375.31,617.35,0.05,617.35,375.31,586.48,211.17,36.01,Spring,1.0,Tier 1: Fast Mover
ORD-14289,2023-07-28,Electronics,Audio,West,On-Time,34,3,171.8,408.3,0.05,1224.9,515.4,1163.66,648.26,55.71,Summer,1.0,Tier 1: Fast Mover
ORD-14290,2023-07-25,Furniture,Tables,South,Delayed - Customs,139,2,188.96,233.9,0.54,467.8,377.92,215.19,-162.73,-75.62,Summer,0.0,Tier 2: Warning
ORD-14291,2023-10-02,Apparel,Shirts,West,On-Time,28,3,236.88,471.85,0.0,1415.55,710.64,1415.55,704.91,49.8,Fall,1.0,Tier 1: Fast Mover
ORD-14292,2023-05-14,Electronics,Accessories,South,On-Time,47,5,348.78,757.97,0.05,3789.85,1743.9,3600.36,1856.46,51.56,Spring,1.0,Tier 1: Fast Mover
ORD-14293,2023-11-17,Electronics,Computers,West,On-Time,23,5,76.21,148.32,0.05,741.6,381.05,704.52,323.47,45.91,Fall,1.0,Tier 1: Fast Mover
ORD-14294,2023-08-03,Furniture,Tables,East,On-Time,97,1,169.42,214.57,0.55,214.57,169.42,96.56,-72.86,-75.46,Summer,0.0,Tier 2: Warning
ORD-14295,2023-01-19,Furniture,Tables,West,On-Time,107,2,395.92,438.54,0.49,877.08,791.84,447.31,-344.53,-77.02,Winter,0.0,Tier 2: Warning
ORD-14296,2023-11-01,Furniture,Chairs,South,On-Time,147,2,368.87,491.14,0.44,982.28,737.74,550.08,-187.66,-34.12,Fall,0.0,Tier 2: Warning
ORD-14297,2023-06-30,Electronics,Accessories,North,On-Time,30,4,217.14,479.85,0.0,1919.4,868.56,1919.4,1050.84,54.75,Summer,1.0,Tier 1: Fast Mover
ORD-14298,2023-06-18,Apparel,Pants,West,On-Time,23,2,336.07,597.96,0.0,1195.92,672.14,1195.92,523.78,43.8,Summer,1.0,Tier 1: Fast Mover
ORD-14299,2023-10-20,Electronics,Audio,North,Delayed - Transit,92,5,248.01,327.76,0.47,1638.8,1240.05,868.56,-371.49,-42.77,Fall,0.0,Tier 2: Warning
ORD-14300,2023-07-04,Furniture,Desks,East,Delayed - Customs,97,1,397.07,495.94,0.59,495.94,397.07,203.34,-193.73,-95.28,Summer,2.0,Tier 3: Dead Stock
ORD-14301,2023-12-12,Furniture,Desks,South,On-Time,139,4,187.46,216.52,0.45,866.08,749.84,476.34,-273.5,-57.42,Winter,0.0,Tier 2: Warning
ORD-14302,2023-09-24,Electronics,Computers,North,On-Time,25,3,57.81,97.29,0.0,291.87,173.43,291.87,118.44,40.58,Fall,1.0,Tier 1: Fast Mover
ORD-14303,2023-08-27,Apparel,Shirts,North,On-Time,14,3,154.31,331.99,0.05,995.97,462.93,946.17,483.24,51.07,Summer,1.0,Tier 1: Fast Mover
ORD-14304,2023-02-21,Electronics,Accessories,West,Delayed - Transit,119,5,288.25,348.18,0.42,1740.9,1441.25,1009.72,-431.53,-42.74,Winter,0.0,Tier 2: Warning
ORD-14305,2023-10-21,Electronics,Audio,South,On-Time,34,5,231.94,539.1,0.05,2695.5,1159.7,2560.73,1401.03,54.71,Fall,1.0,Tier 1: Fast Mover
ORD-14306,2023-02-11,Electronics,Audio,West,On-Time,40,4,223.78,495.43,0.05,1981.72,895.12,1882.63,987.51,52.45,Winter,1.0,Tier 1: Fast Mover
ORD-14307,2023-08-18,Apparel,Shirts,South,On-Time,41,4,303.56,523.32,0.0,2093.28,1214.24,2093.28,879.04,41.99,Summer,1.0,Tier 1: Fast Mover
ORD-14308,2023-03-10,Furniture,Desks,South,On-Time,104,3,346.63,465.14,0.64,1395.42,1039.89,502.35,-537.54,-107.0,Spring,2.0,Tier 3: Dead Stock
ORD-14309,2023-03-26,Apparel,Footwear,West,On-Time,47,4,253.29,483.41,0.05,1933.64,1013.16,1836.96,823.8,44.85,Spring,1.0,Tier 1: Fast Mover
ORD-14310,2023-06-18,Furniture,Chairs,East,On-Time,135,2,353.19,408.56,0.41,817.12,706.38,482.1,-224.28,-46.52,Summer,0.0,Tier 2: Warning
ORD-14311,2023-09-24,Apparel,Footwear,East,On-Time,17,2,44.18,98.0,0.05,196.0,88.36,186.2,97.84,52.55,Fall,1.0,Tier 1: Fast Mover
ORD-14312,2023-07-13,Apparel,Footwear,East,On-Time,36,1,251.73,550.4,0.05,550.4,251.73,522.88,271.15,51.86,Summer,1.0,Tier 1: Fast Mover
ORD-14313,2023-03-29,Apparel,Pants,North,Delayed - Transit,120,1,52.16,60.15,0.43,60.15,52.16,34.29,-17.87,-52.13,Spring,0.0,Tier 2: Warning
ORD-14314,2023-01-01,Furniture,Chairs,North,On-Time,117,1,248.1,319.29,0.44,319.29,248.1,178.8,-69.3,-38.76,Winter,0.0,Tier 2: Warning
ORD-14315,2023-12-13,Apparel,Pants,West,On-Time,26,3,223.88,532.34,0.0,1597.02,671.64,1597.02,925.38,57.94,Winter,1.0,Tier 1: Fast Mover
ORD-14316,2023-05-21,Electronics,Audio,South,On-Time,28,3,198.97,350.22,0.05,1050.66,596.91,998.13,401.22,40.2,Spring,1.0,Tier 1: Fast Mover
ORD-14317,2023-08-18,Electronics,Computers,North,On-Time,29,5,97.45,191.39,0.05,956.95,487.25,909.1,421.85,46.4,Summer,1.0,Tier 1: Fast Mover
ORD-14318,2023-02-09,Furniture,Tables,East,On-Time,106,2,393.93,425.89,0.43,851.78,787.86,485.51,-302.35,-62.27,Winter,0.0,Tier 2: Warning
ORD-14319,2023-08-09,Furniture,Desks,South,On-Time,129,4,175.59,187.1,0.43,748.4,702.36,426.59,-275.77,-64.65,Summer,0.0,Tier 2: Warning
ORD-14320,2023-01-13,Apparel,Footwear,North,On-Time,46,4,24.22,50.28,0.0,201.12,96.88,201.12,104.24,51.83,Winter,1.0,Tier 1: Fast Mover
ORD-14321,2023-01-28,Apparel,Pants,South,On-Time,18,1,176.88,394.71,0.0,394.71,176.88,394.71,217.83,55.19,Winter,1.0,Tier 1: Fast Mover
ORD-14322,2023-12-05,Electronics,Accessories,East,On-Time,53,1,328.15,684.73,0.0,684.73,328.15,684.73,356.58,52.08,Winter,1.0,Tier 1: Fast Mover
ORD-14323,2023-10-23,Apparel,Pants,West,On-Time,28,4,249.83,537.54,0.05,2150.16,999.32,2042.65,1043.33,51.08,Fall,1.0,Tier 1: Fast Mover
ORD-14324,2023-08-15,Electronics,Audio,South,Delayed - Transit,87,5,113.4,129.78,0.36,648.9,567.0,415.3,-151.7,-36.53,Summer,0.0,Tier 2: Warning
ORD-14325,2023-09-23,Electronics,Computers,East,On-Time,28,5,177.62,291.6,0.0,1458.0,888.1,1458.0,569.9,39.09,Fall,1.0,Tier 1: Fast Mover
ORD-14326,2023-06-02,Furniture,Chairs,South,Delayed - Transit,84,1,125.85,156.13,0.0,156.13,125.85,156.13,30.28,19.39,Summer,1.0,Tier 1: Fast Mover
ORD-14327,2023-09-09,Apparel,Shirts,South,On-Time,21,1,314.88,654.04,0.0,654.04,314.88,654.04,339.16,51.86,Fall,1.0,Tier 1: Fast Mover
ORD-14328,2023-04-20,Electronics,Accessories,East,On-Time,28,4,212.31,455.99,0.05,1823.96,849.24,1732.76,883.52,50.99,Spring,1.0,Tier 1: Fast Mover
ORD-14329,2023-12-03,Furniture,Desks,East,On-Time,92,2,359.2,431.73,0.53,863.46,718.4,405.83,-312.57,-77.02,Winter,0.0,Tier 2: Warning
ORD-14330,2023-02-28,Electronics,Audio,West,Delayed - Transit,104,1,183.32,208.58,0.37,208.58,183.32,131.41,-51.91,-39.51,Winter,0.0,Tier 2: Warning
ORD-14331,2023-01-08,Electronics,Accessories,West,Delayed - Transit,101,3,86.41,91.19,0.59,273.57,259.23,112.16,-147.07,-131.12,Winter,2.0,Tier 3: Dead Stock
ORD-14332,2023-10-30,Furniture,Chairs,North,On-Time,71,4,163.9,207.85,0.0,831.4,655.6,831.4,175.8,21.15,Fall,1.0,Tier 1: Fast Mover
ORD-14333,2023-03-25,Furniture,Tables,South,On-Time,97,1,279.1,346.43,0.57,346.43,279.1,148.96,-130.14,-87.36,Spring,2.0,Tier 3: Dead Stock
ORD-14334,2023-08-30,Furniture,Tables,West,On-Time,83,4,282.9,371.9,0.05,1487.6,1131.6,1413.22,281.62,19.93,Summer,1.0,Tier 1: Fast Mover
ORD-14335,2023-03-22,Electronics,Computers,South,Delayed - Customs,105,4,319.77,371.53,0.37,1486.12,1279.08,936.26,-342.82,-36.62,Spring,0.0,Tier 2: Warning
ORD-14336,2023-05-31,Furniture,Tables,South,Delayed - Customs,146,1,354.82,375.07,0.51,375.07,354.82,183.78,-171.04,-93.06,Spring,2.0,Tier 3: Dead Stock
ORD-14337,2023-05-09,Electronics,Accessories,East,On-Time,44,2,258.86,584.05,0.0,1168.1,517.72,1168.1,650.38,55.68,Spring,1.0,Tier 1: Fast Mover
ORD-14338,2023-07-30,Furniture,Desks,East,On-Time,149,2,396.9,526.0,0.43,1052.0,793.8,599.64,-194.16,-32.38,Summer,0.0,Tier 2: Warning
ORD-14339,2023-12-20,Furniture,Tables,West,Delayed - Transit,129,1,221.86,241.43,0.54,241.43,221.86,111.06,-110.8,-99.77,Winter,2.0,Tier 3: Dead Stock
ORD-14340,2023-12-31,Furniture,Chairs,North,On-Time,118,3,252.82,311.65,0.56,934.95,758.46,411.38,-347.08,-84.37,Winter,2.0,Tier 3: Dead Stock
ORD-14341,2023-12-23,Furniture,Chairs,East,Delayed - Customs,105,1,198.8,248.92,0.5,248.92,198.8,124.46,-74.34,-59.73,Winter,0.0,Tier 2: Warning
ORD-14342,2023-05-22,Furniture,Chairs,North,On-Time,131,1,353.65,449.3,0.47,449.3,353.65,238.13,-115.52,-48.51,Spring,0.0,Tier 2: Warning
ORD-14343,2023-07-26,Furniture,Chairs,West,On-Time,140,3,20.74,26.06,0.61,78.18,62.22,30.49,-31.73,-104.07,Summer,2.0,Tier 3: Dead Stock
ORD-14344,2023-12-10,Electronics,Computers,South,Delayed - Transit,101,4,27.23,34.55,0.36,138.2,108.92,88.45,-20.47,-23.15,Winter,0.0,Tier 2: Warning
ORD-14345,2023-07-13,Electronics,Computers,West,On-Time,40,1,128.16,219.44,0.0,219.44,128.16,219.44,91.28,41.6,Summer,1.0,Tier 1: Fast Mover
ORD-14346,2023-08-12,Apparel,Shirts,North,On-Time,8,3,393.06,892.16,0.0,2676.48,1179.18,2676.48,1497.3,55.94,Summer,1.0,Tier 1: Fast Mover
ORD-14347,2023-10-01,Apparel,Footwear,North,On-Time,23,2,361.34,651.68,0.0,1303.36,722.68,1303.36,580.68,44.55,Fall,1.0,Tier 1: Fast Mover
ORD-14348,2023-05-11,Electronics,Computers,South,On-Time,22,2,210.58,503.31,0.05,1006.62,421.16,956.29,535.13,55.96,Spring,1.0,Tier 1: Fast Mover
ORD-14349,2023-02-17,Electronics,Accessories,North,On-Time,47,5,355.75,740.79,0.0,3703.95,1778.75,3703.95,1925.2,51.98,Winter,1.0,Tier 1: Fast Mover
ORD-14350,2023-01-15,Electronics,Audio,West,On-Time,41,4,176.28,305.7,0.05,1222.8,705.12,1161.66,456.54,39.3,Winter,1.0,Tier 1: Fast Mover
ORD-14351,2023-07-18,Electronics,Accessories,South,On-Time,42,4,321.36,640.89,0.05,2563.56,1285.44,2435.38,1149.94,47.22,Summer,1.0,Tier 1: Fast Mover
ORD-14352,2023-06-22,Electronics,Accessories,East,Delayed - Transit,82,4,36.45,48.55,0.0,194.2,145.8,194.2,48.4,24.92,Summer,1.0,Tier 1: Fast Mover
ORD-14353,2023-04-27,Apparel,Footwear,North,Delayed - Transit,69,3,369.01,498.13,0.0,1494.39,1107.03,1494.39,387.36,25.92,Spring,1.0,Tier 1: Fast Mover
ORD-14354,2023-02-05,Electronics,Uncategorized,East,On-Time,28,1,311.69,656.05,0.0,656.05,311.69,656.05,344.36,52.49,Winter,1.0,Tier 1: Fast Mover
ORD-14355,2023-08-06,Electronics,Uncategorized,South,On-Time,37,3,160.91,298.35,0.0,895.05,482.73,895.05,412.32,46.07,Summer,1.0,Tier 1: Fast Mover
ORD-14356,2023-05-15,Apparel,Pants,North,On-Time,30,3,71.29,128.07,0.05,384.21,213.87,365.0,151.13,41.41,Spring,1.0,Tier 1: Fast Mover
ORD-14357,2023-04-15,Furniture,Desks,North,Delayed - Transit,126,2,242.32,281.97,0.63,563.94,484.64,208.66,-275.98,-132.27,Spring,2.0,Tier 3: Dead Stock
ORD-14358,2023-10-03,Furniture,Tables,West,On-Time,117,2,356.18,454.72,0.38,909.44,712.36,563.85,-148.51,-26.34,Fall,0.0,Tier 2: Warning
ORD-14359,2023-06-29,Electronics,Accessories,North,On-Time,22,5,166.04,280.84,0.05,1404.2,830.2,1333.99,503.79,37.77,Summer,1.0,Tier 1: Fast Mover
ORD-14360,2023-07-17,Apparel,Footwear,North,Delayed - Transit,139,4,373.29,487.99,0.45,1951.96,1493.16,1073.58,-419.58,-39.08,Summer,0.0,Tier 2: Warning
ORD-14361,2023-02-21,Furniture,Desks,East,On-Time,117,1,398.15,472.69,0.55,472.69,398.15,212.71,-185.44,-87.18,Winter,2.0,Tier 3: Dead Stock
ORD-14362,2023-10-17,Furniture,Chairs,South,Delayed - Customs,151,5,127.75,155.28,0.4,776.4,638.75,465.84,-172.91,-37.12,Fall,0.0,Tier 2: Warning
ORD-14363,2023-09-08,Furniture,Desks,North,Delayed - Transit,156,1,139.68,151.68,0.41,151.68,139.68,89.49,-50.19,-56.08,Fall,0.0,Tier 2: Warning
ORD-14364,2023-10-19,Furniture,Tables,South,On-Time,150,5,387.26,495.42,0.53,2477.1,1936.3,1164.24,-772.06,-66.31,Fall,0.0,Tier 2: Warning
ORD-14365,2023-03-24,Furniture,Tables,West,On-Time,139,5,132.61,160.91,0.47,804.55,663.05,426.41,-236.64,-55.5,Spring,0.0,Tier 2: Warning
ORD-14366,2023-02-14,Apparel,Footwear,North,Delayed - Transit,104,5,123.07,143.84,0.55,719.2,615.35,323.64,-291.71,-90.13,Winter,2.0,Tier 3: Dead Stock
ORD-14367,2023-11-09,Electronics,Computers,East,Delayed - Transit,118,4,284.19,317.16,0.52,1268.64,1136.76,608.95,-527.81,-86.68,Fall,2.0,Tier 3: Dead Stock
ORD-14368,2023-10-24,Furniture,Chairs,South,On-Time,84,3,235.41,267.41,0.0,802.23,706.23,802.23,96.0,11.97,Fall,1.0,Tier 1: Fast Mover
ORD-14369,2023-09-07,Furniture,Chairs,East,Delayed - Transit,145,2,246.34,266.28,0.61,532.56,492.68,207.7,-284.98,-137.21,Fall,2.0,Tier 3: Dead Stock
ORD-14370,2023-01-16,Apparel,Footwear,West,On-Time,14,4,143.0,321.71,0.05,1286.84,572.0,1222.5,650.5,53.21,Winter,1.0,Tier 1: Fast Mover
ORD-14371,2023-01-21,Electronics,Audio,East,On-Time,41,4,121.64,280.68,0.05,1122.72,486.56,1066.58,580.02,54.38,Winter,1.0,Tier 1: Fast Mover
ORD-14372,2023-11-29,Furniture,Desks,South,Delayed - Customs,99,5,119.95,160.9,0.35,804.5,599.75,522.93,-76.83,-14.69,Fall,0.0,Tier 2: Warning
ORD-14373,2023-05-21,Apparel,Shirts,North,On-Time,23,1,370.04,696.2,0.05,696.2,370.04,661.39,291.35,44.05,Spring,1.0,Tier 1: Fast Mover
ORD-14374,2023-04-22,Electronics,Computers,South,On-Time,40,3,101.83,165.43,0.05,496.29,305.49,471.48,165.99,35.21,Spring,1.0,Tier 1: Fast Mover
ORD-14375,2023-06-14,Furniture,Desks,South,On-Time,123,1,142.03,168.4,0.52,168.4,142.03,80.83,-61.2,-75.71,Summer,0.0,Tier 2: Warning
ORD-14376,2023-08-16,Furniture,Tables,East,Delayed - Transit,90,1,374.39,446.76,0.54,446.76,374.39,205.51,-168.88,-82.18,Summer,2.0,Tier 3: Dead Stock
ORD-14377,2023-09-03,Furniture,Desks,North,On-Time,106,5,128.8,151.77,0.55,758.85,644.0,341.48,-302.52,-88.59,Fall,2.0,Tier 3: Dead Stock
ORD-14378,2023-09-15,Furniture,Chairs,South,On-Time,104,4,315.94,383.2,0.62,1532.8,1263.76,582.46,-681.3,-116.97,Fall,2.0,Tier 3: Dead Stock
ORD-14379,2023-02-17,Furniture,Tables,South,On-Time,133,2,378.93,442.73,0.45,885.46,757.86,487.0,-270.86,-55.62,Winter,0.0,Tier 2: Warning
ORD-14380,2023-10-05,Apparel,Shirts,West,On-Time,23,5,51.65,87.72,0.05,438.6,258.25,416.67,158.42,38.02,Fall,1.0,Tier 1: Fast Mover
ORD-14381,2023-01-20,Furniture,Chairs,West,On-Time,113,1,75.79,98.02,0.5,98.02,75.79,49.01,-26.78,-54.64,Winter,0.0,Tier 2: Warning
ORD-14382,2023-07-14,Electronics,Accessories,South,Delayed - Customs,114,1,85.72,108.06,0.63,108.06,85.72,39.98,-45.74,-114.4,Summer,2.0,Tier 3: Dead Stock
ORD-14383,2023-07-01,Apparel,Pants,East,On-Time,38,2,351.83,600.61,0.0,1201.22,703.66,1201.22,497.56,41.42,Summer,1.0,Tier 1: Fast Mover
ORD-14384,2023-02-04,Furniture,Tables,South,On-Time,101,3,216.79,232.51,0.65,697.53,650.37,244.14,-406.23,-166.4,Winter,2.0,Tier 3: Dead Stock
ORD-14385,2023-01-22,Apparel,Footwear,North,On-Time,35,5,112.88,263.11,0.05,1315.55,564.4,1249.77,685.37,54.84,Winter,1.0,Tier 1: Fast Mover
ORD-14386,2023-05-05,Apparel,Shirts,West,On-Time,42,2,138.29,268.23,0.0,536.46,276.58,536.46,259.88,48.44,Spring,1.0,Tier 1: Fast Mover
ORD-14387,2023-05-10,Electronics,Accessories,South,On-Time,31,5,85.8,163.57,0.0,817.85,429.0,817.85,388.85,47.55,Spring,1.0,Tier 1: Fast Mover
ORD-14388,2023-06-04,Apparel,Footwear,North,On-Time,24,5,183.12,372.32,0.0,1861.6,915.6,1861.6,946.0,50.82,Summer,1.0,Tier 1: Fast Mover
ORD-14389,2023-12-01,Furniture,Chairs,North,On-Time,95,2,109.77,129.17,0.57,258.34,219.54,111.09,-108.45,-97.63,Winter,2.0,Tier 3: Dead Stock
ORD-14390,2023-04-16,Electronics,Audio,North,On-Time,14,3,383.02,616.26,0.05,1848.78,1149.06,1756.34,607.28,34.58,Spring,1.0,Tier 1: Fast Mover
ORD-14391,2023-05-22,Electronics,Computers,East,On-Time,32,1,199.4,366.38,0.05,366.38,199.4,348.06,148.66,42.71,Spring,1.0,Tier 1: Fast Mover
ORD-14392,2023-06-18,Apparel,Footwear,East,Delayed - Transit,148,4,281.29,316.94,0.51,1267.76,1125.16,621.2,-503.96,-81.13,Summer,2.0,Tier 3: Dead Stock
ORD-14393,2023-01-25,Apparel,Pants,North,On-Time,24,2,314.05,607.19,0.0,1214.38,628.1,1214.38,586.28,48.28,Winter,1.0,Tier 1: Fast Mover
ORD-14394,2023-12-08,Furniture,Desks,North,On-Time,107,3,200.54,239.08,0.63,717.24,601.62,265.38,-336.24,-126.7,Winter,2.0,Tier 3: Dead Stock
ORD-14395,2023-03-15,Electronics,Computers,South,Delayed - Customs,153,2,354.65,451.96,0.44,903.92,709.3,506.2,-203.1,-40.12,Spring,0.0,Tier 2: Warning
ORD-14396,2023-07-22,Electronics,Computers,South,On-Time,41,2,256.99,517.94,0.0,1035.88,513.98,1035.88,521.9,50.38,Summer,1.0,Tier 1: Fast Mover
ORD-14397,2023-05-28,Furniture,Chairs,North,On-Time,155,2,61.92,66.48,0.58,132.96,123.84,55.84,-68.0,-121.76,Spring,2.0,Tier 3: Dead Stock
ORD-14398,2023-08-13,Furniture,Chairs,South,On-Time,137,1,260.81,311.65,0.48,311.65,260.81,162.06,-98.75,-60.94,Summer,0.0,Tier 2: Warning
ORD-14399,2023-07-25,Electronics,Audio,North,On-Time,30,3,230.08,467.47,0.05,1402.41,690.24,1332.29,642.05,48.19,Summer,1.0,Tier 1: Fast Mover
ORD-14400,2023-05-25,Apparel,Footwear,East,On-Time,11,4,92.86,197.67,0.0,790.68,371.44,790.68,419.24,53.02,Spring,1.0,Tier 1: Fast Mover
ORD-14401,2023-03-20,Apparel,Pants,East,On-Time,34,3,369.98,837.08,0.05,2511.24,1109.94,2385.68,1275.74,53.47,Spring,1.0,Tier 1: Fast Mover
ORD-14402,2023-01-20,Furniture,Tables,West,On-Time,145,4,40.85,52.44,0.4,209.76,163.4,125.86,-37.54,-29.83,Winter,0.0,Tier 2: Warning
ORD-14403,2023-02-24,Apparel,Shirts,East,On-Time,21,3,34.44,60.24,0.0,180.72,103.32,180.72,77.4,42.83,Winter,1.0,Tier 1: Fast Mover
ORD-14404,2023-06-30,Electronics,Audio,South,On-Time,28,2,49.89,88.67,0.05,177.34,99.78,168.47,68.69,40.77,Summer,1.0,Tier 1: Fast Mover
ORD-14405,2023-06-04,Furniture,Tables,East,On-Time,150,4,174.27,234.02,0.42,936.08,697.08,542.93,-154.15,-28.39,Summer,0.0,Tier 2: Warning
ORD-14406,2023-10-31,Electronics,Audio,East,On-Time,24,5,236.79,514.95,0.05,2574.75,1183.95,2446.01,1262.06,51.6,Fall,1.0,Tier 1: Fast Mover
ORD-14407,2023-06-18,Electronics,Accessories,South,On-Time,39,3,310.33,594.89,0.05,1784.67,930.99,1695.44,764.45,45.09,Summer,1.0,Tier 1: Fast Mover
ORD-14408,2023-06-05,Furniture,Chairs,East,On-Time,144,5,370.53,444.69,0.6,2223.45,1852.65,889.38,-963.27,-108.31,Summer,2.0,Tier 3: Dead Stock
ORD-14409,2023-07-17,Apparel,Footwear,North,On-Time,14,3,222.86,440.79,0.05,1322.37,668.58,1256.25,587.67,46.78,Summer,1.0,Tier 1: Fast Mover
ORD-14410,2023-03-04,Electronics,Accessories,East,On-Time,20,5,44.65,98.84,0.0,494.2,223.25,494.2,270.95,54.83,Spring,1.0,Tier 1: Fast Mover
ORD-14411,2023-01-12,Apparel,Footwear,South,Delayed - Transit,154,2,237.98,271.65,0.6,543.3,475.96,217.32,-258.64,-119.01,Winter,2.0,Tier 3: Dead Stock
ORD-14412,2023-04-26,Furniture,Uncategorized,North,On-Time,95,1,390.0,423.59,0.53,423.59,390.0,199.09,-190.91,-95.89,Spring,2.0,Tier 3: Dead Stock
ORD-14413,2023-05-06,Electronics,Audio,West,Delayed - Customs,105,1,135.11,152.03,0.41,152.03,135.11,89.7,-45.41,-50.63,Spring,0.0,Tier 2: Warning
ORD-14414,2023-02-02,Furniture,Tables,North,On-Time,74,4,221.01,245.49,0.0,981.96,884.04,981.96,97.92,9.97,Winter,1.0,Tier 1: Fast Mover
ORD-14415,2023-04-13,Electronics,Computers,West,On-Time,55,1,117.6,240.39,0.05,240.39,117.6,228.37,110.77,48.5,Spring,1.0,Tier 1: Fast Mover
ORD-14416,2023-11-18,Apparel,Pants,East,On-Time,31,4,147.68,263.59,0.0,1054.36,590.72,1054.36,463.64,43.97,Fall,1.0,Tier 1: Fast Mover
ORD-14417,2023-01-27,Apparel,Shirts,West,On-Time,25,1,181.35,415.93,0.05,415.93,181.35,395.13,213.78,54.1,Winter,1.0,Tier 1: Fast Mover
ORD-14418,2023-11-18,Apparel,Shirts,South,On-Time,43,4,350.17,567.34,0.0,2269.36,1400.68,2269.36,868.68,38.28,Fall,1.0,Tier 1: Fast Mover
ORD-14419,2023-09-12,Electronics,Audio,East,On-Time,33,2,329.69,583.82,0.0,1167.64,659.38,1167.64,508.26,43.53,Fall,1.0,Tier 1: Fast Mover
ORD-14420,2023-05-13,Electronics,Accessories,North,On-Time,34,1,327.83,568.14,0.0,568.14,327.83,568.14,240.31,42.3,Spring,1.0,Tier 1: Fast Mover
ORD-14421,2023-03-19,Electronics,Accessories,East,Delayed - Transit,101,1,70.67,79.72,0.5,79.72,70.67,39.86,-30.81,-77.3,Spring,0.0,Tier 2: Warning
ORD-14422,2023-08-22,Furniture,Desks,South,On-Time,130,3,122.78,135.82,0.5,407.46,368.34,203.73,-164.61,-80.8,Summer,2.0,Tier 3: Dead Stock
ORD-14423,2023-10-04,Apparel,Footwear,South,On-Time,28,4,76.06,133.1,0.05,532.4,304.24,505.78,201.54,39.85,Fall,1.0,Tier 1: Fast Mover
ORD-14424,2023-06-02,Apparel,Pants,East,On-Time,21,2,310.93,704.3,0.0,1408.6,621.86,1408.6,786.74,55.85,Summer,1.0,Tier 1: Fast Mover
ORD-14425,2023-03-29,Apparel,Shirts,South,On-Time,41,3,17.93,33.26,0.0,99.78,53.79,99.78,45.99,46.09,Spring,1.0,Tier 1: Fast Mover
ORD-14426,2023-10-21,Furniture,Desks,South,On-Time,73,1,340.26,427.52,0.0,427.52,340.26,427.52,87.26,20.41,Fall,1.0,Tier 1: Fast Mover
ORD-14427,2023-10-13,Electronics,Computers,West,On-Time,45,1,252.96,556.98,0.0,556.98,252.96,556.98,304.02,54.58,Fall,1.0,Tier 1: Fast Mover
ORD-14428,2023-06-10,Electronics,Accessories,North,On-Time,45,1,251.72,543.09,0.0,543.09,251.72,543.09,291.37,53.65,Summer,1.0,Tier 1: Fast Mover
ORD-14429,2023-08-02,Electronics,Accessories,North,On-Time,52,5,29.54,49.06,0.05,245.3,147.7,233.04,85.34,36.62,Summer,1.0,Tier 1: Fast Mover
ORD-14430,2023-07-27,Furniture,Chairs,North,On-Time,110,3,390.77,505.31,0.45,1515.93,1172.31,833.76,-338.55,-40.6,Summer,0.0,Tier 2: Warning
ORD-14431,2023-02-03,Electronics,Accessories,South,On-Time,45,4,261.42,481.67,0.0,1926.68,1045.68,1926.68,881.0,45.73,Winter,1.0,Tier 1: Fast Mover
ORD-14432,2023-06-20,Apparel,Footwear,North,Delayed - Customs,102,3,315.33,350.64,0.51,1051.92,945.99,515.44,-430.55,-83.53,Summer,2.0,Tier 3: Dead Stock
ORD-14433,2023-08-09,Apparel,Pants,North,Delayed - Customs,92,5,124.49,164.42,0.43,822.1,622.45,468.6,-153.85,-32.83,Summer,0.0,Tier 2: Warning
ORD-14434,2023-06-02,Apparel,Shirts,West,On-Time,46,4,182.67,413.55,0.0,1654.2,730.68,1654.2,923.52,55.83,Summer,1.0,Tier 1: Fast Mover
ORD-14435,2023-10-15,Apparel,Footwear,East,On-Time,15,2,191.08,448.87,0.05,897.74,382.16,852.85,470.69,55.19,Fall,1.0,Tier 1: Fast Mover
ORD-14436,2023-06-06,Electronics,Computers,North,On-Time,25,5,361.23,657.94,0.05,3289.7,1806.15,3125.22,1319.07,42.21,Summer,1.0,Tier 1: Fast Mover
ORD-14437,2023-08-23,Apparel,Shirts,North,On-Time,9,2,58.3,115.01,0.0,230.02,116.6,230.02,113.42,49.31,Summer,1.0,Tier 1: Fast Mover
ORD-14438,2023-03-15,Electronics,Accessories,North,On-Time,14,4,363.54,824.33,0.05,3297.32,1454.16,3132.45,1678.29,53.58,Spring,1.0,Tier 1: Fast Mover
ORD-14439,2023-05-29,Apparel,Footwear,East,Delayed - Transit,141,1,105.98,116.48,0.42,116.48,105.98,67.56,-38.42,-56.87,Spring,0.0,Tier 2: Warning
ORD-14440,2023-01-23,Apparel,Footwear,North,On-Time,33,2,176.52,292.2,0.05,584.4,353.04,555.18,202.14,36.41,Winter,1.0,Tier 1: Fast Mover
ORD-14441,2023-10-05,Electronics,Computers,West,On-Time,19,1,286.23,584.68,0.0,584.68,286.23,584.68,298.45,51.05,Fall,1.0,Tier 1: Fast Mover
ORD-14442,2023-09-25,Apparel,Shirts,South,On-Time,19,5,338.68,606.86,0.05,3034.3,1693.4,2882.59,1189.19,41.25,Fall,1.0,Tier 1: Fast Mover
ORD-14443,2023-02-14,Furniture,Chairs,East,On-Time,68,1,316.87,391.16,0.05,391.16,316.87,371.6,54.73,14.73,Winter,1.0,Tier 1: Fast Mover
ORD-14444,2023-12-06,Furniture,Tables,East,On-Time,117,2,184.58,204.87,0.61,409.74,369.16,159.8,-209.36,-131.02,Winter,2.0,Tier 3: Dead Stock
ORD-14445,2023-08-27,Electronics,Computers,South,On-Time,43,5,57.11,113.24,0.05,566.2,285.55,537.89,252.34,46.91,Summer,1.0,Tier 1: Fast Mover
ORD-14446,2023-11-25,Electronics,Computers,North,Delayed - Transit,145,2,196.69,256.93,0.47,513.86,393.38,272.35,-121.03,-44.44,Fall,0.0,Tier 2: Warning
ORD-14447,2023-01-01,Furniture,Chairs,South,On-Time,99,2,393.32,483.48,0.61,966.96,786.64,377.11,-409.53,-108.59,Winter,2.0,Tier 3: Dead Stock
ORD-14448,2023-03-19,Furniture,Desks,West,Delayed - Transit,170,5,342.86,421.56,0.54,2107.8,1714.3,969.59,-744.71,-76.81,Spring,2.0,Tier 3: Dead Stock
ORD-14449,2023-03-22,Electronics,Computers,South,On-Time,46,4,126.24,228.7,0.0,914.8,504.96,914.8,409.84,44.8,Spring,1.0,Tier 1: Fast Mover
ORD-14450,2023-04-14,Apparel,Uncategorized,South,Delayed - Transit,113,4,74.44,98.3,0.61,393.2,297.76,153.35,-144.41,-94.17,Spring,2.0,Tier 3: Dead Stock
ORD-14451,2023-09-01,Apparel,Shirts,South,On-Time,31,5,340.34,777.8,0.05,3889.0,1701.7,3694.55,1992.85,53.94,Fall,1.0,Tier 1: Fast Mover
ORD-14452,2023-03-28,Furniture,Chairs,North,On-Time,127,1,231.8,271.27,0.6,271.27,231.8,108.51,-123.29,-113.62,Spring,2.0,Tier 3: Dead Stock
ORD-14453,2023-07-19,Furniture,Desks,North,On-Time,136,1,43.4,54.22,0.63,54.22,43.4,20.06,-23.34,-116.34,Summer,2.0,Tier 3: Dead Stock
ORD-14454,2023-05-20,Furniture,Desks,West,On-Time,101,5,224.63,276.35,0.59,1381.75,1123.15,566.52,-556.63,-98.26,Spring,2.0,Tier 3: Dead Stock
ORD-14455,2023-08-23,Apparel,Footwear,West,Delayed - Transit,90,1,91.4,106.07,0.56,106.07,91.4,46.67,-44.73,-95.84,Summer,2.0,Tier 3: Dead Stock
ORD-14456,2023-05-04,Electronics,Computers,North,On-Time,24,1,281.2,523.88,0.05,523.88,281.2,497.69,216.49,43.5,Spring,1.0,Tier 1: Fast Mover
ORD-14457,2023-10-21,Furniture,Desks,South,On-Time,88,1,34.2,37.17,0.53,37.17,34.2,17.47,-16.73,-95.77,Fall,2.0,Tier 3: Dead Stock
ORD-14458,2023-06-29,Apparel,Footwear,North,On-Time,33,2,335.75,716.69,0.05,1433.38,671.5,1361.71,690.21,50.69,Summer,1.0,Tier 1: Fast Mover
ORD-14459,2023-01-05,Electronics,Audio,East,On-Time,60,2,119.41,243.6,0.05,487.2,238.82,462.84,224.02,48.4,Winter,1.0,Tier 1: Fast Mover
ORD-14460,2023-11-07,Electronics,Audio,East,On-Time,48,1,80.67,133.0,0.05,133.0,80.67,126.35,45.68,36.15,Fall,1.0,Tier 1: Fast Mover
ORD-14461,2023-01-24,Electronics,Accessories,West,On-Time,20,4,233.86,388.87,0.0,1555.48,935.44,1555.48,620.04,39.86,Winter,1.0,Tier 1: Fast Mover
ORD-14462,2023-11-02,Electronics,Audio,South,On-Time,38,2,315.15,541.83,0.0,1083.66,630.3,1083.66,453.36,41.84,Fall,1.0,Tier 1: Fast Mover
ORD-14463,2023-06-06,Apparel,Pants,North,On-Time,32,3,332.12,610.86,0.0,1832.58,996.36,1832.58,836.22,45.63,Summer,1.0,Tier 1: Fast Mover
ORD-14464,2023-10-12,Electronics,Computers,South,On-Time,31,1,230.6,537.75,0.0,537.75,230.6,537.75,307.15,57.12,Fall,1.0,Tier 1: Fast Mover
ORD-14465,2023-05-25,Apparel,Footwear,West,On-Time,41,4,63.8,149.65,0.05,598.6,255.2,568.67,313.47,55.12,Spring,1.0,Tier 1: Fast Mover
ORD-14466,2023-03-30,Apparel,Shirts,North,On-Time,8,5,395.45,699.74,0.0,3498.7,1977.25,3498.7,1521.45,43.49,Spring,1.0,Tier 1: Fast Mover
ORD-14467,2023-09-21,Electronics,Accessories,South,On-Time,26,4,248.62,468.86,0.0,1875.44,994.48,1875.44,880.96,46.97,Fall,1.0,Tier 1: Fast Mover
ORD-14468,2023-08-05,Furniture,Chairs,South,On-Time,121,5,87.84,110.39,0.63,551.95,439.2,204.22,-234.98,-115.06,Summer,2.0,Tier 3: Dead Stock
ORD-14469,2023-10-16,Apparel,Footwear,East,On-Time,21,3,50.95,107.65,0.0,322.95,152.85,322.95,170.1,52.67,Fall,1.0,Tier 1: Fast Mover
ORD-14470,2023-06-26,Electronics,Audio,North,Delayed - Transit,116,4,263.96,341.05,0.63,1364.2,1055.84,504.75,-551.09,-109.18,Summer,2.0,Tier 3: Dead Stock
ORD-14471,2023-06-08,Furniture,Chairs,East,On-Time,98,4,395.24,421.96,0.49,1687.84,1580.96,860.8,-720.16,-83.66,Summer,2.0,Tier 3: Dead Stock
ORD-14472,2023-06-26,Furniture,Desks,North,On-Time,126,1,274.4,291.9,0.6,291.9,274.4,116.76,-157.64,-135.01,Summer,2.0,Tier 3: Dead Stock
ORD-14473,2023-01-22,Apparel,Shirts,East,On-Time,27,4,317.52,649.34,0.05,2597.36,1270.08,2467.49,1197.41,48.53,Winter,1.0,Tier 1: Fast Mover
ORD-14474,2023-07-15,Electronics,Accessories,South,On-Time,37,4,230.21,446.28,0.05,1785.12,920.84,1695.86,775.02,45.7,Summer,1.0,Tier 1: Fast Mover
ORD-14475,2023-11-03,Electronics,Computers,South,On-Time,51,1,240.8,549.45,0.0,549.45,240.8,549.45,308.65,56.17,Fall,1.0,Tier 1: Fast Mover
ORD-14476,2023-05-14,Electronics,Audio,South,On-Time,1,5,30.24,53.27,0.05,266.35,151.2,253.03,101.83,40.24,Spring,1.0,Tier 1: Fast Mover
ORD-14477,2023-09-18,Electronics,Computers,East,On-Time,35,4,119.73,192.87,0.05,771.48,478.92,732.91,253.99,34.65,Fall,1.0,Tier 1: Fast Mover
ORD-14478,2023-04-20,Electronics,Accessories,West,On-Time,36,1,32.06,57.05,0.0,57.05,32.06,57.05,24.99,43.8,Spring,1.0,Tier 1: Fast Mover
ORD-14479,2023-02-16,Furniture,Tables,West,On-Time,164,5,219.04,289.75,0.36,1448.75,1095.2,927.2,-168.0,-18.12,Winter,0.0,Tier 2: Warning
ORD-14480,2023-03-31,Furniture,Tables,East,On-Time,104,4,193.33,253.2,0.61,1012.8,773.32,394.99,-378.33,-95.78,Spring,2.0,Tier 3: Dead Stock
ORD-14481,2023-07-03,Furniture,Tables,East,Delayed - Customs,102,4,93.31,123.32,0.45,493.28,373.24,271.3,-101.94,-37.57,Summer,0.0,Tier 2: Warning
ORD-14482,2023-05-07,Apparel,Shirts,North,On-Time,31,4,55.93,126.25,0.0,505.0,223.72,505.0,281.28,55.7,Spring,1.0,Tier 1: Fast Mover
ORD-14483,2023-04-18,Apparel,Footwear,South,On-Time,13,3,228.13,392.19,0.0,1176.57,684.39,1176.57,492.18,41.83,Spring,1.0,Tier 1: Fast Mover
ORD-14484,2023-01-01,Electronics,Accessories,East,On-Time,39,1,55.62,131.57,0.05,131.57,55.62,124.99,69.37,55.5,Winter,1.0,Tier 1: Fast Mover
ORD-14485,2023-05-10,Furniture,Desks,North,On-Time,74,3,167.49,190.06,0.05,570.18,502.47,541.67,39.2,7.24,Spring,1.0,Tier 1: Fast Mover
ORD-14486,2023-11-11,Electronics,Computers,West,On-Time,21,3,276.58,454.73,0.0,1364.19,829.74,1364.19,534.45,39.18,Fall,1.0,Tier 1: Fast Mover
ORD-14487,2023-05-09,Furniture,Chairs,North,Delayed - Transit,108,4,96.88,103.75,0.39,415.0,387.52,253.15,-134.37,-53.08,Spring,0.0,Tier 2: Warning
ORD-14488,2023-08-16,Electronics,Accessories,North,On-Time,13,3,341.07,803.27,0.05,2409.81,1023.21,2289.32,1266.11,55.31,Summer,1.0,Tier 1: Fast Mover
ORD-14489,2023-05-16,Electronics,Computers,South,Delayed - Transit,99,1,172.04,206.0,0.47,206.0,172.04,109.18,-62.86,-57.57,Spring,0.0,Tier 2: Warning
ORD-14490,2023-05-10,Furniture,Desks,West,Delayed - Transit,134,2,235.71,284.21,0.62,568.42,471.42,216.0,-255.42,-118.25,Spring,2.0,Tier 3: Dead Stock
ORD-14491,2023-12-16,Apparel,Footwear,North,Delayed - Transit,68,2,386.95,421.7,0.05,843.4,773.9,801.23,27.33,3.41,Winter,1.0,Tier 1: Fast Mover
ORD-14492,2023-05-19,Furniture,Desks,East,On-Time,97,2,150.76,179.64,0.57,359.28,301.52,154.49,-147.03,-95.17,Spring,2.0,Tier 3: Dead Stock
ORD-14493,2023-07-27,Furniture,Tables,South,On-Time,126,1,296.84,371.91,0.48,371.91,296.84,193.39,-103.45,-53.49,Summer,0.0,Tier 2: Warning
ORD-14494,2023-03-16,Apparel,Footwear,East,On-Time,21,4,134.14,275.15,0.05,1100.6,536.56,1045.57,509.01,48.68,Spring,1.0,Tier 1: Fast Mover
ORD-14495,2023-09-27,Apparel,Shirts,North,Delayed - Customs,97,5,335.47,399.17,0.58,1995.85,1677.35,838.26,-839.09,-100.1,Fall,2.0,Tier 3: Dead Stock
ORD-14496,2023-09-01,Electronics,Computers,North,On-Time,20,3,223.89,499.84,0.05,1499.52,671.67,1424.54,752.87,52.85,Fall,1.0,Tier 1: Fast Mover
ORD-14497,2023-11-08,Furniture,Chairs,South,On-Time,101,4,96.37,103.66,0.63,414.64,385.48,153.42,-232.06,-151.26,Fall,2.0,Tier 3: Dead Stock
ORD-14498,2023-08-03,Furniture,Chairs,West,Delayed - Transit,132,3,361.62,384.65,0.52,1153.95,1084.86,553.9,-530.96,-95.86,Summer,2.0,Tier 3: Dead Stock
ORD-14499,2023-12-17,Furniture,Tables,East,Delayed - Transit,113,2,45.88,54.47,0.42,108.94,91.76,63.19,-28.57,-45.22,Winter,0.0,Tier 2: Warning
ORD-14500,2023-02-05,Electronics,Audio,South,On-Time,4,3,144.8,322.23,0.0,966.69,434.4,966.69,532.29,55.06,Winter,1.0,Tier 1: Fast Mover
ORD-14501,2023-02-04,Apparel,Footwear,East,On-Time,36,5,382.05,766.26,0.0,3831.3,1910.25,3831.3,1921.05,50.14,Winter,1.0,Tier 1: Fast Mover
ORD-14502,2023-10-12,Apparel,Pants,North,On-Time,55,4,304.91,695.27,0.0,2781.08,1219.64,2781.08,1561.44,56.15,Fall,1.0,Tier 1: Fast Mover
ORD-14503,2023-12-27,Apparel,Uncategorized,South,On-Time,33,2,208.47,341.56,0.0,683.12,416.94,683.12,266.18,38.97,Winter,1.0,Tier 1: Fast Mover
ORD-14504,2023-03-26,Electronics,Computers,North,On-Time,21,1,322.67,738.97,0.0,738.97,322.67,738.97,416.3,56.34,Spring,1.0,Tier 1: Fast Mover
ORD-14505,2023-03-07,Furniture,Chairs,West,On-Time,134,1,317.44,339.7,0.39,339.7,317.44,207.22,-110.22,-53.19,Spring,0.0,Tier 2: Warning
ORD-14506,2023-05-27,Furniture,Desks,South,On-Time,101,1,356.09,479.67,0.38,479.67,356.09,297.4,-58.69,-19.74,Spring,0.0,Tier 2: Warning
ORD-14507,2023-09-10,Furniture,Desks,West,Delayed - Transit,129,5,132.84,149.25,0.39,746.25,664.2,455.21,-208.99,-45.91,Fall,0.0,Tier 2: Warning
ORD-14508,2023-06-09,Electronics,Accessories,West,On-Time,34,2,269.44,472.44,0.0,944.88,538.88,944.88,406.0,42.97,Summer,1.0,Tier 1: Fast Mover
ORD-14509,2023-12-06,Furniture,Chairs,West,On-Time,124,4,46.56,62.19,0.47,248.76,186.24,131.84,-54.4,-41.26,Winter,0.0,Tier 2: Warning
ORD-14510,2023-05-16,Electronics,Computers,West,On-Time,43,5,27.25,44.6,0.0,223.0,136.25,223.0,86.75,38.9,Spring,1.0,Tier 1: Fast Mover
ORD-14511,2023-03-07,Apparel,Shirts,South,Delayed - Transit,170,3,241.39,278.97,0.54,836.91,724.17,384.98,-339.19,-88.11,Spring,2.0,Tier 3: Dead Stock
ORD-14512,2023-01-18,Furniture,Chairs,West,On-Time,129,2,241.46,283.75,0.65,567.5,482.92,198.63,-284.3,-143.13,Winter,2.0,Tier 3: Dead Stock
ORD-14513,2023-03-29,Furniture,Desks,West,On-Time,69,2,210.55,224.41,0.0,448.82,421.1,448.82,27.72,6.18,Spring,1.0,Tier 1: Fast Mover
ORD-14514,2023-06-19,Electronics,Audio,East,On-Time,21,2,279.32,599.49,0.0,1198.98,558.64,1198.98,640.34,53.41,Summer,1.0,Tier 1: Fast Mover
ORD-14515,2023-10-11,Electronics,Audio,North,On-Time,21,1,204.57,467.81,0.05,467.81,204.57,444.42,239.85,53.97,Fall,1.0,Tier 1: Fast Mover
ORD-14516,2023-12-19,Furniture,Desks,East,On-Time,96,3,356.66,467.04,0.37,1401.12,1069.98,882.71,-187.27,-21.22,Winter,0.0,Tier 2: Warning
ORD-14517,2023-03-21,Electronics,Computers,West,On-Time,29,3,266.32,481.23,0.0,1443.69,798.96,1443.69,644.73,44.66,Spring,1.0,Tier 1: Fast Mover
ORD-14518,2023-06-06,Apparel,Footwear,South,On-Time,41,3,155.92,344.89,0.0,1034.67,467.76,1034.67,566.91,54.79,Summer,1.0,Tier 1: Fast Mover
ORD-14519,2023-12-15,Furniture,Chairs,North,On-Time,112,3,79.39,89.18,0.46,267.54,238.17,144.47,-93.7,-64.86,Winter,0.0,Tier 2: Warning
ORD-14520,2023-02-20,Apparel,Shirts,South,On-Time,3,3,386.76,633.01,0.05,1899.03,1160.28,1804.08,643.8,35.69,Winter,1.0,Tier 1: Fast Mover
ORD-14521,2023-05-15,Furniture,Desks,North,Delayed - Customs,103,5,115.67,122.99,0.55,614.95,578.35,276.73,-301.62,-109.0,Spring,2.0,Tier 3: Dead Stock
ORD-14522,2023-12-19,Electronics,Accessories,South,On-Time,36,4,322.26,554.25,0.05,2217.0,1289.04,2106.15,817.11,38.8,Winter,1.0,Tier 1: Fast Mover
ORD-14523,2023-10-30,Furniture,Chairs,South,On-Time,144,1,300.02,377.41,0.55,377.41,300.02,169.83,-130.19,-76.65,Fall,0.0,Tier 2: Warning
ORD-14524,2023-08-01,Furniture,Tables,West,On-Time,144,5,36.95,46.59,0.45,232.95,184.75,128.12,-56.63,-44.2,Summer,0.0,Tier 2: Warning
ORD-14525,2023-02-18,Electronics,Audio,East,On-Time,34,1,39.29,78.67,0.05,78.67,39.29,74.74,35.45,47.43,Winter,1.0,Tier 1: Fast Mover
ORD-14526,2023-03-12,Electronics,Accessories,North,Delayed - Transit,100,4,191.85,222.13,0.45,888.52,767.4,488.69,-278.71,-57.03,Spring,0.0,Tier 2: Warning
ORD-14527,2023-11-16,Apparel,Shirts,East,On-Time,33,1,135.96,252.07,0.0,252.07,135.96,252.07,116.11,46.06,Fall,1.0,Tier 1: Fast Mover
ORD-14528,2023-10-07,Electronics,Computers,North,On-Time,23,2,375.48,810.44,0.05,1620.88,750.96,1539.84,788.88,51.23,Fall,1.0,Tier 1: Fast Mover
ORD-14529,2023-10-14,Apparel,Footwear,South,On-Time,44,5,335.08,614.31,0.05,3071.55,1675.4,2917.97,1242.57,42.58,Fall,1.0,Tier 1: Fast Mover
ORD-14530,2023-07-06,Electronics,Audio,South,On-Time,28,3,319.03,658.24,0.0,1974.72,957.09,1974.72,1017.63,51.53,Summer,1.0,Tier 1: Fast Mover
ORD-14531,2023-12-24,Electronics,Audio,East,On-Time,2,1,355.61,667.08,0.0,667.08,355.61,667.08,311.47,46.69,Winter,1.0,Tier 1: Fast Mover
ORD-14532,2023-11-04,Furniture,Tables,South,On-Time,96,2,307.49,387.43,0.61,774.86,614.98,302.2,-312.78,-103.5,Fall,2.0,Tier 3: Dead Stock
ORD-14533,2023-10-11,Apparel,Footwear,North,On-Time,32,4,150.72,310.28,0.0,1241.12,602.88,1241.12,638.24,51.42,Fall,1.0,Tier 1: Fast Mover
ORD-14534,2023-06-22,Furniture,Tables,North,On-Time,111,2,179.58,225.05,0.46,450.1,359.16,243.05,-116.11,-47.77,Summer,0.0,Tier 2: Warning
ORD-14535,2023-12-17,Furniture,Desks,East,On-Time,133,5,75.89,101.5,0.61,507.5,379.45,197.93,-181.53,-91.71,Winter,2.0,Tier 3: Dead Stock
ORD-14536,2023-07-11,Furniture,Chairs,West,Delayed - Customs,103,1,248.76,279.52,0.47,279.52,248.76,148.15,-100.61,-67.92,Summer,0.0,Tier 2: Warning
ORD-14537,2023-08-17,Electronics,Audio,East,Delayed - Customs,85,4,305.82,373.55,0.05,1494.2,1223.28,1419.49,196.21,13.82,Summer,1.0,Tier 1: Fast Mover
ORD-14538,2023-11-21,Furniture,Chairs,West,On-Time,94,4,135.61,179.81,0.62,719.24,542.44,273.31,-269.13,-98.47,Fall,2.0,Tier 3: Dead Stock
ORD-14539,2023-05-13,Apparel,Pants,East,On-Time,39,2,314.01,649.12,0.05,1298.24,628.02,1233.33,605.31,49.08,Spring,1.0,Tier 1: Fast Mover
ORD-14540,2023-12-16,Apparel,Pants,East,On-Time,14,2,75.28,128.92,0.05,257.84,150.56,244.95,94.39,38.53,Winter,1.0,Tier 1: Fast Mover
ORD-14541,2023-06-27,Furniture,Uncategorized,East,Delayed - Customs,83,4,248.11,302.84,0.05,1211.36,992.44,1150.79,158.35,13.76,Summer,1.0,Tier 1: Fast Mover
ORD-14542,2023-10-03,Furniture,Tables,North,On-Time,129,1,233.28,304.53,0.51,304.53,233.28,149.22,-84.06,-56.33,Fall,0.0,Tier 2: Warning
ORD-14543,2023-04-03,Furniture,Desks,East,On-Time,59,1,44.49,58.44,0.0,58.44,44.49,58.44,13.95,23.87,Spring,1.0,Tier 1: Fast Mover
ORD-14544,2023-12-20,Apparel,Footwear,South,On-Time,42,2,163.4,389.22,0.0,778.44,326.8,778.44,451.64,58.02,Winter,1.0,Tier 1: Fast Mover
ORD-14545,2023-07-13,Apparel,Pants,North,On-Time,40,3,55.5,112.82,0.0,338.46,166.5,338.46,171.96,50.81,Summer,1.0,Tier 1: Fast Mover
ORD-14546,2023-12-21,Electronics,Computers,North,On-Time,43,3,119.5,245.75,0.0,737.25,358.5,737.25,378.75,51.37,Winter,1.0,Tier 1: Fast Mover
ORD-14547,2023-07-16,Furniture,Desks,South,On-Time,119,2,119.06,143.15,0.6,286.3,238.12,114.52,-123.6,-107.93,Summer,2.0,Tier 3: Dead Stock
ORD-14548,2023-06-21,Apparel,Shirts,East,On-Time,36,5,101.44,208.0,0.0,1040.0,507.2,1040.0,532.8,51.23,Summer,1.0,Tier 1: Fast Mover
ORD-14549,2023-02-02,Furniture,Desks,South,Delayed - Transit,88,3,300.8,367.04,0.54,1101.12,902.4,506.52,-395.88,-78.16,Winter,0.0,Tier 2: Warning
ORD-14550,2023-02-27,Apparel,Shirts,North,Delayed - Transit,131,1,168.22,177.38,0.52,177.38,168.22,85.14,-83.08,-97.57,Winter,2.0,Tier 3: Dead Stock
ORD-14551,2023-08-22,Electronics,Audio,West,Delayed - Customs,88,5,232.98,277.29,0.59,1386.45,1164.9,568.44,-596.46,-104.93,Summer,2.0,Tier 3: Dead Stock
ORD-14552,2023-05-30,Apparel,Shirts,East,On-Time,20,2,281.67,518.97,0.05,1037.94,563.34,986.04,422.7,42.87,Spring,1.0,Tier 1: Fast Mover
ORD-14553,2023-10-05,Apparel,Pants,West,On-Time,21,2,298.55,692.12,0.05,1384.24,597.1,1315.03,717.93,54.59,Fall,1.0,Tier 1: Fast Mover
ORD-14554,2023-05-14,Electronics,Audio,West,On-Time,31,3,300.83,670.81,0.05,2012.43,902.49,1911.81,1009.32,52.79,Spring,1.0,Tier 1: Fast Mover
ORD-14555,2023-10-23,Furniture,Chairs,West,On-Time,107,2,76.68,90.07,0.41,180.14,153.36,106.28,-47.08,-44.29,Fall,0.0,Tier 2: Warning
ORD-14556,2023-05-07,Apparel,Shirts,South,On-Time,44,5,109.48,217.82,0.05,1089.1,547.4,1034.65,487.25,47.09,Spring,1.0,Tier 1: Fast Mover
ORD-14557,2023-02-03,Electronics,Audio,West,On-Time,27,5,89.96,190.98,0.05,954.9,449.8,907.16,457.36,50.42,Winter,1.0,Tier 1: Fast Mover
ORD-14558,2023-11-24,Furniture,Desks,South,On-Time,151,2,371.62,435.22,0.46,870.44,743.24,470.04,-273.2,-58.12,Fall,0.0,Tier 2: Warning
ORD-14559,2023-06-28,Furniture,Tables,South,On-Time,115,2,368.96,410.56,0.51,821.12,737.92,402.35,-335.57,-83.4,Summer,2.0,Tier 3: Dead Stock
ORD-14560,2023-10-15,Furniture,Uncategorized,South,Delayed - Transit,122,5,139.23,181.52,0.44,907.6,696.15,508.26,-187.89,-36.97,Fall,0.0,Tier 2: Warning
ORD-14561,2023-09-14,Apparel,Shirts,West,Delayed - Transit,129,3,215.03,249.95,0.51,749.85,645.09,367.43,-277.66,-75.57,Fall,0.0,Tier 2: Warning
ORD-14562,2023-01-09,Furniture,Tables,West,On-Time,142,5,346.0,415.62,0.47,2078.1,1730.0,1101.39,-628.61,-57.07,Winter,0.0,Tier 2: Warning
ORD-14563,2023-01-02,Furniture,Chairs,West,On-Time,93,5,258.71,326.21,0.58,1631.05,1293.55,685.04,-608.51,-88.83,Winter,2.0,Tier 3: Dead Stock
ORD-14564,2023-06-28,Apparel,Footwear,South,On-Time,18,4,192.57,391.88,0.05,1567.52,770.28,1489.14,718.86,48.27,Summer,1.0,Tier 1: Fast Mover
ORD-14565,2023-02-16,Apparel,Shirts,East,On-Time,27,2,250.78,404.53,0.0,809.06,501.56,809.06,307.5,38.01,Winter,1.0,Tier 1: Fast Mover
ORD-14566,2023-03-28,Electronics,Computers,West,On-Time,26,5,313.91,752.39,0.05,3761.95,1569.55,3573.85,2004.3,56.08,Spring,1.0,Tier 1: Fast Mover
ORD-14567,2023-03-18,Electronics,Computers,South,On-Time,36,5,53.07,96.17,0.0,480.85,265.35,480.85,215.5,44.82,Spring,1.0,Tier 1: Fast Mover
ORD-14568,2023-04-03,Electronics,Audio,South,Delayed - Transit,120,1,73.94,94.01,0.46,94.01,73.94,50.77,-23.17,-45.65,Spring,0.0,Tier 2: Warning
ORD-14569,2023-06-12,Apparel,Pants,South,On-Time,24,4,27.87,45.12,0.0,180.48,111.48,180.48,69.0,38.23,Summer,1.0,Tier 1: Fast Mover
ORD-14570,2023-06-28,Apparel,Footwear,East,Delayed - Customs,96,1,245.81,286.29,0.41,286.29,245.81,168.91,-76.9,-45.53,Summer,0.0,Tier 2: Warning
ORD-14571,2023-07-06,Furniture,Desks,West,On-Time,116,1,273.2,330.76,0.61,330.76,273.2,129.0,-144.2,-111.79,Summer,2.0,Tier 3: Dead Stock
ORD-14572,2023-07-27,Electronics,Computers,East,On-Time,42,3,349.11,727.58,0.0,2182.74,1047.33,2182.74,1135.41,52.02,Summer,1.0,Tier 1: Fast Mover
ORD-14573,2023-05-24,Apparel,Footwear,North,On-Time,35,2,24.02,43.84,0.05,87.68,48.04,83.3,35.26,42.33,Spring,1.0,Tier 1: Fast Mover
ORD-14574,2023-03-31,Furniture,Desks,North,On-Time,101,4,398.67,502.74,0.51,2010.96,1594.68,985.37,-609.31,-61.84,Spring,0.0,Tier 2: Warning
ORD-14575,2023-11-20,Apparel,Pants,South,On-Time,50,5,15.88,26.45,0.05,132.25,79.4,125.64,46.24,36.8,Fall,1.0,Tier 1: Fast Mover
ORD-14576,2023-05-21,Furniture,Tables,North,On-Time,102,3,118.12,133.16,0.45,399.48,354.36,219.71,-134.65,-61.28,Spring,0.0,Tier 2: Warning
ORD-14577,2023-06-27,Apparel,Footwear,East,Delayed - Transit,105,2,174.81,220.4,0.43,440.8,349.62,251.26,-98.36,-39.15,Summer,0.0,Tier 2: Warning
ORD-14578,2023-11-01,Electronics,Computers,West,On-Time,38,5,163.2,345.14,0.05,1725.7,816.0,1639.42,823.42,50.23,Fall,1.0,Tier 1: Fast Mover
ORD-14579,2023-03-30,Electronics,Audio,South,On-Time,17,5,167.03,275.81,0.05,1379.05,835.15,1310.1,474.95,36.25,Spring,1.0,Tier 1: Fast Mover
ORD-14580,2023-01-28,Electronics,Computers,North,On-Time,10,4,38.91,64.43,0.05,257.72,155.64,244.83,89.19,36.43,Winter,1.0,Tier 1: Fast Mover
ORD-14581,2023-06-09,Apparel,Shirts,North,On-Time,41,1,323.45,546.85,0.05,546.85,323.45,519.51,196.06,37.74,Summer,1.0,Tier 1: Fast Mover
ORD-14582,2023-12-01,Apparel,Pants,West,On-Time,13,2,174.46,351.91,0.05,703.82,348.92,668.63,319.71,47.82,Winter,1.0,Tier 1: Fast Mover
ORD-14583,2023-01-20,Apparel,Shirts,South,On-Time,32,5,188.26,352.18,0.0,1760.9,941.3,1760.9,819.6,46.54,Winter,1.0,Tier 1: Fast Mover
ORD-14584,2023-07-19,Furniture,Desks,East,On-Time,139,1,64.98,87.22,0.41,87.22,64.98,51.46,-13.52,-26.27,Summer,0.0,Tier 2: Warning
ORD-14585,2023-11-05,Furniture,Desks,East,On-Time,110,3,238.48,262.97,0.6,788.91,715.44,315.56,-399.88,-126.72,Fall,2.0,Tier 3: Dead Stock
ORD-14586,2023-10-25,Furniture,Tables,East,On-Time,106,1,143.19,164.21,0.37,164.21,143.19,103.45,-39.74,-38.41,Fall,0.0,Tier 2: Warning
ORD-14587,2023-06-27,Furniture,Chairs,North,On-Time,125,3,310.16,336.91,0.42,1010.73,930.48,586.22,-344.26,-58.72,Summer,0.0,Tier 2: Warning
ORD-14588,2023-06-11,Electronics,Computers,South,On-Time,31,3,79.81,189.92,0.0,569.76,239.43,569.76,330.33,57.98,Summer,1.0,Tier 1: Fast Mover
ORD-14589,2023-10-01,Electronics,Accessories,West,On-Time,28,4,23.92,48.85,0.0,195.4,95.68,195.4,99.72,51.03,Fall,1.0,Tier 1: Fast Mover
ORD-14590,2023-08-04,Electronics,Computers,West,On-Time,21,5,95.0,159.27,0.05,796.35,475.0,756.53,281.53,37.21,Summer,1.0,Tier 1: Fast Mover
ORD-14591,2023-06-03,Apparel,Pants,North,On-Time,31,3,69.27,159.64,0.0,478.92,207.81,478.92,271.11,56.61,Summer,1.0,Tier 1: Fast Mover
ORD-14592,2023-06-28,Apparel,Footwear,West,Delayed - Customs,151,3,359.54,449.02,0.42,1347.06,1078.62,781.29,-297.33,-38.06,Summer,0.0,Tier 2: Warning
ORD-14593,2023-04-30,Furniture,Uncategorized,North,On-Time,105,1,201.88,245.62,0.4,245.62,201.88,147.37,-54.51,-36.99,Spring,0.0,Tier 2: Warning
ORD-14594,2023-05-04,Electronics,Accessories,East,On-Time,32,2,112.65,254.74,0.05,509.48,225.3,484.01,258.71,53.45,Spring,1.0,Tier 1: Fast Mover
ORD-14595,2023-06-24,Electronics,Audio,South,Delayed - Customs,89,1,209.6,222.67,0.43,222.67,209.6,126.92,-82.68,-65.14,Summer,0.0,Tier 2: Warning
ORD-14596,2023-07-23,Furniture,Desks,East,On-Time,111,5,135.41,146.06,0.61,730.3,677.05,284.82,-392.23,-137.71,Summer,2.0,Tier 3: Dead Stock
ORD-14597,2023-08-07,Electronics,Accessories,West,Delayed - Transit,105,3,191.88,206.24,0.43,618.72,575.64,352.67,-222.97,-63.22,Summer,0.0,Tier 2: Warning
ORD-14598,2023-06-08,Electronics,Computers,South,Delayed - Customs,104,1,159.31,191.29,0.4,191.29,159.31,114.77,-44.54,-38.8,Summer,0.0,Tier 2: Warning
ORD-14599,2023-08-27,Electronics,Audio,North,Delayed - Transit,114,2,137.29,162.23,0.64,324.46,274.58,116.81,-157.77,-135.07,Summer,2.0,Tier 3: Dead Stock
ORD-14600,2023-04-30,Apparel,Pants,East,On-Time,38,2,63.38,101.46,0.05,202.92,126.76,192.77,66.01,34.24,Spring,1.0,Tier 1: Fast Mover
ORD-14601,2023-06-14,Electronics,Audio,East,On-Time,29,4,168.52,339.17,0.05,1356.68,674.08,1288.85,614.77,47.7,Summer,1.0,Tier 1: Fast Mover
ORD-14602,2023-08-13,Furniture,Tables,North,On-Time,92,3,212.02,256.33,0.36,768.99,636.06,492.15,-143.91,-29.24,Summer,0.0,Tier 2: Warning
ORD-14603,2023-12-18,Furniture,Tables,East,Delayed - Transit,85,2,146.41,174.94,0.0,349.88,292.82,349.88,57.06,16.31,Winter,1.0,Tier 1: Fast Mover
ORD-14604,2023-04-29,Apparel,Pants,North,On-Time,43,1,92.31,166.99,0.05,166.99,92.31,158.64,66.33,41.81,Spring,1.0,Tier 1: Fast Mover
ORD-14605,2023-10-26,Electronics,Accessories,West,On-Time,54,4,220.63,386.7,0.05,1546.8,882.52,1469.46,586.94,39.94,Fall,1.0,Tier 1: Fast Mover
ORD-14606,2023-01-31,Electronics,Computers,East,On-Time,27,5,214.48,485.01,0.0,2425.05,1072.4,2425.05,1352.65,55.78,Winter,1.0,Tier 1: Fast Mover
ORD-14607,2023-07-20,Apparel,Footwear,West,On-Time,30,5,386.98,698.37,0.0,3491.85,1934.9,3491.85,1556.95,44.59,Summer,1.0,Tier 1: Fast Mover
ORD-14608,2023-05-18,Furniture,Chairs,West,On-Time,107,3,296.44,340.39,0.41,1021.17,889.32,602.49,-286.83,-47.61,Spring,0.0,Tier 2: Warning
ORD-14609,2023-08-11,Furniture,Chairs,East,On-Time,82,3,62.36,67.71,0.05,203.13,187.08,192.97,5.89,3.05,Summer,1.0,Tier 1: Fast Mover
ORD-14610,2023-01-27,Apparel,Pants,West,On-Time,13,1,391.22,634.93,0.05,634.93,391.22,603.18,211.96,35.14,Winter,1.0,Tier 1: Fast Mover
ORD-14611,2023-12-02,Electronics,Accessories,West,On-Time,38,4,147.76,285.76,0.0,1143.04,591.04,1143.04,552.0,48.29,Winter,1.0,Tier 1: Fast Mover
ORD-14612,2023-09-01,Electronics,Computers,West,On-Time,30,4,297.31,511.32,0.05,2045.28,1189.24,1943.02,753.78,38.79,Fall,1.0,Tier 1: Fast Mover
ORD-14613,2023-08-04,Apparel,Pants,South,On-Time,14,4,180.3,364.43,0.05,1457.72,721.2,1384.83,663.63,47.92,Summer,1.0,Tier 1: Fast Mover
ORD-14614,2023-04-10,Furniture,Desks,East,Delayed - Transit,89,2,172.38,223.96,0.59,447.92,344.76,183.65,-161.11,-87.73,Spring,2.0,Tier 3: Dead Stock
ORD-14615,2023-12-13,Electronics,Computers,West,Delayed - Customs,138,3,191.73,251.89,0.58,755.67,575.19,317.38,-257.81,-81.23,Winter,2.0,Tier 3: Dead Stock
ORD-14616,2023-03-03,Electronics,Computers,North,Delayed - Customs,112,2,393.09,469.36,0.37,938.72,786.18,591.39,-194.79,-32.94,Spring,0.0,Tier 2: Warning
ORD-14617,2023-04-28,Furniture,Tables,West,On-Time,104,4,295.04,363.62,0.5,1454.48,1180.16,727.24,-452.92,-62.28,Spring,0.0,Tier 2: Warning
ORD-14618,2023-12-30,Electronics,Accessories,South,On-Time,16,4,185.1,379.14,0.0,1516.56,740.4,1516.56,776.16,51.18,Winter,1.0,Tier 1: Fast Mover
ORD-14619,2023-08-02,Electronics,Computers,West,On-Time,45,3,187.26,445.21,0.0,1335.63,561.78,1335.63,773.85,57.94,Summer,1.0,Tier 1: Fast Mover
ORD-14620,2023-02-20,Apparel,Pants,North,Delayed - Customs,183,4,373.98,503.65,0.54,2014.6,1495.92,926.72,-569.2,-61.42,Winter,0.0,Tier 2: Warning
ORD-14621,2023-12-05,Electronics,Audio,North,On-Time,35,4,181.0,326.48,0.0,1305.92,724.0,1305.92,581.92,44.56,Winter,1.0,Tier 1: Fast Mover
ORD-14622,2023-09-26,Apparel,Footwear,East,On-Time,41,3,93.89,221.66,0.0,664.98,281.67,664.98,383.31,57.64,Fall,1.0,Tier 1: Fast Mover
ORD-14623,2023-03-17,Furniture,Chairs,North,On-Time,145,3,277.7,372.59,0.41,1117.77,833.1,659.48,-173.62,-26.33,Spring,0.0,Tier 2: Warning
ORD-14624,2023-02-14,Electronics,Accessories,East,On-Time,16,1,319.73,644.98,0.0,644.98,319.73,644.98,325.25,50.43,Winter,1.0,Tier 1: Fast Mover
ORD-14625,2023-09-12,Apparel,Footwear,North,On-Time,60,3,202.03,346.48,0.0,1039.44,606.09,1039.44,433.35,41.69,Fall,1.0,Tier 1: Fast Mover
ORD-14626,2023-11-12,Apparel,Pants,North,On-Time,21,3,26.41,45.94,0.05,137.82,79.23,130.93,51.7,39.49,Fall,1.0,Tier 1: Fast Mover
ORD-14627,2023-02-20,Electronics,Computers,North,On-Time,30,4,274.72,552.12,0.0,2208.48,1098.88,2208.48,1109.6,50.24,Winter,1.0,Tier 1: Fast Mover
ORD-14628,2023-07-23,Furniture,Tables,South,On-Time,75,4,154.8,172.45,0.0,689.8,619.2,689.8,70.6,10.23,Summer,1.0,Tier 1: Fast Mover
ORD-14629,2023-11-28,Apparel,Pants,North,On-Time,16,4,89.55,154.75,0.05,619.0,358.2,588.05,229.85,39.09,Fall,1.0,Tier 1: Fast Mover
ORD-14630,2023-02-09,Furniture,Tables,North,On-Time,91,2,62.0,70.8,0.57,141.6,124.0,60.89,-63.11,-103.65,Winter,2.0,Tier 3: Dead Stock
ORD-14631,2023-08-10,Apparel,Footwear,East,On-Time,41,2,260.33,566.2,0.0,1132.4,520.66,1132.4,611.74,54.02,Summer,1.0,Tier 1: Fast Mover
ORD-14632,2023-07-20,Furniture,Uncategorized,South,On-Time,119,4,137.99,177.53,0.54,710.12,551.96,326.66,-225.3,-68.97,Summer,0.0,Tier 2: Warning
ORD-14633,2023-07-01,Electronics,Computers,South,On-Time,42,3,322.94,543.09,0.0,1629.27,968.82,1629.27,660.45,40.54,Summer,1.0,Tier 1: Fast Mover
ORD-14634,2023-02-16,Furniture,Chairs,North,Delayed - Transit,39,5,42.82,45.11,0.0,225.55,214.1,225.55,11.45,5.08,Winter,1.0,Tier 1: Fast Mover
ORD-14635,2023-07-20,Furniture,Chairs,East,On-Time,123,3,306.66,374.65,0.48,1123.95,919.98,584.45,-335.53,-57.41,Summer,0.0,Tier 2: Warning
ORD-14636,2023-03-14,Apparel,Shirts,North,On-Time,29,5,107.81,257.8,0.05,1289.0,539.05,1224.55,685.5,55.98,Spring,1.0,Tier 1: Fast Mover
ORD-14637,2023-12-21,Furniture,Chairs,East,On-Time,88,3,119.56,132.37,0.48,397.11,358.68,206.5,-152.18,-73.7,Winter,0.0,Tier 2: Warning
ORD-14638,2023-02-01,Electronics,Accessories,North,Delayed - Customs,79,1,398.39,483.68,0.05,483.68,398.39,459.5,61.11,13.3,Winter,1.0,Tier 1: Fast Mover
ORD-14639,2023-05-21,Electronics,Accessories,South,Delayed - Customs,121,2,109.04,144.37,0.53,288.74,218.08,135.71,-82.37,-60.7,Spring,0.0,Tier 2: Warning
ORD-14640,2023-07-21,Electronics,Accessories,East,On-Time,31,2,300.53,519.17,0.0,1038.34,601.06,1038.34,437.28,42.11,Summer,1.0,Tier 1: Fast Mover
ORD-14641,2023-09-02,Electronics,Computers,South,Delayed - Customs,118,3,391.23,449.57,0.42,1348.71,1173.69,782.25,-391.44,-50.04,Fall,0.0,Tier 2: Warning
ORD-14642,2023-06-29,Apparel,Shirts,North,On-Time,20,4,265.22,618.07,0.0,2472.28,1060.88,2472.28,1411.4,57.09,Summer,1.0,Tier 1: Fast Mover
ORD-14643,2023-04-09,Apparel,Pants,West,On-Time,28,3,328.8,550.92,0.0,1652.76,986.4,1652.76,666.36,40.32,Spring,1.0,Tier 1: Fast Mover
ORD-14644,2023-03-20,Electronics,Accessories,South,On-Time,36,5,296.74,518.12,0.05,2590.6,1483.7,2461.07,977.37,39.71,Spring,1.0,Tier 1: Fast Mover
ORD-14645,2023-10-30,Furniture,Tables,South,On-Time,111,5,122.49,149.29,0.48,746.45,612.45,388.15,-224.3,-57.79,Fall,0.0,Tier 2: Warning
ORD-14646,2023-10-11,Apparel,Shirts,West,On-Time,32,3,87.01,144.71,0.0,434.13,261.03,434.13,173.1,39.87,Fall,1.0,Tier 1: Fast Mover
ORD-14647,2023-09-14,Apparel,Pants,North,On-Time,51,3,38.12,86.37,0.05,259.11,114.36,246.15,131.79,53.54,Fall,1.0,Tier 1: Fast Mover
ORD-14648,2023-03-13,Electronics,Accessories,South,On-Time,49,3,276.44,567.8,0.05,1703.4,829.32,1618.23,788.91,48.75,Spring,1.0,Tier 1: Fast Mover
ORD-14649,2023-12-30,Apparel,Pants,West,On-Time,25,1,371.83,620.16,0.05,620.16,371.83,589.15,217.32,36.89,Winter,1.0,Tier 1: Fast Mover
ORD-14650,2023-06-08,Electronics,Uncategorized,South,On-Time,34,3,78.08,125.91,0.05,377.73,234.24,358.84,124.6,34.72,Summer,1.0,Tier 1: Fast Mover
ORD-14651,2023-09-15,Electronics,Computers,South,On-Time,40,2,30.76,64.85,0.05,129.7,61.52,123.22,61.7,50.07,Fall,1.0,Tier 1: Fast Mover
ORD-14652,2023-07-20,Apparel,Footwear,West,On-Time,37,3,148.6,271.44,0.05,814.32,445.8,773.6,327.8,42.37,Summer,1.0,Tier 1: Fast Mover
ORD-14653,2023-05-12,Furniture,Chairs,West,On-Time,114,1,27.05,31.88,0.61,31.88,27.05,12.43,-14.62,-117.56,Spring,2.0,Tier 3: Dead Stock
ORD-14654,2023-06-06,Furniture,Desks,West,On-Time,74,4,186.87,238.58,0.05,954.32,747.48,906.6,159.12,17.55,Summer,1.0,Tier 1: Fast Mover
ORD-14655,2023-11-20,Furniture,Desks,West,On-Time,67,1,19.27,25.78,0.0,25.78,19.27,25.78,6.51,25.25,Fall,1.0,Tier 1: Fast Mover
ORD-14656,2023-03-17,Apparel,Shirts,South,On-Time,22,4,213.34,453.4,0.0,1813.6,853.36,1813.6,960.24,52.95,Spring,1.0,Tier 1: Fast Mover
ORD-14657,2023-09-06,Furniture,Desks,South,On-Time,135,5,239.74,254.16,0.43,1270.8,1198.7,724.36,-474.34,-65.48,Fall,0.0,Tier 2: Warning
ORD-14658,2023-07-24,Electronics,Audio,West,On-Time,43,1,138.24,294.82,0.05,294.82,138.24,280.08,141.84,50.64,Summer,1.0,Tier 1: Fast Mover
ORD-14659,2023-04-23,Furniture,Desks,North,On-Time,99,1,98.86,109.3,0.5,109.3,98.86,54.65,-44.21,-80.9,Spring,2.0,Tier 3: Dead Stock
ORD-14660,2023-08-28,Apparel,Footwear,East,On-Time,20,2,348.53,743.65,0.0,1487.3,697.06,1487.3,790.24,53.13,Summer,1.0,Tier 1: Fast Mover
ORD-14661,2023-03-03,Electronics,Audio,West,Delayed - Transit,113,3,122.74,149.68,0.37,449.04,368.22,282.9,-85.32,-30.16,Spring,0.0,Tier 2: Warning
ORD-14662,2023-08-25,Furniture,Chairs,West,On-Time,122,1,375.26,418.37,0.49,418.37,375.26,213.37,-161.89,-75.87,Summer,0.0,Tier 2: Warning
ORD-14663,2023-09-06,Furniture,Chairs,North,On-Time,125,1,246.93,331.21,0.38,331.21,246.93,205.35,-41.58,-20.25,Fall,0.0,Tier 2: Warning
ORD-14664,2023-02-16,Furniture,Tables,South,On-Time,93,4,390.06,453.57,0.41,1814.28,1560.24,1070.43,-489.81,-45.76,Winter,0.0,Tier 2: Warning
ORD-14665,2023-04-19,Electronics,Computers,East,On-Time,36,5,213.46,430.51,0.0,2152.55,1067.3,2152.55,1085.25,50.42,Spring,1.0,Tier 1: Fast Mover
ORD-14666,2023-02-24,Apparel,Footwear,South,On-Time,20,4,204.77,444.09,0.0,1776.36,819.08,1776.36,957.28,53.89,Winter,1.0,Tier 1: Fast Mover
ORD-14667,2023-10-18,Electronics,Computers,West,On-Time,30,4,31.76,60.78,0.0,243.12,127.04,243.12,116.08,47.75,Fall,1.0,Tier 1: Fast Mover
ORD-14668,2023-11-19,Apparel,Pants,East,On-Time,15,5,383.34,739.67,0.05,3698.35,1916.7,3513.43,1596.73,45.45,Fall,1.0,Tier 1: Fast Mover
ORD-14669,2023-06-13,Furniture,Desks,West,Delayed - Transit,84,2,33.9,39.44,0.05,78.88,67.8,74.94,7.14,9.52,Summer,1.0,Tier 1: Fast Mover
ORD-14670,2023-11-15,Electronics,Computers,West,Delayed - Transit,107,3,48.17,64.82,0.62,194.46,144.51,73.89,-70.62,-95.56,Fall,2.0,Tier 3: Dead Stock
ORD-14671,2023-11-03,Electronics,Audio,East,On-Time,27,1,346.46,691.68,0.0,691.68,346.46,691.68,345.22,49.91,Fall,1.0,Tier 1: Fast Mover
ORD-14672,2023-06-30,Apparel,Footwear,North,On-Time,37,4,167.03,342.01,0.0,1368.04,668.12,1368.04,699.92,51.16,Summer,1.0,Tier 1: Fast Mover
ORD-14673,2023-06-21,Furniture,Desks,North,On-Time,120,1,182.17,198.63,0.54,198.63,182.17,91.37,-90.8,-99.38,Summer,2.0,Tier 3: Dead Stock
ORD-14674,2023-02-04,Electronics,Accessories,North,On-Time,11,5,249.14,418.32,0.0,2091.6,1245.7,2091.6,845.9,40.44,Winter,1.0,Tier 1: Fast Mover
ORD-14675,2023-07-24,Furniture,Chairs,East,On-Time,121,5,228.97,288.29,0.59,1441.45,1144.85,590.99,-553.86,-93.72,Summer,2.0,Tier 3: Dead Stock
ORD-14676,2023-06-22,Furniture,Desks,North,On-Time,110,5,243.07,283.12,0.64,1415.6,1215.35,509.62,-705.73,-138.48,Summer,2.0,Tier 3: Dead Stock
ORD-14677,2023-09-14,Electronics,Computers,East,Delayed - Transit,153,1,77.42,86.53,0.37,86.53,77.42,54.51,-22.91,-42.02,Fall,0.0,Tier 2: Warning
ORD-14678,2023-06-07,Furniture,Tables,South,On-Time,123,5,199.89,221.66,0.45,1108.3,999.45,609.57,-389.89,-63.96,Summer,0.0,Tier 2: Warning
ORD-14679,2023-12-03,Apparel,Shirts,East,On-Time,25,1,335.91,589.06,0.05,589.06,335.91,559.61,223.7,39.97,Winter,1.0,Tier 1: Fast Mover
ORD-14680,2023-11-30,Furniture,Desks,West,On-Time,126,3,262.95,308.13,0.53,924.39,788.85,434.46,-354.39,-81.57,Fall,2.0,Tier 3: Dead Stock
ORD-14681,2023-10-16,Apparel,Pants,South,Delayed - Customs,146,5,187.93,244.23,0.46,1221.15,939.65,659.42,-280.23,-42.5,Fall,0.0,Tier 2: Warning
ORD-14682,2023-12-25,Furniture,Tables,North,On-Time,137,1,125.94,137.48,0.44,137.48,125.94,76.99,-48.95,-63.58,Winter,0.0,Tier 2: Warning
ORD-14683,2023-03-20,Electronics,Audio,West,Delayed - Customs,135,5,329.59,356.18,0.42,1780.9,1647.95,1032.92,-615.03,-59.54,Spring,0.0,Tier 2: Warning
ORD-14684,2023-09-12,Apparel,Pants,West,On-Time,40,3,348.52,772.39,0.0,2317.17,1045.56,2317.17,1271.61,54.88,Fall,1.0,Tier 1: Fast Mover
ORD-14685,2023-02-26,Electronics,Accessories,South,Delayed - Transit,118,4,62.16,80.15,0.52,320.6,248.64,153.89,-94.75,-61.57,Winter,0.0,Tier 2: Warning
ORD-14686,2023-02-03,Apparel,Pants,North,On-Time,28,2,314.2,504.53,0.05,1009.06,628.4,958.61,330.21,34.45,Winter,1.0,Tier 1: Fast Mover
ORD-14687,2023-08-29,Apparel,Footwear,South,Delayed - Transit,104,3,197.1,263.08,0.63,789.24,591.3,292.02,-299.28,-102.49,Summer,2.0,Tier 3: Dead Stock
ORD-14688,2023-03-22,Apparel,Uncategorized,South,On-Time,36,5,291.27,658.11,0.0,3290.55,1456.35,3290.55,1834.2,55.74,Spring,1.0,Tier 1: Fast Mover
ORD-14689,2023-06-25,Electronics,Computers,North,On-Time,43,3,312.38,615.67,0.0,1847.01,937.14,1847.01,909.87,49.26,Summer,1.0,Tier 1: Fast Mover
ORD-14690,2023-06-07,Apparel,Footwear,North,On-Time,44,2,183.21,324.89,0.0,649.78,366.42,649.78,283.36,43.61,Summer,1.0,Tier 1: Fast Mover
ORD-14691,2023-01-10,Furniture,Chairs,South,On-Time,115,3,20.58,25.32,0.61,75.96,61.74,29.62,-32.12,-108.41,Winter,2.0,Tier 3: Dead Stock
ORD-14692,2023-09-09,Electronics,Uncategorized,North,On-Time,36,5,373.89,632.86,0.05,3164.3,1869.45,3006.09,1136.64,37.81,Fall,1.0,Tier 1: Fast Mover
ORD-14693,2023-04-09,Apparel,Shirts,North,Delayed - Customs,144,1,383.54,442.94,0.5,442.94,383.54,221.47,-162.07,-73.18,Spring,0.0,Tier 2: Warning
ORD-14694,2023-03-25,Furniture,Tables,North,On-Time,149,5,327.3,411.97,0.61,2059.85,1636.5,803.34,-833.16,-103.71,Spring,2.0,Tier 3: Dead Stock
ORD-14695,2023-10-23,Electronics,Computers,East,On-Time,16,5,355.41,627.54,0.0,3137.7,1777.05,3137.7,1360.65,43.36,Fall,1.0,Tier 1: Fast Mover
ORD-14696,2023-09-27,Furniture,Chairs,North,On-Time,81,4,272.13,318.66,0.05,1274.64,1088.52,1210.91,122.39,10.11,Fall,1.0,Tier 1: Fast Mover
ORD-14697,2023-10-14,Furniture,Uncategorized,West,On-Time,115,5,380.44,446.2,0.59,2231.0,1902.2,914.71,-987.49,-107.96,Fall,2.0,Tier 3: Dead Stock
ORD-14698,2023-07-31,Furniture,Tables,South,Delayed - Customs,105,3,150.61,171.98,0.63,515.94,451.83,190.9,-260.93,-136.69,Summer,2.0,Tier 3: Dead Stock
ORD-14699,2023-04-04,Apparel,Pants,West,On-Time,25,3,316.72,590.79,0.0,1772.37,950.16,1772.37,822.21,46.39,Spring,1.0,Tier 1: Fast Mover
ORD-14700,2023-10-23,Furniture,Desks,East,On-Time,163,1,109.66,140.73,0.37,140.73,109.66,88.66,-21.0,-23.69,Fall,0.0,Tier 2: Warning
ORD-14701,2023-12-12,Apparel,Footwear,North,On-Time,29,3,249.64,527.43,0.0,1582.29,748.92,1582.29,833.37,52.67,Winter,1.0,Tier 1: Fast Mover
ORD-14702,2023-01-15,Furniture,Tables,West,On-Time,72,1,313.93,369.04,0.05,369.04,313.93,350.59,36.66,10.46,Winter,1.0,Tier 1: Fast Mover
ORD-14703,2023-05-15,Furniture,Tables,East,On-Time,126,4,389.2,461.97,0.49,1847.88,1556.8,942.42,-614.38,-65.19,Spring,0.0,Tier 2: Warning
ORD-14704,2023-05-11,Apparel,Footwear,North,On-Time,37,5,375.13,602.84,0.05,3014.2,1875.65,2863.49,987.84,34.5,Spring,1.0,Tier 1: Fast Mover
ORD-14705,2023-11-18,Electronics,Audio,West,On-Time,43,2,192.45,389.53,0.05,779.06,384.9,740.11,355.21,47.99,Fall,1.0,Tier 1: Fast Mover
ORD-14706,2023-11-03,Furniture,Chairs,East,Delayed - Customs,151,2,308.14,332.28,0.53,664.56,616.28,312.34,-303.94,-97.31,Fall,2.0,Tier 3: Dead Stock
ORD-14707,2023-01-11,Electronics,Computers,North,Delayed - Transit,104,5,345.01,392.32,0.44,1961.6,1725.05,1098.5,-626.55,-57.04,Winter,0.0,Tier 2: Warning
ORD-14708,2023-05-30,Apparel,Shirts,North,On-Time,44,2,70.22,115.72,0.05,231.44,140.44,219.87,79.43,36.13,Spring,1.0,Tier 1: Fast Mover
ORD-14709,2023-01-09,Apparel,Pants,South,On-Time,34,4,341.48,730.43,0.05,2921.72,1365.92,2775.63,1409.71,50.79,Winter,1.0,Tier 1: Fast Mover
ORD-14710,2023-10-08,Furniture,Chairs,South,On-Time,107,5,111.18,133.73,0.59,668.65,555.9,274.15,-281.75,-102.77,Fall,2.0,Tier 3: Dead Stock
ORD-14711,2023-03-16,Apparel,Footwear,West,On-Time,26,3,176.12,376.67,0.0,1130.01,528.36,1130.01,601.65,53.24,Spring,1.0,Tier 1: Fast Mover
ORD-14712,2023-03-03,Furniture,Desks,South,On-Time,112,3,326.68,390.14,0.44,1170.42,980.04,655.44,-324.6,-49.53,Spring,0.0,Tier 2: Warning
ORD-14713,2023-06-06,Apparel,Pants,East,On-Time,48,2,277.11,625.19,0.05,1250.38,554.22,1187.86,633.64,53.34,Summer,1.0,Tier 1: Fast Mover
ORD-14714,2023-05-30,Apparel,Shirts,North,Delayed - Transit,118,5,242.64,271.6,0.42,1358.0,1213.2,787.64,-425.56,-54.03,Spring,0.0,Tier 2: Warning
ORD-14715,2023-05-30,Furniture,Desks,North,On-Time,94,4,208.58,271.32,0.52,1085.28,834.32,520.93,-313.39,-60.16,Spring,0.0,Tier 2: Warning
ORD-14716,2023-11-08,Furniture,Chairs,East,Delayed - Transit,118,2,186.66,223.32,0.58,446.64,373.32,187.59,-185.73,-99.01,Fall,2.0,Tier 3: Dead Stock
ORD-14717,2023-01-02,Furniture,Tables,South,On-Time,129,3,186.22,236.27,0.6,708.81,558.66,283.52,-275.14,-97.04,Winter,2.0,Tier 3: Dead Stock
ORD-14718,2023-05-16,Apparel,Footwear,East,Delayed - Customs,130,1,149.37,173.36,0.61,173.36,149.37,67.61,-81.76,-120.93,Spring,2.0,Tier 3: Dead Stock
ORD-14719,2023-10-24,Electronics,Accessories,East,On-Time,18,5,88.62,176.92,0.0,884.6,443.1,884.6,441.5,49.91,Fall,1.0,Tier 1: Fast Mover
ORD-14720,2023-07-28,Furniture,Desks,North,On-Time,87,1,24.25,32.0,0.38,32.0,24.25,19.84,-4.41,-22.23,Summer,0.0,Tier 2: Warning
ORD-14721,2023-07-04,Apparel,Pants,East,Delayed - Customs,83,5,347.43,409.2,0.0,2046.0,1737.15,2046.0,308.85,15.1,Summer,1.0,Tier 1: Fast Mover
ORD-14722,2023-06-20,Electronics,Computers,South,On-Time,14,2,338.08,770.96,0.05,1541.92,676.16,1464.82,788.66,53.84,Summer,1.0,Tier 1: Fast Mover
ORD-14723,2023-07-24,Electronics,Accessories,North,Delayed - Transit,101,2,65.88,71.18,0.51,142.36,131.76,69.76,-62.0,-88.89,Summer,2.0,Tier 3: Dead Stock
ORD-14724,2023-12-14,Apparel,Shirts,West,On-Time,31,1,132.78,241.37,0.05,241.37,132.78,229.3,96.52,42.09,Winter,1.0,Tier 1: Fast Mover
ORD-14725,2023-12-18,Apparel,Pants,North,On-Time,31,5,306.34,574.01,0.0,2870.05,1531.7,2870.05,1338.35,46.63,Winter,1.0,Tier 1: Fast Mover
ORD-14726,2023-09-04,Apparel,Pants,East,On-Time,31,4,337.39,617.16,0.05,2468.64,1349.56,2345.21,995.65,42.45,Fall,1.0,Tier 1: Fast Mover
ORD-14727,2023-10-28,Electronics,Audio,South,On-Time,38,5,214.88,369.12,0.05,1845.6,1074.4,1753.32,678.92,38.72,Fall,1.0,Tier 1: Fast Mover
ORD-14728,2023-02-01,Apparel,Footwear,South,Delayed - Transit,135,4,310.97,407.22,0.53,1628.88,1243.88,765.57,-478.31,-62.48,Winter,0.0,Tier 2: Warning
ORD-14729,2023-12-15,Electronics,Computers,South,Delayed - Transit,112,5,101.17,107.81,0.59,539.05,505.85,221.01,-284.84,-128.88,Winter,2.0,Tier 3: Dead Stock
ORD-14730,2023-09-15,Electronics,Audio,North,Delayed - Customs,89,2,313.47,331.42,0.51,662.84,626.94,324.79,-302.15,-93.03,Fall,2.0,Tier 3: Dead Stock
ORD-14731,2023-02-26,Furniture,Desks,East,Delayed - Customs,113,1,381.33,471.43,0.56,471.43,381.33,207.43,-173.9,-83.84,Winter,2.0,Tier 3: Dead Stock
ORD-14732,2023-09-28,Furniture,Tables,North,On-Time,116,3,37.66,48.61,0.61,145.83,112.98,56.87,-56.11,-98.65,Fall,2.0,Tier 3: Dead Stock
ORD-14733,2023-08-05,Furniture,Tables,North,On-Time,90,5,359.46,398.42,0.6,1992.1,1797.3,796.84,-1000.46,-125.55,Summer,2.0,Tier 3: Dead Stock
ORD-14734,2023-12-07,Electronics,Audio,North,On-Time,28,2,40.02,84.25,0.0,168.5,80.04,168.5,88.46,52.5,Winter,1.0,Tier 1: Fast Mover
ORD-14735,2023-12-24,Electronics,Audio,South,On-Time,29,4,230.81,504.3,0.05,2017.2,923.24,1916.34,993.1,51.82,Winter,1.0,Tier 1: Fast Mover
ORD-14736,2023-09-13,Apparel,Footwear,South,Delayed - Transit,119,4,362.92,435.44,0.49,1741.76,1451.68,888.3,-563.38,-63.42,Fall,0.0,Tier 2: Warning
ORD-14737,2023-01-14,Apparel,Footwear,West,Delayed - Transit,138,4,308.01,391.54,0.47,1566.16,1232.04,830.06,-401.98,-48.43,Winter,0.0,Tier 2: Warning
ORD-14738,2023-07-23,Furniture,Tables,North,On-Time,123,4,18.37,19.78,0.36,79.12,73.48,50.64,-22.84,-45.11,Summer,0.0,Tier 2: Warning
ORD-14739,2023-04-16,Apparel,Shirts,West,On-Time,6,5,395.47,708.37,0.05,3541.85,1977.35,3364.76,1387.41,41.23,Spring,1.0,Tier 1: Fast Mover
ORD-14740,2023-02-13,Electronics,Audio,South,On-Time,43,1,88.86,198.02,0.0,198.02,88.86,198.02,109.16,55.13,Winter,1.0,Tier 1: Fast Mover
ORD-14741,2023-07-04,Apparel,Shirts,West,Delayed - Transit,90,2,251.07,338.84,0.39,677.68,502.14,413.38,-88.76,-21.47,Summer,0.0,Tier 2: Warning
ORD-14742,2023-11-10,Furniture,Desks,East,On-Time,82,2,147.88,181.73,0.0,363.46,295.76,363.46,67.7,18.63,Fall,1.0,Tier 1: Fast Mover
ORD-14743,2023-10-07,Furniture,Desks,East,On-Time,144,1,289.64,322.86,0.52,322.86,289.64,154.97,-134.67,-86.9,Fall,2.0,Tier 3: Dead Stock
ORD-14744,2023-06-04,Furniture,Chairs,West,On-Time,116,2,53.01,60.93,0.57,121.86,106.02,52.4,-53.62,-102.33,Summer,2.0,Tier 3: Dead Stock
ORD-14745,2023-05-23,Apparel,Footwear,West,Delayed - Transit,111,5,67.38,71.13,0.55,355.65,336.9,160.04,-176.86,-110.51,Spring,2.0,Tier 3: Dead Stock
ORD-14746,2023-04-22,Electronics,Accessories,West,On-Time,33,3,342.56,786.44,0.0,2359.32,1027.68,2359.32,1331.64,56.44,Spring,1.0,Tier 1: Fast Mover
ORD-14747,2023-12-06,Apparel,Footwear,North,On-Time,9,5,287.06,497.01,0.0,2485.05,1435.3,2485.05,1049.75,42.24,Winter,1.0,Tier 1: Fast Mover
ORD-14748,2023-12-15,Apparel,Shirts,North,On-Time,34,2,52.09,84.23,0.0,168.46,104.18,168.46,64.28,38.16,Winter,1.0,Tier 1: Fast Mover
ORD-14749,2023-05-23,Electronics,Audio,North,Delayed - Customs,147,3,91.57,112.0,0.61,336.0,274.71,131.04,-143.67,-109.64,Spring,2.0,Tier 3: Dead Stock
ORD-14750,2023-01-31,Apparel,Footwear,East,Delayed - Transit,78,5,356.04,448.97,0.05,2244.85,1780.2,2132.61,352.41,16.52,Winter,1.0,Tier 1: Fast Mover
ORD-14751,2023-05-30,Electronics,Audio,East,On-Time,38,3,332.11,616.48,0.0,1849.44,996.33,1849.44,853.11,46.13,Spring,1.0,Tier 1: Fast Mover
ORD-14752,2023-03-26,Furniture,Tables,South,Delayed - Customs,111,1,79.19,91.23,0.53,91.23,79.19,42.88,-36.31,-84.69,Spring,2.0,Tier 3: Dead Stock
ORD-14753,2023-03-26,Electronics,Audio,North,Delayed - Transit,102,4,41.69,52.87,0.64,211.48,166.76,76.13,-90.63,-119.04,Spring,2.0,Tier 3: Dead Stock
ORD-14754,2023-01-19,Furniture,Tables,West,On-Time,119,3,304.42,363.07,0.44,1089.21,913.26,609.96,-303.3,-49.73,Winter,0.0,Tier 2: Warning
ORD-14755,2023-10-15,Furniture,Desks,North,On-Time,111,3,130.1,168.52,0.39,505.56,390.3,308.39,-81.91,-26.56,Fall,0.0,Tier 2: Warning
ORD-14756,2023-11-03,Furniture,Desks,South,On-Time,132,3,312.13,352.56,0.36,1057.68,936.39,676.92,-259.47,-38.33,Fall,0.0,Tier 2: Warning
ORD-14757,2023-04-15,Furniture,Desks,East,On-Time,158,1,265.07,353.83,0.64,353.83,265.07,127.38,-137.69,-108.1,Spring,2.0,Tier 3: Dead Stock
ORD-14758,2023-07-26,Furniture,Chairs,West,On-Time,39,2,273.19,357.83,0.0,715.66,546.38,715.66,169.28,23.65,Summer,1.0,Tier 1: Fast Mover
ORD-14759,2023-07-17,Electronics,Accessories,West,On-Time,29,5,256.52,564.71,0.05,2823.55,1282.6,2682.37,1399.77,52.18,Summer,1.0,Tier 1: Fast Mover
ORD-14760,2023-01-26,Electronics,Accessories,North,Delayed - Transit,126,2,274.14,316.57,0.62,633.14,548.28,240.59,-307.69,-127.89,Winter,2.0,Tier 3: Dead Stock
ORD-14761,2023-06-04,Furniture,Uncategorized,West,Delayed - Transit,55,2,86.45,101.8,0.05,203.6,172.9,193.42,20.52,10.61,Summer,1.0,Tier 1: Fast Mover
ORD-14762,2023-03-07,Furniture,Desks,South,On-Time,129,3,108.39,130.08,0.59,390.24,325.17,160.0,-165.17,-103.23,Spring,2.0,Tier 3: Dead Stock
ORD-14763,2023-04-03,Furniture,Chairs,North,On-Time,113,4,371.77,398.4,0.61,1593.6,1487.08,621.5,-865.58,-139.27,Spring,2.0,Tier 3: Dead Stock
ORD-14764,2023-05-02,Electronics,Accessories,West,On-Time,37,3,26.01,61.72,0.05,185.16,78.03,175.9,97.87,55.64,Spring,1.0,Tier 1: Fast Mover
ORD-14765,2023-01-27,Furniture,Tables,West,On-Time,115,2,368.73,494.05,0.53,988.1,737.46,464.41,-273.05,-58.8,Winter,0.0,Tier 2: Warning
ORD-14766,2023-05-23,Apparel,Shirts,South,On-Time,21,5,162.81,283.73,0.0,1418.65,814.05,1418.65,604.6,42.62,Spring,1.0,Tier 1: Fast Mover
ORD-14767,2023-06-04,Furniture,Chairs,South,On-Time,129,2,129.21,140.47,0.4,280.94,258.42,168.56,-89.86,-53.31,Summer,0.0,Tier 2: Warning
ORD-14768,2023-08-27,Electronics,Audio,North,On-Time,31,2,310.01,570.63,0.05,1141.26,620.02,1084.2,464.18,42.81,Summer,1.0,Tier 1: Fast Mover
ORD-14769,2023-06-11,Electronics,Accessories,East,Delayed - Transit,151,4,253.3,323.99,0.46,1295.96,1013.2,699.82,-313.38,-44.78,Summer,0.0,Tier 2: Warning
ORD-14770,2023-02-21,Electronics,Audio,East,On-Time,33,3,327.71,616.85,0.0,1850.55,983.13,1850.55,867.42,46.87,Winter,1.0,Tier 1: Fast Mover
ORD-14771,2023-09-10,Apparel,Footwear,East,Delayed - Transit,109,1,307.0,366.02,0.4,366.02,307.0,219.61,-87.39,-39.79,Fall,0.0,Tier 2: Warning
ORD-14772,2023-05-28,Furniture,Tables,South,On-Time,153,2,195.9,230.52,0.44,461.04,391.8,258.18,-133.62,-51.75,Spring,0.0,Tier 2: Warning
ORD-14773,2023-06-24,Furniture,Tables,East,Delayed - Transit,96,2,347.99,407.88,0.53,815.76,695.98,383.41,-312.57,-81.53,Summer,2.0,Tier 3: Dead Stock
ORD-14774,2023-03-28,Apparel,Pants,West,Delayed - Transit,161,5,323.46,406.61,0.44,2033.05,1617.3,1138.51,-478.79,-42.05,Spring,0.0,Tier 2: Warning
ORD-14775,2023-11-08,Apparel,Pants,North,On-Time,44,2,69.27,148.05,0.05,296.1,138.54,281.3,142.76,50.75,Fall,1.0,Tier 1: Fast Mover
ORD-14776,2023-09-23,Furniture,Chairs,West,On-Time,61,5,313.55,403.38,0.0,2016.9,1567.75,2016.9,449.15,22.27,Fall,1.0,Tier 1: Fast Mover
ORD-14777,2023-03-04,Furniture,Desks,West,Delayed - Customs,116,2,209.15,246.13,0.42,492.26,418.3,285.51,-132.79,-46.51,Spring,0.0,Tier 2: Warning
ORD-14778,2023-10-13,Furniture,Desks,South,On-Time,105,2,92.27,114.32,0.64,228.64,184.54,82.31,-102.23,-124.2,Fall,2.0,Tier 3: Dead Stock
ORD-14779,2023-08-21,Furniture,Desks,South,On-Time,138,1,182.18,210.18,0.52,210.18,182.18,100.89,-81.29,-80.58,Summer,2.0,Tier 3: Dead Stock
ORD-14780,2023-11-14,Furniture,Uncategorized,South,On-Time,146,1,313.03,355.75,0.44,355.75,313.03,199.22,-113.81,-57.13,Fall,0.0,Tier 2: Warning
ORD-14781,2023-06-29,Furniture,Desks,North,On-Time,87,3,367.6,454.76,0.41,1364.28,1102.8,804.93,-297.87,-37.01,Summer,0.0,Tier 2: Warning
ORD-14782,2023-01-07,Electronics,Computers,West,Delayed - Transit,105,5,303.37,404.8,0.44,2024.0,1516.85,1133.44,-383.41,-33.83,Winter,0.0,Tier 2: Warning
ORD-14783,2023-11-10,Electronics,Audio,South,On-Time,27,2,199.75,461.4,0.05,922.8,399.5,876.66,477.16,54.43,Fall,1.0,Tier 1: Fast Mover
ORD-14784,2023-06-15,Furniture,Tables,North,Delayed - Customs,124,5,21.36,23.3,0.52,116.5,106.8,55.92,-50.88,-90.99,Summer,2.0,Tier 3: Dead Stock
ORD-14785,2023-08-28,Furniture,Desks,East,On-Time,148,4,31.43,38.57,0.46,154.28,125.72,83.31,-42.41,-50.9,Summer,0.0,Tier 2: Warning
ORD-14786,2023-12-26,Electronics,Audio,East,On-Time,30,4,212.0,369.69,0.0,1478.76,848.0,1478.76,630.76,42.65,Winter,1.0,Tier 1: Fast Mover
ORD-14787,2023-03-27,Apparel,Pants,North,On-Time,42,3,53.04,115.87,0.0,347.61,159.12,347.61,188.49,54.22,Spring,1.0,Tier 1: Fast Mover
ORD-14788,2023-12-12,Apparel,Shirts,East,On-Time,9,2,122.63,242.24,0.05,484.48,245.26,460.26,215.0,46.71,Winter,1.0,Tier 1: Fast Mover
ORD-14789,2023-07-14,Furniture,Tables,West,On-Time,93,3,315.57,403.02,0.44,1209.06,946.71,677.07,-269.64,-39.82,Summer,0.0,Tier 2: Warning
ORD-14790,2023-04-16,Electronics,Computers,West,Delayed - Transit,136,4,332.04,394.89,0.52,1579.56,1328.16,758.19,-569.97,-75.18,Spring,0.0,Tier 2: Warning
ORD-14791,2023-10-13,Electronics,Audio,South,On-Time,29,3,48.52,77.71,0.0,233.13,145.56,233.13,87.57,37.56,Fall,1.0,Tier 1: Fast Mover
ORD-14792,2023-07-20,Furniture,Uncategorized,East,On-Time,108,4,149.16,168.53,0.47,674.12,596.64,357.28,-239.36,-66.99,Summer,0.0,Tier 2: Warning
ORD-14793,2023-07-06,Electronics,Computers,East,Delayed - Customs,94,3,230.09,252.08,0.46,756.24,690.27,408.37,-281.9,-69.03,Summer,0.0,Tier 2: Warning
ORD-14794,2023-03-26,Furniture,Tables,East,On-Time,118,5,341.13,438.09,0.59,2190.45,1705.65,898.08,-807.57,-89.92,Spring,2.0,Tier 3: Dead Stock
ORD-14795,2023-01-24,Apparel,Shirts,East,On-Time,23,4,259.02,576.1,0.05,2304.4,1036.08,2189.18,1153.1,52.67,Winter,1.0,Tier 1: Fast Mover
ORD-14796,2023-03-31,Electronics,Accessories,East,On-Time,35,5,168.36,374.72,0.05,1873.6,841.8,1779.92,938.12,52.71,Spring,1.0,Tier 1: Fast Mover
ORD-14797,2023-11-27,Furniture,Desks,North,On-Time,99,4,77.37,104.29,0.62,417.16,309.48,158.52,-150.96,-95.23,Fall,2.0,Tier 3: Dead Stock
ORD-14798,2023-11-25,Apparel,Shirts,East,On-Time,15,1,72.62,161.69,0.05,161.69,72.62,153.61,80.99,52.72,Fall,1.0,Tier 1: Fast Mover
ORD-14799,2023-09-01,Electronics,Computers,South,Delayed - Customs,126,2,276.39,346.53,0.37,693.06,552.78,436.63,-116.15,-26.6,Fall,0.0,Tier 2: Warning
ORD-14800,2023-12-01,Furniture,Chairs,East,Delayed - Customs,139,5,19.91,21.89,0.53,109.45,99.55,51.44,-48.11,-93.52,Winter,2.0,Tier 3: Dead Stock
ORD-14801,2023-12-11,Furniture,Chairs,North,On-Time,137,5,143.96,188.81,0.63,944.05,719.8,349.3,-370.5,-106.07,Winter,2.0,Tier 3: Dead Stock
ORD-14802,2023-10-06,Furniture,Chairs,North,On-Time,97,4,23.26,28.53,0.46,114.12,93.04,61.62,-31.42,-50.98,Fall,0.0,Tier 2: Warning
ORD-14803,2023-09-24,Apparel,Footwear,East,On-Time,51,1,122.83,253.82,0.05,253.82,122.83,241.13,118.3,49.06,Fall,1.0,Tier 1: Fast Mover
ORD-14804,2023-06-01,Apparel,Pants,West,On-Time,18,2,32.02,73.7,0.05,147.4,64.04,140.03,75.99,54.27,Summer,1.0,Tier 1: Fast Mover
ORD-14805,2023-03-08,Electronics,Audio,South,On-Time,35,1,29.92,48.03,0.0,48.03,29.92,48.03,18.11,37.71,Spring,1.0,Tier 1: Fast Mover
ORD-14806,2023-03-04,Furniture,Tables,South,On-Time,112,4,371.77,441.59,0.42,1766.36,1487.08,1024.49,-462.59,-45.15,Spring,0.0,Tier 2: Warning
ORD-14807,2023-07-08,Electronics,Audio,East,Delayed - Transit,133,5,30.03,36.01,0.45,180.05,150.15,99.03,-51.12,-51.62,Summer,0.0,Tier 2: Warning
ORD-14808,2023-12-08,Electronics,Audio,West,On-Time,39,2,34.13,58.88,0.05,117.76,68.26,111.87,43.61,38.98,Winter,1.0,Tier 1: Fast Mover
ORD-14809,2023-08-11,Apparel,Pants,West,On-Time,39,2,379.37,836.08,0.05,1672.16,758.74,1588.55,829.81,52.24,Summer,1.0,Tier 1: Fast Mover
ORD-14810,2023-05-30,Furniture,Tables,South,On-Time,116,2,156.06,170.88,0.64,341.76,312.12,123.03,-189.09,-153.69,Spring,2.0,Tier 3: Dead Stock
ORD-14811,2023-12-30,Apparel,Footwear,South,On-Time,22,5,147.03,329.65,0.0,1648.25,735.15,1648.25,913.1,55.4,Winter,1.0,Tier 1: Fast Mover
ORD-14812,2023-03-25,Electronics,Audio,West,Delayed - Transit,91,5,67.65,82.87,0.39,414.35,338.25,252.75,-85.5,-33.83,Spring,0.0,Tier 2: Warning
ORD-14813,2023-03-22,Apparel,Footwear,South,On-Time,28,2,168.68,359.94,0.0,719.88,337.36,719.88,382.52,53.14,Spring,1.0,Tier 1: Fast Mover
ORD-14814,2023-07-19,Apparel,Footwear,West,Delayed - Transit,97,3,346.17,454.81,0.58,1364.43,1038.51,573.06,-465.45,-81.22,Summer,2.0,Tier 3: Dead Stock
ORD-14815,2023-11-04,Electronics,Computers,South,Delayed - Customs,92,1,385.07,460.71,0.47,460.71,385.07,244.18,-140.89,-57.7,Fall,0.0,Tier 2: Warning
ORD-14816,2023-10-26,Apparel,Shirts,North,On-Time,18,3,392.5,727.57,0.05,2182.71,1177.5,2073.57,896.07,43.21,Fall,1.0,Tier 1: Fast Mover
ORD-14817,2023-11-08,Apparel,Shirts,West,Delayed - Customs,69,4,88.95,115.25,0.0,461.0,355.8,461.0,105.2,22.82,Fall,1.0,Tier 1: Fast Mover
ORD-14818,2023-12-18,Apparel,Uncategorized,East,On-Time,26,5,263.91,595.64,0.05,2978.2,1319.55,2829.29,1509.74,53.36,Winter,1.0,Tier 1: Fast Mover
ORD-14819,2023-05-13,Apparel,Shirts,East,On-Time,26,3,247.78,507.39,0.05,1522.17,743.34,1446.06,702.72,48.6,Spring,1.0,Tier 1: Fast Mover
ORD-14820,2023-11-11,Apparel,Footwear,West,On-Time,4,3,149.43,324.93,0.0,974.79,448.29,974.79,526.5,54.01,Fall,1.0,Tier 1: Fast Mover
ORD-14821,2023-01-04,Apparel,Pants,North,On-Time,4,3,343.54,683.7,0.0,2051.1,1030.62,2051.1,1020.48,49.75,Winter,1.0,Tier 1: Fast Mover
ORD-14822,2023-05-15,Furniture,Chairs,North,On-Time,135,4,382.82,491.51,0.43,1966.04,1531.28,1120.64,-410.64,-36.64,Spring,0.0,Tier 2: Warning
ORD-14823,2023-09-23,Furniture,Chairs,East,On-Time,90,3,209.57,258.11,0.57,774.33,628.71,332.96,-295.75,-88.82,Fall,2.0,Tier 3: Dead Stock
ORD-14824,2023-07-06,Electronics,Audio,East,On-Time,45,4,318.46,509.82,0.0,2039.28,1273.84,2039.28,765.44,37.53,Summer,1.0,Tier 1: Fast Mover
ORD-14825,2023-05-30,Apparel,Footwear,South,Delayed - Transit,129,2,282.7,338.07,0.41,676.14,565.4,398.92,-166.48,-41.73,Spring,0.0,Tier 2: Warning
ORD-14826,2023-09-05,Electronics,Computers,East,On-Time,32,5,222.65,379.46,0.05,1897.3,1113.25,1802.44,689.19,38.24,Fall,1.0,Tier 1: Fast Mover
ORD-14827,2023-03-13,Furniture,Chairs,North,Delayed - Transit,102,2,49.74,60.75,0.5,121.5,99.48,60.75,-38.73,-63.75,Spring,0.0,Tier 2: Warning
ORD-14828,2023-12-17,Apparel,Shirts,North,On-Time,49,4,311.37,527.01,0.0,2108.04,1245.48,2108.04,862.56,40.92,Winter,1.0,Tier 1: Fast Mover
ORD-14829,2023-12-28,Furniture,Chairs,East,Delayed - Customs,68,2,261.31,284.35,0.05,568.7,522.62,540.27,17.65,3.27,Winter,1.0,Tier 1: Fast Mover
ORD-14830,2023-12-16,Apparel,Pants,South,On-Time,31,2,236.67,541.19,0.0,1082.38,473.34,1082.38,609.04,56.27,Winter,1.0,Tier 1: Fast Mover
ORD-14831,2023-07-26,Electronics,Accessories,North,On-Time,10,4,50.76,81.39,0.0,325.56,203.04,325.56,122.52,37.63,Summer,1.0,Tier 1: Fast Mover
ORD-14832,2023-06-28,Electronics,Computers,East,On-Time,21,5,188.95,303.2,0.0,1516.0,944.75,1516.0,571.25,37.68,Summer,1.0,Tier 1: Fast Mover
ORD-14833,2023-05-24,Furniture,Tables,North,Delayed - Transit,107,5,339.89,390.8,0.45,1954.0,1699.45,1074.7,-624.75,-58.13,Spring,0.0,Tier 2: Warning
ORD-14834,2023-02-26,Furniture,Desks,West,On-Time,170,2,140.88,181.0,0.52,362.0,281.76,173.76,-108.0,-62.15,Winter,0.0,Tier 2: Warning
ORD-14835,2023-02-14,Apparel,Shirts,West,On-Time,21,1,23.46,39.47,0.0,39.47,23.46,39.47,16.01,40.56,Winter,1.0,Tier 1: Fast Mover
ORD-14836,2023-02-12,Apparel,Footwear,East,On-Time,34,2,40.38,90.78,0.05,181.56,80.76,172.48,91.72,53.18,Winter,1.0,Tier 1: Fast Mover
ORD-14837,2023-12-18,Furniture,Uncategorized,East,On-Time,106,4,98.91,131.07,0.63,524.28,395.64,193.98,-201.66,-103.96,Winter,2.0,Tier 3: Dead Stock
ORD-14838,2023-05-09,Furniture,Tables,South,On-Time,114,2,256.47,295.48,0.65,590.96,512.94,206.84,-306.1,-147.99,Spring,2.0,Tier 3: Dead Stock
ORD-14839,2023-01-08,Furniture,Tables,East,On-Time,116,3,287.12,340.43,0.39,1021.29,861.36,622.99,-238.37,-38.26,Winter,0.0,Tier 2: Warning
ORD-14840,2023-03-27,Electronics,Computers,West,On-Time,12,1,148.33,324.18,0.05,324.18,148.33,307.97,159.64,51.84,Spring,1.0,Tier 1: Fast Mover
ORD-14841,2023-04-13,Electronics,Accessories,East,On-Time,44,3,209.08,348.07,0.05,1044.21,627.24,992.0,364.76,36.77,Spring,1.0,Tier 1: Fast Mover
ORD-14842,2023-07-23,Furniture,Desks,South,On-Time,78,5,256.88,339.09,0.0,1695.45,1284.4,1695.45,411.05,24.24,Summer,1.0,Tier 1: Fast Mover
ORD-14843,2023-04-07,Electronics,Audio,South,Delayed - Customs,141,1,89.71,95.93,0.55,95.93,89.71,43.17,-46.54,-107.81,Spring,2.0,Tier 3: Dead Stock
ORD-14844,2023-07-07,Furniture,Tables,West,On-Time,80,2,182.78,220.36,0.0,440.72,365.56,440.72,75.16,17.05,Summer,1.0,Tier 1: Fast Mover
ORD-14845,2023-06-12,Electronics,Computers,West,On-Time,21,5,44.56,90.92,0.05,454.6,222.8,431.87,209.07,48.41,Summer,1.0,Tier 1: Fast Mover
ORD-14846,2023-01-02,Furniture,Desks,East,On-Time,157,2,363.07,441.13,0.54,882.26,726.14,405.84,-320.3,-78.92,Winter,2.0,Tier 3: Dead Stock
ORD-14847,2023-02-19,Furniture,Uncategorized,South,Delayed - Customs,167,3,49.12,65.05,0.51,195.15,147.36,95.62,-51.74,-54.1,Winter,0.0,Tier 2: Warning
ORD-14848,2023-06-05,Furniture,Tables,North,On-Time,155,1,116.15,135.63,0.62,135.63,116.15,51.54,-64.61,-125.36,Summer,2.0,Tier 3: Dead Stock
ORD-14849,2023-11-06,Electronics,Computers,North,Delayed - Transit,118,5,274.4,336.8,0.52,1684.0,1372.0,808.32,-563.68,-69.73,Fall,0.0,Tier 2: Warning
ORD-14850,2023-06-16,Furniture,Tables,East,Delayed - Customs,178,2,395.57,528.47,0.61,1056.94,791.14,412.21,-378.93,-91.93,Summer,2.0,Tier 3: Dead Stock
ORD-14851,2023-12-28,Furniture,Tables,South,On-Time,109,5,386.27,406.22,0.39,2031.1,1931.35,1238.97,-692.38,-55.88,Winter,0.0,Tier 2: Warning
ORD-14852,2023-12-25,Furniture,Chairs,South,On-Time,110,5,195.25,222.77,0.45,1113.85,976.25,612.62,-363.63,-59.36,Winter,0.0,Tier 2: Warning
ORD-14853,2023-02-17,Electronics,Computers,East,On-Time,19,4,226.08,481.99,0.0,1927.96,904.32,1927.96,1023.64,53.09,Winter,1.0,Tier 1: Fast Mover
ORD-14854,2023-08-30,Furniture,Uncategorized,North,On-Time,106,4,35.34,44.14,0.38,176.56,141.36,109.47,-31.89,-29.13,Summer,0.0,Tier 2: Warning
ORD-14855,2023-12-20,Electronics,Computers,West,Delayed - Transit,123,5,379.6,488.27,0.52,2441.35,1898.0,1171.85,-726.15,-61.97,Winter,0.0,Tier 2: Warning
ORD-14856,2023-01-23,Furniture,Chairs,West,Delayed - Transit,84,2,161.02,195.32,0.05,390.64,322.04,371.11,49.07,13.22,Winter,1.0,Tier 1: Fast Mover
ORD-14857,2023-10-09,Furniture,Chairs,South,On-Time,111,1,383.09,407.99,0.43,407.99,383.09,232.55,-150.54,-64.73,Fall,0.0,Tier 2: Warning
ORD-14858,2023-04-09,Electronics,Audio,North,Delayed - Customs,110,5,300.16,347.13,0.58,1735.65,1500.8,728.97,-771.83,-105.88,Spring,2.0,Tier 3: Dead Stock
ORD-14859,2023-10-26,Furniture,Tables,East,On-Time,100,2,237.67,302.5,0.42,605.0,475.34,350.9,-124.44,-35.46,Fall,0.0,Tier 2: Warning
ORD-14860,2023-12-23,Furniture,Chairs,West,Delayed - Customs,93,3,42.51,47.73,0.46,143.19,127.53,77.32,-50.21,-64.93,Winter,0.0,Tier 2: Warning
ORD-14861,2023-02-17,Apparel,Pants,North,On-Time,33,1,124.65,288.37,0.0,288.37,124.65,288.37,163.72,56.77,Winter,1.0,Tier 1: Fast Mover
ORD-14862,2023-02-09,Electronics,Audio,South,Delayed - Transit,125,4,348.85,399.2,0.36,1596.8,1395.4,1021.95,-373.45,-36.54,Winter,0.0,Tier 2: Warning
ORD-14863,2023-05-03,Furniture,Tables,East,On-Time,85,3,382.84,459.72,0.0,1379.16,1148.52,1379.16,230.64,16.72,Spring,1.0,Tier 1: Fast Mover
ORD-14864,2023-05-02,Furniture,Chairs,East,On-Time,101,4,212.09,272.41,0.38,1089.64,848.36,675.58,-172.78,-25.58,Spring,0.0,Tier 2: Warning
ORD-14865,2023-04-20,Electronics,Audio,North,On-Time,34,5,262.23,499.31,0.0,2496.55,1311.15,2496.55,1185.4,47.48,Spring,1.0,Tier 1: Fast Mover
ORD-14866,2023-04-17,Apparel,Footwear,South,On-Time,28,1,54.27,109.09,0.05,109.09,54.27,103.64,49.37,47.63,Spring,1.0,Tier 1: Fast Mover
ORD-14867,2023-06-27,Electronics,Audio,South,On-Time,39,4,194.31,451.9,0.0,1807.6,777.24,1807.6,1030.36,57.0,Summer,1.0,Tier 1: Fast Mover
ORD-14868,2023-04-22,Apparel,Footwear,North,On-Time,20,2,281.2,500.14,0.05,1000.28,562.4,950.27,387.87,40.82,Spring,1.0,Tier 1: Fast Mover
ORD-14869,2023-06-01,Apparel,Pants,East,Delayed - Transit,135,1,329.59,350.19,0.45,350.19,329.59,192.6,-136.99,-71.12,Summer,0.0,Tier 2: Warning
ORD-14870,2023-11-28,Apparel,Shirts,East,Delayed - Transit,136,1,83.38,93.16,0.47,93.16,83.38,49.37,-34.01,-68.87,Fall,0.0,Tier 2: Warning
ORD-14871,2023-12-15,Apparel,Footwear,South,Delayed - Transit,100,5,376.04,490.73,0.61,2453.65,1880.2,956.92,-923.28,-96.48,Winter,2.0,Tier 3: Dead Stock
ORD-14872,2023-12-26,Apparel,Pants,East,On-Time,18,2,246.15,435.63,0.0,871.26,492.3,871.26,378.96,43.5,Winter,1.0,Tier 1: Fast Mover
ORD-14873,2023-01-05,Furniture,Desks,East,On-Time,136,5,88.49,105.25,0.59,526.25,442.45,215.76,-226.69,-105.06,Winter,2.0,Tier 3: Dead Stock
ORD-14874,2023-01-19,Apparel,Footwear,South,On-Time,40,4,168.03,342.49,0.0,1369.96,672.12,1369.96,697.84,50.94,Winter,1.0,Tier 1: Fast Mover
ORD-14875,2023-10-21,Apparel,Footwear,South,On-Time,32,2,202.43,476.5,0.0,953.0,404.86,953.0,548.14,57.52,Fall,1.0,Tier 1: Fast Mover
ORD-14876,2023-05-13,Furniture,Chairs,West,On-Time,147,4,19.33,21.25,0.64,85.0,77.32,30.6,-46.72,-152.68,Spring,2.0,Tier 3: Dead Stock
ORD-14877,2023-09-30,Furniture,Tables,North,On-Time,136,5,148.46,183.38,0.61,916.9,742.3,357.59,-384.71,-107.58,Fall,2.0,Tier 3: Dead Stock
ORD-14878,2023-03-20,Apparel,Shirts,South,On-Time,35,3,220.61,425.85,0.05,1277.55,661.83,1213.67,551.84,45.47,Spring,1.0,Tier 1: Fast Mover
ORD-14879,2023-09-08,Apparel,Shirts,East,On-Time,6,2,91.12,215.73,0.0,431.46,182.24,431.46,249.22,57.76,Fall,1.0,Tier 1: Fast Mover
ORD-14880,2023-02-14,Apparel,Pants,East,Delayed - Transit,109,4,51.51,64.96,0.48,259.84,206.04,135.12,-70.92,-52.49,Winter,0.0,Tier 2: Warning
ORD-14881,2023-04-24,Apparel,Pants,West,Delayed - Transit,175,2,291.01,316.9,0.41,633.8,582.02,373.94,-208.08,-55.64,Spring,0.0,Tier 2: Warning
ORD-14882,2023-04-17,Apparel,Pants,North,On-Time,33,1,204.46,347.02,0.05,347.02,204.46,329.67,125.21,37.98,Spring,1.0,Tier 1: Fast Mover
ORD-14883,2023-12-10,Apparel,Pants,East,Delayed - Customs,84,2,396.47,492.47,0.05,984.94,792.94,935.69,142.75,15.26,Winter,1.0,Tier 1: Fast Mover
ORD-14884,2023-11-29,Apparel,Footwear,North,On-Time,29,2,74.97,119.98,0.05,239.96,149.94,227.96,78.02,34.23,Fall,1.0,Tier 1: Fast Mover
ORD-14885,2023-10-27,Electronics,Accessories,South,On-Time,27,3,179.71,333.65,0.0,1000.95,539.13,1000.95,461.82,46.14,Fall,1.0,Tier 1: Fast Mover
ORD-14886,2023-12-03,Furniture,Desks,South,On-Time,58,5,23.0,29.27,0.05,146.35,115.0,139.03,24.03,17.29,Winter,1.0,Tier 1: Fast Mover
ORD-14887,2023-06-14,Furniture,Chairs,East,On-Time,130,5,383.23,410.4,0.63,2052.0,1916.15,759.24,-1156.91,-152.38,Summer,2.0,Tier 3: Dead Stock
ORD-14888,2023-03-04,Furniture,Desks,West,On-Time,124,1,20.93,23.6,0.54,23.6,20.93,10.86,-10.07,-92.8,Spring,2.0,Tier 3: Dead Stock
ORD-14889,2023-11-13,Furniture,Chairs,East,On-Time,149,4,313.29,421.68,0.49,1686.72,1253.16,860.23,-392.93,-45.68,Fall,0.0,Tier 2: Warning
ORD-14890,2023-08-04,Furniture,Desks,East,On-Time,121,5,305.58,381.57,0.38,1907.85,1527.9,1182.87,-345.03,-29.17,Summer,0.0,Tier 2: Warning
ORD-14891,2023-04-22,Electronics,Accessories,South,On-Time,23,4,247.09,533.23,0.05,2132.92,988.36,2026.27,1037.91,51.22,Spring,1.0,Tier 1: Fast Mover
ORD-14892,2023-06-30,Furniture,Tables,West,On-Time,125,5,355.91,425.76,0.48,2128.8,1779.55,1106.98,-672.57,-60.76,Summer,0.0,Tier 2: Warning
ORD-14893,2023-12-07,Furniture,Tables,East,Delayed - Customs,133,1,29.83,40.22,0.49,40.22,29.83,20.51,-9.32,-45.43,Winter,0.0,Tier 2: Warning
ORD-14894,2023-08-17,Apparel,Shirts,East,Delayed - Customs,114,4,271.66,344.8,0.61,1379.2,1086.64,537.89,-548.75,-102.02,Summer,2.0,Tier 3: Dead Stock
ORD-14895,2023-07-24,Furniture,Tables,East,Delayed - Transit,105,1,165.64,222.43,0.38,222.43,165.64,137.91,-27.73,-20.11,Summer,0.0,Tier 2: Warning
ORD-14896,2023-05-29,Electronics,Computers,South,Delayed - Transit,85,4,165.65,201.56,0.05,806.24,662.6,765.93,103.33,13.49,Spring,1.0,Tier 1: Fast Mover
ORD-14897,2023-06-22,Electronics,Accessories,West,On-Time,28,4,354.01,624.54,0.0,2498.16,1416.04,2498.16,1082.12,43.32,Summer,1.0,Tier 1: Fast Mover
ORD-14898,2023-08-02,Electronics,Audio,North,On-Time,34,3,176.17,320.99,0.0,962.97,528.51,962.97,434.46,45.12,Summer,1.0,Tier 1: Fast Mover
ORD-14899,2023-09-20,Furniture,Chairs,West,Delayed - Transit,82,3,63.43,73.7,0.0,221.1,190.29,221.1,30.81,13.93,Fall,1.0,Tier 1: Fast Mover
ORD-14900,2023-02-14,Electronics,Accessories,North,On-Time,16,1,76.06,179.48,0.05,179.48,76.06,170.51,94.45,55.39,Winter,1.0,Tier 1: Fast Mover
ORD-14901,2023-11-06,Furniture,Tables,South,On-Time,162,1,64.08,71.26,0.58,71.26,64.08,29.93,-34.15,-114.11,Fall,2.0,Tier 3: Dead Stock
ORD-14902,2023-04-10,Apparel,Pants,North,Delayed - Transit,99,5,87.09,112.52,0.55,562.6,435.45,253.17,-182.28,-72.0,Spring,0.0,Tier 2: Warning
ORD-14903,2023-07-03,Furniture,Chairs,South,On-Time,113,3,30.82,39.74,0.38,119.22,92.46,73.92,-18.54,-25.09,Summer,0.0,Tier 2: Warning
ORD-14904,2023-12-14,Apparel,Shirts,East,On-Time,36,5,190.1,414.65,0.05,2073.25,950.5,1969.59,1019.09,51.74,Winter,1.0,Tier 1: Fast Mover
ORD-14905,2023-02-15,Apparel,Shirts,West,On-Time,41,2,306.9,498.3,0.0,996.6,613.8,996.6,382.8,38.41,Winter,1.0,Tier 1: Fast Mover
ORD-14906,2023-08-24,Apparel,Pants,South,On-Time,48,1,370.9,792.48,0.05,792.48,370.9,752.86,381.96,50.73,Summer,1.0,Tier 1: Fast Mover
ORD-14907,2023-04-26,Furniture,Desks,North,Delayed - Transit,92,1,215.23,261.87,0.46,261.87,215.23,141.41,-73.82,-52.2,Spring,0.0,Tier 2: Warning
ORD-14908,2023-02-06,Furniture,Desks,East,On-Time,127,4,215.28,262.22,0.43,1048.88,861.12,597.86,-263.26,-44.03,Winter,0.0,Tier 2: Warning
ORD-14909,2023-09-26,Furniture,Desks,West,On-Time,84,2,213.76,264.12,0.0,528.24,427.52,528.24,100.72,19.07,Fall,1.0,Tier 1: Fast Mover
ORD-14910,2023-05-23,Electronics,Computers,South,On-Time,22,4,303.26,572.5,0.0,2290.0,1213.04,2290.0,1076.96,47.03,Spring,1.0,Tier 1: Fast Mover
ORD-14911,2023-10-12,Apparel,Footwear,South,Delayed - Transit,108,5,390.06,422.72,0.6,2113.6,1950.3,845.44,-1104.86,-130.68,Fall,2.0,Tier 3: Dead Stock
ORD-14912,2023-06-19,Apparel,Shirts,East,On-Time,46,1,,,,,,,,,Summer,,
