Transaction_ID,Purchase_Date,Boutique_City,Product_Line,Customer_Tier,Traffic_Source,Units_Sold,Unit_Retail_Price,Unit_Manufacturing_Cost,Net_Revenue,Total_Cost,Gross_Profit,Profit_Margin_Pct
5001156,2022-01-01,Tokyo,Designer Handbags,Silver,Organic Search,1,3497,874,3497,874,2623,75.0
5007869,2022-01-01,Paris,Fine Jewelry,First-Time Buyer,Exclusive Invite,1,7910,2190,7910,2190,5720,72.3
5005788,2022-01-01,Paris,Fine Jewelry,Gold,Exclusive Invite,1,7772,1989,7772,1989,5783,74.4
5005269,2022-01-01,Dubai,Designer Handbags,Gold,Walk-in,1,3435,665,3435,665,2770,80.6
5009521,2022-01-01,Paris,Luxury Watches,First-Time Buyer,Walk-in,1,14166,2957,14166,2957,11209,79.1
5008170,2022-01-01,New York,Luxury Watches,Gold,Exclusive Invite,1,14596,2742,14596,2742,11854,81.2
5000782,2022-01-01,Tokyo,Designer Handbags,First-Time Buyer,Organic Search,1,2989,632,2989,632,2357,78.9
5005648,2022-01-01,Milan,Designer Handbags,First-Time Buyer,Exclusive Invite,1,3394,732,3394,732,2662,78.4
5004892,2022-01-01,New York,Luxury Watches,First-Time Buyer,Organic Search,1,11887,2932,11887,2932,8955,75.3
5001868,2022-01-01,Paris,Haute Fragrance,First-Time Buyer,Organic Search,1,323,50,323,50,273,84.5
5003687,2022-01-01,Tokyo,Designer Handbags,First-Time Buyer,Walk-in,1,2953,1029,2953,1029,1924,65.2
5007555,2022-01-01,Paris,Luxury Watches,Silver,Paid Social,2,13069,4057,26138,8114,18024,69.0
5005722,2022-01-01,Dubai,Luxury Watches,First-Time Buyer,Exclusive Invite,3,13832,3357,41496,10071,31425,75.7
5005343,2022-01-01,Paris,Designer Handbags,First-Time Buyer,Walk-in,1,3836,954,3836,954,2882,75.1
5007630,2022-01-01,Tokyo,Fine Jewelry,Gold,Walk-in,1,9420,1769,9420,1769,7651,81.2
5005930,2022-01-01,Tokyo,Haute Fragrance,Silver,Organic Search,1,399,122,399,122,277,69.4
5006946,2022-01-01,Dubai,Luxury Watches,Silver,Walk-in,3,13636,4454,40908,13362,27546,67.3
5007201,2022-01-01,New York,Fine Jewelry,Silver,Walk-in,1,9953,2948,9953,2948,7005,70.4
5007077,2022-01-02,Paris,Luxury Watches,Gold,Exclusive Invite,1,12512,2760,12512,2760,9752,77.9
5007100,2022-01-02,New York,Designer Handbags,Gold,Organic Search,1,3269,801,3269,801,2468,75.5
5002930,2022-01-02,New York,Designer Handbags,Silver,Organic Search,2,3066,736,6132,1472,4660,76.0
5000534,2022-01-02,Paris,Haute Fragrance,Platinum (VIP),Organic Search,1,414,111,414,111,303,73.2
5008141,2022-01-02,Tokyo,Luxury Watches,Silver,Organic Search,2,14682,5028,29364,10056,19308,65.8
5005802,2022-01-02,New York,Luxury Watches,First-Time Buyer,Paid Social,2,11771,1939,23542,3878,19664,83.5
5009845,2022-01-02,Milan,Designer Handbags,Gold,Organic Search,1,3786,921,3786,921,2865,75.7
5008011,2022-01-02,New York,Luxury Watches,Silver,Organic Search,3,12504,2902,37512,8706,28806,76.8
5005904,2022-01-02,New York,Designer Handbags,First-Time Buyer,Walk-in,1,3309,986,3309,986,2323,70.2
5009452,2022-01-02,Paris,Fine Jewelry,Silver,Organic Search,1,9667,1861,9667,1861,7806,80.7
5009501,2022-01-02,Paris,Haute Fragrance,Silver,Walk-in,1,360,79,360,79,281,78.1
5001058,2022-01-02,Paris,Haute Fragrance,Silver,Paid Social,1,413,97,413,97,316,76.5
5005315,2022-01-02,Paris,Designer Handbags,Platinum (VIP),Paid Social,3,3281,1101,9843,3303,6540,66.4
5009714,2022-01-02,New York,Luxury Watches,Silver,Walk-in,1,12247,3548,12247,3548,8699,71.0
5000609,2022-01-02,New York,Designer Handbags,First-Time Buyer,Organic Search,1,2943,599,2943,599,2344,79.6
5009301,2022-01-02,Dubai,Designer Handbags,Gold,Exclusive Invite,1,3718,1285,3718,1285,2433,65.4
5001777,2022-01-02,Tokyo,Fine Jewelry,Silver,Organic Search,2,9316,2310,18632,4620,14012,75.2
5008983,2022-01-02,Dubai,Designer Handbags,Silver,Walk-in,1,3036,955,3036,955,2081,68.5
5009027,2022-01-02,Milan,Designer Handbags,First-Time Buyer,Walk-in,1,3197,1009,3197,1009,2188,68.4
5002817,2022-01-02,Tokyo,Designer Handbags,Silver,Organic Search,1,3829,635,3829,635,3194,83.4
5005644,2022-01-02,Tokyo,Fine Jewelry,Silver,Organic Search,1,7766,2041,7766,2041,5725,73.7
5002454,2022-01-03,Dubai,Designer Handbags,First-Time Buyer,Walk-in,3,3632,623,10896,1869,9027,82.8
5002531,2022-01-03,New York,Designer Handbags,Gold,Organic Search,1,3667,858,3667,858,2809,76.6
5007792,2022-01-03,Paris,Luxury Watches,Silver,Organic Search,1,12362,4294,12362,4294,8068,65.3
5009259,2022-01-03,Paris,Luxury Watches,Silver,Exclusive Invite,1,13333,2554,13333,2554,10779,80.8
5003666,2022-01-03,Tokyo,Luxury Watches,First-Time Buyer,Paid Social,1,12354,2992,12354,2992,9362,75.8
5008396,2022-01-03,Milan,Fine Jewelry,First-Time Buyer,Walk-in,1,7997,1445,7997,1445,6552,81.9
5007405,2022-01-03,Dubai,Luxury Watches,First-Time Buyer,Organic Search,1,13065,2412,13065,2412,10653,81.5
5000147,2022-01-03,Tokyo,Luxury Watches,First-Time Buyer,Walk-in,1,14402,2323,14402,2323,12079,83.9
5001720,2022-01-03,Paris,Designer Handbags,Silver,Walk-in,1,3219,1111,3219,1111,2108,65.5
5004874,2022-01-03,Milan,Designer Handbags,Platinum (VIP),Paid Social,2,3378,578,6756,1156,5600,82.9
5009438,2022-01-03,New York,Fine Jewelry,Silver,Walk-in,1,8905,1341,8905,1341,7564,84.9
5008018,2022-01-03,New York,Designer Handbags,Platinum (VIP),Paid Social,1,3178,676,3178,676,2502,78.7
5008552,2022-01-03,Milan,Fine Jewelry,Gold,Walk-in,1,8204,2007,8204,2007,6197,75.5
5001812,2022-01-03,Tokyo,Designer Handbags,Gold,Organic Search,1,2984,536,2984,536,2448,82.0
5003372,2022-01-03,Dubai,Designer Handbags,Gold,Exclusive Invite,1,3012,646,3012,646,2366,78.6
5007888,2022-01-04,Dubai,Fine Jewelry,First-Time Buyer,Exclusive Invite,1,9753,2335,9753,2335,7418,76.1
5008546,2022-01-04,New York,Luxury Watches,First-Time Buyer,Paid Social,1,13513,2734,13513,2734,10779,79.8
5005281,2022-01-04,Paris,Designer Handbags,Platinum (VIP),Organic Search,1,3103,663,3103,663,2440,78.6
5009822,2022-01-04,Tokyo,Haute Fragrance,First-Time Buyer,Paid Social,1,319,86,319,86,233,73.0
5004156,2022-01-04,New York,Haute Fragrance,First-Time Buyer,Exclusive Invite,2,384,76,768,152,616,80.2
5007764,2022-01-04,New York,Luxury Watches,First-Time Buyer,Exclusive Invite,3,13083,4193,39249,12579,26670,68.0
5002530,2022-01-04,Dubai,Designer Handbags,Gold,Paid Social,1,3758,1089,3758,1089,2669,71.0
5004766,2022-01-04,Dubai,Fine Jewelry,Silver,Exclusive Invite,1,8965,1753,8965,1753,7212,80.4
5006343,2022-01-04,New York,Luxury Watches,Silver,Organic Search,1,12746,3151,12746,3151,9595,75.3
5007846,2022-01-04,Tokyo,Luxury Watches,Gold,Walk-in,2,14535,3886,29070,7772,21298,73.3
5006632,2022-01-04,Dubai,Luxury Watches,First-Time Buyer,Walk-in,1,12754,2569,12754,2569,10185,79.9
5007935,2022-01-05,New York,Luxury Watches,First-Time Buyer,Organic Search,1,14755,2913,14755,2913,11842,80.3
5008310,2022-01-05,Tokyo,Luxury Watches,Gold,Organic Search,1,13838,3476,13838,3476,10362,74.9
5004925,2022-01-05,Tokyo,Luxury Watches,First-Time Buyer,Walk-in,1,12445,2133,12445,2133,10312,82.9
5008067,2022-01-05,Paris,Haute Fragrance,Silver,Organic Search,1,396,72,396,72,324,81.8
5001831,2022-01-05,New York,Luxury Watches,First-Time Buyer,Walk-in,1,14725,5010,14725,5010,9715,66.0
5004620,2022-01-05,Dubai,Designer Handbags,First-Time Buyer,Walk-in,1,3662,604,3662,604,3058,83.5
5003226,2022-01-05,Paris,Designer Handbags,First-Time Buyer,Organic Search,1,3110,1073,3110,1073,2037,65.5
5002398,2022-01-05,New York,Designer Handbags,Gold,Walk-in,1,3506,723,3506,723,2783,79.4
5002971,2022-01-05,Paris,Designer Handbags,Silver,Walk-in,1,3836,1251,3836,1251,2585,67.4
5009853,2022-01-05,Tokyo,Fine Jewelry,First-Time Buyer,Paid Social,1,8646,2412,8646,2412,6234,72.1
5004614,2022-01-05,Tokyo,Designer Handbags,Silver,Walk-in,1,3481,1003,3481,1003,2478,71.2
5003706,2022-01-05,Milan,Luxury Watches,First-Time Buyer,Organic Search,1,12147,3680,12147,3680,8467,69.7
5000241,2022-01-05,Milan,Fine Jewelry,First-Time Buyer,Organic Search,3,10038,2643,30114,7929,22185,73.7
5001116,2022-01-05,Paris,Haute Fragrance,Gold,Organic Search,1,407,94,407,94,313,76.9
5007512,2022-01-05,New York,Designer Handbags,Silver,Walk-in,1,3729,1051,3729,1051,2678,71.8
5001718,2022-01-05,Milan,Haute Fragrance,Silver,Exclusive Invite,1,342,96,342,96,246,71.9
5001811,2022-01-05,Milan,Fine Jewelry,First-Time Buyer,Organic Search,1,8602,2256,8602,2256,6346,73.8
5007280,2022-01-05,Milan,Fine Jewelry,Silver,Walk-in,2,9131,1881,18262,3762,14500,79.4
5007581,2022-01-06,Milan,Luxury Watches,Platinum (VIP),Exclusive Invite,1,12136,2147,12136,2147,9989,82.3
5007185,2022-01-06,New York,Luxury Watches,First-Time Buyer,Organic Search,1,12855,4105,12855,4105,8750,68.1
5001979,2022-01-06,New York,Luxury Watches,First-Time Buyer,Paid Social,1,12449,3429,12449,3429,9020,72.5
5005945,2022-01-06,Dubai,Designer Handbags,First-Time Buyer,Paid Social,1,3424,760,3424,760,2664,77.8
5003864,2022-01-06,Paris,Haute Fragrance,Platinum (VIP),Walk-in,3,409,66,1227,198,1029,83.9
5000925,2022-01-06,Tokyo,Designer Handbags,Silver,Exclusive Invite,1,3305,879,3305,879,2426,73.4
5005136,2022-01-06,Milan,Luxury Watches,Silver,Paid Social,1,11415,2767,11415,2767,8648,75.8
5005255,2022-01-06,New York,Designer Handbags,Silver,Paid Social,1,3408,1110,3408,1110,2298,67.4
5006472,2022-01-06,Tokyo,Luxury Watches,First-Time Buyer,Exclusive Invite,1,14646,4197,14646,4197,10449,71.3
5005161,2022-01-06,Dubai,Fine Jewelry,First-Time Buyer,Exclusive Invite,1,8399,2902,8399,2902,5497,65.4
5007633,2022-01-06,Paris,Fine Jewelry,Gold,Walk-in,1,9844,1806,9844,1806,8038,81.7
5002589,2022-01-06,New York,Designer Handbags,Silver,Exclusive Invite,1,3771,1226,3771,1226,2545,67.5
5007215,2022-01-06,Milan,Luxury Watches,Gold,Organic Search,1,14204,2722,14204,2722,11482,80.8
5002569,2022-01-06,Paris,Fine Jewelry,Silver,Paid Social,1,9845,2988,9845,2988,6857,69.6
5009609,2022-01-06,Paris,Fine Jewelry,First-Time Buyer,Walk-in,2,9032,2014,18064,4028,14036,77.7
5007213,2022-01-06,Dubai,Haute Fragrance,First-Time Buyer,Walk-in,1,408,74,408,74,334,81.9
5003672,2022-01-06,Tokyo,Luxury Watches,Silver,Organic Search,1,12009,4175,12009,4175,7834,65.2
5009991,2022-01-06,Tokyo,Luxury Watches,First-Time Buyer,Organic Search,1,14160,2682,14160,2682,11478,81.1
5002000,2022-01-06,Milan,Fine Jewelry,First-Time Buyer,Walk-in,1,9824,1784,9824,1784,8040,81.8
5002102,2022-01-07,Paris,Designer Handbags,Platinum (VIP),Paid Social,1,3225,803,3225,803,2422,75.1
5002563,2022-01-07,Dubai,Luxury Watches,Gold,Organic Search,1,12999,4289,12999,4289,8710,67.0
5003250,2022-01-07,Dubai,Designer Handbags,First-Time Buyer,Exclusive Invite,1,3775,1066,3775,1066,2709,71.8
5005574,2022-01-07,New York,Luxury Watches,Platinum (VIP),Paid Social,1,11471,3967,11471,3967,7504,65.4
5004689,2022-01-07,New York,Designer Handbags,First-Time Buyer,Paid Social,1,3050,830,3050,830,2220,72.8
5000441,2022-01-07,Paris,Designer Handbags,First-Time Buyer,Organic Search,1,3565,949,3565,949,2616,73.4
5003883,2022-01-07,Tokyo,Luxury Watches,Silver,Walk-in,1,12789,2875,12789,2875,9914,77.5
5004938,2022-01-07,Tokyo,Designer Handbags,Gold,Walk-in,2,3835,1095,7670,2190,5480,71.4
5001456,2022-01-07,Paris,Designer Handbags,Platinum (VIP),Walk-in,1,3834,1334,3834,1334,2500,65.2
5005457,2022-01-07,Paris,Designer Handbags,Silver,Paid Social,1,2891,741,2891,741,2150,74.4
5005189,2022-01-07,New York,Designer Handbags,Silver,Exclusive Invite,1,3619,1214,3619,1214,2405,66.5
5001169,2022-01-07,Paris,Designer Handbags,Gold,Paid Social,1,2882,892,2882,892,1990,69.0
5005658,2022-01-07,Paris,Designer Handbags,Platinum (VIP),Organic Search,1,3391,600,3391,600,2791,82.3
5004537,2022-01-07,New York,Luxury Watches,First-Time Buyer,Organic Search,1,14438,3400,14438,3400,11038,76.5
5004824,2022-01-07,Paris,Designer Handbags,Gold,Paid Social,1,3554,566,3554,566,2988,84.1
5002572,2022-01-07,New York,Fine Jewelry,Silver,Paid Social,1,9224,1895,9224,1895,7329,79.5
5001078,2022-01-08,New York,Designer Handbags,Silver,Organic Search,2,3529,817,7058,1634,5424,76.8
5001632,2022-01-08,Dubai,Fine Jewelry,Silver,Organic Search,1,8468,1721,8468,1721,6747,79.7
5006428,2022-01-08,Milan,Designer Handbags,Silver,Walk-in,1,2938,1025,2938,1025,1913,65.1
5004917,2022-01-08,Tokyo,Fine Jewelry,Silver,Walk-in,1,10022,2496,10022,2496,7526,75.1
5000729,2022-01-08,New York,Designer Handbags,Gold,Organic Search,3,3216,1109,9648,3327,6321,65.5
5002201,2022-01-08,New York,Designer Handbags,First-Time Buyer,Paid Social,1,3485,577,3485,577,2908,83.4
5007524,2022-01-08,Dubai,Designer Handbags,Gold,Organic Search,1,3637,1007,3637,1007,2630,72.3
5002857,2022-01-08,Tokyo,Fine Jewelry,Platinum (VIP),Walk-in,3,8020,2633,24060,7899,16161,67.2
5004608,2022-01-08,Paris,Designer Handbags,First-Time Buyer,Organic Search,2,3679,1090,7358,2180,5178,70.4
5008324,2022-01-08,Tokyo,Haute Fragrance,Silver,Organic Search,1,366,95,366,95,271,74.0
5001760,2022-01-09,Paris,Luxury Watches,First-Time Buyer,Exclusive Invite,1,14223,3245,14223,3245,10978,77.2
5006510,2022-01-09,Paris,Fine Jewelry,Gold,Organic Search,1,8933,2017,8933,2017,6916,77.4
5003645,2022-01-09,Paris,Haute Fragrance,First-Time Buyer,Exclusive Invite,1,339,79,339,79,260,76.7
5000546,2022-01-09,Tokyo,Luxury Watches,Gold,Organic Search,1,12926,3726,12926,3726,9200,71.2
5007154,2022-01-09,New York,Designer Handbags,Platinum (VIP),Exclusive Invite,1,3161,677,3161,677,2484,78.6
5000008,2022-01-09,Paris,Fine Jewelry,Platinum (VIP),Paid Social,1,9450,3056,9450,3056,6394,67.7
5008278,2022-01-09,Paris,Designer Handbags,First-Time Buyer,Paid Social,2,3284,691,6568,1382,5186,79.0
5008076,2022-01-09,New York,Fine Jewelry,Platinum (VIP),Walk-in,1,8266,2014,8266,2014,6252,75.6
5001769,2022-01-09,Dubai,Designer Handbags,Silver,Walk-in,3,2969,1014,8907,3042,5865,65.8
5006447,2022-01-09,Paris,Luxury Watches,First-Time Buyer,Organic Search,1,14530,2668,14530,2668,11862,81.6
5001280,2022-01-09,New York,Fine Jewelry,Gold,Walk-in,1,9382,2065,9382,2065,7317,78.0
5008624,2022-01-09,New York,Luxury Watches,Gold,Walk-in,1,12982,3937,12982,3937,9045,69.7
5001031,2022-01-09,Milan,Luxury Watches,Platinum (VIP),Walk-in,1,14381,3617,14381,3617,10764,74.8
5008358,2022-01-09,Dubai,Fine Jewelry,Platinum (VIP),Organic Search,1,8631,1421,8631,1421,7210,83.5
5006940,2022-01-09,Dubai,Haute Fragrance,First-Time Buyer,Exclusive Invite,1,401,134,401,134,267,66.6
5000809,2022-01-09,Tokyo,Luxury Watches,Silver,Exclusive Invite,1,14924,3593,14924,3593,11331,75.9
5007613,2022-01-09,New York,Designer Handbags,Silver,Paid Social,1,3762,669,3762,669,3093,82.2
5004066,2022-01-09,Paris,Haute Fragrance,Silver,Walk-in,1,384,117,384,117,267,69.5
5005217,2022-01-09,Dubai,Luxury Watches,Platinum (VIP),Paid Social,1,12105,3286,12105,3286,8819,72.9
5005887,2022-01-09,Tokyo,Haute Fragrance,Platinum (VIP),Paid Social,1,404,70,404,70,334,82.7
5004719,2022-01-09,Dubai,Designer Handbags,First-Time Buyer,Exclusive Invite,1,2979,456,2979,456,2523,84.7
5007011,2022-01-10,New York,Haute Fragrance,Gold,Paid Social,1,377,118,377,118,259,68.7
5005059,2022-01-10,Milan,Fine Jewelry,First-Time Buyer,Organic Search,1,8562,2326,8562,2326,6236,72.8
5008562,2022-01-10,Milan,Luxury Watches,Gold,Walk-in,1,14811,4507,14811,4507,10304,69.6
5009980,2022-01-10,Paris,Luxury Watches,First-Time Buyer,Exclusive Invite,1,11825,2843,11825,2843,8982,76.0
5001514,2022-01-10,New York,Luxury Watches,Gold,Organic Search,1,14860,2658,14860,2658,12202,82.1
5009615,2022-01-10,Milan,Fine Jewelry,Gold,Paid Social,1,8542,1348,8542,1348,7194,84.2
5006785,2022-01-10,Dubai,Fine Jewelry,First-Time Buyer,Walk-in,2,8351,2527,16702,5054,11648,69.7
5009317,2022-01-10,New York,Luxury Watches,Gold,Organic Search,1,14473,4108,14473,4108,10365,71.6
5003928,2022-01-10,Tokyo,Designer Handbags,First-Time Buyer,Exclusive Invite,1,3057,812,3057,812,2245,73.4
5000513,2022-01-10,New York,Haute Fragrance,Silver,Organic Search,1,344,84,344,84,260,75.6
5007268,2022-01-10,Dubai,Designer Handbags,Platinum (VIP),Paid Social,1,3069,763,3069,763,2306,75.1
5005914,2022-01-11,Paris,Fine Jewelry,Gold,Organic Search,1,7756,2140,7756,2140,5616,72.4
5000612,2022-01-11,Tokyo,Designer Handbags,First-Time Buyer,Organic Search,1,3012,1045,3012,1045,1967,65.3
5009879,2022-01-11,Paris,Haute Fragrance,First-Time Buyer,Organic Search,1,337,116,337,116,221,65.6
5009399,2022-01-11,New York,Fine Jewelry,First-Time Buyer,Walk-in,1,10147,3337,10147,3337,6810,67.1
5009391,2022-01-11,Dubai,Fine Jewelry,First-Time Buyer,Organic Search,1,8253,2576,8253,2576,5677,68.8
5001582,2022-01-11,Milan,Designer Handbags,Gold,Organic Search,1,2899,891,2899,891,2008,69.3
5004734,2022-01-11,New York,Designer Handbags,Platinum (VIP),Organic Search,1,2892,459,2892,459,2433,84.1
5007197,2022-01-11,Milan,Luxury Watches,Platinum (VIP),Walk-in,1,13036,3016,13036,3016,10020,76.9
5003158,2022-01-11,New York,Designer Handbags,Silver,Paid Social,1,3229,672,3229,672,2557,79.2
5009509,2022-01-11,Paris,Luxury Watches,First-Time Buyer,Organic Search,1,11722,3178,11722,3178,8544,72.9
5004453,2022-01-11,New York,Designer Handbags,First-Time Buyer,Walk-in,1,3214,783,3214,783,2431,75.6
5005417,2022-01-11,New York,Designer Handbags,Gold,Exclusive Invite,1,3687,669,3687,669,3018,81.9
5001839,2022-01-11,Paris,Designer Handbags,Silver,Organic Search,1,3151,1088,3151,1088,2063,65.5
5009208,2022-01-11,Tokyo,Luxury Watches,First-Time Buyer,Exclusive Invite,1,14603,2337,14603,2337,12266,84.0
5006098,2022-01-11,Milan,Fine Jewelry,First-Time Buyer,Organic Search,1,7942,1362,7942,1362,6580,82.9
5002908,2022-01-11,Tokyo,Designer Handbags,First-Time Buyer,Organic Search,1,3272,770,3272,770,2502,76.5
5004946,2022-01-12,Dubai,Designer Handbags,First-Time Buyer,Exclusive Invite,2,3122,588,6244,1176,5068,81.2
5002607,2022-01-12,Dubai,Designer Handbags,Platinum (VIP),Paid Social,1,3589,976,3589,976,2613,72.8
5001865,2022-01-12,Milan,Luxury Watches,Silver,Walk-in,1,12954,4497,12954,4497,8457,65.3
5005397,2022-01-12,Paris,Luxury Watches,First-Time Buyer,Organic Search,1,13914,4132,13914,4132,9782,70.3
5000860,2022-01-12,Milan,Fine Jewelry,First-Time Buyer,Organic Search,1,7691,2405,7691,2405,5286,68.7
5003342,2022-01-12,Dubai,Luxury Watches,Silver,Organic Search,3,13911,4056,41733,12168,29565,70.8
5000737,2022-01-12,New York,Designer Handbags,Gold,Walk-in,2,3377,779,6754,1558,5196,76.9
5005737,2022-01-12,Milan,Fine Jewelry,Gold,Organic Search,2,9497,2634,18994,5268,13726,72.3
5003385,2022-01-12,Dubai,Haute Fragrance,First-Time Buyer,Organic Search,1,391,96,391,96,295,75.4
5004077,2022-01-12,Tokyo,Designer Handbags,Silver,Walk-in,1,3301,778,3301,778,2523,76.4
5006926,2022-01-12,New York,Designer Handbags,Silver,Walk-in,1,3269,789,3269,789,2480,75.9
5001981,2022-01-12,New York,Fine Jewelry,First-Time Buyer,Organic Search,1,7664,1331,7664,1331,6333,82.6
5004289,2022-01-13,Paris,Designer Handbags,Silver,Exclusive Invite,1,3034,471,3034,471,2563,84.5
5007080,2022-01-13,Tokyo,Haute Fragrance,Gold,Paid Social,1,396,68,396,68,328,82.8
5000313,2022-01-13,New York,Luxury Watches,Gold,Organic Search,1,12146,2359,12146,2359,9787,80.6
5006826,2022-01-13,New York,Haute Fragrance,First-Time Buyer,Paid Social,1,349,111,349,111,238,68.2
5001466,2022-01-13,Paris,Haute Fragrance,Gold,Organic Search,1,334,109,334,109,225,67.4
5005688,2022-01-13,Paris,Luxury Watches,Gold,Organic Search,2,12643,3563,25286,7126,18160,71.8
5002196,2022-01-13,Tokyo,Designer Handbags,First-Time Buyer,Walk-in,1,2964,457,2964,457,2507,84.6
5003975,2022-01-13,Dubai,Designer Handbags,First-Time Buyer,Paid Social,1,3784,876,3784,876,2908,76.8
5002022,2022-01-13,Milan,Luxury Watches,Gold,Walk-in,1,13809,2182,13809,2182,11627,84.2
5008688,2022-01-13,Paris,Designer Handbags,First-Time Buyer,Walk-in,1,3049,853,3049,853,2196,72.0
5005119,2022-01-13,Paris,Luxury Watches,First-Time Buyer,Walk-in,2,14865,4237,29730,8474,21256,71.5
5003913,2022-01-13,Paris,Luxury Watches,First-Time Buyer,Exclusive Invite,1,13874,2596,13874,2596,11278,81.3
5004602,2022-01-13,Tokyo,Luxury Watches,Gold,Walk-in,1,11872,2555,11872,2555,9317,78.5
5001615,2022-01-13,Milan,Fine Jewelry,First-Time Buyer,Paid Social,1,9234,2103,9234,2103,7131,77.2
5003894,2022-01-13,Milan,Designer Handbags,First-Time Buyer,Organic Search,1,3620,974,3620,974,2646,73.1
5003260,2022-01-13,Paris,Designer Handbags,Gold,Paid Social,1,3371,1176,3371,1176,2195,65.1
5005308,2022-01-13,Milan,Luxury Watches,Platinum (VIP),Walk-in,1,12138,3261,12138,3261,8877,73.1
5005133,2022-01-13,Dubai,Designer Handbags,Gold,Exclusive Invite,1,3390,588,3390,588,2802,82.7
5007129,2022-01-13,New York,Haute Fragrance,Silver,Walk-in,1,409,138,409,138,271,66.3
5001624,2022-01-13,Paris,Haute Fragrance,Gold,Organic Search,1,413,63,413,63,350,84.7
5002170,2022-01-13,New York,Luxury Watches,First-Time Buyer,Walk-in,2,12383,2521,24766,5042,19724,79.6
5004631,2022-01-14,Paris,Luxury Watches,Silver,Exclusive Invite,1,13033,4052,13033,4052,8981,68.9
5002269,2022-01-14,Tokyo,Fine Jewelry,Gold,Organic Search,1,9935,3065,9935,3065,6870,69.1
5000905,2022-01-14,Tokyo,Fine Jewelry,Platinum (VIP),Walk-in,1,9195,2636,9195,2636,6559,71.3
5009970,2022-01-14,Paris,Designer Handbags,Platinum (VIP),Paid Social,1,2999,567,2999,567,2432,81.1
5006522,2022-01-14,Tokyo,Fine Jewelry,Gold,Exclusive Invite,1,9409,3265,9409,3265,6144,65.3
5002444,2022-01-14,Dubai,Haute Fragrance,First-Time Buyer,Paid Social,1,325,90,325,90,235,72.3
5003088,2022-01-14,New York,Haute Fragrance,First-Time Buyer,Walk-in,1,412,119,412,119,293,71.1
5004241,2022-01-14,Paris,Designer Handbags,Gold,Organic Search,1,3779,1007,3779,1007,2772,73.4
5000055,2022-01-14,Dubai,Designer Handbags,Silver,Paid Social,1,3520,870,3520,870,2650,75.3
5009790,2022-01-14,Tokyo,Luxury Watches,First-Time Buyer,Paid Social,1,13319,3125,13319,3125,10194,76.5
5004667,2022-01-14,New York,Haute Fragrance,Silver,Paid Social,1,348,99,348,99,249,71.6
5001571,2022-01-14,Milan,Haute Fragrance,Silver,Walk-in,1,417,118,417,118,299,71.7
5003553,2022-01-14,Tokyo,Designer Handbags,Silver,Organic Search,1,3676,1166,3676,1166,2510,68.3
5002099,2022-01-14,Dubai,Designer Handbags,First-Time Buyer,Paid Social,1,3088,1007,3088,1007,2081,67.4
5001379,2022-01-14,Dubai,Luxury Watches,Platinum (VIP),Walk-in,1,14554,3723,14554,3723,10831,74.4
5007734,2022-01-15,New York,Luxury Watches,Silver,Organic Search,1,13240,2481,13240,2481,10759,81.3
5000005,2022-01-15,Paris,Designer Handbags,Silver,Organic Search,1,3523,658,3523,658,2865,81.3
5003307,2022-01-15,Tokyo,Designer Handbags,Silver,Organic Search,1,3617,1112,3617,1112,2505,69.3
5004433,2022-01-15,Dubai,Luxury Watches,Gold,Exclusive Invite,1,12292,4065,12292,4065,8227,66.9
5009334,2022-01-15,New York,Designer Handbags,Silver,Exclusive Invite,1,3162,689,3162,689,2473,78.2
5007851,2022-01-15,New York,Luxury Watches,Gold,Paid Social,3,13163,3714,39489,11142,28347,71.8
5007571,2022-01-15,Dubai,Luxury Watches,First-Time Buyer,Walk-in,2,12940,2880,25880,5760,20120,77.7
5000673,2022-01-15,New York,Luxury Watches,Silver,Organic Search,1,14456,3067,14456,3067,11389,78.8
5009447,2022-01-15,Dubai,Designer Handbags,Silver,Organic Search,1,3046,955,3046,955,2091,68.6
5007144,2022-01-15,Paris,Haute Fragrance,First-Time Buyer,Paid Social,1,344,119,344,119,225,65.4
5002696,2022-01-15,Dubai,Fine Jewelry,First-Time Buyer,Walk-in,1,10118,2438,10118,2438,7680,75.9
5005478,2022-01-15,New York,Luxury Watches,Silver,Organic Search,1,14851,2729,14851,2729,12122,81.6
5005867,2022-01-16,Milan,Haute Fragrance,Platinum (VIP),Walk-in,1,351,53,351,53,298,84.9
5008238,2022-01-16,Dubai,Designer Handbags,First-Time Buyer,Organic Search,1,2989,517,2989,517,2472,82.7
5000323,2022-01-16,Tokyo,Designer Handbags,First-Time Buyer,Organic Search,1,3789,653,3789,653,3136,82.8
5009449,2022-01-16,New York,Haute Fragrance,Silver,Organic Search,1,404,107,404,107,297,73.5
5003185,2022-01-16,Dubai,Fine Jewelry,First-Time Buyer,Paid Social,1,8490,2120,8490,2120,6370,75.0
5000037,2022-01-16,Paris,Designer Handbags,Gold,Organic Search,1,3583,847,3583,847,2736,76.4
5002624,2022-01-16,Paris,Designer Handbags,First-Time Buyer,Walk-in,1,3296,849,3296,849,2447,74.2
5002400,2022-01-16,Dubai,Fine Jewelry,Platinum (VIP),Exclusive Invite,2,9841,2730,19682,5460,14222,72.3
5008805,2022-01-16,Paris,Designer Handbags,Silver,Exclusive Invite,3,3215,483,9645,1449,8196,85.0
5003018,2022-01-16,Tokyo,Luxury Watches,First-Time Buyer,Walk-in,2,13353,3665,26706,7330,19376,72.6
5003050,2022-01-16,New York,Luxury Watches,First-Time Buyer,Organic Search,1,13806,3665,13806,3665,10141,73.5
5001900,2022-01-16,Dubai,Haute Fragrance,First-Time Buyer,Organic Search,1,386,133,386,133,253,65.5
5003739,2022-01-16,Paris,Luxury Watches,First-Time Buyer,Paid Social,1,12329,3739,12329,3739,8590,69.7
5006544,2022-01-17,Paris,Luxury Watches,Gold,Organic Search,2,13821,2382,27642,4764,22878,82.8
5004639,2022-01-17,New York,Luxury Watches,Platinum (VIP),Organic Search,1,13299,3532,13299,3532,9767,73.4
5000442,2022-01-17,New York,Luxury Watches,Silver,Organic Search,1,12904,3719,12904,3719,9185,71.2
5008412,2022-01-17,Tokyo,Designer Handbags,First-Time Buyer,Paid Social,1,3455,760,3455,760,2695,78.0
5009869,2022-01-17,Paris,Luxury Watches,Silver,Walk-in,1,13117,2568,13117,2568,10549,80.4
5005672,2022-01-17,Milan,Designer Handbags,First-Time Buyer,Exclusive Invite,1,3189,862,3189,862,2327,73.0
5003518,2022-01-17,New York,Luxury Watches,Gold,Paid Social,1,13292,2907,13292,2907,10385,78.1
5000428,2022-01-17,Milan,Haute Fragrance,First-Time Buyer,Paid Social,1,410,126,410,126,284,69.3
5004808,2022-01-17,New York,Designer Handbags,Platinum (VIP),Paid Social,1,3542,1060,3542,1060,2482,70.1
5001998,2022-01-17,Milan,Fine Jewelry,Gold,Walk-in,2,9603,1467,19206,2934,16272,84.7
5002668,2022-01-17,Paris,Luxury Watches,Platinum (VIP),Paid Social,1,12872,4087,12872,4087,8785,68.2
5005771,2022-01-17,Milan,Fine Jewelry,First-Time Buyer,Paid Social,1,9856,1815,9856,1815,8041,81.6
5000402,2022-01-17,New York,Fine Jewelry,First-Time Buyer,Walk-in,1,8896,2219,8896,2219,6677,75.1
5007187,2022-01-18,New York,Designer Handbags,Silver,Exclusive Invite,1,3106,839,3106,839,2267,73.0
5005898,2022-01-18,Tokyo,Fine Jewelry,First-Time Buyer,Walk-in,1,8282,1565,8282,1565,6717,81.1
5006012,2022-01-18,Dubai,Fine Jewelry,Silver,Organic Search,1,7823,2216,7823,2216,5607,71.7
5002919,2022-01-18,Paris,Designer Handbags,Platinum (VIP),Paid Social,1,3343,516,3343,516,2827,84.6
5003884,2022-01-18,Dubai,Designer Handbags,First-Time Buyer,Paid Social,1,3294,1068,3294,1068,2226,67.6
5000702,2022-01-18,Paris,Designer Handbags,First-Time Buyer,Organic Search,1,3702,685,3702,685,3017,81.5
5006588,2022-01-18,Tokyo,Luxury Watches,Gold,Organic Search,1,13433,2345,13433,2345,11088,82.5
5000200,2022-01-18,Paris,Luxury Watches,First-Time Buyer,Exclusive Invite,1,13386,4067,13386,4067,9319,69.6
5005419,2022-01-18,Dubai,Luxury Watches,First-Time Buyer,Exclusive Invite,1,14109,4116,14109,4116,9993,70.8
5003376,2022-01-18,New York,Designer Handbags,Silver,Paid Social,1,3777,1303,3777,1303,2474,65.5
5001989,2022-01-18,Dubai,Designer Handbags,First-Time Buyer,Walk-in,2,3033,473,6066,946,5120,84.4
5009323,2022-01-18,Paris,Luxury Watches,First-Time Buyer,Organic Search,1,12459,2905,12459,2905,9554,76.7
5002664,2022-01-18,Dubai,Designer Handbags,First-Time Buyer,Paid Social,2,3443,899,6886,1798,5088,73.9
5006817,2022-01-18,Paris,Luxury Watches,Silver,Walk-in,1,14873,4029,14873,4029,10844,72.9
5000449,2022-01-18,Dubai,Fine Jewelry,First-Time Buyer,Organic Search,1,10068,3339,10068,3339,6729,66.8
5003436,2022-01-18,Tokyo,Designer Handbags,Gold,Paid Social,1,3399,1104,3399,1104,2295,67.5
5000197,2022-01-18,New York,Designer Handbags,First-Time Buyer,Exclusive Invite,1,3105,548,3105,548,2557,82.4
5003362,2022-01-18,Tokyo,Luxury Watches,First-Time Buyer,Organic Search,1,11445,1858,11445,1858,9587,83.8
5000122,2022-01-18,Tokyo,Fine Jewelry,Silver,Exclusive Invite,1,7693,1391,7693,1391,6302,81.9
5004502,2022-01-18,Paris,Luxury Watches,Silver,Exclusive Invite,1,12509,4151,12509,4151,8358,66.8
5002004,2022-01-19,Paris,Designer Handbags,Gold,Walk-in,1,3443,543,3443,543,2900,84.2
5006192,2022-01-19,New York,Fine Jewelry,First-Time Buyer,Organic Search,2,9248,3034,18496,6068,12428,67.2
5008263,2022-01-19,New York,Fine Jewelry,Silver,Walk-in,1,8607,1423,8607,1423,7184,83.5
5003159,2022-01-19,New York,Fine Jewelry,First-Time Buyer,Organic Search,1,9129,2911,9129,2911,6218,68.1
5005963,2022-01-19,Dubai,Luxury Watches,Silver,Organic Search,1,12334,2298,12334,2298,10036,81.4
5005257,2022-01-19,New York,Luxury Watches,Platinum (VIP),Walk-in,1,14097,3859,14097,3859,10238,72.6
5001871,2022-01-19,Paris,Fine Jewelry,Gold,Paid Social,2,10028,2907,20056,5814,14242,71.0
5000499,2022-01-19,Paris,Designer Handbags,Platinum (VIP),Walk-in,1,3792,822,3792,822,2970,78.3
5002020,2022-01-19,Milan,Fine Jewelry,Silver,Walk-in,1,8087,2770,8087,2770,5317,65.7
5002927,2022-01-19,New York,Fine Jewelry,Silver,Walk-in,1,8632,2403,8632,2403,6229,72.2
5003320,2022-01-19,Paris,Designer Handbags,First-Time Buyer,Walk-in,1,3704,991,3704,991,2713,73.2
5005360,2022-01-19,New York,Designer Handbags,First-Time Buyer,Paid Social,1,3575,971,3575,971,2604,72.8
5008221,2022-01-19,Paris,Designer Handbags,Silver,Paid Social,3,3707,1092,11121,3276,7845,70.5
5008349,2022-01-20,Milan,Fine Jewelry,First-Time Buyer,Walk-in,1,9094,2476,9094,2476,6618,72.8
5000655,2022-01-20,Tokyo,Haute Fragrance,Silver,Exclusive Invite,1,324,95,324,95,229,70.7
5009813,2022-01-20,Tokyo,Designer Handbags,Platinum (VIP),Exclusive Invite,1,3767,1244,3767,1244,2523,67.0
5001267,2022-01-20,Tokyo,Fine Jewelry,Silver,Organic Search,1,9295,1739,9295,1739,7556,81.3
5001910,2022-01-20,Tokyo,Luxury Watches,First-Time Buyer,Exclusive Invite,1,11476,3836,11476,3836,7640,66.6
5005762,2022-01-20,Dubai,Luxury Watches,First-Time Buyer,Paid Social,1,14559,4449,14559,4449,10110,69.4
5002615,2022-01-20,Tokyo,Luxury Watches,Silver,Walk-in,1,13171,3412,13171,3412,9759,74.1
5007167,2022-01-20,Paris,Fine Jewelry,First-Time Buyer,Organic Search,1,9732,2638,9732,2638,7094,72.9
5002440,2022-01-20,Paris,Luxury Watches,Gold,Exclusive Invite,1,11590,2574,11590,2574,9016,77.8
5003419,2022-01-20,Paris,Luxury Watches,Silver,Paid Social,1,12871,4444,12871,4444,8427,65.5
5006762,2022-01-21,Paris,Designer Handbags,Silver,Walk-in,1,3615,669,3615,669,2946,81.5
5002992,2022-01-21,New York,Haute Fragrance,Silver,Paid Social,1,371,64,371,64,307,82.7
5004401,2022-01-21,Tokyo,Designer Handbags,Silver,Exclusive Invite,1,3454,1152,3454,1152,2302,66.6
5007607,2022-01-21,Milan,Luxury Watches,First-Time Buyer,Walk-in,1,13964,3796,13964,3796,10168,72.8
5006310,2022-01-21,Milan,Fine Jewelry,Platinum (VIP),Walk-in,1,7768,1365,7768,1365,6403,82.4
5002447,2022-01-21,Dubai,Designer Handbags,Gold,Organic Search,1,3621,839,3621,839,2782,76.8
5008765,2022-01-21,Dubai,Luxury Watches,Silver,Walk-in,1,14388,3707,14388,3707,10681,74.2
5002245,2022-01-21,Milan,Fine Jewelry,First-Time Buyer,Walk-in,1,9907,2751,9907,2751,7156,72.2
5009920,2022-01-21,Dubai,Designer Handbags,Gold,Paid Social,1,3733,638,3733,638,3095,82.9
5008955,2022-01-21,Paris,Designer Handbags,First-Time Buyer,Organic Search,1,3508,1204,3508,1204,2304,65.7
5008659,2022-01-21,Milan,Haute Fragrance,Silver,Paid Social,1,316,108,316,108,208,65.8
5004285,2022-01-21,Tokyo,Luxury Watches,Silver,Paid Social,1,11856,2589,11856,2589,9267,78.2
5006977,2022-01-22,Tokyo,Designer Handbags,First-Time Buyer,Organic Search,1,3582,1108,3582,1108,2474,69.1
5006105,2022-01-22,Dubai,Designer Handbags,Platinum (VIP),Organic Search,1,3770,1191,3770,1191,2579,68.4
5004496,2022-01-22,Paris,Luxury Watches,Platinum (VIP),Paid Social,3,11775,2915,35325,8745,26580,75.2
5008754,2022-01-22,Tokyo,Designer Handbags,Silver,Paid Social,1,3334,533,3334,533,2801,84.0
5008800,2022-01-22,Milan,Designer Handbags,Gold,Walk-in,1,3565,675,3565,675,2890,81.1
5000901,2022-01-22,Paris,Haute Fragrance,First-Time Buyer,Paid Social,1,325,105,325,105,220,67.7
5000293,2022-01-22,Paris,Fine Jewelry,Gold,Paid Social,2,9031,1357,18062,2714,15348,85.0
5000061,2022-01-22,Milan,Haute Fragrance,Gold,Paid Social,2,326,52,652,104,548,84.0
5002845,2022-01-22,New York,Luxury Watches,First-Time Buyer,Paid Social,3,13184,2491,39552,7473,32079,81.1
5004876,2022-01-22,Tokyo,Luxury Watches,First-Time Buyer,Paid Social,1,12801,4079,12801,4079,8722,68.1
5008413,2022-01-22,Paris,Haute Fragrance,Platinum (VIP),Organic Search,1,390,109,390,109,281,72.1
5009719,2022-01-22,New York,Designer Handbags,Gold,Paid Social,3,3353,913,10059,2739,7320,72.8
5009717,2022-01-23,New York,Designer Handbags,First-Time Buyer,Paid Social,2,3662,558,7324,1116,6208,84.8
5009543,2022-01-23,New York,Fine Jewelry,Silver,Organic Search,1,8709,2453,8709,2453,6256,71.8
5003447,2022-01-23,New York,Luxury Watches,Silver,Paid Social,1,11959,3221,11959,3221,8738,73.1
5008453,2022-01-23,Dubai,Haute Fragrance,First-Time Buyer,Paid Social,1,397,101,397,101,296,74.6
5001392,2022-01-23,Milan,Designer Handbags,Silver,Walk-in,1,3421,559,3421,559,2862,83.7
5006958,2022-01-23,New York,Luxury Watches,First-Time Buyer,Walk-in,1,11293,2663,11293,2663,8630,76.4
5006910,2022-01-23,New York,Designer Handbags,Gold,Paid Social,1,3309,818,3309,818,2491,75.3
5006965,2022-01-23,Paris,Fine Jewelry,Silver,Exclusive Invite,1,9912,1815,9912,1815,8097,81.7
5003614,2022-01-23,Paris,Fine Jewelry,First-Time Buyer,Paid Social,1,8434,2064,8434,2064,6370,75.5
5004885,2022-01-23,New York,Haute Fragrance,Silver,Walk-in,1,376,82,376,82,294,78.2
5009997,2022-01-23,Milan,Designer Handbags,Gold,Walk-in,2,3568,701,7136,1402,5734,80.4
5006828,2022-01-23,New York,Luxury Watches,First-Time Buyer,Paid Social,1,14104,2870,14104,2870,11234,79.7
5006654,2022-01-23,Dubai,Luxury Watches,Silver,Organic Search,1,12486,3146,12486,3146,9340,74.8
5009724,2022-01-23,Paris,Luxury Watches,Gold,Walk-in,1,12022,2683,12022,2683,9339,77.7
5004559,2022-01-23,New York,Fine Jewelry,First-Time Buyer,Organic Search,1,7855,1918,7855,1918,5937,75.6
5001211,2022-01-24,Paris,Designer Handbags,Gold,Organic Search,2,3323,904,6646,1808,4838,72.8
5002197,2022-01-24,Tokyo,Luxury Watches,First-Time Buyer,Walk-in,1,12831,3395,12831,3395,9436,73.5
5009513,2022-01-24,Milan,Luxury Watches,Platinum (VIP),Exclusive Invite,1,14622,4200,14622,4200,10422,71.3
5007714,2022-01-24,New York,Fine Jewelry,Silver,Paid Social,1,7841,2316,7841,2316,5525,70.5
5005247,2022-01-24,New York,Luxury Watches,Silver,Paid Social,1,14105,3280,14105,3280,10825,76.7
5009085,2022-01-24,Milan,Luxury Watches,Silver,Organic Search,1,11624,3084,11624,3084,8540,73.5
5004240,2022-01-24,Tokyo,Designer Handbags,Gold,Paid Social,2,3577,669,7154,1338,5816,81.3
5008812,2022-01-24,New York,Designer Handbags,Silver,Organic Search,1,3255,546,3255,546,2709,83.2
5000962,2022-01-24,Milan,Luxury Watches,Gold,Organic Search,1,11376,2672,11376,2672,8704,76.5
5002840,2022-01-24,Dubai,Designer Handbags,Silver,Walk-in,1,2909,796,2909,796,2113,72.6
5006616,2022-01-24,Paris,Designer Handbags,First-Time Buyer,Walk-in,1,3049,747,3049,747,2302,75.5
5002988,2022-01-24,Milan,Luxury Watches,First-Time Buyer,Paid Social,1,12815,3021,12815,3021,9794,76.4
5007658,2022-01-24,New York,Designer Handbags,Gold,Organic Search,1,3657,1127,3657,1127,2530,69.2
5004015,2022-01-24,Milan,Designer Handbags,Gold,Walk-in,1,3094,906,3094,906,2188,70.7
5000308,2022-01-24,Paris,Designer Handbags,First-Time Buyer,Walk-in,3,2986,711,8958,2133,6825,76.2
5004475,2022-01-24,New York,Luxury Watches,First-Time Buyer,Walk-in,1,13098,3746,13098,3746,9352,71.4
5008656,2022-01-24,Milan,Luxury Watches,Silver,Walk-in,1,14479,2203,14479,2203,12276,84.8
5000743,2022-01-24,Milan,Designer Handbags,First-Time Buyer,Organic Search,1,3283,1129,3283,1129,2154,65.6
5002228,2022-01-24,New York,Luxury Watches,Silver,Organic Search,1,13762,4801,13762,4801,8961,65.1
5005897,2022-01-25,Paris,Fine Jewelry,First-Time Buyer,Organic Search,1,9179,1479,9179,1479,7700,83.9
5002243,2022-01-25,Tokyo,Luxury Watches,Silver,Exclusive Invite,1,14805,4891,14805,4891,9914,67.0
5000550,2022-01-25,Paris,Designer Handbags,First-Time Buyer,Exclusive Invite,1,3173,870,3173,870,2303,72.6
5008325,2022-01-25,Dubai,Luxury Watches,Gold,Paid Social,1,13730,4204,13730,4204,9526,69.4
5009282,2022-01-25,New York,Designer Handbags,Gold,Walk-in,1,3436,620,3436,620,2816,82.0
5000299,2022-01-25,Dubai,Designer Handbags,Platinum (VIP),Organic Search,2,3535,895,7070,1790,5280,74.7
5001378,2022-01-25,New York,Luxury Watches,First-Time Buyer,Walk-in,1,14336,2734,14336,2734,11602,80.9
5003715,2022-01-25,Tokyo,Luxury Watches,Silver,Paid Social,3,12282,2939,36846,8817,28029,76.1
5000967,2022-01-26,New York,Designer Handbags,Silver,Paid Social,1,3589,963,3589,963,2626,73.2
5003266,2022-01-26,Paris,Designer Handbags,First-Time Buyer,Walk-in,1,3679,1089,3679,1089,2590,70.4
5000075,2022-01-26,Paris,Luxury Watches,Gold,Walk-in,1,12479,2426,12479,2426,10053,80.6
5004690,2022-01-26,Paris,Designer Handbags,Silver,Paid Social,1,2957,633,2957,633,2324,78.6
5009068,2022-01-26,Dubai,Luxury Watches,First-Time Buyer,Paid Social,1,12674,3998,12674,3998,8676,68.5
5007286,2022-01-26,Milan,Luxury Watches,Gold,Organic Search,1,12171,3571,12171,3571,8600,70.7
5004754,2022-01-26,Milan,Fine Jewelry,Gold,Walk-in,1,10128,3352,10128,3352,6776,66.9
5000043,2022-01-26,Paris,Luxury Watches,First-Time Buyer,Walk-in,1,12478,2818,12478,2818,9660,77.4
5002256,2022-01-26,Paris,Fine Jewelry,Silver,Organic Search,1,9880,2936,9880,2936,6944,70.3
5001488,2022-01-26,New York,Designer Handbags,First-Time Buyer,Organic Search,1,3735,825,3735,825,2910,77.9
5005441,2022-01-26,Tokyo,Haute Fragrance,Silver,Exclusive Invite,2,383,65,766,130,636,83.0
5008566,2022-01-26,Paris,Fine Jewelry,Platinum (VIP),Walk-in,1,7851,1986,7851,1986,5865,74.7
5008687,2022-01-26,Milan,Luxury Watches,Silver,Walk-in,1,12889,4357,12889,4357,8532,66.2
5006479,2022-01-26,Paris,Fine Jewelry,Gold,Walk-in,1,9122,1730,9122,1730,7392,81.0
5004877,2022-01-26,New York,Designer Handbags,Gold,Organic Search,1,3491,1087,3491,1087,2404,68.9
5003613,2022-01-26,Milan,Designer Handbags,Silver,Organic Search,3,3568,1228,10704,3684,7020,65.6
5001412,2022-01-26,Tokyo,Haute Fragrance,Silver,Organic Search,1,397,96,397,96,301,75.8
5000364,2022-01-26,Paris,Fine Jewelry,Silver,Walk-in,3,8023,1218,24069,3654,20415,84.8
5001985,2022-01-27,Milan,Luxury Watches,First-Time Buyer,Organic Search,1,11684,3535,11684,3535,8149,69.7
5002672,2022-01-27,New York,Designer Handbags,First-Time Buyer,Organic Search,1,3324,1026,3324,1026,2298,69.1
5008061,2022-01-27,New York,Designer Handbags,First-Time Buyer,Paid Social,1,3336,581,3336,581,2755,82.6
5002513,2022-01-27,Dubai,Haute Fragrance,Platinum (VIP),Organic Search,1,341,68,341,68,273,80.1
5004674,2022-01-27,Dubai,Fine Jewelry,First-Time Buyer,Exclusive Invite,2,9962,3166,19924,6332,13592,68.2
5001662,2022-01-27,Milan,Haute Fragrance,First-Time Buyer,Paid Social,1,396,85,396,85,311,78.5
5005006,2022-01-27,Tokyo,Designer Handbags,Platinum (VIP),Paid Social,3,2938,797,8814,2391,6423,72.9
5006328,2022-01-27,New York,Luxury Watches,Silver,Walk-in,1,13810,2935,13810,2935,10875,78.7
5009990,2022-01-27,Paris,Fine Jewelry,Silver,Walk-in,1,8651,1481,8651,1481,7170,82.9
5001746,2022-01-27,Paris,Designer Handbags,Silver,Organic Search,3,3573,921,10719,2763,7956,74.2
5009599,2022-01-27,Tokyo,Fine Jewelry,Gold,Organic Search,1,8060,2725,8060,2725,5335,66.2
5006122,2022-01-27,Tokyo,Fine Jewelry,First-Time Buyer,Organic Search,3,8248,2748,24744,8244,16500,66.7
5009675,2022-01-28,New York,Luxury Watches,Silver,Exclusive Invite,1,12843,2186,12843,2186,10657,83.0
5007257,2022-01-28,Dubai,Luxury Watches,First-Time Buyer,Paid Social,1,14361,3077,14361,3077,11284,78.6
5005063,2022-01-28,Dubai,Luxury Watches,Gold,Exclusive Invite,1,14088,2836,14088,2836,11252,79.9
5002805,2022-01-28,Dubai,Designer Handbags,Gold,Organic Search,1,3282,950,3282,950,2332,71.1
5006525,2022-01-28,Tokyo,Haute Fragrance,Silver,Paid Social,1,383,85,383,85,298,77.8
5007441,2022-01-28,New York,Designer Handbags,First-Time Buyer,Paid Social,2,3834,930,7668,1860,5808,75.7
5002336,2022-01-28,Paris,Designer Handbags,First-Time Buyer,Paid Social,1,3195,870,3195,870,2325,72.8
5002096,2022-01-28,Milan,Fine Jewelry,First-Time Buyer,Exclusive Invite,1,10030,2279,10030,2279,7751,77.3
5007503,2022-01-28,Paris,Designer Handbags,Gold,Organic Search,1,3750,717,3750,717,3033,80.9
5000541,2022-01-28,Milan,Haute Fragrance,First-Time Buyer,Exclusive Invite,3,358,61,1074,183,891,83.0
5009552,2022-01-28,Dubai,Haute Fragrance,First-Time Buyer,Organic Search,2,404,78,808,156,652,80.7
5008500,2022-01-28,Paris,Designer Handbags,Silver,Exclusive Invite,1,3198,508,3198,508,2690,84.1
5008156,2022-01-29,New York,Luxury Watches,Platinum (VIP),Paid Social,1,12144,2837,12144,2837,9307,76.6
5005431,2022-01-29,Milan,Luxury Watches,Gold,Exclusive Invite,1,11886,3568,11886,3568,8318,70.0
5003257,2022-01-29,Dubai,Luxury Watches,First-Time Buyer,Exclusive Invite,1,13871,4716,13871,4716,9155,66.0
5009503,2022-01-29,Paris,Luxury Watches,First-Time Buyer,Paid Social,1,11742,3451,11742,3451,8291,70.6
5001134,2022-01-29,Milan,Designer Handbags,First-Time Buyer,Paid Social,1,3453,1195,3453,1195,2258,65.4
5002032,2022-01-29,Milan,Designer Handbags,Gold,Organic Search,1,3719,1026,3719,1026,2693,72.4
5000496,2022-01-29,New York,Designer Handbags,Platinum (VIP),Exclusive Invite,1,3462,978,3462,978,2484,71.8
5005517,2022-01-29,Dubai,Designer Handbags,Silver,Walk-in,1,3700,738,3700,738,2962,80.1
5004858,2022-01-29,Tokyo,Luxury Watches,Silver,Walk-in,1,12313,2282,12313,2282,10031,81.5
5004087,2022-01-29,Paris,Luxury Watches,Silver,Walk-in,2,14795,3757,29590,7514,22076,74.6
5000520,2022-01-29,New York,Designer Handbags,Silver,Exclusive Invite,1,3074,889,3074,889,2185,71.1
5008588,2022-01-29,Tokyo,Luxury Watches,Gold,Paid Social,1,12048,3831,12048,3831,8217,68.2
5002457,2022-01-29,New York,Fine Jewelry,First-Time Buyer,Organic Search,1,9889,1784,9889,1784,8105,82.0
5002489,2022-01-30,Paris,Haute Fragrance,Silver,Organic Search,1,319,59,319,59,260,81.5
5004004,2022-01-30,New York,Luxury Watches,Gold,Walk-in,1,14778,3485,14778,3485,11293,76.4
5004972,2022-01-30,Tokyo,Haute Fragrance,First-Time Buyer,Walk-in,1,416,90,416,90,326,78.4
5006425,2022-01-30,Tokyo,Fine Jewelry,First-Time Buyer,Walk-in,2,7915,2393,15830,4786,11044,69.8
5005641,2022-01-30,New York,Designer Handbags,Silver,Organic Search,3,3489,753,10467,2259,8208,78.4
5003003,2022-01-30,Milan,Designer Handbags,First-Time Buyer,Walk-in,1,3397,1109,3397,1109,2288,67.4
5008204,2022-01-30,Milan,Luxury Watches,Silver,Paid Social,1,14318,2361,14318,2361,11957,83.5
5003232,2022-01-30,New York,Fine Jewelry,Gold,Walk-in,2,8954,1886,17908,3772,14136,78.9
5006849,2022-01-30,New York,Designer Handbags,Silver,Organic Search,2,3457,1028,6914,2056,4858,70.3
5002409,2022-01-30,Paris,Fine Jewelry,Gold,Paid Social,3,10140,3120,30420,9360,21060,69.2
5003129,2022-01-30,Tokyo,Designer Handbags,First-Time Buyer,Organic Search,1,3418,803,3418,803,2615,76.5
5004554,2022-01-30,Dubai,Fine Jewelry,First-Time Buyer,Organic Search,2,9467,2683,18934,5366,13568,71.7
5000988,2022-01-30,New York,Luxury Watches,First-Time Buyer,Paid Social,1,13547,4711,13547,4711,8836,65.2
5007095,2022-01-30,New York,Fine Jewelry,First-Time Buyer,Organic Search,1,10064,2467,10064,2467,7597,75.5
5004940,2022-01-31,Tokyo,Haute Fragrance,First-Time Buyer,Exclusive Invite,2,357,103,714,206,508,71.1
5008585,2022-01-31,Milan,Designer Handbags,Gold,Organic Search,1,3015,830,3015,830,2185,72.5
5001928,2022-01-31,Paris,Designer Handbags,Silver,Organic Search,1,3664,1257,3664,1257,2407,65.7
5003085,2022-01-31,Paris,Fine Jewelry,Gold,Organic Search,3,9269,1840,27807,5520,22287,80.1
5008295,2022-01-31,Tokyo,Designer Handbags,Silver,Organic Search,1,3093,616,3093,616,2477,80.1
5009396,2022-01-31,Dubai,Designer Handbags,Platinum (VIP),Paid Social,1,2990,498,2990,498,2492,83.3
5008223,2022-01-31,Paris,Designer Handbags,First-Time Buyer,Walk-in,1,3653,807,3653,807,2846,77.9
5009789,2022-01-31,Tokyo,Haute Fragrance,Gold,Exclusive Invite,2,375,94,750,188,562,74.9
5004500,2022-02-01,Tokyo,Luxury Watches,First-Time Buyer,Walk-in,1,12110,4100,12110,4100,8010,66.1
5003597,2022-02-01,New York,Fine Jewelry,Platinum (VIP),Paid Social,1,8250,2023,8250,2023,6227,75.5
5002183,2022-02-01,Dubai,Fine Jewelry,Platinum (VIP),Organic Search,1,8911,2154,8911,2154,6757,75.8
5004540,2022-02-01,Paris,Haute Fragrance,First-Time Buyer,Organic Search,1,389,60,389,60,329,84.6
5004566,2022-02-01,New York,Designer Handbags,Silver,Exclusive Invite,1,3103,805,3103,805,2298,74.1
5005718,2022-02-01,Dubai,Luxury Watches,Platinum (VIP),Organic Search,1,12343,2875,12343,2875,9468,76.7
5009512,2022-02-01,Milan,Haute Fragrance,Silver,Walk-in,3,380,68,1140,204,936,82.1
5008227,2022-02-01,Dubai,Designer Handbags,Silver,Walk-in,1,3810,1254,3810,1254,2556,67.1
5002795,2022-02-01,Paris,Designer Handbags,First-Time Buyer,Organic Search,2,3093,477,6186,954,5232,84.6
5004268,2022-02-01,New York,Designer Handbags,Platinum (VIP),Paid Social,1,3577,604,3577,604,2973,83.1
5006218,2022-02-01,Paris,Fine Jewelry,First-Time Buyer,Walk-in,1,8272,1564,8272,1564,6708,81.1
5001502,2022-02-01,New York,Designer Handbags,First-Time Buyer,Paid Social,2,3479,613,6958,1226,5732,82.4
5006552,2022-02-02,Milan,Haute Fragrance,First-Time Buyer,Paid Social,1,357,70,357,70,287,80.4
5000116,2022-02-02,Tokyo,Luxury Watches,Gold,Paid Social,1,14647,2474,14647,2474,12173,83.1
5008743,2022-02-02,Milan,Haute Fragrance,Silver,Paid Social,1,361,99,361,99,262,72.6
5005545,2022-02-02,Milan,Luxury Watches,Gold,Walk-in,1,13399,3555,13399,3555,9844,73.5
5006779,2022-02-02,Dubai,Luxury Watches,First-Time Buyer,Walk-in,1,12537,3762,12537,3762,8775,70.0
5003866,2022-02-02,Tokyo,Designer Handbags,Silver,Exclusive Invite,1,3392,1112,3392,1112,2280,67.2
5000890,2022-02-02,New York,Luxury Watches,Silver,Walk-in,1,11474,1819,11474,1819,9655,84.1
5001692,2022-02-02,New York,Haute Fragrance,First-Time Buyer,Paid Social,1,339,67,339,67,272,80.2
5002684,2022-02-02,Dubai,Fine Jewelry,Platinum (VIP),Exclusive Invite,1,8968,2795,8968,2795,6173,68.8
5003224,2022-02-02,New York,Luxury Watches,Gold,Organic Search,1,13426,4167,13426,4167,9259,69.0
5007911,2022-02-02,New York,Luxury Watches,First-Time Buyer,Organic Search,1,11258,3768,11258,3768,7490,66.5
5008015,2022-02-02,Tokyo,Luxury Watches,Silver,Organic Search,1,13543,3889,13543,3889,9654,71.3
5002646,2022-02-02,Dubai,Fine Jewelry,First-Time Buyer,Walk-in,2,10196,2730,20392,5460,14932,73.2
5004984,2022-02-02,Paris,Designer Handbags,Gold,Paid Social,1,3523,1198,3523,1198,2325,66.0
5008850,2022-02-03,Dubai,Luxury Watches,First-Time Buyer,Organic Search,1,14826,4588,14826,4588,10238,69.1
5006782,2022-02-03,Paris,Designer Handbags,Silver,Exclusive Invite,1,3081,548,3081,548,2533,82.2
5001579,2022-02-03,Paris,Designer Handbags,Silver,Organic Search,1,3557,687,3557,687,2870,80.7
5006107,2022-02-03,New York,Haute Fragrance,Silver,Paid Social,1,419,94,419,94,325,77.6
5004415,2022-02-03,Dubai,Haute Fragrance,Gold,Organic Search,1,332,57,332,57,275,82.8
5004613,2022-02-03,Dubai,Designer Handbags,First-Time Buyer,Walk-in,1,3321,536,3321,536,2785,83.9
5003699,2022-02-03,New York,Designer Handbags,Platinum (VIP),Walk-in,1,3682,627,3682,627,3055,83.0
5004495,2022-02-03,Tokyo,Haute Fragrance,First-Time Buyer,Paid Social,1,339,53,339,53,286,84.4
5009262,2022-02-04,Milan,Designer Handbags,First-Time Buyer,Paid Social,1,3522,972,3522,972,2550,72.4
5002466,2022-02-04,Tokyo,Designer Handbags,First-Time Buyer,Organic Search,1,3812,872,3812,872,2940,77.1
5000933,2022-02-04,New York,Luxury Watches,Platinum (VIP),Walk-in,1,14164,4476,14164,4476,9688,68.4
5008833,2022-02-04,Dubai,Designer Handbags,Gold,Exclusive Invite,1,3334,920,3334,920,2414,72.4
5003600,2022-02-04,New York,Fine Jewelry,First-Time Buyer,Organic Search,1,8574,1626,8574,1626,6948,81.0
5004211,2022-02-04,Milan,Designer Handbags,Silver,Walk-in,1,3496,595,3496,595,2901,83.0
5006147,2022-02-04,Dubai,Designer Handbags,Silver,Walk-in,1,3287,507,3287,507,2780,84.6
5000338,2022-02-04,Paris,Fine Jewelry,Platinum (VIP),Organic Search,1,8134,2110,8134,2110,6024,74.1
5000982,2022-02-04,Paris,Haute Fragrance,Platinum (VIP),Paid Social,1,324,93,324,93,231,71.3
5009224,2022-02-04,New York,Designer Handbags,Platinum (VIP),Organic Search,3,3804,1061,11412,3183,8229,72.1
5007396,2022-02-04,Paris,Luxury Watches,Silver,Exclusive Invite,1,13982,4877,13982,4877,9105,65.1
5005532,2022-02-04,Dubai,Luxury Watches,First-Time Buyer,Walk-in,2,12534,1964,25068,3928,21140,84.3
5006112,2022-02-04,Tokyo,Designer Handbags,Platinum (VIP),Organic Search,1,3082,834,3082,834,2248,72.9
5009166,2022-02-04,Paris,Haute Fragrance,First-Time Buyer,Paid Social,1,409,62,409,62,347,84.8
5000484,2022-02-04,Dubai,Designer Handbags,First-Time Buyer,Organic Search,1,3391,1036,3391,1036,2355,69.4
5001419,2022-02-04,New York,Fine Jewelry,First-Time Buyer,Walk-in,2,9686,1461,19372,2922,16450,84.9
5004813,2022-02-05,New York,Luxury Watches,First-Time Buyer,Paid Social,1,12664,3347,12664,3347,9317,73.6
5001726,2022-02-05,New York,Luxury Watches,Gold,Paid Social,1,13437,4307,13437,4307,9130,67.9
5007697,2022-02-05,Tokyo,Haute Fragrance,Gold,Paid Social,1,343,116,343,116,227,66.2
5005839,2022-02-05,Dubai,Designer Handbags,Gold,Walk-in,1,3315,887,3315,887,2428,73.2
5007687,2022-02-05,New York,Luxury Watches,First-Time Buyer,Organic Search,1,14792,2693,14792,2693,12099,81.8
5009656,2022-02-05,New York,Luxury Watches,First-Time Buyer,Organic Search,1,13878,3088,13878,3088,10790,77.7
5004090,2022-02-05,Paris,Haute Fragrance,Silver,Paid Social,1,410,66,410,66,344,83.9
5002449,2022-02-05,Paris,Fine Jewelry,Silver,Walk-in,1,9885,3250,9885,3250,6635,67.1
5006313,2022-02-05,Paris,Designer Handbags,Silver,Organic Search,1,3391,1102,3391,1102,2289,67.5
5005280,2022-02-05,New York,Designer Handbags,First-Time Buyer,Organic Search,1,3219,661,3219,661,2558,79.5
5004521,2022-02-05,New York,Luxury Watches,Gold,Walk-in,1,11436,1971,11436,1971,9465,82.8
5002941,2022-02-05,Paris,Luxury Watches,Silver,Walk-in,1,12058,2566,12058,2566,9492,78.7
5007823,2022-02-05,Paris,Fine Jewelry,First-Time Buyer,Walk-in,1,8192,1951,8192,1951,6241,76.2
5000102,2022-02-05,New York,Luxury Watches,First-Time Buyer,Paid Social,1,12697,2148,12697,2148,10549,83.1
5007563,2022-02-06,New York,Designer Handbags,Silver,Organic Search,1,2991,599,2991,599,2392,80.0
5000858,2022-02-06,Milan,Fine Jewelry,First-Time Buyer,Paid Social,1,8985,1561,8985,1561,7424,82.6
5008109,2022-02-06,Milan,Designer Handbags,Gold,Organic Search,1,3106,683,3106,683,2423,78.0
5001727,2022-02-06,Paris,Designer Handbags,Silver,Paid Social,1,3723,1111,3723,1111,2612,70.2
5000166,2022-02-06,Milan,Designer Handbags,First-Time Buyer,Organic Search,1,2980,478,2980,478,2502,84.0
5003876,2022-02-06,Dubai,Designer Handbags,Silver,Organic Search,1,3535,623,3535,623,2912,82.4
5008314,2022-02-06,Dubai,Luxury Watches,Platinum (VIP),Paid Social,1,13022,2576,13022,2576,10446,80.2
5004973,2022-02-06,Paris,Haute Fragrance,First-Time Buyer,Paid Social,1,415,125,415,125,290,69.9
5009863,2022-02-06,New York,Fine Jewelry,Silver,Organic Search,1,7707,2457,7707,2457,5250,68.1
5006636,2022-02-06,New York,Designer Handbags,Silver,Organic Search,1,2913,477,2913,477,2436,83.6
5008268,2022-02-06,Dubai,Designer Handbags,Platinum (VIP),Exclusive Invite,2,3631,1096,7262,2192,5070,69.8
5001768,2022-02-06,New York,Luxury Watches,First-Time Buyer,Paid Social,1,14208,4804,14208,4804,9404,66.2
5004599,2022-02-06,Tokyo,Designer Handbags,First-Time Buyer,Walk-in,1,3133,774,3133,774,2359,75.3
5004322,2022-02-07,Paris,Luxury Watches,First-Time Buyer,Exclusive Invite,1,14664,2927,14664,2927,11737,80.0
5001970,2022-02-07,Dubai,Luxury Watches,First-Time Buyer,Organic Search,1,14716,3407,14716,3407,11309,76.8
5003096,2022-02-07,Paris,Designer Handbags,First-Time Buyer,Organic Search,1,3470,1205,3470,1205,2265,65.3
5001698,2022-02-07,Dubai,Luxury Watches,Silver,Paid Social,3,12391,3278,37173,9834,27339,73.5
5004807,2022-02-07,Dubai,Luxury Watches,Platinum (VIP),Exclusive Invite,1,12006,2053,12006,2053,9953,82.9
5008254,2022-02-07,Paris,Designer Handbags,Silver,Walk-in,2,3240,975,6480,1950,4530,69.9
5006823,2022-02-07,Dubai,Haute Fragrance,Gold,Paid Social,1,360,112,360,112,248,68.9
5004867,2022-02-07,Milan,Fine Jewelry,Silver,Organic Search,1,10079,1728,10079,1728,8351,82.9
5008202,2022-02-07,Dubai,Fine Jewelry,Gold,Organic Search,1,7802,2346,7802,2346,5456,69.9
5008232,2022-02-07,Paris,Designer Handbags,Gold,Organic Search,2,3252,921,6504,1842,4662,71.7
5004300,2022-02-07,Milan,Haute Fragrance,First-Time Buyer,Paid Social,1,346,90,346,90,256,74.0
5009005,2022-02-07,Paris,Designer Handbags,Gold,Exclusive Invite,1,3042,692,3042,692,2350,77.3
5004842,2022-02-07,New York,Designer Handbags,First-Time Buyer,Paid Social,1,3630,559,3630,559,3071,84.6
5002216,2022-02-08,Paris,Fine Jewelry,First-Time Buyer,Walk-in,1,9233,1553,9233,1553,7680,83.2
5004386,2022-02-08,New York,Haute Fragrance,Silver,Exclusive Invite,1,352,101,352,101,251,71.3
5009324,2022-02-08,Tokyo,Designer Handbags,Silver,Exclusive Invite,1,3827,767,3827,767,3060,80.0
5003626,2022-02-08,Tokyo,Designer Handbags,Silver,Organic Search,1,3384,627,3384,627,2757,81.5
5004658,2022-02-09,Tokyo,Luxury Watches,Gold,Paid Social,1,12059,2717,12059,2717,9342,77.5
5006325,2022-02-09,Tokyo,Haute Fragrance,First-Time Buyer,Walk-in,1,354,91,354,91,263,74.3
5009072,2022-02-09,New York,Fine Jewelry,Gold,Exclusive Invite,1,9431,2445,9431,2445,6986,74.1
5006869,2022-02-09,New York,Haute Fragrance,First-Time Buyer,Organic Search,1,330,99,330,99,231,70.0
5002608,2022-02-09,Paris,Designer Handbags,First-Time Buyer,Organic Search,1,3815,1083,3815,1083,2732,71.6
5006085,2022-02-09,Tokyo,Luxury Watches,First-Time Buyer,Organic Search,1,12046,2758,12046,2758,9288,77.1
5007813,2022-02-09,Dubai,Designer Handbags,Silver,Paid Social,1,3608,972,3608,972,2636,73.1
5001282,2022-02-09,Tokyo,Fine Jewelry,First-Time Buyer,Walk-in,1,7740,2542,7740,2542,5198,67.2
5000766,2022-02-09,New York,Designer Handbags,Silver,Walk-in,1,3774,1244,3774,1244,2530,67.0
5000492,2022-02-09,Dubai,Designer Handbags,Platinum (VIP),Exclusive Invite,1,3435,824,3435,824,2611,76.0
5006453,2022-02-09,Paris,Luxury Watches,Platinum (VIP),Exclusive Invite,1,13253,4261,13253,4261,8992,67.8
5001416,2022-02-09,New York,Designer Handbags,Silver,Organic Search,1,3504,1219,3504,1219,2285,65.2
5008510,2022-02-09,New York,Fine Jewelry,Silver,Paid Social,1,7934,2488,7934,2488,5446,68.6
5003767,2022-02-09,Tokyo,Designer Handbags,Gold,Organic Search,1,3132,975,3132,975,2157,68.9
5009706,2022-02-09,Paris,Fine Jewelry,First-Time Buyer,Paid Social,1,8479,1679,8479,1679,6800,80.2
5004745,2022-02-09,Dubai,Luxury Watches,Gold,Organic Search,1,12745,3604,12745,3604,9141,71.7
5003550,2022-02-09,Dubai,Fine Jewelry,First-Time Buyer,Paid Social,1,8633,2350,8633,2350,6283,72.8
5009184,2022-02-09,Tokyo,Designer Handbags,Platinum (VIP),Exclusive Invite,1,3543,1114,3543,1114,2429,68.6
5009733,2022-02-10,Paris,Fine Jewelry,Platinum (VIP),Paid Social,1,10185,2711,10185,2711,7474,73.4
5009886,2022-02-10,New York,Luxury Watches,Silver,Organic Search,1,13882,4475,13882,4475,9407,67.8
5002822,2022-02-10,Dubai,Luxury Watches,Gold,Organic Search,1,14735,4469,14735,4469,10266,69.7
5004803,2022-02-10,New York,Luxury Watches,Platinum (VIP),Paid Social,1,14234,3356,14234,3356,10878,76.4
5002441,2022-02-10,New York,Fine Jewelry,First-Time Buyer,Exclusive Invite,1,9792,2597,9792,2597,7195,73.5
5002553,2022-02-10,Paris,Designer Handbags,Platinum (VIP),Paid Social,2,3471,1137,6942,2274,4668,67.2
5008700,2022-02-10,Dubai,Designer Handbags,Silver,Organic Search,1,3527,749,3527,749,2778,78.8
5008730,2022-02-10,Paris,Fine Jewelry,Platinum (VIP),Walk-in,3,7848,2702,23544,8106,15438,65.6
5009177,2022-02-10,Paris,Luxury Watches,First-Time Buyer,Organic Search,1,11751,2202,11751,2202,9549,81.3
5000915,2022-02-10,Paris,Luxury Watches,Silver,Organic Search,1,11688,2973,11688,2973,8715,74.6
5007493,2022-02-10,Tokyo,Luxury Watches,Silver,Paid Social,1,12726,3950,12726,3950,8776,69.0
5003116,2022-02-10,New York,Luxury Watches,Gold,Organic Search,1,12480,2508,12480,2508,9972,79.9
5009199,2022-02-10,New York,Designer Handbags,First-Time Buyer,Paid Social,1,3533,670,3533,670,2863,81.0
5008948,2022-02-10,Milan,Luxury Watches,First-Time Buyer,Paid Social,1,12117,3923,12117,3923,8194,67.6
5002574,2022-02-11,New York,Fine Jewelry,Silver,Walk-in,1,10172,1830,10172,1830,8342,82.0
5004460,2022-02-11,New York,Designer Handbags,First-Time Buyer,Paid Social,1,3110,677,3110,677,2433,78.2
5003872,2022-02-11,Dubai,Designer Handbags,First-Time Buyer,Paid Social,1,3822,989,3822,989,2833,74.1
5002455,2022-02-11,New York,Luxury Watches,Silver,Walk-in,1,12465,4227,12465,4227,8238,66.1
5000748,2022-02-11,New York,Luxury Watches,First-Time Buyer,Paid Social,2,14237,3571,28474,7142,21332,74.9
5002957,2022-02-11,Tokyo,Designer Handbags,Gold,Walk-in,1,2958,615,2958,615,2343,79.2
5001225,2022-02-11,Paris,Luxury Watches,Silver,Walk-in,1,13271,2217,13271,2217,11054,83.3
5000882,2022-02-11,Dubai,Designer Handbags,Gold,Walk-in,1,3595,664,3595,664,2931,81.5
5007913,2022-02-11,Milan,Designer Handbags,First-Time Buyer,Organic Search,1,2962,550,2962,550,2412,81.4
5008174,2022-02-11,Milan,Fine Jewelry,Gold,Exclusive Invite,1,8004,2300,8004,2300,5704,71.3
5002172,2022-02-11,Milan,Luxury Watches,Platinum (VIP),Paid Social,1,14264,4267,14264,4267,9997,70.1
5004737,2022-02-11,Tokyo,Designer Handbags,Silver,Exclusive Invite,1,3122,490,3122,490,2632,84.3
5007570,2022-02-11,New York,Luxury Watches,Gold,Organic Search,2,12925,1988,25850,3976,21874,84.6
5002809,2022-02-11,Tokyo,Fine Jewelry,First-Time Buyer,Walk-in,1,10156,3101,10156,3101,7055,69.5
5007703,2022-02-11,Milan,Luxury Watches,First-Time Buyer,Paid Social,1,13655,4234,13655,4234,9421,69.0
5003297,2022-02-11,Tokyo,Fine Jewelry,First-Time Buyer,Walk-in,1,9050,2174,9050,2174,6876,76.0
5009039,2022-02-12,Dubai,Luxury Watches,Silver,Paid Social,1,13069,3447,13069,3447,9622,73.6
5002329,2022-02-12,New York,Luxury Watches,First-Time Buyer,Paid Social,1,12564,2965,12564,2965,9599,76.4
5005394,2022-02-12,Paris,Fine Jewelry,Silver,Paid Social,1,7840,2571,7840,2571,5269,67.2
5006478,2022-02-12,Milan,Haute Fragrance,Silver,Walk-in,1,329,114,329,114,215,65.3
5007331,2022-02-12,New York,Luxury Watches,First-Time Buyer,Organic Search,1,12533,3321,12533,3321,9212,73.5
5007034,2022-02-12,New York,Luxury Watches,First-Time Buyer,Paid Social,1,14655,3854,14655,3854,10801,73.7
5003940,2022-02-12,New York,Designer Handbags,First-Time Buyer,Walk-in,1,3822,1080,3822,1080,2742,71.7
5007153,2022-02-12,New York,Fine Jewelry,Silver,Paid Social,1,8429,1389,8429,1389,7040,83.5
5000906,2022-02-12,Paris,Haute Fragrance,First-Time Buyer,Paid Social,1,416,118,416,118,298,71.6
5005606,2022-02-12,Milan,Fine Jewelry,Platinum (VIP),Organic Search,1,9188,2537,9188,2537,6651,72.4
5003750,2022-02-12,New York,Luxury Watches,Silver,Organic Search,1,14276,2941,14276,2941,11335,79.4
5004742,2022-02-12,Tokyo,Luxury Watches,Silver,Walk-in,1,14975,3420,14975,3420,11555,77.2
5004131,2022-02-12,Dubai,Designer Handbags,First-Time Buyer,Organic Search,1,3772,1125,3772,1125,2647,70.2
5002719,2022-02-12,New York,Haute Fragrance,First-Time Buyer,Walk-in,3,404,97,1212,291,921,76.0
5004981,2022-02-12,Paris,Luxury Watches,First-Time Buyer,Exclusive Invite,1,12184,2344,12184,2344,9840,80.8
5007119,2022-02-13,New York,Fine Jewelry,First-Time Buyer,Organic Search,1,8399,2540,8399,2540,5859,69.8
5006476,2022-02-13,New York,Designer Handbags,Silver,Paid Social,1,3674,1283,3674,1283,2391,65.1
5001847,2022-02-13,Tokyo,Luxury Watches,Silver,Walk-in,1,14975,5127,14975,5127,9848,65.8
5000148,2022-02-13,Tokyo,Designer Handbags,Gold,Exclusive Invite,1,3611,831,3611,831,2780,77.0
5007881,2022-02-13,Dubai,Designer Handbags,Silver,Organic Search,1,3008,893,3008,893,2115,70.3
5007623,2022-02-13,New York,Luxury Watches,First-Time Buyer,Organic Search,1,13107,2103,13107,2103,11004,84.0
5003951,2022-02-13,Milan,Designer Handbags,Silver,Walk-in,1,3415,733,3415,733,2682,78.5
5004326,2022-02-13,New York,Designer Handbags,First-Time Buyer,Walk-in,1,3821,743,3821,743,3078,80.6
5001393,2022-02-13,Dubai,Haute Fragrance,First-Time Buyer,Walk-in,1,403,78,403,78,325,80.6
5005423,2022-02-13,Milan,Haute Fragrance,Gold,Walk-in,1,400,106,400,106,294,73.5
5002241,2022-02-13,New York,Designer Handbags,First-Time Buyer,Exclusive Invite,1,3418,735,3418,735,2683,78.5
5004844,2022-02-14,Paris,Designer Handbags,Silver,Paid Social,2,2977,971,5954,1942,4012,67.4
5004419,2022-02-14,Tokyo,Fine Jewelry,First-Time Buyer,Walk-in,1,10093,1537,10093,1537,8556,84.8
5006180,2022-02-14,Tokyo,Luxury Watches,Gold,Organic Search,1,12276,3133,12276,3133,9143,74.5
5008276,2022-02-14,Milan,Haute Fragrance,Gold,Walk-in,1,331,56,331,56,275,83.1
5005633,2022-02-14,New York,Fine Jewelry,Silver,Walk-in,2,9679,1956,19358,3912,15446,79.8
5007448,2022-02-14,Tokyo,Luxury Watches,First-Time Buyer,Paid Social,1,14375,4575,14375,4575,9800,68.2
5004179,2022-02-14,Milan,Fine Jewelry,First-Time Buyer,Paid Social,1,9447,2699,9447,2699,6748,71.4
5009350,2022-02-14,Milan,Designer Handbags,Silver,Paid Social,2,2980,520,5960,1040,4920,82.6
5000343,2022-02-14,Tokyo,Luxury Watches,First-Time Buyer,Organic Search,2,12701,3483,25402,6966,18436,72.6
5001894,2022-02-14,New York,Haute Fragrance,Silver,Organic Search,1,363,91,363,91,272,74.9
5006935,2022-02-14,Tokyo,Designer Handbags,Platinum (VIP),Paid Social,1,3070,863,3070,863,2207,71.9
5007303,2022-02-15,New York,Designer Handbags,Platinum (VIP),Organic Search,1,3558,683,3558,683,2875,80.8
5007089,2022-02-15,New York,Fine Jewelry,Platinum (VIP),Paid Social,1,8443,1339,8443,1339,7104,84.1
5002923,2022-02-15,Tokyo,Fine Jewelry,First-Time Buyer,Organic Search,1,9141,1952,9141,1952,7189,78.6
5000095,2022-02-15,Milan,Luxury Watches,First-Time Buyer,Walk-in,1,11417,1757,11417,1757,9660,84.6
5003057,2022-02-15,Tokyo,Designer Handbags,First-Time Buyer,Organic Search,1,2896,566,2896,566,2330,80.5
5009579,2022-02-15,Tokyo,Haute Fragrance,Gold,Paid Social,1,365,54,365,54,311,85.2
5006341,2022-02-15,Milan,Designer Handbags,Silver,Walk-in,2,3532,556,7064,1112,5952,84.3
5006417,2022-02-15,Milan,Designer Handbags,First-Time Buyer,Paid Social,1,3423,1029,3423,1029,2394,69.9
5004376,2022-02-15,Milan,Luxury Watches,Silver,Organic Search,1,12894,2879,12894,2879,10015,77.7
5005361,2022-02-15,Dubai,Designer Handbags,First-Time Buyer,Exclusive Invite,1,2888,456,2888,456,2432,84.2
5003191,2022-02-15,New York,Fine Jewelry,Gold,Organic Search,1,9953,2984,9953,2984,6969,70.0
5000746,2022-02-15,New York,Haute Fragrance,First-Time Buyer,Organic Search,2,375,115,750,230,520,69.3
5000595,2022-02-15,Paris,Haute Fragrance,First-Time Buyer,Organic Search,1,403,123,403,123,280,69.5
5006308,2022-02-15,Dubai,Designer Handbags,Silver,Paid Social,1,3115,855,3115,855,2260,72.6
5002434,2022-02-15,Paris,Fine Jewelry,Silver,Organic Search,1,9128,1976,9128,1976,7152,78.4
5003568,2022-02-16,Paris,Haute Fragrance,First-Time Buyer,Organic Search,1,333,97,333,97,236,70.9
5002346,2022-02-16,Milan,Luxury Watches,Silver,Walk-in,1,14865,4197,14865,4197,10668,71.8
5001373,2022-02-16,Tokyo,Designer Handbags,Platinum (VIP),Paid Social,1,3263,830,3263,830,2433,74.6
5006961,2022-02-16,New York,Haute Fragrance,First-Time Buyer,Organic Search,1,329,94,329,94,235,71.4
5003417,2022-02-16,New York,Haute Fragrance,Platinum (VIP),Organic Search,1,316,96,316,96,220,69.6
5005378,2022-02-16,Paris,Luxury Watches,Silver,Exclusive Invite,1,13875,3661,13875,3661,10214,73.6
5000128,2022-02-16,Dubai,Fine Jewelry,First-Time Buyer,Exclusive Invite,1,9093,2487,9093,2487,6606,72.6
5005283,2022-02-16,New York,Designer Handbags,First-Time Buyer,Organic Search,1,3218,544,3218,544,2674,83.1
5003215,2022-02-17,Dubai,Luxury Watches,Gold,Exclusive Invite,1,13519,4211,13519,4211,9308,68.9
5000460,2022-02-17,New York,Designer Handbags,Silver,Organic Search,1,3057,1018,3057,1018,2039,66.7
5008596,2022-02-17,Tokyo,Luxury Watches,Gold,Organic Search,1,13235,3005,13235,3005,10230,77.3
5002782,2022-02-17,Dubai,Luxury Watches,First-Time Buyer,Walk-in,1,12938,3495,12938,3495,9443,73.0
5003561,2022-02-17,New York,Haute Fragrance,Silver,Exclusive Invite,1,380,70,380,70,310,81.6
5002534,2022-02-17,Milan,Designer Handbags,First-Time Buyer,Organic Search,1,3132,668,3132,668,2464,78.7
5002149,2022-02-17,New York,Fine Jewelry,Gold,Exclusive Invite,1,8858,2323,8858,2323,6535,73.8
5002433,2022-02-17,Tokyo,Designer Handbags,Silver,Exclusive Invite,2,3532,831,7064,1662,5402,76.5
5007811,2022-02-17,New York,Designer Handbags,Silver,Paid Social,1,3362,573,3362,573,2789,83.0
5004653,2022-02-17,Dubai,Luxury Watches,Silver,Exclusive Invite,1,11875,2048,11875,2048,9827,82.8
5006183,2022-02-17,Paris,Luxury Watches,First-Time Buyer,Organic Search,1,14832,4238,14832,4238,10594,71.4
5003520,2022-02-17,Dubai,Luxury Watches,Silver,Organic Search,1,14525,5051,14525,5051,9474,65.2
5003230,2022-02-17,Paris,Designer Handbags,Gold,Exclusive Invite,1,3525,563,3525,563,2962,84.0
5007654,2022-02-17,Paris,Designer Handbags,Gold,Organic Search,1,3789,1212,3789,1212,2577,68.0
5005869,2022-02-17,Milan,Designer Handbags,Silver,Paid Social,1,3274,676,3274,676,2598,79.4
5002834,2022-02-17,Dubai,Designer Handbags,First-Time Buyer,Organic Search,1,3821,795,3821,795,3026,79.2
5005669,2022-02-17,Tokyo,Fine Jewelry,Gold,Paid Social,3,7888,2698,23664,8094,15570,65.8
5008339,2022-02-18,Milan,Fine Jewelry,First-Time Buyer,Exclusive Invite,1,9056,2501,9056,2501,6555,72.4
5001121,2022-02-18,Dubai,Fine Jewelry,Gold,Organic Search,1,7778,1706,7778,1706,6072,78.1
5007121,2022-02-18,Paris,Designer Handbags,Silver,Paid Social,2,3729,949,7458,1898,5560,74.6
5001751,2022-02-18,New York,Designer Handbags,Platinum (VIP),Organic Search,1,3127,1035,3127,1035,2092,66.9
5009069,2022-02-18,Dubai,Designer Handbags,Platinum (VIP),Organic Search,1,3612,1124,3612,1124,2488,68.9
5000223,2022-02-18,Paris,Designer Handbags,Platinum (VIP),Paid Social,1,3544,825,3544,825,2719,76.7
5000719,2022-02-18,Milan,Haute Fragrance,First-Time Buyer,Organic Search,2,329,100,658,200,458,69.6
5007606,2022-02-18,Tokyo,Luxury Watches,First-Time Buyer,Exclusive Invite,1,14682,4821,14682,4821,9861,67.2
5009187,2022-02-18,New York,Luxury Watches,Silver,Organic Search,1,14298,4127,14298,4127,10171,71.1
5009903,2022-02-18,Milan,Haute Fragrance,Platinum (VIP),Organic Search,1,352,63,352,63,289,82.1
5009463,2022-02-18,Paris,Luxury Watches,Platinum (VIP),Walk-in,1,14352,4528,14352,4528,9824,68.5
5001179,2022-02-18,Dubai,Haute Fragrance,Silver,Walk-in,1,332,86,332,86,246,74.1
5002333,2022-02-18,Paris,Fine Jewelry,Silver,Exclusive Invite,1,8188,2352,8188,2352,5836,71.3
5002280,2022-02-18,Milan,Haute Fragrance,First-Time Buyer,Exclusive Invite,1,364,68,364,68,296,81.3
5002532,2022-02-18,Tokyo,Haute Fragrance,Gold,Exclusive Invite,1,362,104,362,104,258,71.3
5006179,2022-02-19,Tokyo,Luxury Watches,Gold,Exclusive Invite,1,13499,4147,13499,4147,9352,69.3
5002705,2022-02-19,Paris,Designer Handbags,First-Time Buyer,Organic Search,1,3250,928,3250,928,2322,71.4
5009741,2022-02-19,Paris,Designer Handbags,Platinum (VIP),Walk-in,1,3366,1146,3366,1146,2220,66.0
5008029,2022-02-19,Tokyo,Designer Handbags,Gold,Paid Social,1,3549,1014,3549,1014,2535,71.4
5000724,2022-02-19,Paris,Fine Jewelry,First-Time Buyer,Paid Social,3,10081,1893,30243,5679,24564,81.2
5009497,2022-02-19,Paris,Luxury Watches,First-Time Buyer,Organic Search,1,12569,4256,12569,4256,8313,66.1
5007297,2022-02-19,New York,Luxury Watches,Gold,Paid Social,3,13430,2399,40290,7197,33093,82.1
5005071,2022-02-19,Paris,Designer Handbags,Silver,Walk-in,1,3611,746,3611,746,2865,79.3
5008127,2022-02-19,New York,Luxury Watches,Gold,Paid Social,1,13909,2951,13909,2951,10958,78.8
5009665,2022-02-19,Paris,Luxury Watches,First-Time Buyer,Walk-in,1,13594,4313,13594,4313,9281,68.3
5009233,2022-02-20,Dubai,Luxury Watches,Silver,Walk-in,1,14190,3294,14190,3294,10896,76.8
5002226,2022-02-20,Paris,Fine Jewelry,First-Time Buyer,Walk-in,1,9872,3257,9872,3257,6615,67.0
5005406,2022-02-20,Tokyo,Luxury Watches,First-Time Buyer,Walk-in,1,13195,3791,13195,3791,9404,71.3
5009481,2022-02-20,Dubai,Fine Jewelry,Silver,Organic Search,1,9670,2722,9670,2722,6948,71.9
5005451,2022-02-20,Dubai,Designer Handbags,First-Time Buyer,Exclusive Invite,1,3773,666,3773,666,3107,82.3
5002081,2022-02-20,Dubai,Haute Fragrance,First-Time Buyer,Organic Search,1,414,109,414,109,305,73.7
5001612,2022-02-20,Paris,Fine Jewelry,Silver,Exclusive Invite,3,10009,3080,30027,9240,20787,69.2
5001110,2022-02-20,Milan,Designer Handbags,First-Time Buyer,Walk-in,1,3437,533,3437,533,2904,84.5
5005122,2022-02-20,Milan,Luxury Watches,Silver,Organic Search,2,11783,3948,23566,7896,15670,66.5
5005064,2022-02-20,New York,Luxury Watches,Silver,Walk-in,1,11926,2509,11926,2509,9417,79.0
5003787,2022-02-20,Tokyo,Luxury Watches,Silver,Organic Search,1,12234,2281,12234,2281,9953,81.4
5002887,2022-02-20,Paris,Designer Handbags,Silver,Organic Search,1,3352,824,3352,824,2528,75.4
5008078,2022-02-20,New York,Luxury Watches,Gold,Exclusive Invite,1,11989,1843,11989,1843,10146,84.6
5005966,2022-02-20,Paris,Luxury Watches,First-Time Buyer,Organic Search,1,11908,2512,11908,2512,9396,78.9
5005698,2022-02-21,Paris,Luxury Watches,First-Time Buyer,Paid Social,1,13493,4388,13493,4388,9105,67.5
5002110,2022-02-21,Paris,Fine Jewelry,First-Time Buyer,Organic Search,1,9780,2205,9780,2205,7575,77.5
5001204,2022-02-21,Paris,Luxury Watches,Silver,Paid Social,1,11864,2939,11864,2939,8925,75.2
5008264,2022-02-21,Paris,Designer Handbags,First-Time Buyer,Organic Search,1,3186,575,3186,575,2611,82.0
5002258,2022-02-21,New York,Luxury Watches,Silver,Walk-in,1,12806,4149,12806,4149,8657,67.6
5006639,2022-02-21,Tokyo,Fine Jewelry,Platinum (VIP),Walk-in,3,9356,2221,28068,6663,21405,76.3
5009923,2022-02-21,Dubai,Designer Handbags,Silver,Organic Search,1,3677,709,3677,709,2968,80.7
5001736,2022-02-21,Paris,Fine Jewelry,Gold,Organic Search,1,8779,2457,8779,2457,6322,72.0
5009314,2022-02-21,New York,Fine Jewelry,First-Time Buyer,Organic Search,1,8796,2634,8796,2634,6162,70.1
5003815,2022-02-21,Paris,Designer Handbags,Silver,Exclusive Invite,1,3463,931,3463,931,2532,73.1
5005209,2022-02-21,New York,Luxury Watches,Silver,Organic Search,1,12360,4257,12360,4257,8103,65.6
5008130,2022-02-21,Milan,Fine Jewelry,First-Time Buyer,Organic Search,1,7789,2636,7789,2636,5153,66.2
5006253,2022-02-21,Tokyo,Luxury Watches,First-Time Buyer,Walk-in,1,11920,4074,11920,4074,7846,65.8
5005979,2022-02-22,Paris,Haute Fragrance,First-Time Buyer,Paid Social,1,347,102,347,102,245,70.6
5005842,2022-02-22,Paris,Designer Handbags,First-Time Buyer,Organic Search,1,3062,463,3062,463,2599,84.9
5002255,2022-02-22,Tokyo,Designer Handbags,First-Time Buyer,Walk-in,1,3307,1104,3307,1104,2203,66.6
5008115,2022-02-22,Paris,Luxury Watches,Gold,Paid Social,1,12145,2369,12145,2369,9776,80.5
5008715,2022-02-22,Tokyo,Haute Fragrance,First-Time Buyer,Paid Social,1,353,110,353,110,243,68.8
5006188,2022-02-22,Milan,Fine Jewelry,Gold,Organic Search,1,7707,2394,7707,2394,5313,68.9
5003462,2022-02-22,New York,Fine Jewelry,Gold,Paid Social,1,9573,1590,9573,1590,7983,83.4
5005171,2022-02-22,Paris,Fine Jewelry,Gold,Walk-in,1,8575,1885,8575,1885,6690,78.0
5000779,2022-02-22,Paris,Luxury Watches,Silver,Walk-in,1,12741,2575,12741,2575,10166,79.8
5005657,2022-02-22,Milan,Luxury Watches,Gold,Walk-in,1,14189,3840,14189,3840,10349,72.9
5002885,2022-02-22,Dubai,Fine Jewelry,Silver,Organic Search,1,8283,2178,8283,2178,6105,73.7
5007619,2022-02-22,Tokyo,Haute Fragrance,First-Time Buyer,Paid Social,1,373,66,373,66,307,82.3
5004561,2022-02-22,New York,Designer Handbags,First-Time Buyer,Paid Social,1,3182,509,3182,509,2673,84.0
5000103,2022-02-22,Tokyo,Designer Handbags,Gold,Organic Search,1,2977,692,2977,692,2285,76.8
5001055,2022-02-22,Tokyo,Luxury Watches,First-Time Buyer,Organic Search,1,13697,3376,13697,3376,10321,75.4
5005858,2022-02-22,Tokyo,Luxury Watches,Silver,Walk-in,1,11599,3069,11599,3069,8530,73.5
5008605,2022-02-23,Paris,Luxury Watches,First-Time Buyer,Organic Search,1,12482,3885,12482,3885,8597,68.9
5003745,2022-02-23,Milan,Fine Jewelry,Gold,Walk-in,1,8477,2709,8477,2709,5768,68.0
5007922,2022-02-23,Tokyo,Designer Handbags,First-Time Buyer,Walk-in,1,3797,1252,3797,1252,2545,67.0
5001976,2022-02-23,Paris,Fine Jewelry,First-Time Buyer,Organic Search,1,9902,2315,9902,2315,7587,76.6
5007436,2022-02-23,New York,Luxury Watches,Silver,Organic Search,1,11358,2432,11358,2432,8926,78.6
5006333,2022-02-23,New York,Luxury Watches,First-Time Buyer,Paid Social,1,13331,3890,13331,3890,9441,70.8
5004621,2022-02-23,Tokyo,Haute Fragrance,Gold,Paid Social,1,336,86,336,86,250,74.4
5005893,2022-02-23,Dubai,Haute Fragrance,First-Time Buyer,Organic Search,1,333,105,333,105,228,68.5
5005400,2022-02-23,Dubai,Fine Jewelry,Silver,Exclusive Invite,1,9032,1719,9032,1719,7313,81.0
5001449,2022-02-23,New York,Designer Handbags,Gold,Exclusive Invite,1,2961,774,2961,774,2187,73.9
5007884,2022-02-23,Milan,Luxury Watches,First-Time Buyer,Paid Social,2,14603,3976,29206,7952,21254,72.8
5001338,2022-02-23,Milan,Luxury Watches,Gold,Paid Social,2,13307,4304,26614,8608,18006,67.7
5000253,2022-02-23,Paris,Fine Jewelry,Silver,Paid Social,2,9937,2537,19874,5074,14800,74.5
5006852,2022-02-23,Dubai,Designer Handbags,First-Time Buyer,Paid Social,1,3328,540,3328,540,2788,83.8
5005725,2022-02-23,Paris,Fine Jewelry,Silver,Organic Search,1,10054,2960,10054,2960,7094,70.6
5006455,2022-02-23,Tokyo,Haute Fragrance,Platinum (VIP),Walk-in,1,332,91,332,91,241,72.6
5000479,2022-02-23,Tokyo,Fine Jewelry,Gold,Organic Search,2,7969,1557,15938,3114,12824,80.5
5003429,2022-02-23,Tokyo,Luxury Watches,First-Time Buyer,Organic Search,1,14162,4575,14162,4575,9587,67.7
5005159,2022-02-23,Dubai,Luxury Watches,First-Time Buyer,Walk-in,2,11257,3304,22514,6608,15906,70.6
5005784,2022-02-24,Paris,Fine Jewelry,Gold,Paid Social,1,9780,1965,9780,1965,7815,79.9
5006035,2022-02-24,New York,Designer Handbags,Silver,Paid Social,1,3326,1147,3326,1147,2179,65.5
5004941,2022-02-24,Paris,Luxury Watches,First-Time Buyer,Exclusive Invite,1,13206,3088,13206,3088,10118,76.6
5001509,2022-02-24,Paris,Luxury Watches,Silver,Walk-in,3,12242,2618,36726,7854,28872,78.6
5002368,2022-02-24,Paris,Luxury Watches,First-Time Buyer,Organic Search,1,14867,4440,14867,4440,10427,70.1
5003105,2022-02-24,Paris,Designer Handbags,First-Time Buyer,Organic Search,1,3063,937,3063,937,2126,69.4
5002886,2022-02-24,New York,Designer Handbags,Silver,Exclusive Invite,1,3412,759,3412,759,2653,77.8
5009210,2022-02-24,New York,Luxury Watches,First-Time Buyer,Organic Search,3,11580,2558,34740,7674,27066,77.9
5000113,2022-02-24,New York,Luxury Watches,First-Time Buyer,Organic Search,1,13456,4411,13456,4411,9045,67.2
5001946,2022-02-24,Dubai,Designer Handbags,Silver,Paid Social,1,2932,843,2932,843,2089,71.2
5007276,2022-02-24,New York,Designer Handbags,Silver,Walk-in,1,3607,1129,3607,1129,2478,68.7
5000248,2022-02-24,New York,Luxury Watches,Silver,Walk-in,1,14932,3163,14932,3163,11769,78.8
5001266,2022-02-24,Dubai,Designer Handbags,First-Time Buyer,Organic Search,1,3282,870,3282,870,2412,73.5
5003333,2022-02-25,New York,Luxury Watches,Platinum (VIP),Walk-in,1,12350,2389,12350,2389,9961,80.7
5008964,2022-02-25,Milan,Luxury Watches,First-Time Buyer,Organic Search,3,14805,4436,44415,13308,31107,70.0
5003586,2022-02-25,Milan,Designer Handbags,Platinum (VIP),Walk-in,1,3007,539,3007,539,2468,82.1
5002641,2022-02-25,Dubai,Designer Handbags,First-Time Buyer,Organic Search,1,2882,923,2882,923,1959,68.0
5006908,2022-02-25,Dubai,Haute Fragrance,Silver,Exclusive Invite,1,325,49,325,49,276,84.9
5002775,2022-02-25,Paris,Designer Handbags,Silver,Organic Search,3,2931,460,8793,1380,7413,84.3
5001128,2022-02-25,New York,Designer Handbags,Silver,Walk-in,1,2950,934,2950,934,2016,68.3
5008283,2022-02-25,Paris,Designer Handbags,Silver,Paid Social,1,3674,745,3674,745,2929,79.7
5002524,2022-02-25,Milan,Designer Handbags,First-Time Buyer,Paid Social,1,3749,1020,3749,1020,2729,72.8
5001733,2022-02-25,Tokyo,Fine Jewelry,Silver,Paid Social,1,8783,2357,8783,2357,6426,73.2
5002837,2022-02-25,Dubai,Haute Fragrance,Silver,Exclusive Invite,1,322,52,322,52,270,83.9
5007999,2022-02-25,Dubai,Fine Jewelry,Silver,Paid Social,1,9389,1866,9389,1866,7523,80.1
5002371,2022-02-25,Milan,Designer Handbags,Silver,Paid Social,1,3414,899,3414,899,2515,73.7
5002951,2022-02-26,New York,Luxury Watches,Silver,Organic Search,1,11297,2410,11297,2410,8887,78.7
5004837,2022-02-26,Paris,Luxury Watches,Gold,Organic Search,1,12746,4250,12746,4250,8496,66.7
5009817,2022-02-26,Tokyo,Fine Jewelry,First-Time Buyer,Organic Search,2,8242,1312,16484,2624,13860,84.1
5009294,2022-02-26,Tokyo,Fine Jewelry,First-Time Buyer,Walk-in,1,8607,1885,8607,1885,6722,78.1
5001287,2022-02-26,Paris,Designer Handbags,First-Time Buyer,Walk-in,1,3769,1022,3769,1022,2747,72.9
5004279,2022-02-26,Tokyo,Haute Fragrance,First-Time Buyer,Organic Search,1,365,110,365,110,255,69.9
5005526,2022-02-26,New York,Designer Handbags,Gold,Organic Search,1,3574,1107,3574,1107,2467,69.0
5008479,2022-02-26,Tokyo,Fine Jewelry,First-Time Buyer,Paid Social,1,8887,2442,8887,2442,6445,72.5
5004075,2022-02-26,New York,Designer Handbags,First-Time Buyer,Paid Social,2,3837,659,7674,1318,6356,82.8
5003856,2022-02-26,Tokyo,Designer Handbags,Platinum (VIP),Walk-in,2,3223,633,6446,1266,5180,80.4
5002308,2022-02-26,Paris,Luxury Watches,Platinum (VIP),Walk-in,1,13106,4503,13106,4503,8603,65.6
5004774,2022-02-26,Milan,Designer Handbags,Silver,Organic Search,1,3564,980,3564,980,2584,72.5
5004086,2022-02-26,Tokyo,Fine Jewelry,First-Time Buyer,Paid Social,1,9521,1782,9521,1782,7739,81.3
5006246,2022-02-26,Milan,Luxury Watches,First-Time Buyer,Paid Social,1,11270,3143,11270,3143,8127,72.1
5005359,2022-02-26,Milan,Designer Handbags,Gold,Paid Social,1,2897,925,2897,925,1972,68.1
5005040,2022-02-26,New York,Fine Jewelry,First-Time Buyer,Organic Search,1,9225,2914,9225,2914,6311,68.4
5007079,2022-02-26,Tokyo,Fine Jewelry,Gold,Organic Search,1,7882,2621,7882,2621,5261,66.7
5008498,2022-02-27,New York,Luxury Watches,Gold,Paid Social,1,14904,3257,14904,3257,11647,78.1
5002073,2022-02-27,Milan,Designer Handbags,First-Time Buyer,Organic Search,2,3740,951,7480,1902,5578,74.6
5003089,2022-02-27,New York,Designer Handbags,Gold,Exclusive Invite,1,3780,1306,3780,1306,2474,65.4
5009121,2022-02-27,Tokyo,Haute Fragrance,First-Time Buyer,Walk-in,1,351,57,351,57,294,83.8
5002833,2022-02-27,Tokyo,Haute Fragrance,Silver,Paid Social,1,414,132,414,132,282,68.1
5008777,2022-02-27,New York,Designer Handbags,First-Time Buyer,Exclusive Invite,1,3810,625,3810,625,3185,83.6
5005508,2022-02-27,Milan,Haute Fragrance,Gold,Organic Search,1,366,86,366,86,280,76.5
5003492,2022-02-27,Paris,Designer Handbags,First-Time Buyer,Organic Search,2,3616,677,7232,1354,5878,81.3
5002171,2022-02-27,Milan,Designer Handbags,Gold,Organic Search,1,3338,570,3338,570,2768,82.9
5008146,2022-02-27,Paris,Fine Jewelry,First-Time Buyer,Walk-in,1,8959,2809,8959,2809,6150,68.6
5008660,2022-02-27,Paris,Luxury Watches,Gold,Organic Search,3,12775,2036,38325,6108,32217,84.1
5001070,2022-02-28,New York,Haute Fragrance,Silver,Paid Social,1,320,66,320,66,254,79.4
5000400,2022-02-28,Paris,Designer Handbags,First-Time Buyer,Walk-in,2,3276,995,6552,1990,4562,69.6
5005953,2022-02-28,New York,Fine Jewelry,Silver,Paid Social,3,9300,2446,27900,7338,20562,73.7
5009383,2022-02-28,New York,Fine Jewelry,Platinum (VIP),Paid Social,1,8691,2772,8691,2772,5919,68.1
5008196,2022-02-28,Tokyo,Designer Handbags,Silver,Organic Search,1,3275,893,3275,893,2382,72.7
5003998,2022-02-28,Paris,Designer Handbags,Platinum (VIP),Organic Search,1,3238,844,3238,844,2394,73.9
5009995,2022-02-28,Tokyo,Fine Jewelry,Silver,Walk-in,1,7956,1302,7956,1302,6654,83.6
5004072,2022-02-28,Milan,Haute Fragrance,Silver,Exclusive Invite,1,371,121,371,121,250,67.4
5009908,2022-02-28,Paris,Designer Handbags,Silver,Walk-in,1,3001,615,3001,615,2386,79.5
5000958,2022-02-28,New York,Designer Handbags,Gold,Organic Search,1,3125,985,3125,985,2140,68.5
5004307,2022-02-28,Paris,Luxury Watches,First-Time Buyer,Walk-in,1,12997,4331,12997,4331,8666,66.7
5006355,2022-02-28,Dubai,Luxury Watches,Silver,Organic Search,2,11815,2699,23630,5398,18232,77.2
5004965,2022-02-28,New York,Luxury Watches,Gold,Organic Search,3,11994,2127,35982,6381,29601,82.3
5009358,2022-02-28,Paris,Luxury Watches,First-Time Buyer,Walk-in,1,14143,2583,14143,2583,11560,81.7
5005251,2022-03-01,New York,Designer Handbags,First-Time Buyer,Organic Search,1,3392,680,3392,680,2712,80.0
5008896,2022-03-01,Dubai,Luxury Watches,Silver,Walk-in,1,13467,2811,13467,2811,10656,79.1
5004724,2022-03-01,Tokyo,Designer Handbags,First-Time Buyer,Organic Search,1,3277,725,3277,725,2552,77.9
5006497,2022-03-01,Tokyo,Luxury Watches,First-Time Buyer,Walk-in,1,12132,3425,12132,3425,8707,71.8
5006119,2022-03-01,Milan,Luxury Watches,First-Time Buyer,Walk-in,1,12106,2786,12106,2786,9320,77.0
5003469,2022-03-01,New York,Luxury Watches,First-Time Buyer,Organic Search,2,12096,4155,24192,8310,15882,65.6
5007976,2022-03-01,Dubai,Luxury Watches,Gold,Walk-in,1,13798,4581,13798,4581,9217,66.8
5005469,2022-03-01,Paris,Fine Jewelry,First-Time Buyer,Paid Social,1,9741,2971,9741,2971,6770,69.5
5004990,2022-03-01,New York,Designer Handbags,Silver,Paid Social,1,3221,889,3221,889,2332,72.4
5009007,2022-03-01,Dubai,Fine Jewelry,First-Time Buyer,Paid Social,1,8169,1401,8169,1401,6768,82.8
5006240,2022-03-01,Dubai,Fine Jewelry,Gold,Organic Search,1,8718,1939,8718,1939,6779,77.8
5005537,2022-03-01,Paris,Luxury Watches,Silver,Organic Search,1,12889,3808,12889,3808,9081,70.5
5009740,2022-03-01,New York,Luxury Watches,Gold,Paid Social,1,13480,2347,13480,2347,11133,82.6
5001742,2022-03-01,Dubai,Fine Jewelry,Gold,Paid Social,1,9619,2555,9619,2555,7064,73.4
5005903,2022-03-01,Milan,Designer Handbags,First-Time Buyer,Walk-in,1,3274,1055,3274,1055,2219,67.8
5002678,2022-03-01,Milan,Haute Fragrance,Gold,Organic Search,1,415,63,415,63,352,84.8
5005906,2022-03-01,New York,Designer Handbags,First-Time Buyer,Paid Social,1,2998,635,2998,635,2363,78.8
5009099,2022-03-01,Paris,Haute Fragrance,First-Time Buyer,Exclusive Invite,1,370,97,370,97,273,73.8
5002526,2022-03-02,Milan,Designer Handbags,Gold,Walk-in,1,3199,489,3199,489,2710,84.7
5006256,2022-03-02,Paris,Designer Handbags,Silver,Organic Search,1,3178,1013,3178,1013,2165,68.1
5005181,2022-03-02,Milan,Designer Handbags,Silver,Paid Social,1,3092,500,3092,500,2592,83.8
5001890,2022-03-02,Tokyo,Haute Fragrance,First-Time Buyer,Walk-in,1,330,84,330,84,246,74.5
5002999,2022-03-02,Paris,Haute Fragrance,Platinum (VIP),Organic Search,1,360,55,360,55,305,84.7
5000819,2022-03-02,Dubai,Designer Handbags,Platinum (VIP),Paid Social,1,3599,732,3599,732,2867,79.7
5003652,2022-03-02,Dubai,Designer Handbags,Gold,Paid Social,1,3616,893,3616,893,2723,75.3
5002139,2022-03-02,Dubai,Designer Handbags,Platinum (VIP),Walk-in,2,3318,1098,6636,2196,4440,66.9
5006870,2022-03-02,Milan,Designer Handbags,First-Time Buyer,Organic Search,1,3128,679,3128,679,2449,78.3
5001934,2022-03-02,Paris,Fine Jewelry,Platinum (VIP),Walk-in,1,7760,2307,7760,2307,5453,70.3
5004100,2022-03-02,Dubai,Luxury Watches,Gold,Paid Social,1,13425,2490,13425,2490,10935,81.5
5009557,2022-03-02,Paris,Designer Handbags,Silver,Paid Social,2,3110,934,6220,1868,4352,70.0
5002675,2022-03-02,Paris,Fine Jewelry,First-Time Buyer,Organic Search,1,10090,3185,10090,3185,6905,68.4
5005099,2022-03-02,New York,Designer Handbags,Gold,Paid Social,1,3602,542,3602,542,3060,85.0
5009417,2022-03-02,Milan,Fine Jewelry,Gold,Paid Social,1,9162,2878,9162,2878,6284,68.6
5008122,2022-03-02,Paris,Designer Handbags,First-Time Buyer,Organic Search,1,3456,936,3456,936,2520,72.9
5007805,2022-03-03,Paris,Luxury Watches,Silver,Exclusive Invite,1,11538,1832,11538,1832,9706,84.1
5008459,2022-03-03,Tokyo,Haute Fragrance,Gold,Walk-in,1,354,72,354,72,282,79.7
5007421,2022-03-03,Dubai,Luxury Watches,Gold,Exclusive Invite,1,12833,3200,12833,3200,9633,75.1
5004031,2022-03-03,Milan,Fine Jewelry,First-Time Buyer,Walk-in,1,9787,2374,9787,2374,7413,75.7
5004672,2022-03-03,Milan,Designer Handbags,Gold,Exclusive Invite,2,2957,602,5914,1204,4710,79.6
5000030,2022-03-03,New York,Luxury Watches,First-Time Buyer,Exclusive Invite,1,14519,4783,14519,4783,9736,67.1
5006345,2022-03-03,New York,Fine Jewelry,Gold,Exclusive Invite,1,8027,2797,8027,2797,5230,65.2
5002743,2022-03-03,New York,Luxury Watches,Silver,Organic Search,1,13744,2244,13744,2244,11500,83.7
5005696,2022-03-03,New York,Fine Jewelry,Platinum (VIP),Paid Social,1,8004,1852,8004,1852,6152,76.9
5002966,2022-03-03,New York,Haute Fragrance,First-Time Buyer,Walk-in,2,409,118,818,236,582,71.1
5006644,2022-03-03,New York,Haute Fragrance,Platinum (VIP),Paid Social,1,350,122,350,122,228,65.1
5005267,2022-03-03,New York,Designer Handbags,Silver,Organic Search,1,2982,960,2982,960,2022,67.8
5005408,2022-03-03,Paris,Haute Fragrance,Silver,Organic Search,1,390,101,390,101,289,74.1
5009105,2022-03-03,Milan,Haute Fragrance,Platinum (VIP),Paid Social,3,349,111,1047,333,714,68.2
5008905,2022-03-03,Paris,Designer Handbags,First-Time Buyer,Organic Search,1,3030,909,3030,909,2121,70.0
5006178,2022-03-03,Paris,Designer Handbags,First-Time Buyer,Exclusive Invite,1,3021,597,3021,597,2424,80.2
5005198,2022-03-03,New York,Fine Jewelry,First-Time Buyer,Walk-in,1,9204,2265,9204,2265,6939,75.4
5002747,2022-03-03,Paris,Fine Jewelry,First-Time Buyer,Exclusive Invite,1,8119,2225,8119,2225,5894,72.6
5001370,2022-03-03,Milan,Luxury Watches,Silver,Walk-in,1,14094,2400,14094,2400,11694,83.0
5003841,2022-03-04,New York,Designer Handbags,First-Time Buyer,Organic Search,1,3663,1154,3663,1154,2509,68.5
5002830,2022-03-04,Tokyo,Luxury Watches,Silver,Walk-in,2,13990,3726,27980,7452,20528,73.4
5005617,2022-03-04,Milan,Designer Handbags,Silver,Paid Social,1,3095,827,3095,827,2268,73.3
5007704,2022-03-04,Paris,Designer Handbags,First-Time Buyer,Organic Search,1,2898,850,2898,850,2048,70.7
5002859,2022-03-04,New York,Fine Jewelry,First-Time Buyer,Paid Social,1,9977,2928,9977,2928,7049,70.7
5004193,2022-03-04,Dubai,Designer Handbags,First-Time Buyer,Paid Social,1,3080,563,3080,563,2517,81.7
5001961,2022-03-04,Tokyo,Designer Handbags,Gold,Organic Search,1,3072,1026,3072,1026,2046,66.6
5000810,2022-03-04,Milan,Designer Handbags,First-Time Buyer,Paid Social,1,2888,981,2888,981,1907,66.0
5006136,2022-03-04,Paris,Designer Handbags,Platinum (VIP),Paid Social,1,2951,687,2951,687,2264,76.7
5004353,2022-03-04,New York,Fine Jewelry,Platinum (VIP),Paid Social,1,7842,1654,7842,1654,6188,78.9
5006885,2022-03-04,Paris,Haute Fragrance,First-Time Buyer,Organic Search,1,400,128,400,128,272,68.0
5009587,2022-03-04,Paris,Designer Handbags,Silver,Paid Social,1,3212,621,3212,621,2591,80.7
5005117,2022-03-04,Milan,Designer Handbags,Silver,Organic Search,1,3391,637,3391,637,2754,81.2
5001994,2022-03-04,Tokyo,Luxury Watches,Silver,Paid Social,1,13940,4003,13940,4003,9937,71.3
5002008,2022-03-05,New York,Fine Jewelry,Platinum (VIP),Organic Search,2,7686,2332,15372,4664,10708,69.7
5005023,2022-03-05,Dubai,Luxury Watches,Gold,Walk-in,1,12247,1917,12247,1917,10330,84.3
5006804,2022-03-05,New York,Luxury Watches,First-Time Buyer,Exclusive Invite,1,12495,3468,12495,3468,9027,72.2
5000817,2022-03-05,Paris,Designer Handbags,Silver,Walk-in,1,3734,854,3734,854,2880,77.1
5009523,2022-03-05,Paris,Designer Handbags,First-Time Buyer,Paid Social,1,3512,574,3512,574,2938,83.7
5008557,2022-03-05,Paris,Designer Handbags,Platinum (VIP),Paid Social,1,3333,792,3333,792,2541,76.2
5000969,2022-03-05,Dubai,Designer Handbags,Gold,Paid Social,1,3566,889,3566,889,2677,75.1
5005674,2022-03-05,Dubai,Luxury Watches,Platinum (VIP),Organic Search,1,11897,1794,11897,1794,10103,84.9
5006874,2022-03-05,New York,Designer Handbags,Gold,Paid Social,1,3027,775,3027,775,2252,74.4
5008354,2022-03-05,Milan,Luxury Watches,Silver,Paid Social,1,14596,4536,14596,4536,10060,68.9
5001485,2022-03-05,Dubai,Luxury Watches,First-Time Buyer,Exclusive Invite,1,14255,2910,14255,2910,11345,79.6
5000523,2022-03-05,Tokyo,Designer Handbags,Gold,Organic Search,1,3099,942,3099,942,2157,69.6
5002468,2022-03-05,Paris,Haute Fragrance,First-Time Buyer,Walk-in,1,384,59,384,59,325,84.6
5001590,2022-03-05,New York,Designer Handbags,Platinum (VIP),Organic Search,1,3659,780,3659,780,2879,78.7
5009788,2022-03-05,Tokyo,Designer Handbags,First-Time Buyer,Organic Search,1,3754,703,3754,703,3051,81.3
5009495,2022-03-05,Dubai,Fine Jewelry,Silver,Exclusive Invite,1,9841,2283,9841,2283,7558,76.8
5005558,2022-03-05,Tokyo,Designer Handbags,Gold,Organic Search,1,3745,1100,3745,1100,2645,70.6
5000599,2022-03-06,New York,Fine Jewelry,Silver,Exclusive Invite,1,10017,3098,10017,3098,6919,69.1
5009627,2022-03-06,Tokyo,Fine Jewelry,Silver,Organic Search,1,9784,1683,9784,1683,8101,82.8
5007726,2022-03-06,New York,Fine Jewelry,Platinum (VIP),Organic Search,1,7783,1968,7783,1968,5815,74.7
5001200,2022-03-06,Paris,Designer Handbags,Gold,Organic Search,1,3085,976,3085,976,2109,68.4
5009112,2022-03-06,New York,Haute Fragrance,Gold,Walk-in,2,340,70,680,140,540,79.4
5009340,2022-03-06,Dubai,Designer Handbags,Gold,Paid Social,1,3084,836,3084,836,2248,72.9
5009096,2022-03-06,Tokyo,Designer Handbags,Platinum (VIP),Paid Social,1,2933,868,2933,868,2065,70.4
5008125,2022-03-06,Paris,Haute Fragrance,First-Time Buyer,Walk-in,1,382,103,382,103,279,73.0
5008725,2022-03-06,New York,Luxury Watches,First-Time Buyer,Walk-in,1,11689,3813,11689,3813,7876,67.4
5003148,2022-03-06,Dubai,Haute Fragrance,Silver,Organic Search,1,351,76,351,76,275,78.3
5000850,2022-03-06,New York,Designer Handbags,Platinum (VIP),Organic Search,1,3784,1010,3784,1010,2774,73.3
5007780,2022-03-06,New York,Luxury Watches,Silver,Walk-in,1,13432,2533,13432,2533,10899,81.1
5001586,2022-03-06,Milan,Designer Handbags,First-Time Buyer,Organic Search,1,3358,660,3358,660,2698,80.3
5002496,2022-03-06,New York,Luxury Watches,Silver,Exclusive Invite,2,14286,3932,28572,7864,20708,72.5
5009425,2022-03-06,Milan,Fine Jewelry,Silver,Paid Social,1,9231,1542,9231,1542,7689,83.3
5002689,2022-03-06,New York,Fine Jewelry,First-Time Buyer,Paid Social,1,10003,2384,10003,2384,7619,76.2
5007597,2022-03-07,Paris,Haute Fragrance,Silver,Walk-in,1,341,69,341,69,272,79.8
5007141,2022-03-07,Tokyo,Designer Handbags,First-Time Buyer,Paid Social,1,3584,657,3584,657,2927,81.7
5008993,2022-03-07,Tokyo,Designer Handbags,Platinum (VIP),Walk-in,1,3736,608,3736,608,3128,83.7
5008934,2022-03-07,Tokyo,Luxury Watches,Gold,Walk-in,1,11735,3914,11735,3914,7821,66.6
5006017,2022-03-07,Paris,Luxury Watches,Silver,Organic Search,3,12194,2945,36582,8835,27747,75.8
5004968,2022-03-07,New York,Designer Handbags,Platinum (VIP),Walk-in,1,3485,958,3485,958,2527,72.5
5009890,2022-03-07,Dubai,Designer Handbags,Gold,Walk-in,1,3089,565,3089,565,2524,81.7
5004377,2022-03-07,Tokyo,Designer Handbags,Platinum (VIP),Paid Social,1,3261,838,3261,838,2423,74.3
5003394,2022-03-07,New York,Luxury Watches,Platinum (VIP),Exclusive Invite,1,14718,4786,14718,4786,9932,67.5
5004079,2022-03-08,Milan,Luxury Watches,First-Time Buyer,Organic Search,1,12050,3555,12050,3555,8495,70.5
5000250,2022-03-08,Dubai,Designer Handbags,First-Time Buyer,Paid Social,2,2934,584,5868,1168,4700,80.1
5006176,2022-03-08,New York,Luxury Watches,Gold,Exclusive Invite,1,13004,3875,13004,3875,9129,70.2
5003145,2022-03-08,Milan,Luxury Watches,Silver,Walk-in,1,13922,2856,13922,2856,11066,79.5
5003679,2022-03-08,Dubai,Fine Jewelry,Silver,Organic Search,1,8342,2110,8342,2110,6232,74.7
5003170,2022-03-08,Paris,Designer Handbags,Silver,Walk-in,1,3383,1120,3383,1120,2263,66.9
5004165,2022-03-08,Paris,Fine Jewelry,Platinum (VIP),Exclusive Invite,1,9696,1938,9696,1938,7758,80.0
5002394,2022-03-08,New York,Luxury Watches,Gold,Organic Search,3,14192,2239,42576,6717,35859,84.2
5007506,2022-03-08,Milan,Fine Jewelry,Platinum (VIP),Paid Social,2,9006,1718,18012,3436,14576,80.9
5008197,2022-03-08,Tokyo,Designer Handbags,First-Time Buyer,Organic Search,1,3617,1252,3617,1252,2365,65.4
5001761,2022-03-08,Tokyo,Luxury Watches,Silver,Paid Social,1,11522,3033,11522,3033,8489,73.7
5003286,2022-03-08,Paris,Haute Fragrance,First-Time Buyer,Exclusive Invite,1,411,118,411,118,293,71.3
5001113,2022-03-08,New York,Designer Handbags,Platinum (VIP),Organic Search,1,3455,834,3455,834,2621,75.9
5005610,2022-03-08,Paris,Luxury Watches,Gold,Exclusive Invite,1,13723,2474,13723,2474,11249,82.0
5005900,2022-03-08,Milan,Fine Jewelry,Gold,Organic Search,1,8336,2741,8336,2741,5595,67.1
5003560,2022-03-09,Paris,Designer Handbags,Gold,Organic Search,1,3464,674,3464,674,2790,80.5
5001147,2022-03-09,Tokyo,Haute Fragrance,Silver,Paid Social,1,415,132,415,132,283,68.2
5009575,2022-03-09,Paris,Haute Fragrance,First-Time Buyer,Organic Search,2,405,65,810,130,680,84.0
5003313,2022-03-09,Tokyo,Designer Handbags,Gold,Walk-in,1,2915,650,2915,650,2265,77.7
5004603,2022-03-09,Tokyo,Designer Handbags,First-Time Buyer,Organic Search,1,3818,688,3818,688,3130,82.0
5004251,2022-03-09,Paris,Designer Handbags,Gold,Organic Search,1,3630,873,3630,873,2757,76.0
5007541,2022-03-09,Paris,Luxury Watches,Gold,Paid Social,1,14054,3657,14054,3657,10397,74.0
5002044,2022-03-09,Tokyo,Fine Jewelry,First-Time Buyer,Organic Search,1,9440,2548,9440,2548,6892,73.0
5000885,2022-03-09,Milan,Luxury Watches,First-Time Buyer,Exclusive Invite,1,14862,4902,14862,4902,9960,67.0
5002277,2022-03-09,Tokyo,Luxury Watches,First-Time Buyer,Organic Search,1,14389,4761,14389,4761,9628,66.9
5005694,2022-03-09,New York,Designer Handbags,First-Time Buyer,Organic Search,1,3276,737,3276,737,2539,77.5
5002381,2022-03-09,Milan,Designer Handbags,First-Time Buyer,Walk-in,3,3082,621,9246,1863,7383,79.9
5004449,2022-03-09,New York,Designer Handbags,First-Time Buyer,Organic Search,1,3290,599,3290,599,2691,81.8
5006896,2022-03-09,New York,Designer Handbags,Silver,Organic Search,1,3466,998,3466,998,2468,71.2
5005412,2022-03-10,New York,Haute Fragrance,Silver,Organic Search,3,405,121,1215,363,852,70.1
5001303,2022-03-10,Dubai,Haute Fragrance,Silver,Exclusive Invite,1,366,97,366,97,269,73.5
5004632,2022-03-10,New York,Luxury Watches,First-Time Buyer,Walk-in,1,13092,2263,13092,2263,10829,82.7
5006614,2022-03-10,Paris,Haute Fragrance,Gold,Walk-in,1,357,105,357,105,252,70.6
5006420,2022-03-10,Paris,Designer Handbags,First-Time Buyer,Paid Social,1,3150,829,3150,829,2321,73.7
5008926,2022-03-10,Dubai,Designer Handbags,Gold,Organic Search,1,3367,1138,3367,1138,2229,66.2
5008164,2022-03-10,New York,Haute Fragrance,First-Time Buyer,Paid Social,1,405,65,405,65,340,84.0
5003691,2022-03-10,Paris,Haute Fragrance,Platinum (VIP),Organic Search,1,368,122,368,122,246,66.8
5005104,2022-03-10,Tokyo,Haute Fragrance,Silver,Paid Social,1,344,109,344,109,235,68.3
5008780,2022-03-10,Tokyo,Fine Jewelry,Platinum (VIP),Exclusive Invite,1,9445,3058,9445,3058,6387,67.6
5003034,2022-03-10,Milan,Fine Jewelry,Silver,Walk-in,1,9951,2179,9951,2179,7772,78.1
5003414,2022-03-10,New York,Designer Handbags,First-Time Buyer,Organic Search,1,3152,753,3152,753,2399,76.1
5007783,2022-03-10,Tokyo,Luxury Watches,First-Time Buyer,Walk-in,1,12179,3835,12179,3835,8344,68.5
5008613,2022-03-10,Paris,Luxury Watches,Silver,Organic Search,1,12437,2399,12437,2399,10038,80.7
5005464,2022-03-10,New York,Designer Handbags,First-Time Buyer,Paid Social,1,3189,624,3189,624,2565,80.4
5007355,2022-03-10,Tokyo,Designer Handbags,Silver,Paid Social,1,3396,979,3396,979,2417,71.2
5000587,2022-03-10,Paris,Fine Jewelry,First-Time Buyer,Paid Social,1,7689,1629,7689,1629,6060,78.8
5006969,2022-03-10,New York,Designer Handbags,First-Time Buyer,Exclusive Invite,1,3043,527,3043,527,2516,82.7
5000968,2022-03-10,New York,Fine Jewelry,First-Time Buyer,Exclusive Invite,1,9042,1741,9042,1741,7301,80.7
5001144,2022-03-10,New York,Luxury Watches,First-Time Buyer,Organic Search,1,12408,2046,12408,2046,10362,83.5
5007992,2022-03-10,Paris,Fine Jewelry,Gold,Exclusive Invite,1,9667,2827,9667,2827,6840,70.8
5003925,2022-03-11,Tokyo,Designer Handbags,First-Time Buyer,Organic Search,1,3793,868,3793,868,2925,77.1
5005110,2022-03-11,Paris,Designer Handbags,Silver,Paid Social,1,3827,765,3827,765,3062,80.0
5007584,2022-03-11,Tokyo,Haute Fragrance,Gold,Exclusive Invite,1,385,116,385,116,269,69.9
5007673,2022-03-11,Tokyo,Designer Handbags,Silver,Walk-in,1,3613,789,3613,789,2824,78.2
5000051,2022-03-11,Paris,Luxury Watches,First-Time Buyer,Organic Search,1,14123,4304,14123,4304,9819,69.5
5000677,2022-03-11,Paris,Designer Handbags,Silver,Paid Social,1,2984,593,2984,593,2391,80.1
5004276,2022-03-11,Paris,Luxury Watches,Gold,Organic Search,1,13054,2453,13054,2453,10601,81.2
5004920,2022-03-11,Paris,Designer Handbags,First-Time Buyer,Organic Search,1,3156,702,3156,702,2454,77.8
5004708,2022-03-11,Tokyo,Haute Fragrance,First-Time Buyer,Organic Search,1,371,65,371,65,306,82.5
5001721,2022-03-11,New York,Luxury Watches,First-Time Buyer,Walk-in,1,11990,3236,11990,3236,8754,73.0
5005195,2022-03-11,Milan,Designer Handbags,Silver,Exclusive Invite,1,3125,557,3125,557,2568,82.2
5000781,2022-03-12,New York,Luxury Watches,First-Time Buyer,Organic Search,3,11257,2030,33771,6090,27681,82.0
5006395,2022-03-12,Milan,Designer Handbags,First-Time Buyer,Organic Search,1,3145,845,3145,845,2300,73.1
5009626,2022-03-12,New York,Designer Handbags,Gold,Paid Social,1,2995,737,2995,737,2258,75.4
5007475,2022-03-12,Tokyo,Designer Handbags,Gold,Organic Search,1,2905,862,2905,862,2043,70.3
5009329,2022-03-12,Dubai,Designer Handbags,First-Time Buyer,Paid Social,1,3382,633,3382,633,2749,81.3
5009400,2022-03-12,Milan,Haute Fragrance,Silver,Exclusive Invite,1,353,79,353,79,274,77.6
5007547,2022-03-12,New York,Fine Jewelry,Silver,Organic Search,1,9015,1563,9015,1563,7452,82.7
5006570,2022-03-12,Tokyo,Designer Handbags,First-Time Buyer,Paid Social,1,3575,646,3575,646,2929,81.9
5005915,2022-03-12,Paris,Fine Jewelry,First-Time Buyer,Organic Search,1,10138,3351,10138,3351,6787,66.9
5004416,2022-03-12,New York,Haute Fragrance,First-Time Buyer,Exclusive Invite,1,357,101,357,101,256,71.7
5007464,2022-03-12,Paris,Luxury Watches,Gold,Paid Social,1,14860,3390,14860,3390,11470,77.2
5005405,2022-03-13,Dubai,Luxury Watches,Silver,Walk-in,1,12935,4398,12935,4398,8537,66.0
5004348,2022-03-13,New York,Luxury Watches,First-Time Buyer,Organic Search,2,14538,4993,29076,9986,19090,65.7
5003869,2022-03-13,Paris,Haute Fragrance,Gold,Exclusive Invite,1,372,92,372,92,280,75.3
5009976,2022-03-13,Milan,Designer Handbags,Gold,Paid Social,1,3126,684,3126,684,2442,78.1
5003934,2022-03-13,Paris,Luxury Watches,First-Time Buyer,Organic Search,1,11699,3223,11699,3223,8476,72.5
5009873,2022-03-13,Paris,Fine Jewelry,Silver,Paid Social,1,8060,1321,8060,1321,6739,83.6
5002386,2022-03-13,Tokyo,Luxury Watches,First-Time Buyer,Paid Social,1,12377,2458,12377,2458,9919,80.1
5003153,2022-03-13,Tokyo,Fine Jewelry,Gold,Paid Social,1,9584,1486,9584,1486,8098,84.5
5004855,2022-03-13,Tokyo,Fine Jewelry,First-Time Buyer,Paid Social,1,7829,2440,7829,2440,5389,68.8
5007387,2022-03-13,Tokyo,Designer Handbags,First-Time Buyer,Walk-in,1,3480,962,3480,962,2518,72.4
5003496,2022-03-13,Paris,Luxury Watches,Silver,Walk-in,1,14017,2989,14017,2989,11028,78.7
5005690,2022-03-13,Dubai,Designer Handbags,Gold,Paid Social,1,3651,827,3651,827,2824,77.3
5007862,2022-03-14,Paris,Fine Jewelry,Gold,Paid Social,1,8261,1789,8261,1789,6472,78.3
5009660,2022-03-14,Tokyo,Luxury Watches,First-Time Buyer,Organic Search,1,12518,3753,12518,3753,8765,70.0
5007228,2022-03-14,New York,Designer Handbags,Silver,Exclusive Invite,3,3069,760,9207,2280,6927,75.2
5007731,2022-03-14,Paris,Designer Handbags,First-Time Buyer,Exclusive Invite,1,3820,941,3820,941,2879,75.4
5004146,2022-03-14,Tokyo,Luxury Watches,Silver,Organic Search,1,13486,2885,13486,2885,10601,78.6
5005103,2022-03-14,Milan,Fine Jewelry,First-Time Buyer,Organic Search,1,8471,2092,8471,2092,6379,75.3
5002910,2022-03-14,New York,Designer Handbags,First-Time Buyer,Walk-in,2,3690,786,7380,1572,5808,78.7
5000713,2022-03-14,Tokyo,Luxury Watches,Silver,Walk-in,2,11431,2009,22862,4018,18844,82.4
5007382,2022-03-14,Paris,Fine Jewelry,First-Time Buyer,Organic Search,1,8600,2441,8600,2441,6159,71.6
5005113,2022-03-14,New York,Designer Handbags,Gold,Walk-in,1,3456,926,3456,926,2530,73.2
5003789,2022-03-14,Tokyo,Designer Handbags,Silver,Organic Search,1,3487,892,3487,892,2595,74.4
5006516,2022-03-14,New York,Haute Fragrance,First-Time Buyer,Exclusive Invite,1,363,116,363,116,247,68.0
5003291,2022-03-14,New York,Fine Jewelry,Silver,Paid Social,1,8700,2336,8700,2336,6364,73.1
5009881,2022-03-14,Tokyo,Luxury Watches,Platinum (VIP),Exclusive Invite,1,13981,3849,13981,3849,10132,72.5
5007204,2022-03-14,Paris,Fine Jewelry,Gold,Exclusive Invite,1,8546,1622,8546,1622,6924,81.0
5003052,2022-03-14,New York,Luxury Watches,Silver,Organic Search,2,14927,2435,29854,4870,24984,83.7
5000246,2022-03-15,New York,Fine Jewelry,First-Time Buyer,Exclusive Invite,1,7972,2049,7972,2049,5923,74.3
5006255,2022-03-15,Milan,Haute Fragrance,Silver,Paid Social,1,350,63,350,63,287,82.0
5000370,2022-03-15,Tokyo,Designer Handbags,Silver,Exclusive Invite,2,3313,1159,6626,2318,4308,65.0
5004370,2022-03-15,New York,Luxury Watches,Gold,Exclusive Invite,1,14133,3591,14133,3591,10542,74.6
5002635,2022-03-15,Tokyo,Designer Handbags,First-Time Buyer,Paid Social,1,3722,1204,3722,1204,2518,67.7
5006113,2022-03-15,Dubai,Luxury Watches,Platinum (VIP),Walk-in,1,14805,4789,14805,4789,10016,67.7
5007772,2022-03-15,New York,Designer Handbags,Silver,Paid Social,2,3331,918,6662,1836,4826,72.4
5003102,2022-03-15,Tokyo,Fine Jewelry,First-Time Buyer,Exclusive Invite,1,8347,2873,8347,2873,5474,65.6
5002579,2022-03-15,Dubai,Fine Jewelry,First-Time Buyer,Organic Search,1,8405,2394,8405,2394,6011,71.5
5008346,2022-03-15,Paris,Designer Handbags,Silver,Organic Search,1,3359,1064,3359,1064,2295,68.3
5006469,2022-03-15,Milan,Fine Jewelry,Silver,Paid Social,1,10110,2308,10110,2308,7802,77.2
5004623,2022-03-15,Paris,Haute Fragrance,First-Time Buyer,Organic Search,1,405,131,405,131,274,67.7
5005692,2022-03-15,Paris,Designer Handbags,Silver,Paid Social,1,3408,1189,3408,1189,2219,65.1
5008790,2022-03-15,Milan,Designer Handbags,Silver,Walk-in,1,3128,894,3128,894,2234,71.4
5007327,2022-03-15,Paris,Fine Jewelry,Silver,Paid Social,1,10150,2067,10150,2067,8083,79.6
5007789,2022-03-15,New York,Luxury Watches,First-Time Buyer,Walk-in,1,11557,2772,11557,2772,8785,76.0
5003169,2022-03-15,Tokyo,Luxury Watches,First-Time Buyer,Walk-in,2,12885,3984,25770,7968,17802,69.1
5009316,2022-03-16,Paris,Designer Handbags,First-Time Buyer,Paid Social,1,3168,854,3168,854,2314,73.0
5004905,2022-03-16,Paris,Designer Handbags,First-Time Buyer,Walk-in,1,3813,926,3813,926,2887,75.7
5006266,2022-03-16,Tokyo,Fine Jewelry,Silver,Walk-in,1,9671,1942,9671,1942,7729,79.9
5009978,2022-03-16,Tokyo,Designer Handbags,Gold,Paid Social,2,3078,478,6156,956,5200,84.5
5003948,2022-03-16,Paris,Luxury Watches,Gold,Walk-in,1,12008,4054,12008,4054,7954,66.2
5000708,2022-03-16,Paris,Haute Fragrance,First-Time Buyer,Exclusive Invite,2,347,106,694,212,482,69.5
5006791,2022-03-16,Milan,Haute Fragrance,Silver,Walk-in,2,356,112,712,224,488,68.5
5003327,2022-03-16,New York,Luxury Watches,Gold,Paid Social,1,13309,2001,13309,2001,11308,85.0
5005026,2022-03-16,Milan,Luxury Watches,Gold,Walk-in,1,11480,3895,11480,3895,7585,66.1
5008023,2022-03-16,New York,Designer Handbags,First-Time Buyer,Organic Search,1,3484,892,3484,892,2592,74.4
5004957,2022-03-16,Paris,Luxury Watches,First-Time Buyer,Paid Social,1,13032,4201,13032,4201,8831,67.8
5000529,2022-03-16,Tokyo,Designer Handbags,Silver,Organic Search,1,3506,914,3506,914,2592,73.9
5006918,2022-03-16,New York,Designer Handbags,Platinum (VIP),Organic Search,1,3019,851,3019,851,2168,71.8
5007020,2022-03-17,Paris,Haute Fragrance,Silver,Organic Search,2,360,119,720,238,482,66.9
5002744,2022-03-17,Tokyo,Designer Handbags,Platinum (VIP),Organic Search,1,3253,750,3253,750,2503,76.9
5001079,2022-03-17,Paris,Luxury Watches,First-Time Buyer,Walk-in,1,11942,4034,11942,4034,7908,66.2
5005587,2022-03-17,New York,Luxury Watches,First-Time Buyer,Organic Search,1,13020,2686,13020,2686,10334,79.4
5002568,2022-03-17,New York,Fine Jewelry,First-Time Buyer,Exclusive Invite,1,8607,2645,8607,2645,5962,69.3
5005886,2022-03-17,Paris,Designer Handbags,Silver,Paid Social,2,3466,526,6932,1052,5880,84.8
5001554,2022-03-17,Tokyo,Luxury Watches,First-Time Buyer,Walk-in,1,14737,2835,14737,2835,11902,80.8
5007457,2022-03-17,Tokyo,Designer Handbags,Platinum (VIP),Organic Search,1,3094,745,3094,745,2349,75.9
5006307,2022-03-17,Tokyo,Luxury Watches,Gold,Paid Social,1,13421,4600,13421,4600,8821,65.7
5002716,2022-03-17,Tokyo,Designer Handbags,First-Time Buyer,Exclusive Invite,1,3276,963,3276,963,2313,70.6
5007491,2022-03-17,New York,Luxury Watches,Platinum (VIP),Organic Search,1,11721,2935,11721,2935,8786,75.0
5008100,2022-03-17,New York,Haute Fragrance,First-Time Buyer,Organic Search,3,415,81,1245,243,1002,80.5
5009114,2022-03-17,Tokyo,Luxury Watches,First-Time Buyer,Paid Social,1,13383,3620,13383,3620,9763,73.0
5009174,2022-03-17,Dubai,Luxury Watches,First-Time Buyer,Organic Search,1,12830,1992,12830,1992,10838,84.5
5006820,2022-03-17,Tokyo,Luxury Watches,First-Time Buyer,Organic Search,2,14892,3697,29784,7394,22390,75.2
5003149,2022-03-18,Milan,Haute Fragrance,Gold,Exclusive Invite,1,376,98,376,98,278,73.9
5008046,2022-03-18,Milan,Designer Handbags,First-Time Buyer,Exclusive Invite,1,3835,1322,3835,1322,2513,65.5
5002135,2022-03-18,Tokyo,Haute Fragrance,First-Time Buyer,Paid Social,1,332,81,332,81,251,75.6
5007459,2022-03-18,Paris,Designer Handbags,Silver,Exclusive Invite,1,3691,1175,3691,1175,2516,68.2
5003983,2022-03-18,New York,Luxury Watches,First-Time Buyer,Organic Search,1,13416,3925,13416,3925,9491,70.7
5004709,2022-03-18,Tokyo,Fine Jewelry,Silver,Organic Search,1,8075,1408,8075,1408,6667,82.6
5002881,2022-03-18,Tokyo,Fine Jewelry,First-Time Buyer,Walk-in,1,10066,3330,10066,3330,6736,66.9
5009144,2022-03-18,Dubai,Designer Handbags,Gold,Organic Search,1,3542,803,3542,803,2739,77.3
5005321,2022-03-18,Dubai,Fine Jewelry,First-Time Buyer,Paid Social,1,8096,2485,8096,2485,5611,69.3
5007302,2022-03-18,Paris,Fine Jewelry,Silver,Paid Social,1,10045,3057,10045,3057,6988,69.6
5009794,2022-03-18,Dubai,Designer Handbags,Silver,Paid Social,1,3805,1102,3805,1102,2703,71.0
5003545,2022-03-18,New York,Fine Jewelry,First-Time Buyer,Exclusive Invite,1,9784,3047,9784,3047,6737,68.9
5008242,2022-03-18,Tokyo,Designer Handbags,Gold,Organic Search,1,2971,931,2971,931,2040,68.7
5000227,2022-03-18,Tokyo,Fine Jewelry,Silver,Walk-in,1,8906,3047,8906,3047,5859,65.8
5003575,2022-03-18,Tokyo,Fine Jewelry,First-Time Buyer,Walk-in,1,9876,3352,9876,3352,6524,66.1
5004288,2022-03-19,Paris,Designer Handbags,Silver,Organic Search,1,3556,1164,3556,1164,2392,67.3
5007557,2022-03-19,Tokyo,Designer Handbags,First-Time Buyer,Paid Social,1,3553,539,3553,539,3014,84.8
5007198,2022-03-19,New York,Designer Handbags,First-Time Buyer,Walk-in,3,3309,909,9927,2727,7200,72.5
5009342,2022-03-19,New York,Fine Jewelry,First-Time Buyer,Organic Search,1,9999,3082,9999,3082,6917,69.2
5005942,2022-03-19,Tokyo,Designer Handbags,First-Time Buyer,Walk-in,1,3621,847,3621,847,2774,76.6
5008472,2022-03-19,Milan,Designer Handbags,Gold,Organic Search,1,3192,952,3192,952,2240,70.2
5004832,2022-03-19,Tokyo,Luxury Watches,Silver,Walk-in,3,14666,4140,43998,12420,31578,71.8
5009643,2022-03-19,Paris,Designer Handbags,Platinum (VIP),Paid Social,2,3610,583,7220,1166,6054,83.9
5002939,2022-03-19,Tokyo,Haute Fragrance,First-Time Buyer,Organic Search,1,351,68,351,68,283,80.6
5008999,2022-03-19,Tokyo,Designer Handbags,First-Time Buyer,Walk-in,1,3034,889,3034,889,2145,70.7
5009025,2022-03-19,Paris,Haute Fragrance,First-Time Buyer,Paid Social,1,391,101,391,101,290,74.2
5008667,2022-03-19,Dubai,Designer Handbags,Silver,Paid Social,1,2946,548,2946,548,2398,81.4
5005438,2022-03-19,Tokyo,Designer Handbags,First-Time Buyer,Walk-in,1,2985,481,2985,481,2504,83.9
5004096,2022-03-20,Paris,Luxury Watches,First-Time Buyer,Paid Social,1,11435,1838,11435,1838,9597,83.9
5002734,2022-03-20,New York,Luxury Watches,Gold,Paid Social,1,14693,4956,14693,4956,9737,66.3
5008138,2022-03-20,Paris,Luxury Watches,First-Time Buyer,Paid Social,1,11687,3666,11687,3666,8021,68.6
5007963,2022-03-20,Milan,Luxury Watches,Silver,Paid Social,1,13233,3290,13233,3290,9943,75.1
5001210,2022-03-20,New York,Luxury Watches,Silver,Walk-in,1,12270,1925,12270,1925,10345,84.3
5003627,2022-03-20,Milan,Fine Jewelry,Platinum (VIP),Walk-in,1,8818,2997,8818,2997,5821,66.0
5009269,2022-03-20,Dubai,Luxury Watches,First-Time Buyer,Exclusive Invite,1,12169,2746,12169,2746,9423,77.4
5008851,2022-03-20,Milan,Luxury Watches,Gold,Organic Search,1,14554,3431,14554,3431,11123,76.4
5008486,2022-03-20,Milan,Luxury Watches,First-Time Buyer,Organic Search,1,13500,3976,13500,3976,9524,70.5
5000385,2022-03-20,Paris,Designer Handbags,Silver,Paid Social,1,3529,1036,3529,1036,2493,70.6
5002789,2022-03-20,Dubai,Designer Handbags,First-Time Buyer,Organic Search,1,3675,827,3675,827,2848,77.5
5005895,2022-03-20,Paris,Luxury Watches,First-Time Buyer,Organic Search,1,13391,3476,13391,3476,9915,74.0
5006735,2022-03-20,New York,Haute Fragrance,Gold,Walk-in,1,411,135,411,135,276,67.2
5008888,2022-03-21,Tokyo,Fine Jewelry,Silver,Exclusive Invite,1,8874,2186,8874,2186,6688,75.4
5005572,2022-03-21,Dubai,Designer Handbags,First-Time Buyer,Exclusive Invite,1,3269,793,3269,793,2476,75.7
5002047,2022-03-21,Tokyo,Designer Handbags,First-Time Buyer,Organic Search,1,2941,966,2941,966,1975,67.2
5008336,2022-03-21,Dubai,Designer Handbags,Silver,Organic Search,1,3383,1166,3383,1166,2217,65.5
5006763,2022-03-21,Paris,Designer Handbags,Silver,Organic Search,1,3095,811,3095,811,2284,73.8
5001484,2022-03-21,Paris,Luxury Watches,Silver,Organic Search,1,14770,2674,14770,2674,12096,81.9
5006330,2022-03-21,New York,Designer Handbags,First-Time Buyer,Organic Search,1,3458,542,3458,542,2916,84.3
5001333,2022-03-21,New York,Haute Fragrance,First-Time Buyer,Paid Social,1,379,131,379,131,248,65.4
5006930,2022-03-21,Dubai,Designer Handbags,Platinum (VIP),Organic Search,2,3502,895,7004,1790,5214,74.4
5008422,2022-03-21,New York,Designer Handbags,First-Time Buyer,Paid Social,1,3681,1196,3681,1196,2485,67.5
5005495,2022-03-21,Dubai,Luxury Watches,Silver,Paid Social,1,14300,4832,14300,4832,9468,66.2
5008307,2022-03-22,Tokyo,Luxury Watches,Platinum (VIP),Paid Social,1,13282,4149,13282,4149,9133,68.8
5006118,2022-03-22,Tokyo,Fine Jewelry,Silver,Organic Search,1,8378,1522,8378,1522,6856,81.8
5001921,2022-03-22,New York,Luxury Watches,First-Time Buyer,Walk-in,1,14686,2356,14686,2356,12330,84.0
5004522,2022-03-22,New York,Designer Handbags,Silver,Organic Search,3,3577,1135,10731,3405,7326,68.3
5008320,2022-03-22,Dubai,Luxury Watches,First-Time Buyer,Organic Search,3,12474,2888,37422,8664,28758,76.8
5004051,2022-03-22,New York,Designer Handbags,First-Time Buyer,Exclusive Invite,1,3210,638,3210,638,2572,80.1
5003214,2022-03-22,New York,Haute Fragrance,First-Time Buyer,Exclusive Invite,2,386,70,772,140,632,81.9
5009251,2022-03-22,Tokyo,Designer Handbags,Silver,Organic Search,1,3109,713,3109,713,2396,77.1
5002803,2022-03-22,Dubai,Luxury Watches,Silver,Exclusive Invite,1,14177,4488,14177,4488,9689,68.3
5005550,2022-03-22,New York,Fine Jewelry,Silver,Exclusive Invite,1,9292,1484,9292,1484,7808,84.0
5003723,2022-03-22,Tokyo,Designer Handbags,Silver,Walk-in,1,3031,777,3031,777,2254,74.4
5003953,2022-03-22,Tokyo,Luxury Watches,Gold,Paid Social,1,12603,2010,12603,2010,10593,84.1
5004800,2022-03-22,Tokyo,Haute Fragrance,First-Time Buyer,Exclusive Invite,1,390,62,390,62,328,84.1
5007242,2022-03-22,Paris,Fine Jewelry,First-Time Buyer,Exclusive Invite,1,9877,2831,9877,2831,7046,71.3
5007577,2022-03-23,Milan,Luxury Watches,First-Time Buyer,Walk-in,1,11313,3884,11313,3884,7429,65.7
5006692,2022-03-23,Paris,Fine Jewelry,Gold,Organic Search,1,8331,2897,8331,2897,5434,65.2
5009854,2022-03-23,Tokyo,Luxury Watches,First-Time Buyer,Exclusive Invite,1,13131,2230,13131,2230,10901,83.0
5005455,2022-03-23,Paris,Designer Handbags,Silver,Organic Search,1,3385,1101,3385,1101,2284,67.5
5003762,2022-03-23,New York,Luxury Watches,Platinum (VIP),Walk-in,1,12240,2666,12240,2666,9574,78.2
5004733,2022-03-23,Milan,Designer Handbags,First-Time Buyer,Paid Social,1,3116,979,3116,979,2137,68.6
5002456,2022-03-23,New York,Fine Jewelry,Silver,Paid Social,1,8306,1353,8306,1353,6953,83.7
5004669,2022-03-23,Dubai,Fine Jewelry,Platinum (VIP),Exclusive Invite,1,8081,2477,8081,2477,5604,69.3
5004911,2022-03-23,New York,Designer Handbags,Silver,Walk-in,1,3267,989,3267,989,2278,69.7
5000111,2022-03-24,Dubai,Luxury Watches,Silver,Organic Search,1,13319,4349,13319,4349,8970,67.3
5006589,2022-03-24,Dubai,Luxury Watches,Silver,Organic Search,1,11538,2498,11538,2498,9040,78.3
5009783,2022-03-24,Tokyo,Designer Handbags,Silver,Paid Social,1,3316,590,3316,590,2726,82.2
5003384,2022-03-24,New York,Haute Fragrance,Silver,Organic Search,3,316,91,948,273,675,71.2
5004651,2022-03-24,Paris,Luxury Watches,Gold,Paid Social,1,13494,2131,13494,2131,11363,84.2
5004592,2022-03-24,Paris,Luxury Watches,First-Time Buyer,Paid Social,1,14155,3484,14155,3484,10671,75.4
5003277,2022-03-24,Tokyo,Luxury Watches,Gold,Organic Search,1,11564,4025,11564,4025,7539,65.2
5007275,2022-03-24,New York,Designer Handbags,First-Time Buyer,Walk-in,1,3619,1252,3619,1252,2367,65.4
5001400,2022-03-24,Paris,Luxury Watches,First-Time Buyer,Paid Social,1,14873,3449,14873,3449,11424,76.8
5002954,2022-03-24,Dubai,Designer Handbags,Silver,Organic Search,1,3740,1162,3740,1162,2578,68.9
5000548,2022-03-24,Paris,Luxury Watches,Silver,Organic Search,1,12493,2486,12493,2486,10007,80.1
5000573,2022-03-24,Paris,Fine Jewelry,Silver,Walk-in,1,9250,2513,9250,2513,6737,72.8
5003605,2022-03-24,Dubai,Fine Jewelry,Silver,Paid Social,1,8661,1613,8661,1613,7048,81.4
5000824,2022-03-24,Paris,Luxury Watches,Silver,Organic Search,1,13746,3423,13746,3423,10323,75.1
5003195,2022-03-24,Paris,Haute Fragrance,First-Time Buyer,Walk-in,1,375,104,375,104,271,72.3
5000961,2022-03-25,New York,Luxury Watches,Silver,Paid Social,1,11856,1785,11856,1785,10071,84.9
5003273,2022-03-25,Milan,Fine Jewelry,Silver,Exclusive Invite,2,8413,1345,16826,2690,14136,84.0
5009455,2022-03-25,New York,Luxury Watches,Silver,Walk-in,1,12117,2327,12117,2327,9790,80.8
5001250,2022-03-25,Milan,Fine Jewelry,Silver,Paid Social,1,8578,1729,8578,1729,6849,79.8
5001757,2022-03-25,Tokyo,Designer Handbags,Platinum (VIP),Paid Social,1,3828,683,3828,683,3145,82.2
5008933,2022-03-25,New York,Haute Fragrance,Gold,Walk-in,1,333,58,333,58,275,82.6
5005668,2022-03-25,Milan,Designer Handbags,Silver,Organic Search,1,3113,500,3113,500,2613,83.9
5000917,2022-03-25,Tokyo,Designer Handbags,Silver,Organic Search,1,2980,765,2980,765,2215,74.3
5001493,2022-03-25,Paris,Luxury Watches,Gold,Walk-in,2,13550,3892,27100,7784,19316,71.3
5007110,2022-03-25,New York,Fine Jewelry,First-Time Buyer,Paid Social,1,9522,2314,9522,2314,7208,75.7
5007462,2022-03-25,Paris,Fine Jewelry,First-Time Buyer,Walk-in,1,9544,2296,9544,2296,7248,75.9
5001658,2022-03-25,Paris,Fine Jewelry,Gold,Paid Social,1,8154,1396,8154,1396,6758,82.9
5004328,2022-03-26,New York,Haute Fragrance,First-Time Buyer,Exclusive Invite,1,318,65,318,65,253,79.6
5008553,2022-03-26,Paris,Luxury Watches,First-Time Buyer,Organic Search,1,12515,2766,12515,2766,9749,77.9
5006993,2022-03-26,Tokyo,Designer Handbags,Silver,Paid Social,1,3445,977,3445,977,2468,71.6
5002287,2022-03-26,New York,Luxury Watches,Gold,Paid Social,1,12541,2200,12541,2200,10341,82.5
5003533,2022-03-26,Tokyo,Luxury Watches,First-Time Buyer,Organic Search,1,14954,4339,14954,4339,10615,71.0
5002309,2022-03-26,Paris,Designer Handbags,Silver,Walk-in,1,3037,975,3037,975,2062,67.9
5000651,2022-03-26,Tokyo,Luxury Watches,Gold,Walk-in,1,11272,2360,11272,2360,8912,79.1
5008996,2022-03-26,New York,Fine Jewelry,Platinum (VIP),Exclusive Invite,1,9210,2619,9210,2619,6591,71.6
5005711,2022-03-26,Milan,Haute Fragrance,First-Time Buyer,Organic Search,1,342,95,342,95,247,72.2
5009049,2022-03-26,Tokyo,Luxury Watches,First-Time Buyer,Exclusive Invite,1,12332,2811,12332,2811,9521,77.2
5009480,2022-03-26,Paris,Haute Fragrance,First-Time Buyer,Organic Search,1,319,102,319,102,217,68.0
5000632,2022-03-26,Paris,Designer Handbags,First-Time Buyer,Organic Search,1,3495,1162,3495,1162,2333,66.8
5003324,2022-03-26,Paris,Haute Fragrance,First-Time Buyer,Paid Social,1,395,108,395,108,287,72.7
5007013,2022-03-26,Tokyo,Designer Handbags,Silver,Organic Search,1,3515,569,3515,569,2946,83.8
5005567,2022-03-26,Tokyo,Luxury Watches,First-Time Buyer,Exclusive Invite,1,13359,3192,13359,3192,10167,76.1
5006982,2022-03-26,Milan,Designer Handbags,First-Time Buyer,Walk-in,1,3648,1194,3648,1194,2454,67.3
5008971,2022-03-26,Paris,Designer Handbags,First-Time Buyer,Organic Search,1,3314,972,3314,972,2342,70.7
5003468,2022-03-26,Tokyo,Luxury Watches,Gold,Organic Search,1,11385,2137,11385,2137,9248,81.2
5006967,2022-03-27,Paris,Luxury Watches,Silver,Exclusive Invite,2,12813,2044,25626,4088,21538,84.0
5007470,2022-03-27,Tokyo,Luxury Watches,Silver,Paid Social,1,14128,3392,14128,3392,10736,76.0
5009975,2022-03-27,New York,Designer Handbags,Silver,Exclusive Invite,1,3240,810,3240,810,2430,75.0
5005936,2022-03-27,Tokyo,Luxury Watches,Gold,Organic Search,1,13931,3264,13931,3264,10667,76.6
5009527,2022-03-27,New York,Haute Fragrance,First-Time Buyer,Paid Social,1,406,72,406,72,334,82.3
5002141,2022-03-27,Tokyo,Fine Jewelry,First-Time Buyer,Walk-in,1,9382,2210,9382,2210,7172,76.4
5002614,2022-03-27,Tokyo,Fine Jewelry,Gold,Organic Search,2,8609,1917,17218,3834,13384,77.7
5008544,2022-03-27,Tokyo,Luxury Watches,First-Time Buyer,Organic Search,1,12737,3301,12737,3301,9436,74.1
5002498,2022-03-27,New York,Haute Fragrance,Gold,Organic Search,1,353,59,353,59,294,83.3
5008165,2022-03-27,Paris,Designer Handbags,Gold,Exclusive Invite,3,3591,728,10773,2184,8589,79.7
5007520,2022-03-27,Dubai,Designer Handbags,First-Time Buyer,Organic Search,1,3675,1010,3675,1010,2665,72.5
5005571,2022-03-27,New York,Haute Fragrance,First-Time Buyer,Organic Search,1,383,68,383,68,315,82.2
5000413,2022-03-27,Paris,Designer Handbags,Gold,Organic Search,2,3113,892,6226,1784,4442,71.3
5007408,2022-03-27,Tokyo,Fine Jewelry,Silver,Paid Social,1,10143,2224,10143,2224,7919,78.1
5004710,2022-03-27,New York,Designer Handbags,Silver,Paid Social,1,3202,497,3202,497,2705,84.5
5007308,2022-03-27,New York,Haute Fragrance,Silver,Organic Search,1,317,88,317,88,229,72.2
5006199,2022-03-27,Dubai,Luxury Watches,Gold,Exclusive Invite,1,12718,2164,12718,2164,10554,83.0
5000339,2022-03-27,New York,Luxury Watches,Platinum (VIP),Paid Social,1,14449,3593,14449,3593,10856,75.1
5001877,2022-03-28,Milan,Fine Jewelry,Gold,Paid Social,1,8641,1909,8641,1909,6732,77.9
5002108,2022-03-28,Dubai,Designer Handbags,First-Time Buyer,Paid Social,2,3173,1098,6346,2196,4150,65.4
5001903,2022-03-28,Tokyo,Haute Fragrance,First-Time Buyer,Exclusive Invite,1,398,92,398,92,306,76.9
5004076,2022-03-28,New York,Designer Handbags,Gold,Walk-in,1,3651,674,3651,674,2977,81.5
5007743,2022-03-28,Milan,Designer Handbags,First-Time Buyer,Exclusive Invite,1,3542,812,3542,812,2730,77.1
5005618,2022-03-28,Tokyo,Fine Jewelry,Silver,Organic Search,1,10188,3381,10188,3381,6807,66.8
5002748,2022-03-28,New York,Luxury Watches,First-Time Buyer,Organic Search,1,11368,2510,11368,2510,8858,77.9
5007839,2022-03-28,Tokyo,Designer Handbags,Silver,Organic Search,1,3546,1102,3546,1102,2444,68.9
5000373,2022-03-28,Milan,Fine Jewelry,Gold,Walk-in,1,8245,2146,8245,2146,6099,74.0
5003477,2022-03-28,Milan,Luxury Watches,Platinum (VIP),Walk-in,1,13059,3321,13059,3321,9738,74.6
5004364,2022-03-28,New York,Designer Handbags,Gold,Organic Search,1,3437,927,3437,927,2510,73.0
5007247,2022-03-28,Milan,Fine Jewelry,First-Time Buyer,Exclusive Invite,1,10047,2317,10047,2317,7730,76.9
5007397,2022-03-29,Paris,Designer Handbags,Silver,Paid Social,1,3511,1132,3511,1132,2379,67.8
5003067,2022-03-29,Tokyo,Designer Handbags,Gold,Exclusive Invite,1,3391,633,3391,633,2758,81.3
5009150,2022-03-29,Tokyo,Designer Handbags,First-Time Buyer,Paid Social,1,3433,979,3433,979,2454,71.5
5006409,2022-03-29,Tokyo,Designer Handbags,First-Time Buyer,Paid Social,2,3058,526,6116,1052,5064,82.8
5009697,2022-03-29,Paris,Luxury Watches,Platinum (VIP),Walk-in,1,13235,2793,13235,2793,10442,78.9
5003891,2022-03-29,Tokyo,Luxury Watches,First-Time Buyer,Walk-in,1,12180,2922,12180,2922,9258,76.0
5008977,2022-03-29,Paris,Fine Jewelry,First-Time Buyer,Walk-in,1,7809,2307,7809,2307,5502,70.5
5009960,2022-03-29,Tokyo,Haute Fragrance,Silver,Organic Search,1,376,93,376,93,283,75.3
5002726,2022-03-29,Dubai,Designer Handbags,Gold,Organic Search,1,3567,608,3567,608,2959,83.0
5000284,2022-03-29,Paris,Designer Handbags,Gold,Paid Social,1,2972,891,2972,891,2081,70.0
5000066,2022-03-29,Paris,Designer Handbags,First-Time Buyer,Exclusive Invite,3,3826,833,11478,2499,8979,78.2
5002552,2022-03-30,New York,Designer Handbags,First-Time Buyer,Paid Social,1,3809,603,3809,603,3206,84.2
5009828,2022-03-30,Tokyo,Fine Jewelry,Platinum (VIP),Walk-in,1,9826,1640,9826,1640,8186,83.3
5003774,2022-03-30,New York,Luxury Watches,Gold,Exclusive Invite,1,14065,4827,14065,4827,9238,65.7
5005018,2022-03-30,New York,Haute Fragrance,First-Time Buyer,Organic Search,1,378,70,378,70,308,81.5
5002654,2022-03-30,Dubai,Designer Handbags,Silver,Paid Social,1,2899,873,2899,873,2026,69.9
5007415,2022-03-30,Paris,Luxury Watches,First-Time Buyer,Exclusive Invite,2,11818,2072,23636,4144,19492,82.5
5009793,2022-03-30,Milan,Fine Jewelry,First-Time Buyer,Walk-in,1,8005,2247,8005,2247,5758,71.9
5006275,2022-03-30,Paris,Designer Handbags,Silver,Walk-in,1,3794,584,3794,584,3210,84.6
5004918,2022-03-30,New York,Fine Jewelry,Gold,Organic Search,1,10178,2949,10178,2949,7229,71.0
5004101,2022-03-30,New York,Fine Jewelry,Silver,Exclusive Invite,1,8823,2015,8823,2015,6808,77.2
5006674,2022-03-31,Milan,Fine Jewelry,First-Time Buyer,Paid Social,2,8777,2757,17554,5514,12040,68.6
5009723,2022-03-31,Milan,Luxury Watches,First-Time Buyer,Organic Search,3,11963,3544,35889,10632,25257,70.4
5001526,2022-03-31,Tokyo,Designer Handbags,Silver,Paid Social,1,2921,518,2921,518,2403,82.3
5004019,2022-03-31,Tokyo,Designer Handbags,Gold,Organic Search,1,2886,499,2886,499,2387,82.7
5005853,2022-03-31,Dubai,Designer Handbags,First-Time Buyer,Organic Search,1,3728,669,3728,669,3059,82.1
5003188,2022-03-31,Dubai,Luxury Watches,First-Time Buyer,Walk-in,1,13810,3392,13810,3392,10418,75.4
5007044,2022-03-31,Milan,Fine Jewelry,Silver,Walk-in,1,7725,2253,7725,2253,5472,70.8
5005534,2022-04-01,New York,Luxury Watches,First-Time Buyer,Walk-in,1,13285,3563,13285,3563,9722,73.2
5009379,2022-04-01,New York,Designer Handbags,Gold,Organic Search,1,3602,1109,3602,1109,2493,69.2
5009345,2022-04-01,New York,Designer Handbags,First-Time Buyer,Walk-in,1,3362,743,3362,743,2619,77.9
5002866,2022-04-01,Paris,Designer Handbags,Gold,Paid Social,1,3005,617,3005,617,2388,79.5
5006327,2022-04-01,Tokyo,Designer Handbags,First-Time Buyer,Paid Social,1,3778,991,3778,991,2787,73.8
5001636,2022-04-01,Paris,Luxury Watches,Silver,Paid Social,1,14868,3275,14868,3275,11593,78.0
5001165,2022-04-01,Milan,Designer Handbags,Gold,Organic Search,1,2964,665,2964,665,2299,77.6
5000920,2022-04-01,Tokyo,Luxury Watches,First-Time Buyer,Walk-in,2,12795,3870,25590,7740,17850,69.8
5002934,2022-04-01,Paris,Luxury Watches,First-Time Buyer,Organic Search,1,12521,3678,12521,3678,8843,70.6
5008451,2022-04-01,Milan,Designer Handbags,Gold,Exclusive Invite,1,3633,841,3633,841,2792,76.9
5006802,2022-04-01,Dubai,Luxury Watches,First-Time Buyer,Organic Search,1,14820,3506,14820,3506,11314,76.3
5002544,2022-04-01,New York,Fine Jewelry,Gold,Walk-in,1,8934,2933,8934,2933,6001,67.2
5005273,2022-04-01,New York,Haute Fragrance,Silver,Paid Social,1,352,98,352,98,254,72.2
5009803,2022-04-01,New York,Luxury Watches,First-Time Buyer,Paid Social,3,13126,2449,39378,7347,32031,81.3
5006905,2022-04-01,Paris,Luxury Watches,First-Time Buyer,Walk-in,1,12249,3226,12249,3226,9023,73.7
5008395,2022-04-02,Paris,Luxury Watches,First-Time Buyer,Organic Search,1,13122,2896,13122,2896,10226,77.9
5004933,2022-04-02,Paris,Luxury Watches,First-Time Buyer,Exclusive Invite,1,12647,3132,12647,3132,9515,75.2
5006892,2022-04-02,New York,Fine Jewelry,Platinum (VIP),Exclusive Invite,1,9241,1560,9241,1560,7681,83.1
5008481,2022-04-02,Paris,Fine Jewelry,First-Time Buyer,Paid Social,1,9185,2424,9185,2424,6761,73.6
5007661,2022-04-02,Tokyo,Luxury Watches,First-Time Buyer,Organic Search,1,12492,4261,12492,4261,8231,65.9
5009459,2022-04-02,New York,Designer Handbags,Gold,Organic Search,1,3654,1067,3654,1067,2587,70.8
5005528,2022-04-02,Paris,Fine Jewelry,Silver,Paid Social,1,8001,2079,8001,2079,5922,74.0
5001040,2022-04-02,Milan,Designer Handbags,First-Time Buyer,Organic Search,1,3106,648,3106,648,2458,79.1
5001249,2022-04-02,Paris,Haute Fragrance,First-Time Buyer,Walk-in,1,347,89,347,89,258,74.4
5006006,2022-04-02,Dubai,Luxury Watches,Silver,Walk-in,2,14313,2163,28626,4326,24300,84.9
5006028,2022-04-02,Milan,Haute Fragrance,Platinum (VIP),Walk-in,1,367,99,367,99,268,73.0
5003366,2022-04-03,Dubai,Haute Fragrance,Silver,Organic Search,2,315,81,630,162,468,74.3
5006402,2022-04-03,Tokyo,Designer Handbags,Silver,Paid Social,1,3405,1087,3405,1087,2318,68.1
5000139,2022-04-03,Tokyo,Fine Jewelry,Silver,Paid Social,1,7930,1845,7930,1845,6085,76.7
5002936,2022-04-03,Paris,Designer Handbags,First-Time Buyer,Organic Search,1,3608,592,3608,592,3016,83.6
5009434,2022-04-03,Paris,Designer Handbags,Silver,Walk-in,1,3335,517,3335,517,2818,84.5
5001297,2022-04-03,Paris,Luxury Watches,Platinum (VIP),Organic Search,1,13268,3664,13268,3664,9604,72.4
5003062,2022-04-03,Milan,Designer Handbags,Gold,Exclusive Invite,1,3734,863,3734,863,2871,76.9
5008118,2022-04-03,Tokyo,Haute Fragrance,Gold,Organic Search,1,363,108,363,108,255,70.2
5006014,2022-04-03,Paris,Fine Jewelry,First-Time Buyer,Paid Social,1,9334,2389,9334,2389,6945,74.4
5004864,2022-04-03,New York,Luxury Watches,Gold,Organic Search,2,14932,3003,29864,6006,23858,79.9
5005404,2022-04-03,New York,Luxury Watches,First-Time Buyer,Paid Social,1,13703,3668,13703,3668,10035,73.2
5003506,2022-04-03,New York,Designer Handbags,Silver,Exclusive Invite,1,2926,600,2926,600,2326,79.5
5006859,2022-04-03,New York,Designer Handbags,Silver,Exclusive Invite,1,3765,1114,3765,1114,2651,70.4
5003587,2022-04-03,New York,Haute Fragrance,First-Time Buyer,Paid Social,1,415,109,415,109,306,73.7
5007461,2022-04-03,Milan,Designer Handbags,Silver,Organic Search,1,3636,969,3636,969,2667,73.3
5000571,2022-04-03,New York,Haute Fragrance,Silver,Organic Search,1,373,121,373,121,252,67.6
5009850,2022-04-03,Paris,Luxury Watches,Gold,Organic Search,1,12689,2560,12689,2560,10129,79.8
5007826,2022-04-03,Tokyo,Fine Jewelry,Gold,Paid Social,1,9595,2272,9595,2272,7323,76.3
5008068,2022-04-03,Paris,Designer Handbags,Gold,Paid Social,1,3511,968,3511,968,2543,72.4
5004135,2022-04-04,Paris,Haute Fragrance,First-Time Buyer,Organic Search,1,354,97,354,97,257,72.6
5006888,2022-04-04,New York,Designer Handbags,Gold,Organic Search,1,2973,564,2973,564,2409,81.0
5005229,2022-04-04,New York,Fine Jewelry,First-Time Buyer,Paid Social,1,8388,1924,8388,1924,6464,77.1
5001597,2022-04-04,Paris,Designer Handbags,Silver,Paid Social,1,2977,669,2977,669,2308,77.5
5005237,2022-04-04,New York,Luxury Watches,Silver,Walk-in,1,11300,2088,11300,2088,9212,81.5
5009260,2022-04-04,New York,Fine Jewelry,First-Time Buyer,Paid Social,1,8004,1510,8004,1510,6494,81.1
5003812,2022-04-04,Paris,Luxury Watches,First-Time Buyer,Organic Search,2,13145,3109,26290,6218,20072,76.3
5003906,2022-04-04,Dubai,Designer Handbags,Gold,Exclusive Invite,1,3718,817,3718,817,2901,78.0
5002897,2022-04-04,Paris,Designer Handbags,Silver,Organic Search,1,3553,970,3553,970,2583,72.7
5005726,2022-04-04,New York,Fine Jewelry,First-Time Buyer,Organic Search,1,10144,1615,10144,1615,8529,84.1
5001538,2022-04-04,New York,Fine Jewelry,First-Time Buyer,Organic Search,1,9627,2397,9627,2397,7230,75.1
5008005,2022-04-04,Paris,Designer Handbags,Gold,Walk-in,1,3219,935,3219,935,2284,71.0
5001439,2022-04-04,New York,Designer Handbags,First-Time Buyer,Paid Social,1,2913,522,2913,522,2391,82.1
5004339,2022-04-04,Dubai,Luxury Watches,First-Time Buyer,Exclusive Invite,1,12629,3111,12629,3111,9518,75.4
5002767,2022-04-04,Milan,Luxury Watches,Gold,Exclusive Invite,1,11881,2356,11881,2356,9525,80.2
5001265,2022-04-04,Paris,Luxury Watches,Platinum (VIP),Exclusive Invite,1,12430,3824,12430,3824,8606,69.2
5009916,2022-04-04,Tokyo,Haute Fragrance,Gold,Exclusive Invite,1,336,58,336,58,278,82.7
5007048,2022-04-04,Tokyo,Designer Handbags,Gold,Organic Search,1,3121,630,3121,630,2491,79.8
5001813,2022-04-04,Paris,Designer Handbags,First-Time Buyer,Paid Social,1,3690,922,3690,922,2768,75.0
5002836,2022-04-05,Dubai,Fine Jewelry,Silver,Organic Search,2,8121,1885,16242,3770,12472,76.8
5003868,2022-04-05,Paris,Luxury Watches,Gold,Walk-in,1,12741,3852,12741,3852,8889,69.8
5002642,2022-04-05,Tokyo,Luxury Watches,Silver,Exclusive Invite,1,11910,3898,11910,3898,8012,67.3
5009353,2022-04-05,Tokyo,Fine Jewelry,Gold,Organic Search,1,8920,1688,8920,1688,7232,81.1
5009993,2022-04-05,Paris,Luxury Watches,Silver,Walk-in,1,14111,4606,14111,4606,9505,67.4
5006133,2022-04-05,Milan,Designer Handbags,First-Time Buyer,Paid Social,2,3298,980,6596,1960,4636,70.3
5002757,2022-04-05,New York,Designer Handbags,Gold,Paid Social,1,3082,774,3082,774,2308,74.9
5005319,2022-04-05,Paris,Fine Jewelry,Platinum (VIP),Paid Social,1,9215,3105,9215,3105,6110,66.3
5007974,2022-04-05,Milan,Fine Jewelry,First-Time Buyer,Organic Search,1,8491,1629,8491,1629,6862,80.8
5008379,2022-04-05,Milan,Haute Fragrance,First-Time Buyer,Walk-in,1,383,101,383,101,282,73.6
5004856,2022-04-05,Tokyo,Haute Fragrance,Silver,Paid Social,1,333,60,333,60,273,82.0
5002948,2022-04-05,Paris,Luxury Watches,Silver,Walk-in,1,13683,4279,13683,4279,9404,68.7
5009297,2022-04-05,Milan,Designer Handbags,First-Time Buyer,Walk-in,2,3525,674,7050,1348,5702,80.9
5009899,2022-04-05,New York,Fine Jewelry,Silver,Walk-in,3,9114,1680,27342,5040,22302,81.6
5001248,2022-04-05,Dubai,Haute Fragrance,First-Time Buyer,Paid Social,1,350,102,350,102,248,70.9
5006880,2022-04-05,Tokyo,Designer Handbags,First-Time Buyer,Paid Social,1,3235,888,3235,888,2347,72.6
5006254,2022-04-05,Dubai,Designer Handbags,First-Time Buyer,Organic Search,1,3565,739,3565,739,2826,79.3
5005442,2022-04-06,New York,Luxury Watches,Silver,Organic Search,1,12020,2287,12020,2287,9733,81.0
5002350,2022-04-06,Paris,Luxury Watches,First-Time Buyer,Exclusive Invite,1,14363,3915,14363,3915,10448,72.7
5007933,2022-04-06,Tokyo,Luxury Watches,First-Time Buyer,Exclusive Invite,1,14800,2701,14800,2701,12099,81.8
5007985,2022-04-06,Paris,Designer Handbags,Silver,Organic Search,1,3180,1066,3180,1066,2114,66.5
5002745,2022-04-06,Dubai,Luxury Watches,First-Time Buyer,Paid Social,1,11743,2260,11743,2260,9483,80.8
5005999,2022-04-06,Paris,Haute Fragrance,Silver,Paid Social,1,417,107,417,107,310,74.3
5002679,2022-04-06,Dubai,Designer Handbags,Silver,Organic Search,3,3704,1171,11112,3513,7599,68.4
5009753,2022-04-06,New York,Fine Jewelry,First-Time Buyer,Walk-in,1,9445,3287,9445,3287,6158,65.2
5006394,2022-04-06,New York,Fine Jewelry,First-Time Buyer,Walk-in,1,10017,2786,10017,2786,7231,72.2
5009451,2022-04-06,New York,Designer Handbags,Silver,Organic Search,2,3707,999,7414,1998,5416,73.1
5003393,2022-04-06,Milan,Luxury Watches,Platinum (VIP),Organic Search,1,14503,4624,14503,4624,9879,68.1
5005865,2022-04-06,Milan,Designer Handbags,First-Time Buyer,Organic Search,1,3343,828,3343,828,2515,75.2
5007143,2022-04-06,Dubai,Luxury Watches,First-Time Buyer,Walk-in,1,11616,3031,11616,3031,8585,73.9
5006148,2022-04-06,Dubai,Haute Fragrance,Silver,Walk-in,1,417,118,417,118,299,71.7
5002357,2022-04-06,Paris,Fine Jewelry,First-Time Buyer,Paid Social,1,7897,1545,7897,1545,6352,80.4
5003603,2022-04-06,New York,Designer Handbags,First-Time Buyer,Paid Social,1,3074,840,3074,840,2234,72.7
5004512,2022-04-06,New York,Designer Handbags,Silver,Organic Search,1,2917,983,2917,983,1934,66.3
5005348,2022-04-06,Tokyo,Luxury Watches,Silver,Organic Search,1,14568,4204,14568,4204,10364,71.1
5008651,2022-04-06,New York,Fine Jewelry,First-Time Buyer,Organic Search,1,7974,1468,7974,1468,6506,81.6
5000559,2022-04-07,Tokyo,Luxury Watches,Silver,Walk-in,1,11517,2140,11517,2140,9377,81.4
5001166,2022-04-07,New York,Luxury Watches,Silver,Walk-in,2,13345,4374,26690,8748,17942,67.2
5006204,2022-04-07,Milan,Haute Fragrance,Silver,Paid Social,1,378,75,378,75,303,80.2
5001066,2022-04-07,Paris,Haute Fragrance,First-Time Buyer,Organic Search,1,398,111,398,111,287,72.1
5002644,2022-04-07,Dubai,Haute Fragrance,Silver,Walk-in,2,379,110,758,220,538,71.0
5008048,2022-04-07,New York,Designer Handbags,Silver,Organic Search,2,3270,553,6540,1106,5434,83.1
5002768,2022-04-07,Tokyo,Designer Handbags,Silver,Exclusive Invite,1,2889,523,2889,523,2366,81.9
5002713,2022-04-08,Tokyo,Haute Fragrance,First-Time Buyer,Organic Search,1,412,67,412,67,345,83.7
5009769,2022-04-08,Dubai,Fine Jewelry,First-Time Buyer,Organic Search,1,9845,2023,9845,2023,7822,79.5
5000202,2022-04-08,New York,Designer Handbags,First-Time Buyer,Organic Search,1,3623,916,3623,916,2707,74.7
5006708,2022-04-08,New York,Haute Fragrance,Gold,Walk-in,1,386,72,386,72,314,81.3
5008103,2022-04-08,New York,Fine Jewelry,Silver,Organic Search,1,7918,1971,7918,1971,5947,75.1
5008997,2022-04-08,New York,Designer Handbags,First-Time Buyer,Paid Social,1,3213,691,3213,691,2522,78.5
5009050,2022-04-08,Dubai,Designer Handbags,First-Time Buyer,Paid Social,3,3315,1070,9945,3210,6735,67.7
5008428,2022-04-08,Paris,Haute Fragrance,Platinum (VIP),Organic Search,1,341,77,341,77,264,77.4
5000994,2022-04-08,New York,Haute Fragrance,First-Time Buyer,Organic Search,1,353,111,353,111,242,68.6
5008929,2022-04-08,Dubai,Fine Jewelry,Gold,Walk-in,1,8178,1934,8178,1934,6244,76.4
5008219,2022-04-08,Paris,Designer Handbags,Gold,Paid Social,1,3816,968,3816,968,2848,74.6
5008491,2022-04-08,New York,Fine Jewelry,First-Time Buyer,Paid Social,2,10052,3154,20104,6308,13796,68.6
5006079,2022-04-08,New York,Haute Fragrance,Gold,Paid Social,1,382,115,382,115,267,69.9
5005749,2022-04-08,Dubai,Luxury Watches,First-Time Buyer,Walk-in,3,14777,3972,44331,11916,32415,73.1
5003922,2022-04-08,Dubai,Designer Handbags,Silver,Organic Search,1,3600,622,3600,622,2978,82.7
5001834,2022-04-08,Tokyo,Fine Jewelry,First-Time Buyer,Walk-in,1,9352,2635,9352,2635,6717,71.8
5002494,2022-04-09,New York,Luxury Watches,First-Time Buyer,Paid Social,1,11281,3491,11281,3491,7790,69.1
5007006,2022-04-09,Milan,Haute Fragrance,Gold,Paid Social,1,394,90,394,90,304,77.2
5005862,2022-04-09,New York,Haute Fragrance,Silver,Organic Search,1,345,120,345,120,225,65.2
5008901,2022-04-09,New York,Luxury Watches,Gold,Exclusive Invite,1,13779,2422,13779,2422,11357,82.4
5006718,2022-04-09,Paris,Designer Handbags,Silver,Walk-in,1,3713,898,3713,898,2815,75.8
5005520,2022-04-09,Dubai,Luxury Watches,Silver,Organic Search,1,12053,1889,12053,1889,10164,84.3
5009939,2022-04-09,New York,Haute Fragrance,First-Time Buyer,Walk-in,2,386,76,772,152,620,80.3
5008372,2022-04-09,Tokyo,Luxury Watches,First-Time Buyer,Walk-in,1,14045,2698,14045,2698,11347,80.8
5005777,2022-04-09,New York,Luxury Watches,Silver,Walk-in,1,14063,3558,14063,3558,10505,74.7
5004172,2022-04-09,New York,Designer Handbags,Silver,Exclusive Invite,1,3778,1165,3778,1165,2613,69.2
5004436,2022-04-09,Dubai,Designer Handbags,Gold,Paid Social,1,3305,586,3305,586,2719,82.3
5002232,2022-04-10,Dubai,Fine Jewelry,First-Time Buyer,Walk-in,1,9379,1619,9379,1619,7760,82.7
5008042,2022-04-10,Paris,Designer Handbags,Gold,Paid Social,1,3088,804,3088,804,2284,74.0
5008772,2022-04-10,Milan,Haute Fragrance,Silver,Organic Search,1,410,79,410,79,331,80.7
5001014,2022-04-10,Dubai,Luxury Watches,First-Time Buyer,Walk-in,1,11660,3779,11660,3779,7881,67.6
5004297,2022-04-10,New York,Luxury Watches,First-Time Buyer,Organic Search,1,12775,3101,12775,3101,9674,75.7
5007281,2022-04-10,Paris,Designer Handbags,First-Time Buyer,Walk-in,1,3337,722,3337,722,2615,78.4
5007192,2022-04-10,Paris,Designer Handbags,Platinum (VIP),Walk-in,2,3146,485,6292,970,5322,84.6
5006144,2022-04-10,Milan,Fine Jewelry,First-Time Buyer,Organic Search,1,9545,3215,9545,3215,6330,66.3
5008887,2022-04-10,Paris,Luxury Watches,Gold,Organic Search,1,14015,3315,14015,3315,10700,76.3
5009918,2022-04-10,New York,Designer Handbags,Gold,Organic Search,1,3518,925,3518,925,2593,73.7
5004868,2022-04-10,Dubai,Haute Fragrance,First-Time Buyer,Organic Search,1,369,83,369,83,286,77.5
5002274,2022-04-10,New York,Haute Fragrance,Silver,Walk-in,1,338,63,338,63,275,81.4
5009892,2022-04-10,New York,Luxury Watches,First-Time Buyer,Walk-in,2,12930,3154,25860,6308,19552,75.6
5007024,2022-04-10,Milan,Haute Fragrance,First-Time Buyer,Walk-in,1,395,67,395,67,328,83.0
5006987,2022-04-10,Dubai,Designer Handbags,First-Time Buyer,Walk-in,1,3191,716,3191,716,2475,77.6
5001822,2022-04-10,Tokyo,Designer Handbags,First-Time Buyer,Walk-in,1,3754,1280,3754,1280,2474,65.9
5003344,2022-04-11,Dubai,Luxury Watches,Gold,Paid Social,1,12071,4117,12071,4117,7954,65.9
5007316,2022-04-11,Tokyo,Haute Fragrance,Silver,Paid Social,1,405,80,405,80,325,80.2
5004836,2022-04-11,Paris,Fine Jewelry,First-Time Buyer,Paid Social,3,9754,2123,29262,6369,22893,78.2
5004839,2022-04-11,Paris,Designer Handbags,First-Time Buyer,Organic Search,1,3078,660,3078,660,2418,78.6
5000611,2022-04-11,New York,Haute Fragrance,First-Time Buyer,Paid Social,1,323,61,323,61,262,81.1
5003733,2022-04-11,Tokyo,Designer Handbags,First-Time Buyer,Walk-in,1,3227,786,3227,786,2441,75.6
5005757,2022-04-11,Milan,Haute Fragrance,First-Time Buyer,Paid Social,1,333,86,333,86,247,74.2
5002355,2022-04-11,New York,Luxury Watches,First-Time Buyer,Paid Social,1,12766,4220,12766,4220,8546,66.9
5008568,2022-04-11,Milan,Designer Handbags,Gold,Walk-in,2,3048,770,6096,1540,4556,74.7
5007994,2022-04-11,Dubai,Luxury Watches,Platinum (VIP),Organic Search,1,14656,3535,14656,3535,11121,75.9
5002842,2022-04-11,Milan,Haute Fragrance,Gold,Paid Social,1,386,62,386,62,324,83.9
5006508,2022-04-12,Paris,Luxury Watches,Gold,Paid Social,1,14051,2480,14051,2480,11571,82.4
5008464,2022-04-12,Tokyo,Luxury Watches,Silver,Organic Search,1,13657,4290,13657,4290,9367,68.6
5008885,2022-04-12,New York,Fine Jewelry,Gold,Walk-in,1,9170,2398,9170,2398,6772,73.8
5005881,2022-04-12,Paris,Designer Handbags,Silver,Walk-in,1,3185,919,3185,919,2266,71.1
5000966,2022-04-12,New York,Designer Handbags,First-Time Buyer,Walk-in,1,3552,895,3552,895,2657,74.8
5009919,2022-04-12,Paris,Luxury Watches,Platinum (VIP),Walk-in,1,13218,4571,13218,4571,8647,65.4
5004697,2022-04-12,New York,Luxury Watches,Silver,Organic Search,1,13338,4659,13338,4659,8679,65.1
5004624,2022-04-12,Dubai,Haute Fragrance,First-Time Buyer,Organic Search,1,317,76,317,76,241,76.0
5009981,2022-04-12,New York,Luxury Watches,First-Time Buyer,Organic Search,3,14464,4153,43392,12459,30933,71.3
5007733,2022-04-12,Paris,Luxury Watches,Gold,Paid Social,1,12690,4436,12690,4436,8254,65.0
5002541,2022-04-13,Paris,Designer Handbags,First-Time Buyer,Paid Social,1,3231,1087,3231,1087,2144,66.4
5004382,2022-04-13,Paris,Fine Jewelry,Gold,Walk-in,1,8552,1533,8552,1533,7019,82.1
5000971,2022-04-13,Paris,Luxury Watches,Silver,Paid Social,1,12723,3856,12723,3856,8867,69.7
5007542,2022-04-13,Paris,Luxury Watches,Gold,Paid Social,1,13393,3522,13393,3522,9871,73.7
5000512,2022-04-13,Paris,Designer Handbags,Silver,Walk-in,1,3438,1176,3438,1176,2262,65.8
5003173,2022-04-13,Dubai,Luxury Watches,Gold,Paid Social,2,13742,2916,27484,5832,21652,78.8
5002838,2022-04-13,New York,Luxury Watches,Platinum (VIP),Walk-in,1,12238,3220,12238,3220,9018,73.7
5005054,2022-04-13,Tokyo,Luxury Watches,First-Time Buyer,Walk-in,3,13713,4689,41139,14067,27072,65.8
5004094,2022-04-14,New York,Luxury Watches,Platinum (VIP),Paid Social,1,13900,2721,13900,2721,11179,80.4
5005239,2022-04-14,New York,Designer Handbags,Gold,Walk-in,1,3057,586,3057,586,2471,80.8
5008153,2022-04-14,New York,Designer Handbags,First-Time Buyer,Walk-in,1,3648,887,3648,887,2761,75.7
5009237,2022-04-14,Paris,Fine Jewelry,Gold,Paid Social,1,7938,1456,7938,1456,6482,81.7
5009710,2022-04-15,Tokyo,Fine Jewelry,First-Time Buyer,Walk-in,1,8422,1540,8422,1540,6882,81.7
5007684,2022-04-15,Dubai,Designer Handbags,Platinum (VIP),Paid Social,3,3811,677,11433,2031,9402,82.2
5001277,2022-04-15,Tokyo,Designer Handbags,Gold,Paid Social,1,3256,710,3256,710,2546,78.2
5009057,2022-04-15,Tokyo,Designer Handbags,First-Time Buyer,Organic Search,1,3334,1032,3334,1032,2302,69.0
5005810,2022-04-15,New York,Designer Handbags,Gold,Organic Search,1,2892,716,2892,716,2176,75.2
5009035,2022-04-15,New York,Luxury Watches,Silver,Paid Social,1,12016,2458,12016,2458,9558,79.5
5000642,2022-04-15,New York,Haute Fragrance,First-Time Buyer,Walk-in,1,330,114,330,114,216,65.5
5001700,2022-04-15,Paris,Haute Fragrance,First-Time Buyer,Organic Search,1,352,97,352,97,255,72.4
5000554,2022-04-15,Dubai,Haute Fragrance,Gold,Exclusive Invite,1,405,86,405,86,319,78.8
5009549,2022-04-15,Tokyo,Luxury Watches,First-Time Buyer,Paid Social,1,13786,4166,13786,4166,9620,69.8
5004489,2022-04-15,Tokyo,Luxury Watches,First-Time Buyer,Walk-in,1,12313,3405,12313,3405,8908,72.3
5009528,2022-04-15,New York,Designer Handbags,Gold,Organic Search,1,3089,788,3089,788,2301,74.5
5001085,2022-04-16,Paris,Luxury Watches,Silver,Organic Search,1,13204,4165,13204,4165,9039,68.5
5003348,2022-04-16,New York,Luxury Watches,Silver,Organic Search,1,12155,3524,12155,3524,8631,71.0
5001061,2022-04-16,Tokyo,Luxury Watches,First-Time Buyer,Exclusive Invite,1,14758,4993,14758,4993,9765,66.2
5008120,2022-04-16,Tokyo,Luxury Watches,First-Time Buyer,Organic Search,1,14527,3605,14527,3605,10922,75.2
5009820,2022-04-16,Milan,Luxury Watches,First-Time Buyer,Organic Search,1,12444,4005,12444,4005,8439,67.8
5007171,2022-04-16,New York,Luxury Watches,Gold,Organic Search,1,12756,2799,12756,2799,9957,78.1
5000063,2022-04-17,Paris,Luxury Watches,First-Time Buyer,Walk-in,1,14037,3975,14037,3975,10062,71.7
5005382,2022-04-17,Dubai,Luxury Watches,First-Time Buyer,Organic Search,1,14986,3410,14986,3410,11576,77.2
5005312,2022-04-17,New York,Fine Jewelry,Gold,Organic Search,1,9325,3117,9325,3117,6208,66.6
5009954,2022-04-17,Milan,Luxury Watches,First-Time Buyer,Organic Search,1,11959,3150,11959,3150,8809,73.7
5006196,2022-04-17,Paris,Luxury Watches,Gold,Paid Social,3,13040,4095,39120,12285,26835,68.6
5009274,2022-04-17,Dubai,Luxury Watches,Gold,Exclusive Invite,1,14537,3210,14537,3210,11327,77.9
5000274,2022-04-17,Dubai,Luxury Watches,First-Time Buyer,Exclusive Invite,1,13480,4319,13480,4319,9161,68.0
5002432,2022-04-17,Tokyo,Haute Fragrance,First-Time Buyer,Exclusive Invite,1,363,65,363,65,298,82.1
5003432,2022-04-17,Tokyo,Luxury Watches,First-Time Buyer,Exclusive Invite,1,14617,4162,14617,4162,10455,71.5
5007872,2022-04-17,New York,Haute Fragrance,Platinum (VIP),Paid Social,1,412,73,412,73,339,82.3
5009555,2022-04-17,Paris,Luxury Watches,Silver,Paid Social,2,13057,3302,26114,6604,19510,74.7
5002828,2022-04-17,New York,Luxury Watches,First-Time Buyer,Walk-in,1,14624,4596,14624,4596,10028,68.6
5009369,2022-04-17,Dubai,Fine Jewelry,First-Time Buyer,Walk-in,1,7979,1808,7979,1808,6171,77.3
5002328,2022-04-17,Milan,Fine Jewelry,Silver,Paid Social,1,7753,1222,7753,1222,6531,84.2
5003658,2022-04-17,Milan,Fine Jewelry,Silver,Walk-in,1,8770,1403,8770,1403,7367,84.0
5001949,2022-04-17,Dubai,Designer Handbags,Silver,Paid Social,1,3838,1312,3838,1312,2526,65.8
5008207,2022-04-18,Milan,Luxury Watches,First-Time Buyer,Walk-in,2,13811,2871,27622,5742,21880,79.2
5006709,2022-04-18,Paris,Fine Jewelry,First-Time Buyer,Paid Social,1,7928,2229,7928,2229,5699,71.9
5003157,2022-04-18,Milan,Designer Handbags,Platinum (VIP),Paid Social,1,3361,935,3361,935,2426,72.2
5002330,2022-04-18,New York,Designer Handbags,Gold,Organic Search,1,3388,1088,3388,1088,2300,67.9
5004788,2022-04-18,Paris,Designer Handbags,First-Time Buyer,Organic Search,1,3254,958,3254,958,2296,70.6
5001224,2022-04-18,Paris,Luxury Watches,Platinum (VIP),Organic Search,1,11944,3917,11944,3917,8027,67.2
5004121,2022-04-18,Dubai,Designer Handbags,Silver,Paid Social,1,3611,1034,3611,1034,2577,71.4
5000949,2022-04-18,New York,Luxury Watches,Silver,Organic Search,1,11919,2594,11919,2594,9325,78.2
5001259,2022-04-18,Dubai,Designer Handbags,First-Time Buyer,Exclusive Invite,1,3619,1084,3619,1084,2535,70.0
5000954,2022-04-18,New York,Luxury Watches,Gold,Walk-in,2,12321,2658,24642,5316,19326,78.4
5006058,2022-04-18,Tokyo,Fine Jewelry,Gold,Paid Social,1,7731,1255,7731,1255,6476,83.8
5005194,2022-04-18,Milan,Designer Handbags,Gold,Organic Search,1,3597,1053,3597,1053,2544,70.7
5001619,2022-04-18,Milan,Luxury Watches,Gold,Organic Search,1,12421,3538,12421,3538,8883,71.5
5005114,2022-04-18,Milan,Designer Handbags,First-Time Buyer,Organic Search,1,3395,832,3395,832,2563,75.5
5001011,2022-04-18,New York,Luxury Watches,Silver,Paid Social,2,12735,3554,25470,7108,18362,72.1
5006270,2022-04-18,Milan,Luxury Watches,Gold,Exclusive Invite,1,12916,2872,12916,2872,10044,77.8
5008032,2022-04-18,Milan,Fine Jewelry,Platinum (VIP),Organic Search,1,9188,1678,9188,1678,7510,81.7
5006135,2022-04-19,Paris,Fine Jewelry,Gold,Paid Social,1,7689,1422,7689,1422,6267,81.5
5005460,2022-04-19,New York,Designer Handbags,Silver,Organic Search,1,3156,539,3156,539,2617,82.9
5005031,2022-04-19,Paris,Haute Fragrance,First-Time Buyer,Walk-in,1,391,78,391,78,313,80.1
5000772,2022-04-19,Milan,Haute Fragrance,First-Time Buyer,Exclusive Invite,1,397,80,397,80,317,79.8
5004321,2022-04-19,Milan,Designer Handbags,First-Time Buyer,Walk-in,1,3214,518,3214,518,2696,83.9
5001594,2022-04-19,Tokyo,Luxury Watches,Silver,Walk-in,1,11328,2198,11328,2198,9130,80.6
5001408,2022-04-19,New York,Designer Handbags,First-Time Buyer,Walk-in,1,3072,753,3072,753,2319,75.5
5005489,2022-04-19,Tokyo,Designer Handbags,First-Time Buyer,Walk-in,1,3421,731,3421,731,2690,78.6
5005458,2022-04-19,Dubai,Fine Jewelry,Gold,Exclusive Invite,1,9251,2543,9251,2543,6708,72.5
5008938,2022-04-19,Milan,Luxury Watches,Gold,Paid Social,1,12192,3400,12192,3400,8792,72.1
5004157,2022-04-19,Paris,Fine Jewelry,First-Time Buyer,Organic Search,1,9607,2701,9607,2701,6906,71.9
5008988,2022-04-19,New York,Luxury Watches,First-Time Buyer,Walk-in,1,12237,3268,12237,3268,8969,73.3
5008361,2022-04-19,Dubai,Luxury Watches,First-Time Buyer,Organic Search,1,12640,2770,12640,2770,9870,78.1
5000991,2022-04-20,Tokyo,Fine Jewelry,First-Time Buyer,Walk-in,2,8346,1313,16692,2626,14066,84.3
5003802,2022-04-20,Dubai,Designer Handbags,Platinum (VIP),Paid Social,1,3593,805,3593,805,2788,77.6
5006642,2022-04-20,Paris,Designer Handbags,Silver,Walk-in,1,3334,716,3334,716,2618,78.5
5006045,2022-04-20,Paris,Luxury Watches,First-Time Buyer,Organic Search,1,14082,3713,14082,3713,10369,73.6
5004040,2022-04-20,Paris,Designer Handbags,Gold,Paid Social,1,3198,726,3198,726,2472,77.3
5008280,2022-04-20,New York,Luxury Watches,First-Time Buyer,Organic Search,1,13998,3724,13998,3724,10274,73.4
5004291,2022-04-20,Paris,Designer Handbags,Silver,Exclusive Invite,1,3210,665,3210,665,2545,79.3
5004126,2022-04-20,New York,Fine Jewelry,Silver,Organic Search,1,8165,1668,8165,1668,6497,79.6
5001907,2022-04-20,New York,Haute Fragrance,Silver,Walk-in,1,335,64,335,64,271,80.9
5005507,2022-04-20,Paris,Designer Handbags,Platinum (VIP),Walk-in,1,3105,889,3105,889,2216,71.4
5003043,2022-04-20,Paris,Luxury Watches,Silver,Walk-in,1,11406,2419,11406,2419,8987,78.8
5001479,2022-04-20,New York,Luxury Watches,Silver,Paid Social,1,13339,4624,13339,4624,8715,65.3
5002525,2022-04-20,New York,Fine Jewelry,First-Time Buyer,Organic Search,1,9660,2728,9660,2728,6932,71.8
5003593,2022-04-20,New York,Designer Handbags,First-Time Buyer,Paid Social,1,3096,660,3096,660,2436,78.7
5008895,2022-04-20,Paris,Haute Fragrance,First-Time Buyer,Paid Social,3,410,137,1230,411,819,66.6
5009662,2022-04-20,New York,Designer Handbags,First-Time Buyer,Paid Social,1,2977,1002,2977,1002,1975,66.3
5005135,2022-04-21,Tokyo,Designer Handbags,First-Time Buyer,Walk-in,1,3177,1068,3177,1068,2109,66.4
5006996,2022-04-21,Milan,Designer Handbags,Gold,Organic Search,1,2924,650,2924,650,2274,77.8
5007624,2022-04-21,New York,Fine Jewelry,Gold,Walk-in,1,7749,2193,7749,2193,5556,71.7
5002725,2022-04-21,Tokyo,Fine Jewelry,First-Time Buyer,Walk-in,1,9381,2793,9381,2793,6588,70.2
5004187,2022-04-21,New York,Luxury Watches,First-Time Buyer,Walk-in,2,14519,3831,29038,7662,21376,73.6
5007485,2022-04-21,Paris,Designer Handbags,Silver,Walk-in,1,3702,1034,3702,1034,2668,72.1
5005536,2022-04-21,New York,Haute Fragrance,First-Time Buyer,Paid Social,1,369,89,369,89,280,75.9
5006600,2022-04-21,New York,Haute Fragrance,First-Time Buyer,Organic Search,1,400,112,400,112,288,72.0
5000843,2022-04-21,New York,Designer Handbags,First-Time Buyer,Walk-in,1,3766,600,3766,600,3166,84.1
5008329,2022-04-21,Tokyo,Fine Jewelry,First-Time Buyer,Paid Social,1,9571,2962,9571,2962,6609,69.1
5005767,2022-04-21,Dubai,Designer Handbags,Gold,Exclusive Invite,2,2993,671,5986,1342,4644,77.6
5004143,2022-04-21,New York,Designer Handbags,Gold,Walk-in,1,3209,637,3209,637,2572,80.1
5009453,2022-04-21,Milan,Designer Handbags,First-Time Buyer,Walk-in,1,3476,818,3476,818,2658,76.5
5003836,2022-04-21,New York,Luxury Watches,First-Time Buyer,Paid Social,1,14757,2967,14757,2967,11790,79.9
5001279,2022-04-21,New York,Designer Handbags,First-Time Buyer,Paid Social,3,3385,1037,10155,3111,7044,69.4
5002997,2022-04-21,Paris,Designer Handbags,Gold,Walk-in,1,3094,663,3094,663,2431,78.6
5003874,2022-04-21,Tokyo,Designer Handbags,First-Time Buyer,Exclusive Invite,1,3361,875,3361,875,2486,74.0
5003929,2022-04-22,New York,Haute Fragrance,Silver,Walk-in,1,413,133,413,133,280,67.8
5008333,2022-04-22,Paris,Haute Fragrance,Gold,Organic Search,1,378,69,378,69,309,81.7
5003805,2022-04-22,Milan,Designer Handbags,Silver,Exclusive Invite,1,3569,1090,3569,1090,2479,69.5
5008621,2022-04-22,New York,Haute Fragrance,First-Time Buyer,Walk-in,1,395,94,395,94,301,76.2
5007285,2022-04-22,Milan,Designer Handbags,Gold,Walk-in,1,3199,800,3199,800,2399,75.0
5008599,2022-04-22,New York,Luxury Watches,First-Time Buyer,Organic Search,3,12563,4255,37689,12765,24924,66.1
5004980,2022-04-22,Tokyo,Fine Jewelry,Gold,Walk-in,1,7658,2206,7658,2206,5452,71.2
5005819,2022-04-22,Paris,Designer Handbags,Silver,Organic Search,1,3083,547,3083,547,2536,82.3
5008907,2022-04-22,Tokyo,Designer Handbags,First-Time Buyer,Paid Social,1,3369,966,3369,966,2403,71.3
5009475,2022-04-22,Paris,Designer Handbags,Gold,Paid Social,1,3237,550,3237,550,2687,83.0
5004722,2022-04-22,Milan,Designer Handbags,First-Time Buyer,Walk-in,1,3520,975,3520,975,2545,72.3
5000383,2022-04-22,New York,Designer Handbags,Gold,Exclusive Invite,1,3615,811,3615,811,2804,77.6
5002509,2022-04-23,Paris,Haute Fragrance,First-Time Buyer,Organic Search,1,402,76,402,76,326,81.1
5004770,2022-04-23,Paris,Luxury Watches,Silver,Exclusive Invite,3,12437,3958,37311,11874,25437,68.2
5002106,2022-04-23,Dubai,Luxury Watches,Platinum (VIP),Organic Search,2,13693,4041,27386,8082,19304,70.5
5008286,2022-04-23,New York,Haute Fragrance,Silver,Walk-in,1,354,82,354,82,272,76.8
5009624,2022-04-23,New York,Designer Handbags,Gold,Walk-in,1,3320,1141,3320,1141,2179,65.6
5009053,2022-04-23,New York,Luxury Watches,Gold,Walk-in,1,14788,3039,14788,3039,11749,79.4
5003476,2022-04-23,Dubai,Haute Fragrance,Silver,Paid Social,1,318,105,318,105,213,67.0
5003743,2022-04-23,Paris,Luxury Watches,Silver,Organic Search,1,14730,4175,14730,4175,10555,71.7
5003657,2022-04-23,Milan,Designer Handbags,First-Time Buyer,Paid Social,1,3822,1090,3822,1090,2732,71.5
5003405,2022-04-23,New York,Luxury Watches,Silver,Paid Social,1,12666,2114,12666,2114,10552,83.3
5003987,2022-04-23,Tokyo,Fine Jewelry,Gold,Walk-in,1,9105,1546,9105,1546,7559,83.0
5005650,2022-04-23,Milan,Luxury Watches,Silver,Paid Social,1,13176,4180,13176,4180,8996,68.3
5000580,2022-04-23,New York,Fine Jewelry,Platinum (VIP),Walk-in,1,8512,2764,8512,2764,5748,67.5
5005845,2022-04-24,Milan,Luxury Watches,Gold,Organic Search,1,12293,2211,12293,2211,10082,82.0
5001475,2022-04-24,New York,Designer Handbags,First-Time Buyer,Paid Social,1,3057,967,3057,967,2090,68.4
5009145,2022-04-24,New York,Fine Jewelry,Gold,Organic Search,1,9278,1754,9278,1754,7524,81.1
5007084,2022-04-24,Milan,Haute Fragrance,First-Time Buyer,Organic Search,3,403,77,1209,231,978,80.9
5002334,2022-04-24,Milan,Designer Handbags,First-Time Buyer,Walk-in,1,3402,695,3402,695,2707,79.6
5000348,2022-04-24,New York,Haute Fragrance,First-Time Buyer,Walk-in,3,381,61,1143,183,960,84.0
5005870,2022-04-24,Paris,Designer Handbags,Platinum (VIP),Walk-in,1,2960,457,2960,457,2503,84.6
5005501,2022-04-24,Paris,Fine Jewelry,First-Time Buyer,Exclusive Invite,1,8309,1487,8309,1487,6822,82.1
5005418,2022-04-24,Milan,Designer Handbags,Silver,Exclusive Invite,1,3449,820,3449,820,2629,76.2
5002451,2022-04-24,Milan,Fine Jewelry,Gold,Paid Social,1,8877,2645,8877,2645,6232,70.2
5000616,2022-04-24,Paris,Fine Jewelry,Silver,Paid Social,1,10114,2986,10114,2986,7128,70.5
5006633,2022-04-24,Dubai,Designer Handbags,Silver,Walk-in,1,3295,967,3295,967,2328,70.7
5009909,2022-04-24,Paris,Designer Handbags,First-Time Buyer,Paid Social,1,3748,732,3748,732,3016,80.5
5006504,2022-04-25,Paris,Fine Jewelry,Gold,Exclusive Invite,1,7881,1382,7881,1382,6499,82.5
5005147,2022-04-25,New York,Designer Handbags,First-Time Buyer,Exclusive Invite,1,3808,686,3808,686,3122,82.0
5007642,2022-04-25,New York,Fine Jewelry,Platinum (VIP),Walk-in,1,7732,1967,7732,1967,5765,74.6
5003119,2022-04-25,Paris,Fine Jewelry,First-Time Buyer,Paid Social,1,10192,1750,10192,1750,8442,82.8
5004365,2022-04-25,Tokyo,Designer Handbags,First-Time Buyer,Exclusive Invite,1,3513,829,3513,829,2684,76.4
5002331,2022-04-25,Paris,Luxury Watches,Gold,Paid Social,1,12678,3166,12678,3166,9512,75.0
5007804,2022-04-25,Tokyo,Luxury Watches,Gold,Walk-in,1,14316,4347,14316,4347,9969,69.6
5004908,2022-04-25,New York,Fine Jewelry,Platinum (VIP),Organic Search,1,8538,1341,8538,1341,7197,84.3
5006224,2022-04-25,New York,Luxury Watches,Silver,Paid Social,1,12752,4048,12752,4048,8704,68.3
5000511,2022-04-25,New York,Designer Handbags,First-Time Buyer,Paid Social,1,3531,763,3531,763,2768,78.4
5006919,2022-04-25,Dubai,Fine Jewelry,Platinum (VIP),Exclusive Invite,1,7873,1923,7873,1923,5950,75.6
5002902,2022-04-25,New York,Fine Jewelry,Silver,Walk-in,1,10166,2364,10166,2364,7802,76.7
5005220,2022-04-26,Paris,Haute Fragrance,Silver,Exclusive Invite,1,354,122,354,122,232,65.5
5002278,2022-04-26,Paris,Designer Handbags,Silver,Walk-in,1,3310,712,3310,712,2598,78.5
5000560,2022-04-26,Paris,Luxury Watches,First-Time Buyer,Exclusive Invite,1,14300,2796,14300,2796,11504,80.4
5009468,2022-04-26,Paris,Luxury Watches,Gold,Exclusive Invite,1,13175,2760,13175,2760,10415,79.1
5000822,2022-04-26,Tokyo,Designer Handbags,First-Time Buyer,Exclusive Invite,1,3471,983,3471,983,2488,71.7
5009293,2022-04-26,New York,Fine Jewelry,First-Time Buyer,Organic Search,1,9830,2083,9830,2083,7747,78.8
5003574,2022-04-26,Paris,Designer Handbags,First-Time Buyer,Organic Search,1,3396,527,3396,527,2869,84.5
5002663,2022-04-26,Paris,Haute Fragrance,Platinum (VIP),Paid Social,1,350,82,350,82,268,76.6
5006818,2022-04-26,Dubai,Designer Handbags,Platinum (VIP),Exclusive Invite,1,3563,1054,3563,1054,2509,70.4
5001361,2022-04-26,New York,Luxury Watches,Silver,Walk-in,1,12196,3424,12196,3424,8772,71.9
5004112,2022-04-26,Paris,Designer Handbags,Silver,Organic Search,1,2967,663,2967,663,2304,77.7
5006260,2022-04-26,Tokyo,Luxury Watches,Silver,Exclusive Invite,1,14355,4909,14355,4909,9446,65.8
5001007,2022-04-26,New York,Fine Jewelry,First-Time Buyer,Paid Social,2,7769,2681,15538,5362,10176,65.5
5004927,2022-04-26,Dubai,Luxury Watches,Gold,Organic Search,2,12467,3459,24934,6918,18016,72.3
5003325,2022-04-26,Tokyo,Luxury Watches,Gold,Paid Social,1,13060,4175,13060,4175,8885,68.0
5000976,2022-04-26,Tokyo,Designer Handbags,Silver,Organic Search,1,3468,795,3468,795,2673,77.1
5003389,2022-04-26,Paris,Designer Handbags,Platinum (VIP),Paid Social,1,3093,729,3093,729,2364,76.4
5005425,2022-04-26,Milan,Designer Handbags,Platinum (VIP),Paid Social,1,3402,846,3402,846,2556,75.1
5000224,2022-04-27,New York,Luxury Watches,First-Time Buyer,Organic Search,1,13924,2972,13924,2972,10952,78.7
5004718,2022-04-27,New York,Fine Jewelry,Silver,Paid Social,1,9953,3314,9953,3314,6639,66.7
5003441,2022-04-27,Paris,Designer Handbags,Silver,Organic Search,1,3247,1058,3247,1058,2189,67.4
5007972,2022-04-27,Tokyo,Luxury Watches,Gold,Organic Search,1,12986,4285,12986,4285,8701,67.0
5003956,2022-04-27,New York,Fine Jewelry,First-Time Buyer,Exclusive Invite,3,9045,1600,27135,4800,22335,82.3
5000637,2022-04-27,Milan,Fine Jewelry,First-Time Buyer,Organic Search,1,8320,2778,8320,2778,5542,66.6
5007074,2022-04-27,New York,Luxury Watches,First-Time Buyer,Exclusive Invite,1,14675,3292,14675,3292,11383,77.6
5004440,2022-04-27,Tokyo,Designer Handbags,Gold,Exclusive Invite,1,2899,768,2899,768,2131,73.5
5005047,2022-04-27,New York,Designer Handbags,Silver,Organic Search,1,3499,1192,3499,1192,2307,65.9
5000883,2022-04-27,New York,Designer Handbags,First-Time Buyer,Walk-in,1,3332,1028,3332,1028,2304,69.1
5002511,2022-04-27,Tokyo,Luxury Watches,Silver,Organic Search,1,13194,2018,13194,2018,11176,84.7
5008375,2022-04-27,Tokyo,Haute Fragrance,First-Time Buyer,Organic Search,1,410,104,410,104,306,74.6
5008622,2022-04-27,Tokyo,Designer Handbags,First-Time Buyer,Walk-in,1,3438,576,3438,576,2862,83.2
5004890,2022-04-27,Paris,Designer Handbags,First-Time Buyer,Organic Search,1,3163,624,3163,624,2539,80.3
5002223,2022-04-27,Milan,Fine Jewelry,First-Time Buyer,Organic Search,1,10003,3406,10003,3406,6597,66.0
5005056,2022-04-27,New York,Designer Handbags,Platinum (VIP),Organic Search,2,3183,553,6366,1106,5260,82.6
5008213,2022-04-27,Milan,Haute Fragrance,First-Time Buyer,Exclusive Invite,1,400,112,400,112,288,72.0
5002620,2022-04-27,Paris,Luxury Watches,First-Time Buyer,Organic Search,3,11711,3774,35133,11322,23811,67.8
5007404,2022-04-28,Paris,Designer Handbags,First-Time Buyer,Exclusive Invite,1,3639,623,3639,623,3016,82.9
5005700,2022-04-28,Dubai,Designer Handbags,Platinum (VIP),Paid Social,1,3188,929,3188,929,2259,70.9
5005070,2022-04-28,New York,Fine Jewelry,Gold,Paid Social,1,9861,2718,9861,2718,7143,72.4
5001703,2022-04-28,Paris,Fine Jewelry,Platinum (VIP),Organic Search,1,10071,2810,10071,2810,7261,72.1
5002688,2022-04-28,New York,Designer Handbags,Silver,Walk-in,1,3538,781,3538,781,2757,77.9
5002104,2022-04-28,Dubai,Haute Fragrance,Platinum (VIP),Organic Search,1,398,66,398,66,332,83.4
5007973,2022-04-28,New York,Designer Handbags,Silver,Organic Search,1,3338,808,3338,808,2530,75.8
5002874,2022-04-28,Milan,Fine Jewelry,Silver,Paid Social,1,8583,2884,8583,2884,5699,66.4
5007107,2022-04-28,New York,Fine Jewelry,Silver,Walk-in,1,9935,1634,9935,1634,8301,83.6
5009744,2022-04-28,New York,Designer Handbags,First-Time Buyer,Paid Social,3,3605,708,10815,2124,8691,80.4
5007439,2022-04-28,Paris,Designer Handbags,Gold,Walk-in,2,3614,690,7228,1380,5848,80.9
5009465,2022-04-28,New York,Fine Jewelry,Platinum (VIP),Organic Search,1,9429,3180,9429,3180,6249,66.3
5004046,2022-04-29,Dubai,Designer Handbags,Silver,Organic Search,1,3550,630,3550,630,2920,82.3
5009567,2022-04-29,New York,Luxury Watches,Gold,Organic Search,2,14057,3834,28114,7668,20446,72.7
5008482,2022-04-29,Milan,Haute Fragrance,Gold,Walk-in,2,419,110,838,220,618,73.7
5006873,2022-04-29,Paris,Luxury Watches,First-Time Buyer,Organic Search,1,12826,4450,12826,4450,8376,65.3
5006572,2022-04-29,New York,Haute Fragrance,First-Time Buyer,Organic Search,1,366,125,366,125,241,65.8
5001693,2022-04-29,Tokyo,Fine Jewelry,Silver,Paid Social,1,8806,2662,8806,2662,6144,69.8
5007949,2022-04-29,Paris,Designer Handbags,First-Time Buyer,Organic Search,1,3010,713,3010,713,2297,76.3
5007752,2022-04-29,Tokyo,Haute Fragrance,First-Time Buyer,Organic Search,1,402,83,402,83,319,79.4
5000401,2022-04-29,Tokyo,Luxury Watches,First-Time Buyer,Walk-in,1,13893,2734,13893,2734,11159,80.3
5007556,2022-04-29,Paris,Designer Handbags,Silver,Paid Social,2,3127,627,6254,1254,5000,79.9
5003820,2022-04-29,Paris,Luxury Watches,Gold,Exclusive Invite,1,14764,4975,14764,4975,9789,66.3
5001522,2022-04-29,Tokyo,Designer Handbags,Gold,Walk-in,1,3074,695,3074,695,2379,77.4
5009382,2022-04-29,Paris,Fine Jewelry,Gold,Organic Search,1,8534,1737,8534,1737,6797,79.6
5007391,2022-04-29,Dubai,Designer Handbags,Platinum (VIP),Exclusive Invite,1,3342,1095,3342,1095,2247,67.2
5003280,2022-04-29,Paris,Fine Jewelry,Silver,Organic Search,1,8108,1601,8108,1601,6507,80.3
5005356,2022-04-29,New York,Designer Handbags,Gold,Exclusive Invite,2,3253,723,6506,1446,5060,77.8
5008848,2022-04-29,New York,Luxury Watches,First-Time Buyer,Exclusive Invite,1,11773,3534,11773,3534,8239,70.0
5006335,2022-04-29,Paris,Luxury Watches,First-Time Buyer,Walk-in,1,11406,2399,11406,2399,9007,79.0
5005719,2022-04-29,Milan,Haute Fragrance,First-Time Buyer,Paid Social,1,383,83,383,83,300,78.3
5000297,2022-04-30,Tokyo,Luxury Watches,Silver,Organic Search,1,11855,3424,11855,3424,8431,71.1
5001301,2022-04-30,Paris,Fine Jewelry,First-Time Buyer,Exclusive Invite,1,10055,3011,10055,3011,7044,70.1
5007447,2022-04-30,Paris,Designer Handbags,First-Time Buyer,Walk-in,1,3735,898,3735,898,2837,76.0
5009202,2022-04-30,Tokyo,Designer Handbags,Silver,Walk-in,1,3332,1082,3332,1082,2250,67.5
5009326,2022-04-30,Milan,Fine Jewelry,First-Time Buyer,Organic Search,2,10051,3315,20102,6630,13472,67.0
5009953,2022-04-30,Tokyo,Designer Handbags,Silver,Paid Social,1,3713,994,3713,994,2719,73.2
5005205,2022-04-30,Tokyo,Designer Handbags,First-Time Buyer,Walk-in,1,3430,704,3430,704,2726,79.5
5005678,2022-04-30,Paris,Designer Handbags,Silver,Paid Social,1,3069,996,3069,996,2073,67.5
5004499,2022-04-30,Dubai,Designer Handbags,Silver,Organic Search,1,3697,1225,3697,1225,2472,66.9
5007844,2022-04-30,New York,Luxury Watches,First-Time Buyer,Paid Social,1,13661,4617,13661,4617,9044,66.2
5003529,2022-04-30,Paris,Haute Fragrance,Gold,Exclusive Invite,3,403,94,1209,282,927,76.7
5001967,2022-05-01,Tokyo,Fine Jewelry,First-Time Buyer,Organic Search,1,8584,2936,8584,2936,5648,65.8
5007465,2022-05-01,Paris,Luxury Watches,Platinum (VIP),Paid Social,1,13112,2477,13112,2477,10635,81.1
5000675,2022-05-01,New York,Luxury Watches,Platinum (VIP),Paid Social,1,11619,3815,11619,3815,7804,67.2
5003222,2022-05-01,New York,Fine Jewelry,First-Time Buyer,Exclusive Invite,1,9041,2837,9041,2837,6204,68.6
5005835,2022-05-01,New York,Designer Handbags,Gold,Exclusive Invite,1,3327,572,3327,572,2755,82.8
5004025,2022-05-01,New York,Luxury Watches,Silver,Organic Search,1,14008,2406,14008,2406,11602,82.8
5002547,2022-05-01,Paris,Designer Handbags,First-Time Buyer,Exclusive Invite,2,3835,722,7670,1444,6226,81.2
5007431,2022-05-01,New York,Haute Fragrance,Silver,Organic Search,1,359,96,359,96,263,73.3
5003867,2022-05-01,Milan,Designer Handbags,Silver,Organic Search,3,3318,788,9954,2364,7590,76.3
5002673,2022-05-01,Dubai,Luxury Watches,Silver,Organic Search,1,14815,4945,14815,4945,9870,66.6
5009722,2022-05-01,Paris,Fine Jewelry,Silver,Walk-in,1,8076,2212,8076,2212,5864,72.6
5008752,2022-05-02,New York,Designer Handbags,Silver,Walk-in,2,3785,768,7570,1536,6034,79.7
5007818,2022-05-02,Paris,Luxury Watches,Silver,Exclusive Invite,2,12833,3829,25666,7658,18008,70.2
5002565,2022-05-02,Tokyo,Fine Jewelry,Platinum (VIP),Paid Social,1,9839,1704,9839,1704,8135,82.7
5009560,2022-05-02,Paris,Haute Fragrance,Gold,Organic Search,1,371,123,371,123,248,66.8
5003912,2022-05-02,Tokyo,Luxury Watches,First-Time Buyer,Organic Search,1,11612,4014,11612,4014,7598,65.4
5000923,2022-05-02,Paris,Luxury Watches,Silver,Paid Social,1,12005,3918,12005,3918,8087,67.4
5007987,2022-05-02,Milan,Designer Handbags,First-Time Buyer,Paid Social,1,3092,953,3092,953,2139,69.2
5007263,2022-05-02,Paris,Luxury Watches,First-Time Buyer,Exclusive Invite,1,11638,1895,11638,1895,9743,83.7
5001036,2022-05-02,Dubai,Designer Handbags,Silver,Organic Search,1,3284,1064,3284,1064,2220,67.6
5008593,2022-05-02,New York,Haute Fragrance,First-Time Buyer,Organic Search,1,322,100,322,100,222,68.9
5004158,2022-05-02,Tokyo,Designer Handbags,Silver,Walk-in,1,3284,878,3284,878,2406,73.3
5004107,2022-05-02,Dubai,Haute Fragrance,Gold,Paid Social,1,332,91,332,91,241,72.6
5004511,2022-05-03,Milan,Haute Fragrance,First-Time Buyer,Walk-in,1,331,60,331,60,271,81.9
5000264,2022-05-03,Dubai,Haute Fragrance,Platinum (VIP),Walk-in,1,389,114,389,114,275,70.7
5000602,2022-05-03,Paris,Fine Jewelry,Silver,Organic Search,1,8810,2004,8810,2004,6806,77.3
5002640,2022-05-03,Paris,Designer Handbags,First-Time Buyer,Organic Search,1,3443,686,3443,686,2757,80.1
5004392,2022-05-03,Paris,Fine Jewelry,Silver,Organic Search,1,9986,2350,9986,2350,7636,76.5
5007325,2022-05-03,Tokyo,Designer Handbags,First-Time Buyer,Exclusive Invite,1,2930,798,2930,798,2132,72.8
5001990,2022-05-03,Tokyo,Luxury Watches,Silver,Organic Search,1,14087,2994,14087,2994,11093,78.7
5006694,2022-05-03,Paris,Haute Fragrance,Gold,Walk-in,2,355,95,710,190,520,73.2
5009554,2022-05-03,Paris,Luxury Watches,First-Time Buyer,Walk-in,3,11592,2182,34776,6546,28230,81.2
5007402,2022-05-03,Paris,Designer Handbags,Gold,Paid Social,1,3310,732,3310,732,2578,77.9
5003917,2022-05-03,New York,Fine Jewelry,Gold,Organic Search,2,8073,1603,16146,3206,12940,80.1
5000696,2022-05-03,Paris,Designer Handbags,First-Time Buyer,Paid Social,1,3022,703,3022,703,2319,76.7
5006797,2022-05-03,Tokyo,Haute Fragrance,Gold,Organic Search,1,355,76,355,76,279,78.6
5005820,2022-05-03,Tokyo,Designer Handbags,First-Time Buyer,Paid Social,1,3320,1150,3320,1150,2170,65.4
5000027,2022-05-03,New York,Designer Handbags,Gold,Organic Search,3,3674,916,11022,2748,8274,75.1
5003678,2022-05-03,New York,Designer Handbags,Gold,Organic Search,2,3214,571,6428,1142,5286,82.2
5002636,2022-05-03,New York,Luxury Watches,First-Time Buyer,Walk-in,1,11751,3927,11751,3927,7824,66.6
5002666,2022-05-03,Paris,Fine Jewelry,Gold,Organic Search,2,8682,1767,17364,3534,13830,79.6
5009972,2022-05-03,New York,Luxury Watches,First-Time Buyer,Exclusive Invite,1,12724,4120,12724,4120,8604,67.6
5009572,2022-05-03,New York,Designer Handbags,First-Time Buyer,Paid Social,1,3799,631,3799,631,3168,83.4
5007156,2022-05-04,Dubai,Haute Fragrance,Silver,Organic Search,1,384,67,384,67,317,82.6
5008560,2022-05-04,Tokyo,Haute Fragrance,First-Time Buyer,Paid Social,1,395,119,395,119,276,69.9
5004532,2022-05-04,Milan,Fine Jewelry,First-Time Buyer,Exclusive Invite,2,7670,2142,15340,4284,11056,72.1
5000262,2022-05-04,New York,Designer Handbags,Silver,Paid Social,1,2904,620,2904,620,2284,78.7
5004897,2022-05-04,Paris,Luxury Watches,Platinum (VIP),Paid Social,1,14171,4644,14171,4644,9527,67.2
5009893,2022-05-04,Tokyo,Luxury Watches,First-Time Buyer,Organic Search,1,14538,4771,14538,4771,9767,67.2
5004759,2022-05-04,Tokyo,Fine Jewelry,First-Time Buyer,Walk-in,1,7770,1557,7770,1557,6213,80.0
5007060,2022-05-05,Dubai,Luxury Watches,Silver,Walk-in,1,12009,3342,12009,3342,8667,72.2
5007736,2022-05-05,New York,Designer Handbags,Platinum (VIP),Exclusive Invite,3,3028,1055,9084,3165,5919,65.2
5006160,2022-05-05,New York,Luxury Watches,First-Time Buyer,Paid Social,1,13207,4350,13207,4350,8857,67.1
5006618,2022-05-05,New York,Designer Handbags,Silver,Walk-in,1,2992,1021,2992,1021,1971,65.9
5002990,2022-05-05,New York,Designer Handbags,Silver,Organic Search,1,3156,911,3156,911,2245,71.1
5003684,2022-05-05,New York,Luxury Watches,Platinum (VIP),Organic Search,1,11310,2528,11310,2528,8782,77.6
5001804,2022-05-05,New York,Designer Handbags,Platinum (VIP),Exclusive Invite,1,3379,900,3379,900,2479,73.4
5004414,2022-05-05,Paris,Luxury Watches,Platinum (VIP),Organic Search,1,11978,2913,11978,2913,9065,75.7
5006827,2022-05-05,Tokyo,Luxury Watches,Silver,Paid Social,1,12831,1948,12831,1948,10883,84.8
5005154,2022-05-05,Paris,Luxury Watches,Gold,Walk-in,1,14038,2886,14038,2886,11152,79.4
5007229,2022-05-05,Dubai,Luxury Watches,First-Time Buyer,Exclusive Invite,1,11606,3107,11606,3107,8499,73.2
5006524,2022-05-05,Milan,Fine Jewelry,First-Time Buyer,Paid Social,1,9479,3143,9479,3143,6336,66.8
5003373,2022-05-05,Milan,Designer Handbags,Silver,Exclusive Invite,1,3663,600,3663,600,3063,83.6
5009003,2022-05-05,Paris,Luxury Watches,Gold,Paid Social,1,12455,2720,12455,2720,9735,78.2
5003488,2022-05-05,Paris,Designer Handbags,Silver,Organic Search,1,3035,788,3035,788,2247,74.0
5002681,2022-05-06,Milan,Luxury Watches,First-Time Buyer,Organic Search,1,13569,3290,13569,3290,10279,75.8
5003028,2022-05-06,New York,Luxury Watches,Silver,Organic Search,3,14416,4493,43248,13479,29769,68.8
5005863,2022-05-06,New York,Haute Fragrance,First-Time Buyer,Paid Social,1,405,109,405,109,296,73.1
5000014,2022-05-06,Milan,Fine Jewelry,Silver,Paid Social,1,8486,2332,8486,2332,6154,72.5
5000771,2022-05-06,New York,Designer Handbags,Platinum (VIP),Walk-in,1,3177,1002,3177,1002,2175,68.5
5009111,2022-05-06,Paris,Fine Jewelry,Silver,Organic Search,2,8700,2110,17400,4220,13180,75.7
5009761,2022-05-06,Tokyo,Designer Handbags,First-Time Buyer,Paid Social,1,2999,583,2999,583,2416,80.6
5006983,2022-05-06,New York,Designer Handbags,Silver,Walk-in,1,3529,737,3529,737,2792,79.1
5004034,2022-05-06,New York,Fine Jewelry,First-Time Buyer,Walk-in,1,7722,1968,7722,1968,5754,74.5
5001032,2022-05-06,Paris,Fine Jewelry,First-Time Buyer,Walk-in,2,8910,1602,17820,3204,14616,82.0
5005164,2022-05-06,Tokyo,Fine Jewelry,Silver,Walk-in,1,8923,1480,8923,1480,7443,83.4
5004455,2022-05-06,Milan,Designer Handbags,First-Time Buyer,Paid Social,1,3216,527,3216,527,2689,83.6
5009081,2022-05-06,Paris,Fine Jewelry,Silver,Walk-in,1,8392,2513,8392,2513,5879,70.1
5005149,2022-05-06,Paris,Designer Handbags,First-Time Buyer,Paid Social,2,3247,777,6494,1554,4940,76.1
5009968,2022-05-07,Paris,Designer Handbags,Silver,Organic Search,1,3421,635,3421,635,2786,81.4
5002869,2022-05-07,Paris,Haute Fragrance,First-Time Buyer,Walk-in,1,414,63,414,63,351,84.8
5008431,2022-05-07,New York,Luxury Watches,Platinum (VIP),Organic Search,1,14409,3651,14409,3651,10758,74.7
5003515,2022-05-07,Milan,Fine Jewelry,Silver,Walk-in,1,8100,2191,8100,2191,5909,73.0
5004282,2022-05-07,Paris,Designer Handbags,Silver,Organic Search,1,3397,612,3397,612,2785,82.0
5007875,2022-05-07,New York,Luxury Watches,Platinum (VIP),Organic Search,1,14454,4678,14454,4678,9776,67.6
5008098,2022-05-07,Dubai,Fine Jewelry,Gold,Walk-in,1,9944,2822,9944,2822,7122,71.6
5002501,2022-05-07,Paris,Fine Jewelry,First-Time Buyer,Walk-in,1,8983,2192,8983,2192,6791,75.6
5006421,2022-05-07,New York,Fine Jewelry,First-Time Buyer,Walk-in,1,7755,1826,7755,1826,5929,76.5
5006596,2022-05-07,New York,Designer Handbags,First-Time Buyer,Exclusive Invite,1,3280,1092,3280,1092,2188,66.7
5001325,2022-05-07,Tokyo,Fine Jewelry,First-Time Buyer,Organic Search,1,8568,2841,8568,2841,5727,66.8
5001375,2022-05-07,New York,Luxury Watches,Platinum (VIP),Paid Social,2,11976,3144,23952,6288,17664,73.7
5005364,2022-05-07,Dubai,Haute Fragrance,Platinum (VIP),Organic Search,1,392,92,392,92,300,76.5
5006753,2022-05-07,Tokyo,Designer Handbags,First-Time Buyer,Organic Search,2,3253,1060,6506,2120,4386,67.4
5001251,2022-05-07,New York,Fine Jewelry,First-Time Buyer,Organic Search,1,7964,1468,7964,1468,6496,81.6
5001492,2022-05-07,Milan,Fine Jewelry,First-Time Buyer,Paid Social,1,9969,2801,9969,2801,7168,71.9
5009844,2022-05-08,New York,Designer Handbags,Gold,Exclusive Invite,1,3750,1045,3750,1045,2705,72.1
5009614,2022-05-08,New York,Haute Fragrance,Platinum (VIP),Organic Search,3,318,93,954,279,675,70.8
5004995,2022-05-08,Paris,Fine Jewelry,First-Time Buyer,Paid Social,1,8732,1420,8732,1420,7312,83.7
5001927,2022-05-08,Tokyo,Designer Handbags,Silver,Paid Social,1,3520,991,3520,991,2529,71.8
5002736,2022-05-08,New York,Luxury Watches,Platinum (VIP),Organic Search,1,12173,2740,12173,2740,9433,77.5
5005812,2022-05-08,Paris,Luxury Watches,Platinum (VIP),Paid Social,3,13653,2696,40959,8088,32871,80.3
5008492,2022-05-08,Tokyo,Designer Handbags,Silver,Organic Search,1,3619,1230,3619,1230,2389,66.0
5003661,2022-05-08,Milan,Luxury Watches,Platinum (VIP),Paid Social,1,14110,2322,14110,2322,11788,83.5
5007529,2022-05-08,Paris,Fine Jewelry,Gold,Walk-in,1,10168,1547,10168,1547,8621,84.8
5009629,2022-05-08,Paris,Designer Handbags,Silver,Organic Search,1,3426,939,3426,939,2487,72.6
5004701,2022-05-08,Tokyo,Fine Jewelry,Silver,Paid Social,1,9537,2990,9537,2990,6547,68.6
5008194,2022-05-08,Paris,Haute Fragrance,Silver,Paid Social,1,345,65,345,65,280,81.2
5003827,2022-05-08,Milan,Designer Handbags,First-Time Buyer,Walk-in,1,3449,579,3449,579,2870,83.2
5006365,2022-05-09,New York,Haute Fragrance,Gold,Walk-in,1,401,78,401,78,323,80.5
5004327,2022-05-09,Dubai,Fine Jewelry,Silver,Paid Social,1,7948,2282,7948,2282,5666,71.3
5007274,2022-05-09,Tokyo,Designer Handbags,Silver,Paid Social,1,3186,943,3186,943,2243,70.4
5003944,2022-05-09,Paris,Luxury Watches,First-Time Buyer,Organic Search,1,12176,3418,12176,3418,8758,71.9
5009805,2022-05-09,Paris,Fine Jewelry,Silver,Paid Social,1,9716,1615,9716,1615,8101,83.4
5007318,2022-05-09,Tokyo,Designer Handbags,Gold,Paid Social,1,2987,635,2987,635,2352,78.7
5009028,2022-05-09,Dubai,Designer Handbags,Silver,Exclusive Invite,1,3643,679,3643,679,2964,81.4
5005908,2022-05-09,Milan,Designer Handbags,Silver,Paid Social,1,3190,937,3190,937,2253,70.6
5006902,2022-05-09,Tokyo,Luxury Watches,First-Time Buyer,Exclusive Invite,1,12280,4272,12280,4272,8008,65.2
5003407,2022-05-09,Paris,Designer Handbags,Gold,Organic Search,1,3296,574,3296,574,2722,82.6
5002369,2022-05-09,New York,Fine Jewelry,First-Time Buyer,Organic Search,1,8137,1746,8137,1746,6391,78.5
5001814,2022-05-09,New York,Designer Handbags,Silver,Organic Search,1,3763,1269,3763,1269,2494,66.3
5002146,2022-05-09,Tokyo,Luxury Watches,Silver,Paid Social,2,14873,3468,29746,6936,22810,76.7
5003481,2022-05-09,Paris,Luxury Watches,Platinum (VIP),Organic Search,2,14976,3816,29952,7632,22320,74.5
5001477,2022-05-10,Milan,Fine Jewelry,Gold,Organic Search,1,7684,1414,7684,1414,6270,81.6
5003178,2022-05-10,Milan,Haute Fragrance,First-Time Buyer,Paid Social,1,372,126,372,126,246,66.1
5009161,2022-05-10,Paris,Designer Handbags,First-Time Buyer,Walk-in,1,3383,739,3383,739,2644,78.2
5001874,2022-05-10,New York,Fine Jewelry,Gold,Exclusive Invite,1,8692,1798,8692,1798,6894,79.3
5006790,2022-05-10,New York,Luxury Watches,Silver,Exclusive Invite,1,12413,3540,12413,3540,8873,71.5
5007036,2022-05-10,Tokyo,Luxury Watches,Gold,Walk-in,2,12172,4142,24344,8284,16060,66.0
5005479,2022-05-10,Tokyo,Designer Handbags,Silver,Paid Social,1,3649,959,3649,959,2690,73.7
5000518,2022-05-10,Tokyo,Haute Fragrance,First-Time Buyer,Paid Social,1,371,129,371,129,242,65.2
5009360,2022-05-10,Paris,Designer Handbags,First-Time Buyer,Exclusive Invite,1,3591,730,3591,730,2861,79.7
5007662,2022-05-10,Dubai,Designer Handbags,Gold,Exclusive Invite,2,3029,824,6058,1648,4410,72.8
5005742,2022-05-10,Paris,Designer Handbags,Gold,Walk-in,1,3564,1113,3564,1113,2451,68.8
5000057,2022-05-10,New York,Fine Jewelry,First-Time Buyer,Walk-in,1,8247,2794,8247,2794,5453,66.1
5006619,2022-05-10,Tokyo,Haute Fragrance,First-Time Buyer,Organic Search,1,322,66,322,66,256,79.5
5001758,2022-05-10,Paris,Luxury Watches,Gold,Exclusive Invite,2,14991,2785,29982,5570,24412,81.4
5002790,2022-05-10,Paris,Haute Fragrance,Silver,Exclusive Invite,1,355,107,355,107,248,69.9
5001584,2022-05-11,Tokyo,Haute Fragrance,Platinum (VIP),Paid Social,1,379,95,379,95,284,74.9
5000463,2022-05-11,Dubai,Designer Handbags,Silver,Organic Search,1,3461,772,3461,772,2689,77.7
5000762,2022-05-11,Dubai,Designer Handbags,First-Time Buyer,Paid Social,1,3742,1054,3742,1054,2688,71.8
5000876,2022-05-11,Dubai,Designer Handbags,Silver,Paid Social,1,3341,678,3341,678,2663,79.7
5008234,2022-05-11,Milan,Designer Handbags,First-Time Buyer,Walk-in,1,3320,765,3320,765,2555,77.0
5003217,2022-05-11,Tokyo,Haute Fragrance,First-Time Buyer,Walk-in,3,316,65,948,195,753,79.4
5007725,2022-05-11,New York,Fine Jewelry,First-Time Buyer,Exclusive Invite,1,9828,2062,9828,2062,7766,79.0
5009851,2022-05-11,Milan,Designer Handbags,Silver,Organic Search,1,3438,949,3438,949,2489,72.4
5000199,2022-05-11,New York,Designer Handbags,First-Time Buyer,Walk-in,1,3739,1262,3739,1262,2477,66.2
5003516,2022-05-11,Tokyo,Luxury Watches,First-Time Buyer,Paid Social,1,12111,2262,12111,2262,9849,81.3
5001350,2022-05-11,Paris,Fine Jewelry,Gold,Organic Search,1,9481,1697,9481,1697,7784,82.1
5005163,2022-05-11,Dubai,Luxury Watches,Silver,Paid Social,1,14416,4751,14416,4751,9665,67.0
5003456,2022-05-11,Paris,Designer Handbags,First-Time Buyer,Organic Search,1,3058,743,3058,743,2315,75.7
5002198,2022-05-12,New York,Luxury Watches,Platinum (VIP),Organic Search,1,12145,2203,12145,2203,9942,81.9
5005287,2022-05-12,Tokyo,Luxury Watches,Silver,Exclusive Invite,1,13531,3741,13531,3741,9790,72.4
5007487,2022-05-12,Milan,Luxury Watches,Silver,Organic Search,1,13762,4640,13762,4640,9122,66.3
5001187,2022-05-12,Paris,Designer Handbags,First-Time Buyer,Exclusive Invite,1,3824,1149,3824,1149,2675,70.0
5005221,2022-05-12,Dubai,Designer Handbags,First-Time Buyer,Paid Social,1,3272,1098,3272,1098,2174,66.4
5004902,2022-05-12,Paris,Designer Handbags,Gold,Walk-in,1,3700,1013,3700,1013,2687,72.6
5008502,2022-05-12,Dubai,Luxury Watches,First-Time Buyer,Exclusive Invite,1,12776,4327,12776,4327,8449,66.1
5003693,2022-05-12,Dubai,Haute Fragrance,Platinum (VIP),Organic Search,1,388,66,388,66,322,83.0
5007835,2022-05-12,Paris,Designer Handbags,First-Time Buyer,Paid Social,3,3285,958,9855,2874,6981,70.8
5002637,2022-05-12,Paris,Haute Fragrance,First-Time Buyer,Paid Social,1,341,101,341,101,240,70.4
5008433,2022-05-12,Dubai,Luxury Watches,Silver,Paid Social,2,14253,3456,28506,6912,21594,75.8
5009331,2022-05-12,New York,Designer Handbags,First-Time Buyer,Exclusive Invite,1,3791,976,3791,976,2815,74.3
5007954,2022-05-12,Tokyo,Luxury Watches,Platinum (VIP),Exclusive Invite,1,14953,3097,14953,3097,11856,79.3
5002137,2022-05-12,Dubai,Designer Handbags,Platinum (VIP),Walk-in,1,3825,1240,3825,1240,2585,67.6
5000347,2022-05-12,Paris,Fine Jewelry,First-Time Buyer,Organic Search,1,7837,2172,7837,2172,5665,72.3
5009949,2022-05-12,New York,Haute Fragrance,Platinum (VIP),Exclusive Invite,1,414,88,414,88,326,78.7
5007159,2022-05-13,Paris,Luxury Watches,First-Time Buyer,Organic Search,1,11463,3550,11463,3550,7913,69.0
5003732,2022-05-13,Milan,Fine Jewelry,First-Time Buyer,Walk-in,1,9761,2746,9761,2746,7015,71.9
5008662,2022-05-13,Dubai,Luxury Watches,First-Time Buyer,Walk-in,1,13300,2810,13300,2810,10490,78.9
5002389,2022-05-13,Paris,Designer Handbags,First-Time Buyer,Walk-in,1,3757,839,3757,839,2918,77.7
5005756,2022-05-13,Milan,Designer Handbags,First-Time Buyer,Organic Search,1,3616,568,3616,568,3048,84.3
5006102,2022-05-13,Paris,Luxury Watches,Silver,Exclusive Invite,2,11311,2977,22622,5954,16668,73.7
5009664,2022-05-13,Paris,Designer Handbags,Gold,Walk-in,1,3202,582,3202,582,2620,81.8
5005570,2022-05-13,New York,Fine Jewelry,First-Time Buyer,Paid Social,1,8380,2026,8380,2026,6354,75.8
5000608,2022-05-13,Paris,Haute Fragrance,Silver,Walk-in,1,413,138,413,138,275,66.6
5006416,2022-05-13,Milan,Luxury Watches,Silver,Organic Search,3,13160,2636,39480,7908,31572,80.0
5006426,2022-05-13,Tokyo,Luxury Watches,Silver,Organic Search,1,14780,3027,14780,3027,11753,79.5
5001755,2022-05-13,Dubai,Designer Handbags,Silver,Exclusive Invite,2,3492,642,6984,1284,5700,81.6
5006190,2022-05-13,Tokyo,Designer Handbags,Silver,Organic Search,1,3266,896,3266,896,2370,72.6
5007918,2022-05-14,Milan,Luxury Watches,First-Time Buyer,Organic Search,1,11426,2156,11426,2156,9270,81.1
5007649,2022-05-14,Tokyo,Designer Handbags,First-Time Buyer,Walk-in,1,3470,977,3470,977,2493,71.8
5008517,2022-05-14,Tokyo,Haute Fragrance,Silver,Exclusive Invite,1,395,114,395,114,281,71.1
5006319,2022-05-14,New York,Fine Jewelry,Platinum (VIP),Exclusive Invite,1,9302,2011,9302,2011,7291,78.4
5003898,2022-05-14,Tokyo,Designer Handbags,Silver,Paid Social,1,3585,834,3585,834,2751,76.7
5001427,2022-05-14,Paris,Haute Fragrance,First-Time Buyer,Organic Search,1,407,106,407,106,301,74.0
5003877,2022-05-14,Milan,Designer Handbags,Platinum (VIP),Paid Social,3,3215,983,9645,2949,6696,69.4
5005368,2022-05-14,New York,Designer Handbags,First-Time Buyer,Walk-in,1,2917,788,2917,788,2129,73.0
5003353,2022-05-14,Dubai,Designer Handbags,Silver,Paid Social,1,3761,1102,3761,1102,2659,70.7
5007102,2022-05-14,Dubai,Luxury Watches,First-Time Buyer,Organic Search,1,12122,2067,12122,2067,10055,82.9
5004140,2022-05-14,Paris,Designer Handbags,Gold,Paid Social,2,3324,561,6648,1122,5526,83.1
5002961,2022-05-15,Dubai,Designer Handbags,First-Time Buyer,Walk-in,2,3676,836,7352,1672,5680,77.3
5007600,2022-05-15,New York,Fine Jewelry,First-Time Buyer,Exclusive Invite,2,9319,1659,18638,3318,15320,82.2
5002849,2022-05-15,Paris,Luxury Watches,Silver,Exclusive Invite,3,14463,3940,43389,11820,31569,72.8
5003643,2022-05-15,Tokyo,Haute Fragrance,First-Time Buyer,Organic Search,1,361,102,361,102,259,71.7
5008522,2022-05-15,New York,Designer Handbags,Platinum (VIP),Walk-in,1,3600,856,3600,856,2744,76.2
5008575,2022-05-15,Tokyo,Designer Handbags,First-Time Buyer,Paid Social,1,3616,557,3616,557,3059,84.6
5002332,2022-05-15,Paris,Luxury Watches,First-Time Buyer,Paid Social,1,14837,4850,14837,4850,9987,67.3
5004635,2022-05-15,Tokyo,Luxury Watches,First-Time Buyer,Organic Search,1,11890,2970,11890,2970,8920,75.0
5002092,2022-05-15,Dubai,Fine Jewelry,Gold,Walk-in,1,9947,2651,9947,2651,7296,73.3
5007565,2022-05-15,Milan,Fine Jewelry,Gold,Exclusive Invite,1,10116,1966,10116,1966,8150,80.6
5005444,2022-05-15,Paris,Fine Jewelry,First-Time Buyer,Organic Search,1,8055,2578,8055,2578,5477,68.0
5005584,2022-05-15,Tokyo,Fine Jewelry,First-Time Buyer,Exclusive Invite,1,9665,2780,9665,2780,6885,71.2
5004820,2022-05-15,Tokyo,Luxury Watches,Gold,Exclusive Invite,1,11487,2358,11487,2358,9129,79.5
5005666,2022-05-15,Milan,Fine Jewelry,Silver,Organic Search,1,9292,1959,9292,1959,7333,78.9
5003025,2022-05-15,Milan,Luxury Watches,Platinum (VIP),Walk-in,2,11595,3773,23190,7546,15644,67.5
5002967,2022-05-16,New York,Designer Handbags,First-Time Buyer,Exclusive Invite,1,3491,1207,3491,1207,2284,65.4
5003610,2022-05-16,Paris,Fine Jewelry,Gold,Paid Social,1,9146,1515,9146,1515,7631,83.4
5001945,2022-05-16,Milan,Fine Jewelry,Silver,Organic Search,1,8582,2215,8582,2215,6367,74.2
5003332,2022-05-16,Tokyo,Designer Handbags,First-Time Buyer,Paid Social,3,3467,874,10401,2622,7779,74.8
5001124,2022-05-16,Tokyo,Luxury Watches,First-Time Buyer,Organic Search,1,13012,3494,13012,3494,9518,73.1
5006324,2022-05-16,New York,Haute Fragrance,Silver,Paid Social,1,405,140,405,140,265,65.4
5007483,2022-05-16,Milan,Designer Handbags,First-Time Buyer,Exclusive Invite,3,3435,753,10305,2259,8046,78.1
5000211,2022-05-16,Tokyo,Luxury Watches,Silver,Paid Social,1,14763,4074,14763,4074,10689,72.4
5005010,2022-05-16,Tokyo,Designer Handbags,Platinum (VIP),Paid Social,2,3722,683,7444,1366,6078,81.6
5008979,2022-05-16,New York,Haute Fragrance,First-Time Buyer,Exclusive Invite,2,325,85,650,170,480,73.8
5006864,2022-05-16,Tokyo,Luxury Watches,Silver,Exclusive Invite,1,12715,3677,12715,3677,9038,71.1
5004555,2022-05-16,Tokyo,Luxury Watches,First-Time Buyer,Organic Search,1,12754,3287,12754,3287,9467,74.2
5006630,2022-05-16,New York,Luxury Watches,First-Time Buyer,Organic Search,1,11985,2971,11985,2971,9014,75.2
5007273,2022-05-16,Dubai,Luxury Watches,Silver,Paid Social,1,13397,2726,13397,2726,10671,79.7
5003631,2022-05-16,Dubai,Fine Jewelry,First-Time Buyer,Organic Search,1,9345,2615,9345,2615,6730,72.0
5008825,2022-05-16,New York,Designer Handbags,Silver,Paid Social,1,3075,844,3075,844,2231,72.6
5000866,2022-05-16,New York,Fine Jewelry,Silver,Walk-in,2,9301,1426,18602,2852,15750,84.7
5003843,2022-05-16,Dubai,Fine Jewelry,Platinum (VIP),Organic Search,1,8566,2744,8566,2744,5822,68.0
5009170,2022-05-16,New York,Designer Handbags,Silver,Exclusive Invite,2,3116,979,6232,1958,4274,68.6
5002461,2022-05-16,Tokyo,Luxury Watches,Gold,Organic Search,1,12517,1930,12517,1930,10587,84.6
5007022,2022-05-16,Tokyo,Luxury Watches,First-Time Buyer,Walk-in,1,11672,2381,11672,2381,9291,79.6
5001797,2022-05-16,Dubai,Designer Handbags,Gold,Walk-in,1,3421,614,3421,614,2807,82.1
5000796,2022-05-16,Dubai,Fine Jewelry,Silver,Paid Social,1,9013,2928,9013,2928,6085,67.5
5006760,2022-05-17,New York,Luxury Watches,Silver,Walk-in,1,13685,2833,13685,2833,10852,79.3
5005049,2022-05-17,Tokyo,Designer Handbags,Gold,Paid Social,1,2976,900,2976,900,2076,69.8
5000062,2022-05-17,Dubai,Fine Jewelry,Gold,Walk-in,1,8998,2803,8998,2803,6195,68.8
5008821,2022-05-17,Paris,Fine Jewelry,Platinum (VIP),Organic Search,1,7915,1681,7915,1681,6234,78.8
5002778,2022-05-17,Tokyo,Designer Handbags,Gold,Exclusive Invite,1,3045,484,3045,484,2561,84.1
5003245,2022-05-17,Paris,Designer Handbags,Silver,Organic Search,1,2970,1009,2970,1009,1961,66.0
5007761,2022-05-17,Dubai,Designer Handbags,Silver,Exclusive Invite,1,3560,1081,3560,1081,2479,69.6
5001879,2022-05-17,Milan,Fine Jewelry,Silver,Walk-in,3,8121,2408,24363,7224,17139,70.3
5000346,2022-05-17,New York,Luxury Watches,Platinum (VIP),Exclusive Invite,1,11483,2412,11483,2412,9071,79.0
5007681,2022-05-17,Milan,Designer Handbags,First-Time Buyer,Organic Search,1,3402,642,3402,642,2760,81.1
5004598,2022-05-17,Tokyo,Designer Handbags,First-Time Buyer,Exclusive Invite,1,3104,1039,3104,1039,2065,66.5
5005409,2022-05-17,Tokyo,Luxury Watches,First-Time Buyer,Paid Social,1,13578,3138,13578,3138,10440,76.9
5006835,2022-05-18,New York,Designer Handbags,Platinum (VIP),Paid Social,3,3789,1254,11367,3762,7605,66.9
5001569,2022-05-18,Paris,Luxury Watches,Silver,Walk-in,3,14244,2810,42732,8430,34302,80.3
5001969,2022-05-18,New York,Luxury Watches,Gold,Paid Social,1,12350,3441,12350,3441,8909,72.1
5004910,2022-05-18,New York,Luxury Watches,Silver,Organic Search,1,11426,3429,11426,3429,7997,70.0
5007518,2022-05-18,Dubai,Designer Handbags,First-Time Buyer,Paid Social,1,3403,1014,3403,1014,2389,70.2
5007260,2022-05-18,Tokyo,Designer Handbags,First-Time Buyer,Exclusive Invite,1,3809,1241,3809,1241,2568,67.4
5000407,2022-05-18,Paris,Luxury Watches,First-Time Buyer,Organic Search,1,13382,4302,13382,4302,9080,67.9
5004286,2022-05-18,Paris,Fine Jewelry,First-Time Buyer,Paid Social,1,8225,1958,8225,1958,6267,76.2
5001140,2022-05-18,Dubai,Luxury Watches,Silver,Walk-in,1,12650,3578,12650,3578,9072,71.7
5008916,2022-05-18,Dubai,Fine Jewelry,First-Time Buyer,Organic Search,1,7807,1642,7807,1642,6165,79.0
5006484,2022-05-19,Tokyo,Luxury Watches,Silver,Organic Search,1,13020,4062,13020,4062,8958,68.8
5004206,2022-05-19,Milan,Designer Handbags,Silver,Exclusive Invite,1,3090,709,3090,709,2381,77.1
5000012,2022-05-19,New York,Designer Handbags,First-Time Buyer,Walk-in,1,3652,605,3652,605,3047,83.4
5002211,2022-05-19,New York,Luxury Watches,First-Time Buyer,Paid Social,1,12011,3913,12011,3913,8098,67.4
5002353,2022-05-19,New York,Fine Jewelry,First-Time Buyer,Walk-in,1,7997,1712,7997,1712,6285,78.6
5000132,2022-05-19,Paris,Designer Handbags,First-Time Buyer,Organic Search,1,3676,865,3676,865,2811,76.5
5000245,2022-05-19,Dubai,Luxury Watches,Silver,Organic Search,1,12856,2371,12856,2371,10485,81.6
5005151,2022-05-19,Dubai,Haute Fragrance,Platinum (VIP),Organic Search,1,383,62,383,62,321,83.8
5008053,2022-05-19,New York,Haute Fragrance,First-Time Buyer,Walk-in,1,385,76,385,76,309,80.3
5005375,2022-05-19,Milan,Fine Jewelry,First-Time Buyer,Organic Search,1,9323,1779,9323,1779,7544,80.9
5009346,2022-05-19,Tokyo,Luxury Watches,Gold,Walk-in,1,11543,2155,11543,2155,9388,81.3
5005932,2022-05-19,Tokyo,Haute Fragrance,First-Time Buyer,Organic Search,1,322,57,322,57,265,82.3
5008980,2022-05-19,New York,Designer Handbags,First-Time Buyer,Paid Social,1,3795,630,3795,630,3165,83.4
5004161,2022-05-19,Milan,Luxury Watches,Platinum (VIP),Walk-in,1,13021,4406,13021,4406,8615,66.2
5005603,2022-05-19,New York,Fine Jewelry,First-Time Buyer,Walk-in,1,7779,2205,7779,2205,5574,71.7
5007203,2022-05-19,Milan,Designer Handbags,First-Time Buyer,Walk-in,1,2937,1023,2937,1023,1914,65.2
5007670,2022-05-19,New York,Designer Handbags,Gold,Organic Search,1,2890,443,2890,443,2447,84.7
5005399,2022-05-19,Dubai,Luxury Watches,Gold,Organic Search,1,12694,2738,12694,2738,9956,78.4
5005782,2022-05-19,Paris,Designer Handbags,First-Time Buyer,Organic Search,1,3353,862,3353,862,2491,74.3
5004628,2022-05-19,New York,Luxury Watches,Silver,Organic Search,1,13107,2688,13107,2688,10419,79.5
5006027,2022-05-20,Milan,Luxury Watches,Silver,Organic Search,2,11582,2608,23164,5216,17948,77.5
5004889,2022-05-20,New York,Luxury Watches,First-Time Buyer,Walk-in,1,13611,2766,13611,2766,10845,79.7
5009584,2022-05-20,Dubai,Luxury Watches,Silver,Exclusive Invite,1,12185,3666,12185,3666,8519,69.9
5001202,2022-05-20,Milan,Fine Jewelry,Silver,Exclusive Invite,2,8058,2695,16116,5390,10726,66.6
5009957,2022-05-20,Paris,Designer Handbags,Gold,Organic Search,1,3742,1282,3742,1282,2460,65.7
5000837,2022-05-20,Dubai,Designer Handbags,Silver,Organic Search,1,3798,1089,3798,1089,2709,71.3
5005825,2022-05-20,Milan,Designer Handbags,Silver,Organic Search,1,3751,945,3751,945,2806,74.8
5008250,2022-05-20,New York,Fine Jewelry,First-Time Buyer,Organic Search,1,8030,2800,8030,2800,5230,65.1
5005253,2022-05-20,Tokyo,Designer Handbags,Silver,Paid Social,1,3108,800,3108,800,2308,74.3
5000125,2022-05-20,Tokyo,Designer Handbags,Silver,Organic Search,3,3310,764,9930,2292,7638,76.9
5005384,2022-05-20,Tokyo,Haute Fragrance,First-Time Buyer,Organic Search,1,368,76,368,76,292,79.3
5005401,2022-05-20,Paris,Haute Fragrance,Silver,Organic Search,1,357,122,357,122,235,65.8
5009418,2022-05-20,Tokyo,Designer Handbags,First-Time Buyer,Paid Social,1,3303,754,3303,754,2549,77.2
5005193,2022-05-20,Tokyo,Designer Handbags,Platinum (VIP),Paid Social,1,3626,1071,3626,1071,2555,70.5
5008179,2022-05-20,Paris,Designer Handbags,Silver,Paid Social,1,2949,481,2949,481,2468,83.7
5002124,2022-05-21,Milan,Haute Fragrance,Silver,Organic Search,1,380,101,380,101,279,73.4
5009787,2022-05-21,Paris,Fine Jewelry,First-Time Buyer,Walk-in,1,8100,2680,8100,2680,5420,66.9
5006581,2022-05-21,New York,Luxury Watches,Platinum (VIP),Walk-in,3,12840,4135,38520,12405,26115,67.8
5002650,2022-05-21,Paris,Luxury Watches,Gold,Paid Social,1,13404,3222,13404,3222,10182,76.0
5003219,2022-05-21,New York,Designer Handbags,Silver,Walk-in,2,3614,711,7228,1422,5806,80.3
5009055,2022-05-21,Tokyo,Haute Fragrance,First-Time Buyer,Paid Social,1,408,95,408,95,313,76.7
5007854,2022-05-21,New York,Luxury Watches,Platinum (VIP),Paid Social,1,13316,4410,13316,4410,8906,66.9
5007693,2022-05-21,Tokyo,Fine Jewelry,Platinum (VIP),Organic Search,1,9676,2479,9676,2479,7197,74.4
5007371,2022-05-21,Dubai,Haute Fragrance,First-Time Buyer,Paid Social,1,387,91,387,91,296,76.5
5003444,2022-05-21,Tokyo,Designer Handbags,Gold,Paid Social,1,3658,599,3658,599,3059,83.6
5002220,2022-05-21,Tokyo,Designer Handbags,First-Time Buyer,Walk-in,1,3657,871,3657,871,2786,76.2
5007626,2022-05-21,New York,Designer Handbags,First-Time Buyer,Walk-in,1,3437,1042,3437,1042,2395,69.7
5001026,2022-05-21,Paris,Haute Fragrance,Silver,Organic Search,1,393,123,393,123,270,68.7
5002097,2022-05-22,Milan,Luxury Watches,Silver,Walk-in,1,12885,4195,12885,4195,8690,67.4
5003932,2022-05-22,New York,Luxury Watches,Gold,Paid Social,1,12587,2299,12587,2299,10288,81.7
5001239,2022-05-22,Paris,Luxury Watches,Silver,Exclusive Invite,1,14907,4682,14907,4682,10225,68.6
5005671,2022-05-22,Paris,Luxury Watches,First-Time Buyer,Paid Social,1,14975,5058,14975,5058,9917,66.2
5003418,2022-05-22,Dubai,Luxury Watches,Gold,Paid Social,2,12898,4068,25796,8136,17660,68.5
5001471,2022-05-22,Milan,Haute Fragrance,Silver,Exclusive Invite,2,379,84,758,168,590,77.8
5001083,2022-05-22,New York,Luxury Watches,Gold,Exclusive Invite,1,12456,2393,12456,2393,10063,80.8
5001575,2022-05-22,Paris,Luxury Watches,Silver,Exclusive Invite,1,13675,4659,13675,4659,9016,65.9
5006268,2022-05-22,Tokyo,Luxury Watches,Gold,Exclusive Invite,1,12684,2676,12684,2676,10008,78.9
5008057,2022-05-22,Dubai,Haute Fragrance,First-Time Buyer,Paid Social,1,342,94,342,94,248,72.5
5003920,2022-05-22,New York,Designer Handbags,First-Time Buyer,Paid Social,1,3343,985,3343,985,2358,70.5
5006517,2022-05-22,Paris,Haute Fragrance,First-Time Buyer,Paid Social,1,363,120,363,120,243,66.9
5004323,2022-05-22,Tokyo,Luxury Watches,Silver,Walk-in,1,12517,2861,12517,2861,9656,77.1
5000056,2022-05-22,New York,Haute Fragrance,First-Time Buyer,Paid Social,1,398,101,398,101,297,74.6
5001149,2022-05-22,Tokyo,Haute Fragrance,First-Time Buyer,Paid Social,1,383,102,383,102,281,73.4
5003690,2022-05-22,Tokyo,Fine Jewelry,Platinum (VIP),Organic Search,2,7883,2442,15766,4884,10882,69.0
5007116,2022-05-22,Paris,Designer Handbags,First-Time Buyer,Organic Search,1,3733,1089,3733,1089,2644,70.8
5008735,2022-05-22,Milan,Haute Fragrance,Gold,Paid Social,1,369,90,369,90,279,75.6
5008366,2022-05-22,New York,Fine Jewelry,First-Time Buyer,Walk-in,1,8047,1264,8047,1264,6783,84.3
5007319,2022-05-22,New York,Haute Fragrance,First-Time Buyer,Organic Search,1,344,73,344,73,271,78.8
5004052,2022-05-23,New York,Haute Fragrance,First-Time Buyer,Walk-in,1,364,97,364,97,267,73.4
5000024,2022-05-23,Dubai,Luxury Watches,Silver,Walk-in,1,11735,2667,11735,2667,9068,77.3
5007082,2022-05-23,Tokyo,Haute Fragrance,Gold,Organic Search,3,339,104,1017,312,705,69.3
5001708,2022-05-23,Tokyo,Fine Jewelry,Gold,Organic Search,1,7817,1189,7817,1189,6628,84.8
5004790,2022-05-23,Paris,Designer Handbags,First-Time Buyer,Walk-in,2,3460,594,6920,1188,5732,82.8
5003637,2022-05-23,Paris,Designer Handbags,Gold,Organic Search,1,3715,892,3715,892,2823,76.0
5000742,2022-05-23,Milan,Luxury Watches,Silver,Paid Social,1,14720,3081,14720,3081,11639,79.1
5003797,2022-05-23,Dubai,Designer Handbags,Silver,Walk-in,2,3828,1288,7656,2576,5080,66.4
5000016,2022-05-24,Milan,Fine Jewelry,First-Time Buyer,Walk-in,1,9132,2700,9132,2700,6432,70.4
5008392,2022-05-24,Paris,Haute Fragrance,Silver,Paid Social,2,347,87,694,174,520,74.9
5004780,2022-05-24,New York,Haute Fragrance,Platinum (VIP),Organic Search,1,406,86,406,86,320,78.8
5003022,2022-05-24,Paris,Fine Jewelry,First-Time Buyer,Paid Social,1,8766,2930,8766,2930,5836,66.6
5005066,2022-05-24,Dubai,Designer Handbags,Platinum (VIP),Walk-in,1,2940,899,2940,899,2041,69.4
5001244,2022-05-24,Tokyo,Designer Handbags,Gold,Organic Search,1,3084,937,3084,937,2147,69.6
5008668,2022-05-24,New York,Fine Jewelry,First-Time Buyer,Walk-in,1,9889,1606,9889,1606,8283,83.8
5005551,2022-05-24,New York,Fine Jewelry,Gold,Organic Search,1,9030,2647,9030,2647,6383,70.7
5003842,2022-05-25,New York,Luxury Watches,First-Time Buyer,Exclusive Invite,1,11978,2404,11978,2404,9574,79.9
5007348,2022-05-25,New York,Luxury Watches,First-Time Buyer,Walk-in,1,14427,4942,14427,4942,9485,65.7
5004275,2022-05-25,New York,Haute Fragrance,First-Time Buyer,Walk-in,1,418,87,418,87,331,79.2
5003618,2022-05-25,New York,Designer Handbags,Silver,Paid Social,1,2902,958,2902,958,1944,67.0
5006576,2022-05-25,Paris,Luxury Watches,Silver,Exclusive Invite,3,14128,2331,42384,6993,35391,83.5
5000115,2022-05-25,Dubai,Luxury Watches,Platinum (VIP),Exclusive Invite,1,13814,2143,13814,2143,11671,84.5
5001914,2022-05-25,New York,Luxury Watches,Silver,Paid Social,1,11800,3067,11800,3067,8733,74.0
5007874,2022-05-25,Milan,Luxury Watches,Platinum (VIP),Organic Search,1,13662,2136,13662,2136,11526,84.4
5002301,2022-05-25,Tokyo,Fine Jewelry,First-Time Buyer,Walk-in,1,8833,3001,8833,3001,5832,66.0
5006214,2022-05-25,Milan,Haute Fragrance,Silver,Paid Social,1,400,118,400,118,282,70.5
5005231,2022-05-25,Milan,Designer Handbags,Silver,Organic Search,1,3103,1083,3103,1083,2020,65.1
5006306,2022-05-26,Dubai,Designer Handbags,Silver,Paid Social,1,3668,718,3668,718,2950,80.4
5004116,2022-05-26,New York,Designer Handbags,Silver,Walk-in,1,3303,504,3303,504,2799,84.7
5008337,2022-05-26,Tokyo,Luxury Watches,Gold,Paid Social,1,13007,2193,13007,2193,10814,83.1
5004744,2022-05-26,Paris,Haute Fragrance,Platinum (VIP),Paid Social,1,387,115,387,115,272,70.3
5004185,2022-05-26,Dubai,Designer Handbags,Silver,Paid Social,1,3628,707,3628,707,2921,80.5
5005787,2022-05-26,New York,Designer Handbags,First-Time Buyer,Exclusive Invite,1,3770,1097,3770,1097,2673,70.9
5000522,2022-05-26,New York,Haute Fragrance,Gold,Walk-in,1,373,122,373,122,251,67.3
5004201,2022-05-26,Paris,Fine Jewelry,Silver,Paid Social,1,10076,1694,10076,1694,8382,83.2
5006340,2022-05-26,New York,Luxury Watches,Silver,Organic Search,2,12697,4356,25394,8712,16682,65.7
5009654,2022-05-26,Dubai,Luxury Watches,First-Time Buyer,Organic Search,1,13306,3317,13306,3317,9989,75.1
5004280,2022-05-27,New York,Designer Handbags,Silver,Organic Search,1,3491,525,3491,525,2966,85.0
5009082,2022-05-27,New York,Luxury Watches,Silver,Organic Search,1,14331,4458,14331,4458,9873,68.9
5005682,2022-05-27,Dubai,Luxury Watches,First-Time Buyer,Paid Social,1,14775,3572,14775,3572,11203,75.8
5008840,2022-05-27,Paris,Designer Handbags,First-Time Buyer,Organic Search,1,3279,874,3279,874,2405,73.3
5002576,2022-05-27,New York,Haute Fragrance,First-Time Buyer,Organic Search,2,370,73,740,146,594,80.3
5004505,2022-05-27,New York,Designer Handbags,Silver,Organic Search,1,3353,671,3353,671,2682,80.0
5003971,2022-05-27,Milan,Haute Fragrance,Silver,Organic Search,1,355,88,355,88,267,75.2
5005306,2022-05-27,Milan,Designer Handbags,First-Time Buyer,Walk-in,1,3176,971,3176,971,2205,69.4
5005557,2022-05-27,New York,Designer Handbags,Gold,Organic Search,1,3005,1000,3005,1000,2005,66.7
5004506,2022-05-27,Paris,Luxury Watches,Gold,Paid Social,1,13206,3425,13206,3425,9781,74.1
5004306,2022-05-27,Milan,Designer Handbags,Gold,Exclusive Invite,1,3269,1054,3269,1054,2215,67.8
5007910,2022-05-27,Tokyo,Luxury Watches,First-Time Buyer,Organic Search,1,13855,2736,13855,2736,11119,80.3
5009906,2022-05-27,Paris,Luxury Watches,First-Time Buyer,Organic Search,1,13323,2235,13323,2235,11088,83.2
5007717,2022-05-27,New York,Haute Fragrance,Gold,Organic Search,1,384,125,384,125,259,67.4
5004872,2022-05-27,Paris,Designer Handbags,First-Time Buyer,Organic Search,1,3599,972,3599,972,2627,73.0
5007931,2022-05-27,Dubai,Designer Handbags,Gold,Exclusive Invite,3,3162,767,9486,2301,7185,75.7
5003411,2022-05-27,New York,Designer Handbags,First-Time Buyer,Organic Search,1,3560,1118,3560,1118,2442,68.6
5003985,2022-05-28,Tokyo,Haute Fragrance,Gold,Walk-in,2,402,104,804,208,596,74.1
5001117,2022-05-28,Milan,Haute Fragrance,Gold,Organic Search,1,359,117,359,117,242,67.4
5007841,2022-05-28,Dubai,Luxury Watches,Silver,Organic Search,1,14830,2262,14830,2262,12568,84.7
5008107,2022-05-28,New York,Fine Jewelry,Gold,Exclusive Invite,1,8671,2044,8671,2044,6627,76.4
5007868,2022-05-28,Dubai,Fine Jewelry,First-Time Buyer,Walk-in,1,9481,2507,9481,2507,6974,73.6
5003380,2022-05-28,Milan,Luxury Watches,Gold,Paid Social,1,11517,1893,11517,1893,9624,83.6
5005214,2022-05-28,Milan,Luxury Watches,Gold,Walk-in,1,13017,2335,13017,2335,10682,82.1
5003371,2022-05-28,Dubai,Fine Jewelry,Platinum (VIP),Exclusive Invite,1,8677,2068,8677,2068,6609,76.2
5001399,2022-05-28,Milan,Designer Handbags,Platinum (VIP),Walk-in,1,3723,810,3723,810,2913,78.2
5006912,2022-05-28,New York,Luxury Watches,First-Time Buyer,Walk-in,2,13798,2441,27596,4882,22714,82.3
5004432,2022-05-28,Paris,Designer Handbags,Silver,Organic Search,1,3477,1145,3477,1145,2332,67.1
5003206,2022-05-28,Paris,Designer Handbags,Platinum (VIP),Organic Search,1,3419,1159,3419,1159,2260,66.1
5006482,2022-05-28,Milan,Designer Handbags,Silver,Walk-in,1,2993,686,2993,686,2307,77.1
5001363,2022-05-28,Paris,Designer Handbags,Silver,Walk-in,3,3157,909,9471,2727,6744,71.2
5002356,2022-05-29,Paris,Designer Handbags,Silver,Exclusive Invite,1,2971,1029,2971,1029,1942,65.4
5005611,2022-05-29,Dubai,Fine Jewelry,Gold,Exclusive Invite,1,10197,2714,10197,2714,7483,73.4
5002327,2022-05-29,Tokyo,Luxury Watches,First-Time Buyer,Organic Search,1,13113,3773,13113,3773,9340,71.2
5001010,2022-05-29,New York,Designer Handbags,First-Time Buyer,Walk-in,1,3332,967,3332,967,2365,71.0
5007353,2022-05-29,Paris,Fine Jewelry,Platinum (VIP),Organic Search,1,9166,2598,9166,2598,6568,71.7
5007037,2022-05-29,Tokyo,Designer Handbags,Silver,Exclusive Invite,1,3810,1250,3810,1250,2560,67.2
5001941,2022-05-29,Paris,Fine Jewelry,Platinum (VIP),Organic Search,1,10042,2105,10042,2105,7937,79.0
5004882,2022-05-29,Paris,Luxury Watches,Gold,Exclusive Invite,1,13838,3950,13838,3950,9888,71.5
5007489,2022-05-29,Tokyo,Designer Handbags,Silver,Exclusive Invite,1,3028,457,3028,457,2571,84.9
5006566,2022-05-29,New York,Luxury Watches,Gold,Organic Search,1,12889,2247,12889,2247,10642,82.6
5001372,2022-05-30,Milan,Designer Handbags,First-Time Buyer,Walk-in,1,3447,654,3447,654,2793,81.0
5005649,2022-05-30,Tokyo,Haute Fragrance,First-Time Buyer,Paid Social,1,417,63,417,63,354,84.9
5001919,2022-05-30,New York,Fine Jewelry,Silver,Exclusive Invite,2,9357,1603,18714,3206,15508,82.9
5006387,2022-05-30,Paris,Luxury Watches,Silver,Exclusive Invite,1,14134,2764,14134,2764,11370,80.4
5001520,2022-05-30,New York,Designer Handbags,First-Time Buyer,Walk-in,1,3010,454,3010,454,2556,84.9
5009731,2022-05-30,Paris,Designer Handbags,First-Time Buyer,Exclusive Invite,1,3030,825,3030,825,2205,72.8
5007317,2022-05-30,Milan,Haute Fragrance,First-Time Buyer,Paid Social,1,331,67,331,67,264,79.8
5005917,2022-05-30,Paris,Luxury Watches,First-Time Buyer,Organic Search,1,12971,4234,12971,4234,8737,67.4
5001607,2022-05-30,Dubai,Luxury Watches,First-Time Buyer,Organic Search,1,13664,4000,13664,4000,9664,70.7
5008834,2022-05-30,New York,Luxury Watches,Silver,Organic Search,1,12210,3136,12210,3136,9074,74.3
5001858,2022-05-31,Tokyo,Designer Handbags,Platinum (VIP),Organic Search,1,3310,557,3310,557,2753,83.2
5004219,2022-05-31,Milan,Designer Handbags,First-Time Buyer,Exclusive Invite,1,3635,1178,3635,1178,2457,67.6
5007296,2022-05-31,Paris,Designer Handbags,Gold,Organic Search,1,3365,1160,3365,1160,2205,65.5
5000053,2022-05-31,New York,Fine Jewelry,Silver,Walk-in,1,8581,1497,8581,1497,7084,82.6
5009074,2022-05-31,Milan,Luxury Watches,Gold,Organic Search,1,12775,2738,12775,2738,10037,78.6
5000251,2022-05-31,New York,Designer Handbags,Silver,Exclusive Invite,1,3548,1174,3548,1174,2374,66.9
5007444,2022-05-31,Dubai,Fine Jewelry,Silver,Walk-in,1,9814,2513,9814,2513,7301,74.4
5005563,2022-05-31,Tokyo,Designer Handbags,Platinum (VIP),Exclusive Invite,1,3089,980,3089,980,2109,68.3
5007840,2022-05-31,Paris,Designer Handbags,Silver,Organic Search,1,2992,475,2992,475,2517,84.1
5000856,2022-05-31,Tokyo,Fine Jewelry,First-Time Buyer,Organic Search,1,9276,3219,9276,3219,6057,65.3
5000871,2022-05-31,Paris,Haute Fragrance,Gold,Organic Search,1,408,70,408,70,338,82.8
5008925,2022-05-31,New York,Haute Fragrance,Gold,Paid Social,1,364,84,364,84,280,76.9
5000878,2022-05-31,Paris,Fine Jewelry,First-Time Buyer,Organic Search,1,8513,2229,8513,2229,6284,73.8
5000480,2022-05-31,Tokyo,Haute Fragrance,Platinum (VIP),Organic Search,1,402,84,402,84,318,79.1
5002009,2022-06-01,Paris,Haute Fragrance,Gold,Paid Social,1,358,61,358,61,297,83.0
5004585,2022-06-01,New York,Luxury Watches,First-Time Buyer,Paid Social,1,14349,3593,14349,3593,10756,75.0
5002111,2022-06-01,Dubai,Luxury Watches,Silver,Walk-in,1,13103,2151,13103,2151,10952,83.6
5009373,2022-06-01,New York,Designer Handbags,Silver,Organic Search,1,3341,1087,3341,1087,2254,67.5
5009971,2022-06-01,Milan,Luxury Watches,Gold,Organic Search,1,13359,3742,13359,3742,9617,72.0
5006883,2022-06-01,New York,Luxury Watches,Platinum (VIP),Organic Search,1,14652,2394,14652,2394,12258,83.7
5008607,2022-06-01,Tokyo,Fine Jewelry,Silver,Organic Search,2,8367,1293,16734,2586,14148,84.5
5005271,2022-06-01,Dubai,Fine Jewelry,Gold,Walk-in,1,9171,1549,9171,1549,7622,83.1
5007930,2022-06-01,New York,Fine Jewelry,First-Time Buyer,Organic Search,1,8977,1990,8977,1990,6987,77.8
5006157,2022-06-01,New York,Luxury Watches,Silver,Paid Social,1,13962,2861,13962,2861,11101,79.5
5004467,2022-06-01,Paris,Designer Handbags,Platinum (VIP),Exclusive Invite,1,3385,528,3385,528,2857,84.4
5004234,2022-06-01,New York,Luxury Watches,First-Time Buyer,Paid Social,1,11769,3560,11769,3560,8209,69.8
5001159,2022-06-01,New York,Designer Handbags,Platinum (VIP),Organic Search,3,3579,547,10737,1641,9096,84.7
5007590,2022-06-01,Tokyo,Luxury Watches,First-Time Buyer,Organic Search,1,12742,4222,12742,4222,8520,66.9
5002082,2022-06-01,Tokyo,Luxury Watches,First-Time Buyer,Exclusive Invite,1,11319,2807,11319,2807,8512,75.2
5006219,2022-06-01,Dubai,Luxury Watches,Silver,Organic Search,1,14125,3234,14125,3234,10891,77.1
5001938,2022-06-01,Tokyo,Luxury Watches,Silver,Paid Social,2,11891,3221,23782,6442,17340,72.9
5000639,2022-06-02,Dubai,Fine Jewelry,Silver,Paid Social,1,9471,2909,9471,2909,6562,69.3
5001323,2022-06-02,Tokyo,Luxury Watches,Gold,Exclusive Invite,1,11396,2964,11396,2964,8432,74.0
5005950,2022-06-02,New York,Designer Handbags,First-Time Buyer,Paid Social,1,3594,862,3594,862,2732,76.0
5008733,2022-06-02,New York,Fine Jewelry,First-Time Buyer,Organic Search,1,8376,2725,8376,2725,5651,67.5
5004634,2022-06-02,Milan,Fine Jewelry,Gold,Paid Social,1,9398,1896,9398,1896,7502,79.8
5004319,2022-06-02,Milan,Designer Handbags,Platinum (VIP),Exclusive Invite,1,3443,620,3443,620,2823,82.0
5004214,2022-06-03,New York,Luxury Watches,First-Time Buyer,Organic Search,2,13952,2416,27904,4832,23072,82.7
5001020,2022-06-03,Milan,Designer Handbags,First-Time Buyer,Paid Social,2,2946,894,5892,1788,4104,69.7
5003897,2022-06-03,New York,Designer Handbags,First-Time Buyer,Paid Social,1,3689,864,3689,864,2825,76.6
5000617,2022-06-03,Dubai,Designer Handbags,Gold,Exclusive Invite,3,3806,1217,11418,3651,7767,68.0
5003617,2022-06-03,New York,Fine Jewelry,First-Time Buyer,Organic Search,1,7820,2221,7820,2221,5599,71.6
5000578,2022-06-03,Milan,Luxury Watches,Silver,Walk-in,1,12783,2942,12783,2942,9841,77.0
5004519,2022-06-03,New York,Fine Jewelry,First-Time Buyer,Walk-in,2,9480,2668,18960,5336,13624,71.9
5001442,2022-06-03,Tokyo,Designer Handbags,Platinum (VIP),Organic Search,1,3348,966,3348,966,2382,71.1
5006657,2022-06-03,New York,Luxury Watches,Silver,Walk-in,2,14996,2696,29992,5392,24600,82.0
5009911,2022-06-03,New York,Luxury Watches,Silver,Organic Search,1,14011,4836,14011,4836,9175,65.5
5000886,2022-06-03,Paris,Fine Jewelry,Gold,Organic Search,1,9714,1861,9714,1861,7853,80.8
5002843,2022-06-03,Milan,Fine Jewelry,Silver,Walk-in,1,9172,1565,9172,1565,7607,82.9
5000714,2022-06-04,Paris,Fine Jewelry,Gold,Organic Search,1,8616,2278,8616,2278,6338,73.6
5007027,2022-06-04,Dubai,Designer Handbags,Gold,Walk-in,2,3544,978,7088,1956,5132,72.4
5005933,2022-06-04,Tokyo,Luxury Watches,First-Time Buyer,Paid Social,1,12219,2066,12219,2066,10153,83.1
5005985,2022-06-04,Paris,Fine Jewelry,First-Time Buyer,Exclusive Invite,1,8091,2487,8091,2487,5604,69.3
5003676,2022-06-04,Paris,Fine Jewelry,Silver,Paid Social,1,9866,1692,9866,1692,8174,82.9
5009265,2022-06-04,New York,Designer Handbags,Gold,Walk-in,1,2911,835,2911,835,2076,71.3
5005994,2022-06-04,Paris,Fine Jewelry,Silver,Walk-in,2,9809,2890,19618,5780,13838,70.5
5005809,2022-06-04,New York,Fine Jewelry,First-Time Buyer,Paid Social,1,8850,1640,8850,1640,7210,81.5
5002938,2022-06-04,Paris,Fine Jewelry,First-Time Buyer,Organic Search,1,8511,1614,8511,1614,6897,81.0
5006026,2022-06-05,New York,Luxury Watches,First-Time Buyer,Paid Social,2,14898,3957,29796,7914,21882,73.4
5005357,2022-06-05,Milan,Fine Jewelry,First-Time Buyer,Exclusive Invite,2,8892,1498,17784,2996,14788,83.2
5008577,2022-06-05,Paris,Haute Fragrance,Gold,Organic Search,1,386,64,386,64,322,83.4
5008261,2022-06-05,Tokyo,Designer Handbags,Gold,Paid Social,1,3582,1201,3582,1201,2381,66.5
5001929,2022-06-05,New York,Designer Handbags,Gold,Paid Social,1,3606,1181,3606,1181,2425,67.2
5003267,2022-06-05,Paris,Luxury Watches,Platinum (VIP),Paid Social,1,11753,2763,11753,2763,8990,76.5
5008649,2022-06-05,Paris,Luxury Watches,Silver,Organic Search,1,13850,4253,13850,4253,9597,69.3
5004381,2022-06-05,Tokyo,Designer Handbags,Gold,Organic Search,1,3680,948,3680,948,2732,74.2
5009640,2022-06-05,Tokyo,Luxury Watches,First-Time Buyer,Organic Search,1,13669,4525,13669,4525,9144,66.9
5006087,2022-06-05,Paris,Designer Handbags,Silver,Walk-in,1,2936,559,2936,559,2377,81.0
5003282,2022-06-05,Dubai,Haute Fragrance,Gold,Organic Search,1,359,98,359,98,261,72.7
5007916,2022-06-05,Tokyo,Luxury Watches,First-Time Buyer,Paid Social,1,12945,4321,12945,4321,8624,66.6
5004716,2022-06-06,New York,Designer Handbags,Silver,Walk-in,1,2887,763,2887,763,2124,73.6
5006348,2022-06-06,Dubai,Designer Handbags,Silver,Organic Search,1,3375,1162,3375,1162,2213,65.6
5007385,2022-06-06,Paris,Luxury Watches,First-Time Buyer,Paid Social,1,14052,2173,14052,2173,11879,84.5
5002026,2022-06-06,New York,Haute Fragrance,First-Time Buyer,Exclusive Invite,1,396,89,396,89,307,77.5
5008563,2022-06-06,Milan,Luxury Watches,Silver,Walk-in,1,12501,2535,12501,2535,9966,79.7
5007140,2022-06-06,New York,Designer Handbags,Silver,Organic Search,1,3432,731,3432,731,2701,78.7
5001561,2022-06-06,Paris,Haute Fragrance,First-Time Buyer,Paid Social,1,318,83,318,83,235,73.9
5005402,2022-06-06,Paris,Haute Fragrance,First-Time Buyer,Walk-in,1,326,112,326,112,214,65.6
5000794,2022-06-06,Tokyo,Designer Handbags,Gold,Organic Search,1,3210,571,3210,571,2639,82.2
5009754,2022-06-06,New York,Luxury Watches,First-Time Buyer,Organic Search,1,13196,4276,13196,4276,8920,67.6
5006822,2022-06-06,New York,Luxury Watches,Gold,Organic Search,1,13533,2975,13533,2975,10558,78.0
5004571,2022-06-06,Tokyo,Luxury Watches,Silver,Paid Social,1,12268,4108,12268,4108,8160,66.5
5000031,2022-06-06,Dubai,Luxury Watches,First-Time Buyer,Organic Search,1,11254,3120,11254,3120,8134,72.3
5004167,2022-06-06,Paris,Designer Handbags,Gold,Organic Search,1,3451,717,3451,717,2734,79.2
5008391,2022-06-06,Tokyo,Designer Handbags,Gold,Organic Search,1,3001,466,3001,466,2535,84.5
5005433,2022-06-07,Paris,Designer Handbags,First-Time Buyer,Paid Social,1,3264,964,3264,964,2300,70.5
5007432,2022-06-07,New York,Haute Fragrance,Silver,Organic Search,1,327,104,327,104,223,68.2
5006879,2022-06-07,Dubai,Luxury Watches,First-Time Buyer,Paid Social,1,13901,4617,13901,4617,9284,66.8
5003130,2022-06-07,New York,Fine Jewelry,First-Time Buyer,Walk-in,1,8789,2618,8789,2618,6171,70.2
5006065,2022-06-07,Paris,Luxury Watches,First-Time Buyer,Organic Search,3,11454,2601,34362,7803,26559,77.3
5006378,2022-06-07,Milan,Designer Handbags,First-Time Buyer,Walk-in,1,3410,550,3410,550,2860,83.9
5004695,2022-06-07,New York,Designer Handbags,Silver,Walk-in,1,3736,567,3736,567,3169,84.8
5006303,2022-06-07,Paris,Designer Handbags,First-Time Buyer,Exclusive Invite,1,2986,940,2986,940,2046,68.5
5004232,2022-06-08,Paris,Luxury Watches,First-Time Buyer,Organic Search,2,13458,4418,26916,8836,18080,67.2
5005562,2022-06-08,Dubai,Designer Handbags,Platinum (VIP),Walk-in,1,3046,524,3046,524,2522,82.8
5009715,2022-06-08,Milan,Designer Handbags,Gold,Paid Social,1,3140,594,3140,594,2546,81.1
5004899,2022-06-08,Milan,Luxury Watches,Gold,Paid Social,1,12479,1959,12479,1959,10520,84.3
5007983,2022-06-08,Dubai,Luxury Watches,Silver,Paid Social,1,13943,3469,13943,3469,10474,75.1
5006568,2022-06-08,New York,Designer Handbags,Silver,Walk-in,1,3163,687,3163,687,2476,78.3
5003176,2022-06-08,Dubai,Designer Handbags,First-Time Buyer,Organic Search,3,3319,1040,9957,3120,6837,68.7
5001024,2022-06-08,Tokyo,Fine Jewelry,First-Time Buyer,Paid Social,1,8070,1402,8070,1402,6668,82.6
5006565,2022-06-08,Paris,Luxury Watches,Platinum (VIP),Paid Social,1,12627,2296,12627,2296,10331,81.8
5005503,2022-06-08,Paris,Designer Handbags,Silver,Exclusive Invite,1,3404,740,3404,740,2664,78.3
5009095,2022-06-08,Milan,Fine Jewelry,Gold,Exclusive Invite,1,9087,1634,9087,1634,7453,82.0
5003554,2022-06-09,Paris,Designer Handbags,Silver,Walk-in,1,3126,698,3126,698,2428,77.7
5006462,2022-06-09,Milan,Fine Jewelry,Silver,Organic Search,1,9371,2240,9371,2240,7131,76.1
5003888,2022-06-09,Milan,Fine Jewelry,Silver,Organic Search,1,7891,2523,7891,2523,5368,68.0
5004465,2022-06-09,New York,Designer Handbags,Silver,Paid Social,3,3837,729,11511,2187,9324,81.0
5002683,2022-06-09,Paris,Haute Fragrance,Silver,Organic Search,2,417,104,834,208,626,75.1
5009153,2022-06-09,New York,Luxury Watches,Gold,Paid Social,1,12398,3386,12398,3386,9012,72.7
5003773,2022-06-09,Tokyo,Designer Handbags,Silver,Organic Search,1,3180,944,3180,944,2236,70.3
5008722,2022-06-09,Tokyo,Designer Handbags,Silver,Organic Search,1,3551,920,3551,920,2631,74.1
5005638,2022-06-09,New York,Designer Handbags,First-Time Buyer,Organic Search,1,3595,775,3595,775,2820,78.4
5007723,2022-06-10,Paris,Fine Jewelry,Silver,Organic Search,2,10023,3035,20046,6070,13976,69.7
5007648,2022-06-10,Paris,Designer Handbags,Gold,Walk-in,1,3802,578,3802,578,3224,84.8
5004264,2022-06-10,Milan,Designer Handbags,Gold,Exclusive Invite,1,3182,1067,3182,1067,2115,66.5
5002181,2022-06-10,Paris,Luxury Watches,Silver,Exclusive Invite,1,14618,4010,14618,4010,10608,72.6
5009146,2022-06-10,Paris,Fine Jewelry,Gold,Walk-in,1,9932,3262,9932,3262,6670,67.2
5006723,2022-06-10,New York,Designer Handbags,Platinum (VIP),Paid Social,1,3358,1081,3358,1081,2277,67.8
5007258,2022-06-10,New York,Designer Handbags,Silver,Walk-in,1,3257,494,3257,494,2763,84.8
5006088,2022-06-10,Dubai,Fine Jewelry,Silver,Organic Search,1,9699,1855,9699,1855,7844,80.9
5003284,2022-06-10,New York,Fine Jewelry,Silver,Exclusive Invite,1,9806,1673,9806,1673,8133,82.9
5002365,2022-06-11,Paris,Luxury Watches,First-Time Buyer,Walk-in,2,12620,2358,25240,4716,20524,81.3
5006114,2022-06-11,Milan,Fine Jewelry,First-Time Buyer,Walk-in,1,10122,1881,10122,1881,8241,81.4
5000929,2022-06-11,Paris,Designer Handbags,Platinum (VIP),Organic Search,1,3664,1008,3664,1008,2656,72.5
5008047,2022-06-11,Dubai,Fine Jewelry,First-Time Buyer,Walk-in,1,9741,2368,9741,2368,7373,75.7
5003886,2022-06-11,Tokyo,Luxury Watches,Platinum (VIP),Paid Social,1,14893,2240,14893,2240,12653,85.0
5006696,2022-06-11,Paris,Haute Fragrance,First-Time Buyer,Organic Search,1,325,59,325,59,266,81.8
5005913,2022-06-11,Milan,Fine Jewelry,Gold,Organic Search,1,9926,2628,9926,2628,7298,73.5
5004594,2022-06-11,Paris,Designer Handbags,Silver,Paid Social,1,3248,694,3248,694,2554,78.6
5008381,2022-06-11,Milan,Haute Fragrance,Silver,Organic Search,2,316,84,632,168,464,73.4
5000620,2022-06-11,Paris,Fine Jewelry,First-Time Buyer,Exclusive Invite,1,10126,3444,10126,3444,6682,66.0
5004725,2022-06-11,Milan,Fine Jewelry,Silver,Paid Social,1,8818,1382,8818,1382,7436,84.3
5009246,2022-06-11,Tokyo,Designer Handbags,Platinum (VIP),Organic Search,1,3541,770,3541,770,2771,78.3
5008645,2022-06-11,Paris,Haute Fragrance,First-Time Buyer,Exclusive Invite,1,353,117,353,117,236,66.9
5003519,2022-06-11,New York,Fine Jewelry,First-Time Buyer,Exclusive Invite,1,10008,2160,10008,2160,7848,78.4
5007326,2022-06-12,New York,Fine Jewelry,Silver,Exclusive Invite,1,8016,2394,8016,2394,5622,70.1
5000182,2022-06-12,New York,Luxury Watches,Gold,Walk-in,1,11571,3231,11571,3231,8340,72.1
5007647,2022-06-12,Paris,Luxury Watches,First-Time Buyer,Organic Search,1,14221,3430,14221,3430,10791,75.9
5007951,2022-06-12,New York,Designer Handbags,Platinum (VIP),Organic Search,1,3296,684,3296,684,2612,79.2
5006841,2022-06-12,Paris,Haute Fragrance,First-Time Buyer,Walk-in,1,317,65,317,65,252,79.5
5009119,2022-06-12,Dubai,Luxury Watches,Silver,Paid Social,1,11414,3802,11414,3802,7612,66.7
5002177,2022-06-12,Dubai,Designer Handbags,First-Time Buyer,Walk-in,1,3694,970,3694,970,2724,73.7
5009687,2022-06-12,Paris,Designer Handbags,Silver,Exclusive Invite,3,3794,570,11382,1710,9672,85.0
5009148,2022-06-12,Tokyo,Fine Jewelry,Gold,Organic Search,1,8007,1498,8007,1498,6509,81.3
5005065,2022-06-12,New York,Designer Handbags,First-Time Buyer,Paid Social,1,3246,1078,3246,1078,2168,66.8
5006743,2022-06-12,Milan,Designer Handbags,First-Time Buyer,Walk-in,2,3237,1045,6474,2090,4384,67.7
5004947,2022-06-12,Tokyo,Designer Handbags,Silver,Exclusive Invite,3,3141,496,9423,1488,7935,84.2
5006396,2022-06-12,Paris,Luxury Watches,Platinum (VIP),Paid Social,1,13600,3912,13600,3912,9688,71.2
5003030,2022-06-12,Paris,Designer Handbags,Silver,Exclusive Invite,1,2904,826,2904,826,2078,71.6
5000085,2022-06-12,Paris,Luxury Watches,Gold,Paid Social,1,12862,3305,12862,3305,9557,74.3
5000749,2022-06-12,Paris,Designer Handbags,First-Time Buyer,Organic Search,1,3735,952,3735,952,2783,74.5
5006622,2022-06-13,New York,Designer Handbags,Gold,Organic Search,3,3550,563,10650,1689,8961,84.1
5005920,2022-06-13,Tokyo,Haute Fragrance,First-Time Buyer,Exclusive Invite,1,347,68,347,68,279,80.4
5000389,2022-06-13,Dubai,Luxury Watches,Gold,Walk-in,1,14630,3247,14630,3247,11383,77.8
5002986,2022-06-13,Tokyo,Luxury Watches,Gold,Paid Social,3,13887,4035,41661,12105,29556,70.9
5008610,2022-06-13,Dubai,Haute Fragrance,Silver,Organic Search,1,377,69,377,69,308,81.7
5009708,2022-06-13,New York,Haute Fragrance,Silver,Organic Search,1,412,61,412,61,351,85.2
5001129,2022-06-13,New York,Fine Jewelry,First-Time Buyer,Walk-in,1,8159,2583,8159,2583,5576,68.3
5007358,2022-06-13,New York,Luxury Watches,First-Time Buyer,Paid Social,1,12509,2945,12509,2945,9564,76.5
5004036,2022-06-14,Milan,Luxury Watches,Silver,Organic Search,1,12080,3343,12080,3343,8737,72.3
5009149,2022-06-14,New York,Designer Handbags,Silver,Organic Search,2,2985,916,5970,1832,4138,69.3
5006446,2022-06-14,Tokyo,Designer Handbags,Silver,Organic Search,1,3398,655,3398,655,2743,80.7
5000789,2022-06-14,Paris,Designer Handbags,First-Time Buyer,Paid Social,1,3315,913,3315,913,2402,72.5
5009532,2022-06-14,Paris,Designer Handbags,Platinum (VIP),Exclusive Invite,1,3023,885,3023,885,2138,70.7
5009296,2022-06-14,New York,Designer Handbags,First-Time Buyer,Exclusive Invite,1,3280,1055,3280,1055,2225,67.8
5000563,2022-06-14,New York,Fine Jewelry,First-Time Buyer,Organic Search,1,10079,2248,10079,2248,7831,77.7
5000474,2022-06-14,Paris,Luxury Watches,First-Time Buyer,Organic Search,1,13228,3244,13228,3244,9984,75.5
5009984,2022-06-14,Tokyo,Luxury Watches,Gold,Organic Search,1,13077,2221,13077,2221,10856,83.0
5003845,2022-06-14,Milan,Designer Handbags,Gold,Paid Social,1,3457,610,3457,610,2847,82.4
5006529,2022-06-14,Dubai,Haute Fragrance,Gold,Exclusive Invite,2,393,68,786,136,650,82.7
5009080,2022-06-14,Milan,Luxury Watches,Gold,Organic Search,1,11808,3517,11808,3517,8291,70.2
5001980,2022-06-15,Tokyo,Haute Fragrance,Gold,Organic Search,1,346,103,346,103,243,70.2
5007403,2022-06-15,Paris,Designer Handbags,First-Time Buyer,Paid Social,1,3742,1250,3742,1250,2492,66.6
5003427,2022-06-15,Dubai,Luxury Watches,First-Time Buyer,Walk-in,1,13587,3014,13587,3014,10573,77.8
5009292,2022-06-15,Dubai,Luxury Watches,First-Time Buyer,Walk-in,1,14097,4580,14097,4580,9517,67.5
5003435,2022-06-15,Dubai,Luxury Watches,Gold,Paid Social,1,11406,3085,11406,3085,8321,73.0
5008845,2022-06-15,New York,Designer Handbags,First-Time Buyer,Exclusive Invite,1,3711,850,3711,850,2861,77.1
5003113,2022-06-15,Dubai,Designer Handbags,First-Time Buyer,Organic Search,1,3598,1096,3598,1096,2502,69.5
5002864,2022-06-15,Paris,Luxury Watches,First-Time Buyer,Walk-in,1,11722,3446,11722,3446,8276,70.6
5003279,2022-06-15,Tokyo,Luxury Watches,First-Time Buyer,Organic Search,1,14689,5039,14689,5039,9650,65.7
5000664,2022-06-15,Tokyo,Luxury Watches,First-Time Buyer,Walk-in,1,13104,2983,13104,2983,10121,77.2
5009299,2022-06-15,Dubai,Haute Fragrance,First-Time Buyer,Paid Social,1,350,94,350,94,256,73.1
5001183,2022-06-15,Tokyo,Fine Jewelry,First-Time Buyer,Organic Search,1,9870,1776,9870,1776,8094,82.0
5003092,2022-06-15,Paris,Designer Handbags,First-Time Buyer,Walk-in,1,3499,721,3499,721,2778,79.4
5001925,2022-06-15,Milan,Designer Handbags,Gold,Paid Social,1,2988,528,2988,528,2460,82.3
5007266,2022-06-15,New York,Designer Handbags,Platinum (VIP),Paid Social,1,3176,1005,3176,1005,2171,68.4
5007860,2022-06-15,Dubai,Fine Jewelry,First-Time Buyer,Organic Search,1,9588,1454,9588,1454,8134,84.8
5003256,2022-06-15,Dubai,Designer Handbags,Gold,Organic Search,1,3273,1004,3273,1004,2269,69.3
5007425,2022-06-15,Dubai,Designer Handbags,Gold,Walk-in,2,3748,898,7496,1796,5700,76.0
5008819,2022-06-15,New York,Haute Fragrance,Silver,Organic Search,1,331,99,331,99,232,70.1
5008883,2022-06-15,Paris,Luxury Watches,Silver,Exclusive Invite,1,14414,2568,14414,2568,11846,82.2
5006511,2022-06-15,Dubai,Fine Jewelry,Platinum (VIP),Walk-in,1,7926,2614,7926,2614,5312,67.0
5009378,2022-06-15,Milan,Fine Jewelry,Gold,Paid Social,1,9415,1756,9415,1756,7659,81.3
5002445,2022-06-15,Tokyo,Fine Jewelry,First-Time Buyer,Paid Social,1,8424,2286,8424,2286,6138,72.9
5009133,2022-06-16,Tokyo,Designer Handbags,Silver,Organic Search,1,3384,712,3384,712,2672,79.0
5004177,2022-06-16,Dubai,Designer Handbags,First-Time Buyer,Organic Search,1,3480,646,3480,646,2834,81.4
5006950,2022-06-16,New York,Haute Fragrance,First-Time Buyer,Organic Search,3,406,105,1218,315,903,74.1
5000466,2022-06-16,Paris,Luxury Watches,Platinum (VIP),Paid Social,1,11738,3073,11738,3073,8665,73.8
5006247,2022-06-16,Paris,Fine Jewelry,First-Time Buyer,Walk-in,1,9830,2390,9830,2390,7440,75.7
5006152,2022-06-16,Milan,Designer Handbags,Gold,Paid Social,1,3372,1151,3372,1151,2221,65.9
5004080,2022-06-16,Tokyo,Haute Fragrance,Gold,Organic Search,2,332,94,664,188,476,71.7
5008595,2022-06-16,Paris,Luxury Watches,First-Time Buyer,Paid Social,2,13768,2101,27536,4202,23334,84.7
5003914,2022-06-16,Paris,Haute Fragrance,First-Time Buyer,Walk-in,1,336,78,336,78,258,76.8
5001021,2022-06-16,Dubai,Designer Handbags,First-Time Buyer,Organic Search,2,3808,775,7616,1550,6066,79.6
5001364,2022-06-16,Tokyo,Designer Handbags,Silver,Walk-in,1,3800,1118,3800,1118,2682,70.6
5007788,2022-06-16,New York,Designer Handbags,Silver,Walk-in,2,2904,1006,5808,2012,3796,65.4
5009703,2022-06-17,New York,Luxury Watches,First-Time Buyer,Exclusive Invite,2,12343,2431,24686,4862,19824,80.3
5004373,2022-06-17,New York,Luxury Watches,Gold,Walk-in,1,14694,4848,14694,4848,9846,67.0
5000026,2022-06-17,New York,Designer Handbags,Silver,Walk-in,1,3104,781,3104,781,2323,74.8
5000216,2022-06-17,Paris,Luxury Watches,Silver,Walk-in,1,14539,3714,14539,3714,10825,74.5
5000219,2022-06-17,Milan,Luxury Watches,Silver,Organic Search,1,11515,2031,11515,2031,9484,82.4
5008480,2022-06-17,Paris,Luxury Watches,Platinum (VIP),Walk-in,2,13356,3061,26712,6122,20590,77.1
5007122,2022-06-17,New York,Fine Jewelry,Silver,Exclusive Invite,2,9038,2518,18076,5036,13040,72.1
5002401,2022-06-17,Tokyo,Designer Handbags,Platinum (VIP),Exclusive Invite,1,3734,568,3734,568,3166,84.8
5004543,2022-06-17,Milan,Designer Handbags,Silver,Paid Social,1,3448,694,3448,694,2754,79.9
5002160,2022-06-17,New York,Designer Handbags,Silver,Exclusive Invite,1,3462,973,3462,973,2489,71.9
5000939,2022-06-17,New York,Designer Handbags,Platinum (VIP),Walk-in,1,3528,954,3528,954,2574,73.0
5006563,2022-06-17,New York,Designer Handbags,Silver,Walk-in,1,2993,1045,2993,1045,1948,65.1
5003265,2022-06-17,Tokyo,Designer Handbags,First-Time Buyer,Walk-in,1,3740,947,3740,947,2793,74.7
5004962,2022-06-17,Dubai,Fine Jewelry,First-Time Buyer,Exclusive Invite,1,9503,2524,9503,2524,6979,73.4
5006309,2022-06-18,Dubai,Designer Handbags,Platinum (VIP),Walk-in,1,3126,663,3126,663,2463,78.8
5001944,2022-06-18,Tokyo,Designer Handbags,Silver,Walk-in,3,3693,699,11079,2097,8982,81.1
5004581,2022-06-18,Tokyo,Haute Fragrance,First-Time Buyer,Exclusive Invite,1,342,61,342,61,281,82.2
5008226,2022-06-18,New York,Fine Jewelry,Gold,Exclusive Invite,1,8205,2007,8205,2007,6198,75.5
5007004,2022-06-18,Tokyo,Fine Jewelry,First-Time Buyer,Exclusive Invite,1,10024,2030,10024,2030,7994,79.7
5000508,2022-06-18,Paris,Luxury Watches,Gold,Organic Search,1,13535,3524,13535,3524,10011,74.0
5007834,2022-06-18,New York,Designer Handbags,First-Time Buyer,Organic Search,1,2947,831,2947,831,2116,71.8
5007718,2022-06-18,New York,Haute Fragrance,Gold,Organic Search,1,342,87,342,87,255,74.6
5006705,2022-06-18,New York,Luxury Watches,Platinum (VIP),Paid Social,1,13098,4429,13098,4429,8669,66.2
5009520,2022-06-18,Tokyo,Designer Handbags,Silver,Walk-in,1,2892,692,2892,692,2200,76.1
5008058,2022-06-18,New York,Haute Fragrance,Gold,Walk-in,1,368,97,368,97,271,73.6
5000993,2022-06-18,New York,Designer Handbags,Silver,Exclusive Invite,1,3280,1112,3280,1112,2168,66.1
5004109,2022-06-18,New York,Luxury Watches,Silver,Walk-in,3,14710,3904,44130,11712,32418,73.5
5006259,2022-06-18,Dubai,Luxury Watches,Platinum (VIP),Paid Social,1,12357,3512,12357,3512,8845,71.6
5005369,2022-06-18,Milan,Luxury Watches,Silver,Walk-in,1,14609,2646,14609,2646,11963,81.9
5004448,2022-06-18,Tokyo,Luxury Watches,First-Time Buyer,Walk-in,1,14446,5053,14446,5053,9393,65.0
5001295,2022-06-18,Milan,Luxury Watches,First-Time Buyer,Organic Search,2,14964,3754,29928,7508,22420,74.9
5000374,2022-06-18,Milan,Luxury Watches,Silver,Walk-in,1,12749,2540,12749,2540,10209,80.1
5006167,2022-06-18,Paris,Luxury Watches,First-Time Buyer,Organic Search,1,12055,3281,12055,3281,8774,72.8
5008727,2022-06-19,Tokyo,Haute Fragrance,Gold,Paid Social,1,330,60,330,60,270,81.8
5002415,2022-06-19,Tokyo,Designer Handbags,Silver,Paid Social,2,3157,582,6314,1164,5150,81.6
5000545,2022-06-19,Paris,Haute Fragrance,First-Time Buyer,Paid Social,3,407,130,1221,390,831,68.1
5003124,2022-06-19,New York,Luxury Watches,First-Time Buyer,Organic Search,1,14159,3987,14159,3987,10172,71.8
5004104,2022-06-19,Tokyo,Designer Handbags,First-Time Buyer,Exclusive Invite,1,3273,894,3273,894,2379,72.7
5006979,2022-06-19,Paris,Luxury Watches,First-Time Buyer,Walk-in,1,14250,2242,14250,2242,12008,84.3
5000420,2022-06-19,Paris,Designer Handbags,Gold,Organic Search,1,2942,448,2942,448,2494,84.8
5005801,2022-06-19,New York,Haute Fragrance,First-Time Buyer,Exclusive Invite,1,341,101,341,101,240,70.4
5000418,2022-06-19,Paris,Luxury Watches,First-Time Buyer,Exclusive Invite,1,14721,2486,14721,2486,12235,83.1
5000332,2022-06-19,Tokyo,Fine Jewelry,Gold,Exclusive Invite,1,8039,1702,8039,1702,6337,78.8
5004342,2022-06-19,Dubai,Fine Jewelry,Platinum (VIP),Walk-in,1,9676,2419,9676,2419,7257,75.0
5005815,2022-06-19,Paris,Luxury Watches,First-Time Buyer,Organic Search,1,13575,4056,13575,4056,9519,70.1
5007971,2022-06-19,Paris,Haute Fragrance,Platinum (VIP),Organic Search,1,334,60,334,60,274,82.0
5008828,2022-06-19,Paris,Fine Jewelry,First-Time Buyer,Organic Search,1,8435,1864,8435,1864,6571,77.9
5002539,2022-06-20,Tokyo,Luxury Watches,First-Time Buyer,Walk-in,1,11320,3558,11320,3558,7762,68.6
5005383,2022-06-20,New York,Luxury Watches,Gold,Exclusive Invite,1,13001,3351,13001,3351,9650,74.2
5001374,2022-06-20,Paris,Haute Fragrance,Gold,Walk-in,1,334,83,334,83,251,75.1
5008267,2022-06-20,Dubai,Luxury Watches,Silver,Exclusive Invite,1,14706,3967,14706,3967,10739,73.0
5006162,2022-06-20,Paris,Luxury Watches,First-Time Buyer,Paid Social,1,13070,3101,13070,3101,9969,76.3
5002276,2022-06-20,Paris,Designer Handbags,Silver,Organic Search,1,3392,1090,3392,1090,2302,67.9
5003329,2022-06-20,New York,Designer Handbags,First-Time Buyer,Organic Search,1,3752,952,3752,952,2800,74.6
5003692,2022-06-20,Tokyo,Designer Handbags,Gold,Paid Social,1,3349,1095,3349,1095,2254,67.3
5000445,2022-06-20,New York,Luxury Watches,First-Time Buyer,Paid Social,1,14578,3188,14578,3188,11390,78.1
5001257,2022-06-20,Tokyo,Luxury Watches,Silver,Organic Search,1,14749,2967,14749,2967,11782,79.9
5003821,2022-06-20,Milan,Designer Handbags,Silver,Organic Search,1,3134,647,3134,647,2487,79.4
5009921,2022-06-20,Paris,Designer Handbags,Gold,Organic Search,2,3464,646,6928,1292,5636,81.4
5000150,2022-06-20,Paris,Designer Handbags,Silver,Walk-in,3,3146,1020,9438,3060,6378,67.6
5005468,2022-06-20,Dubai,Designer Handbags,First-Time Buyer,Walk-in,1,3364,582,3364,582,2782,82.7
5008918,2022-06-21,New York,Designer Handbags,First-Time Buyer,Organic Search,1,3661,762,3661,762,2899,79.2
5005510,2022-06-21,New York,Designer Handbags,Silver,Walk-in,2,3764,582,7528,1164,6364,84.5
5009927,2022-06-21,Milan,Fine Jewelry,Silver,Exclusive Invite,1,8829,2801,8829,2801,6028,68.3
5002602,2022-06-21,New York,Designer Handbags,Silver,Exclusive Invite,1,3206,724,3206,724,2482,77.4
5006465,2022-06-21,Paris,Luxury Watches,Gold,Paid Social,1,11968,3274,11968,3274,8694,72.6
5008384,2022-06-21,Paris,Designer Handbags,Silver,Exclusive Invite,1,3519,730,3519,730,2789,79.3
5008719,2022-06-21,Tokyo,Designer Handbags,First-Time Buyer,Paid Social,1,3735,665,3735,665,3070,82.2
5000353,2022-06-21,Tokyo,Fine Jewelry,Silver,Organic Search,1,9877,1804,9877,1804,8073,81.7
5009315,2022-06-21,Paris,Designer Handbags,Platinum (VIP),Paid Social,1,3306,627,3306,627,2679,81.0
5007064,2022-06-21,Milan,Fine Jewelry,First-Time Buyer,Organic Search,2,9442,3166,18884,6332,12552,66.5
5008889,2022-06-21,New York,Haute Fragrance,First-Time Buyer,Walk-in,1,320,90,320,90,230,71.9
5003604,2022-06-21,New York,Haute Fragrance,First-Time Buyer,Walk-in,1,320,86,320,86,234,73.1
5001951,2022-06-21,Dubai,Haute Fragrance,Gold,Paid Social,1,366,124,366,124,242,66.1
5004596,2022-06-21,Tokyo,Designer Handbags,Silver,Paid Social,1,3735,933,3735,933,2802,75.0
5004413,2022-06-22,Paris,Luxury Watches,Gold,Walk-in,2,12151,2160,24302,4320,19982,82.2
5004367,2022-06-22,Milan,Luxury Watches,First-Time Buyer,Paid Social,1,14381,2302,14381,2302,12079,84.0
5000823,2022-06-22,Tokyo,Designer Handbags,Gold,Walk-in,1,3171,508,3171,508,2663,84.0
5009411,2022-06-22,New York,Designer Handbags,First-Time Buyer,Paid Social,1,3812,854,3812,854,2958,77.6
5006957,2022-06-22,Milan,Designer Handbags,Silver,Exclusive Invite,1,3488,1068,3488,1068,2420,69.4
5009357,2022-06-22,Paris,Designer Handbags,First-Time Buyer,Exclusive Invite,1,3754,566,3754,566,3188,84.9
5005924,2022-06-22,Dubai,Luxury Watches,First-Time Buyer,Organic Search,1,12875,2388,12875,2388,10487,81.5
5005347,2022-06-22,Dubai,Luxury Watches,First-Time Buyer,Exclusive Invite,1,11699,3353,11699,3353,8346,71.3
5001828,2022-06-22,Tokyo,Fine Jewelry,First-Time Buyer,Walk-in,1,9604,2805,9604,2805,6799,70.8
5001189,2022-06-22,Dubai,Designer Handbags,Gold,Organic Search,1,3549,765,3549,765,2784,78.4
5003288,2022-06-22,Dubai,Fine Jewelry,First-Time Buyer,Organic Search,1,8379,1793,8379,1793,6586,78.6
5008415,2022-06-22,Paris,Designer Handbags,Platinum (VIP),Paid Social,1,3783,735,3783,735,3048,80.6
5003007,2022-06-22,New York,Luxury Watches,First-Time Buyer,Walk-in,1,12224,2984,12224,2984,9240,75.6
5008823,2022-06-22,Tokyo,Haute Fragrance,First-Time Buyer,Exclusive Invite,1,360,78,360,78,282,78.3
5001269,2022-06-22,Paris,Luxury Watches,Gold,Walk-in,1,12721,2968,12721,2968,9753,76.7
5004471,2022-06-23,Paris,Fine Jewelry,First-Time Buyer,Paid Social,1,7821,2619,7821,2619,5202,66.5
5007748,2022-06-23,New York,Luxury Watches,First-Time Buyer,Walk-in,1,13839,2108,13839,2108,11731,84.8
5002215,2022-06-23,Milan,Haute Fragrance,Silver,Walk-in,3,414,109,1242,327,915,73.7
5002935,2022-06-23,Milan,Designer Handbags,First-Time Buyer,Walk-in,1,3125,939,3125,939,2186,70.0
5001401,2022-06-23,Tokyo,Fine Jewelry,First-Time Buyer,Organic Search,1,7700,2054,7700,2054,5646,73.3
5006900,2022-06-23,New York,Designer Handbags,First-Time Buyer,Organic Search,1,3627,724,3627,724,2903,80.0
5007206,2022-06-23,Dubai,Designer Handbags,Silver,Organic Search,1,3812,1193,3812,1193,2619,68.7
5005389,2022-06-23,Paris,Luxury Watches,First-Time Buyer,Exclusive Invite,1,13075,2817,13075,2817,10258,78.5
5007040,2022-06-23,Dubai,Haute Fragrance,Silver,Walk-in,1,347,91,347,91,256,73.8
5001759,2022-06-23,Milan,Haute Fragrance,First-Time Buyer,Exclusive Invite,1,339,52,339,52,287,84.7
5008791,2022-06-23,Paris,Haute Fragrance,First-Time Buyer,Walk-in,1,329,99,329,99,230,69.9
5006301,2022-06-23,New York,Luxury Watches,First-Time Buyer,Paid Social,1,14105,4734,14105,4734,9371,66.4
5006438,2022-06-23,New York,Fine Jewelry,Platinum (VIP),Exclusive Invite,1,10106,2736,10106,2736,7370,72.9
5005667,2022-06-23,Paris,Luxury Watches,First-Time Buyer,Walk-in,1,14497,3015,14497,3015,11482,79.2
5002627,2022-06-24,Milan,Luxury Watches,Silver,Paid Social,1,14166,2232,14166,2232,11934,84.2
5008539,2022-06-24,Milan,Haute Fragrance,Silver,Exclusive Invite,1,373,73,373,73,300,80.4
5000226,2022-06-24,Dubai,Designer Handbags,First-Time Buyer,Paid Social,1,3016,775,3016,775,2241,74.3
5004896,2022-06-24,New York,Luxury Watches,Silver,Walk-in,1,13185,4195,13185,4195,8990,68.2
5006060,2022-06-24,Milan,Fine Jewelry,First-Time Buyer,Walk-in,1,8158,2329,8158,2329,5829,71.5
5001463,2022-06-24,Milan,Luxury Watches,Gold,Organic Search,1,12782,3716,12782,3716,9066,70.9
5004305,2022-06-24,New York,Luxury Watches,Silver,Organic Search,3,12449,3572,37347,10716,26631,71.3
5001022,2022-06-24,New York,Designer Handbags,First-Time Buyer,Exclusive Invite,1,3220,873,3220,873,2347,72.9
5008119,2022-06-24,Milan,Haute Fragrance,Silver,Paid Social,1,322,91,322,91,231,71.7
5006116,2022-06-24,New York,Fine Jewelry,Silver,Walk-in,1,9756,2647,9756,2647,7109,72.9
5006109,2022-06-24,Tokyo,Luxury Watches,First-Time Buyer,Exclusive Invite,1,14432,3615,14432,3615,10817,75.0
5005462,2022-06-24,Tokyo,Designer Handbags,First-Time Buyer,Organic Search,1,3100,926,3100,926,2174,70.1
5003694,2022-06-25,New York,Luxury Watches,Silver,Walk-in,1,14571,4885,14571,4885,9686,66.5
5008025,2022-06-25,New York,Designer Handbags,First-Time Buyer,Paid Social,1,3753,874,3753,874,2879,76.7
5003887,2022-06-25,New York,Fine Jewelry,Gold,Exclusive Invite,1,9378,1533,9378,1533,7845,83.7
5001841,2022-06-25,New York,Designer Handbags,Silver,Organic Search,2,3261,1038,6522,2076,4446,68.2
5001872,2022-06-25,Tokyo,Luxury Watches,First-Time Buyer,Walk-in,1,11662,3758,11662,3758,7904,67.8
5008208,2022-06-25,Paris,Fine Jewelry,First-Time Buyer,Organic Search,1,8002,2449,8002,2449,5553,69.4
5002116,2022-06-25,Paris,Luxury Watches,Platinum (VIP),Walk-in,1,11769,3579,11769,3579,8190,69.6
5001404,2022-06-25,Dubai,Luxury Watches,Silver,Exclusive Invite,1,14486,3912,14486,3912,10574,73.0
5002976,2022-06-25,New York,Luxury Watches,Silver,Walk-in,1,13192,4069,13192,4069,9123,69.2
5008176,2022-06-25,Dubai,Luxury Watches,Platinum (VIP),Walk-in,1,13546,4523,13546,4523,9023,66.6
5003211,2022-06-25,Milan,Designer Handbags,First-Time Buyer,Organic Search,1,3670,936,3670,936,2734,74.5
5001319,2022-06-25,Tokyo,Fine Jewelry,Silver,Exclusive Invite,2,10143,1760,20286,3520,16766,82.6
5003579,2022-06-25,Paris,Designer Handbags,Silver,Paid Social,1,3150,721,3150,721,2429,77.1
5001515,2022-06-25,New York,Haute Fragrance,First-Time Buyer,Walk-in,1,384,63,384,63,321,83.6
5002460,2022-06-25,Milan,Luxury Watches,First-Time Buyer,Walk-in,1,13246,2578,13246,2578,10668,80.5
5005496,2022-06-25,Tokyo,Fine Jewelry,Platinum (VIP),Paid Social,1,7678,2295,7678,2295,5383,70.1
5004380,2022-06-25,Tokyo,Haute Fragrance,First-Time Buyer,Paid Social,1,410,85,410,85,325,79.3
5003566,2022-06-25,Milan,Luxury Watches,First-Time Buyer,Organic Search,1,12288,2476,12288,2476,9812,79.9
5006200,2022-06-25,Milan,Luxury Watches,First-Time Buyer,Organic Search,1,14333,2601,14333,2601,11732,81.9
5004438,2022-06-26,Milan,Luxury Watches,Silver,Paid Social,2,14956,3897,29912,7794,22118,73.9
5008074,2022-06-26,New York,Luxury Watches,Platinum (VIP),Paid Social,1,13707,2632,13707,2632,11075,80.8
5005871,2022-06-26,Paris,Fine Jewelry,First-Time Buyer,Paid Social,1,8636,2336,8636,2336,6300,73.0
5007134,2022-06-26,Milan,Designer Handbags,Silver,Organic Search,1,3028,929,3028,929,2099,69.3
5007026,2022-06-26,Paris,Designer Handbags,Gold,Organic Search,1,2903,977,2903,977,1926,66.3
5005290,2022-06-26,Tokyo,Designer Handbags,First-Time Buyer,Exclusive Invite,1,3544,1210,3544,1210,2334,65.9
5008424,2022-06-26,Milan,Luxury Watches,Gold,Paid Social,2,12738,3500,25476,7000,18476,72.5
5004527,2022-06-26,Dubai,Fine Jewelry,Silver,Exclusive Invite,1,9845,2355,9845,2355,7490,76.1
5002262,2022-06-26,Paris,Haute Fragrance,Silver,Organic Search,1,392,89,392,89,303,77.3
5002341,2022-06-26,Dubai,Designer Handbags,First-Time Buyer,Organic Search,1,3019,550,3019,550,2469,81.8
5005248,2022-06-27,Milan,Luxury Watches,Silver,Organic Search,3,14688,2596,44064,7788,36276,82.3
5004068,2022-06-27,New York,Luxury Watches,First-Time Buyer,Walk-in,1,14364,4219,14364,4219,10145,70.6
5007602,2022-06-27,Milan,Fine Jewelry,Silver,Walk-in,1,10152,2320,10152,2320,7832,77.1
5003390,2022-06-27,New York,Fine Jewelry,First-Time Buyer,Paid Social,2,9559,2017,19118,4034,15084,78.9
5004235,2022-06-27,Milan,Luxury Watches,Gold,Paid Social,1,11318,2134,11318,2134,9184,81.1
5000880,2022-06-27,Paris,Designer Handbags,First-Time Buyer,Organic Search,1,3368,542,3368,542,2826,83.9
5004434,2022-06-27,Tokyo,Luxury Watches,Gold,Paid Social,2,12918,2130,25836,4260,21576,83.5
5000018,2022-06-27,Tokyo,Luxury Watches,Gold,Walk-in,1,14353,3148,14353,3148,11205,78.1
5001643,2022-06-27,Dubai,Fine Jewelry,First-Time Buyer,Exclusive Invite,1,10049,3174,10049,3174,6875,68.4
5004565,2022-06-27,Milan,Designer Handbags,First-Time Buyer,Walk-in,1,3458,1081,3458,1081,2377,68.7
5007132,2022-06-27,Dubai,Haute Fragrance,Gold,Walk-in,1,418,143,418,143,275,65.8
5005477,2022-06-27,Paris,Luxury Watches,Silver,Walk-in,1,14532,3771,14532,3771,10761,74.1
5004630,2022-06-27,New York,Luxury Watches,Silver,Paid Social,2,11561,1770,23122,3540,19582,84.7
5006471,2022-06-27,Tokyo,Luxury Watches,Silver,Exclusive Invite,1,11775,1933,11775,1933,9842,83.6
5006388,2022-06-27,Paris,Luxury Watches,Silver,Exclusive Invite,1,11769,2309,11769,2309,9460,80.4
5008763,2022-06-27,New York,Luxury Watches,First-Time Buyer,Organic Search,1,13874,4163,13874,4163,9711,70.0
5007837,2022-06-27,Paris,Haute Fragrance,Gold,Paid Social,1,400,96,400,96,304,76.0
5003686,2022-06-27,Milan,Luxury Watches,Gold,Organic Search,1,13334,3447,13334,3447,9887,74.1
5001114,2022-06-27,Tokyo,Haute Fragrance,Silver,Paid Social,1,384,75,384,75,309,80.5
5004492,2022-06-27,Tokyo,Designer Handbags,First-Time Buyer,Paid Social,1,2955,519,2955,519,2436,82.4
5002989,2022-06-27,New York,Designer Handbags,Gold,Walk-in,1,2960,690,2960,690,2270,76.7
5003851,2022-06-27,Dubai,Designer Handbags,First-Time Buyer,Walk-in,3,2911,1012,8733,3036,5697,65.2
5007253,2022-06-27,New York,Fine Jewelry,First-Time Buyer,Paid Social,1,8112,1642,8112,1642,6470,79.8
5008737,2022-06-27,Milan,Fine Jewelry,First-Time Buyer,Organic Search,1,8975,2710,8975,2710,6265,69.8
5007087,2022-06-27,Paris,Haute Fragrance,First-Time Buyer,Organic Search,2,395,93,790,186,604,76.5
5001617,2022-06-28,Paris,Luxury Watches,Gold,Paid Social,1,14615,2953,14615,2953,11662,79.8
5000947,2022-06-28,Milan,Designer Handbags,First-Time Buyer,Organic Search,1,3132,603,3132,603,2529,80.7
5004472,2022-06-28,New York,Fine Jewelry,Silver,Paid Social,1,8993,2924,8993,2924,6069,67.5
5002480,2022-06-28,Milan,Designer Handbags,Gold,Walk-in,3,3474,657,10422,1971,8451,81.1
5004226,2022-06-28,Paris,Luxury Watches,Platinum (VIP),Organic Search,2,11785,3879,23570,7758,15812,67.1
5008860,2022-06-28,Paris,Haute Fragrance,Silver,Walk-in,1,356,123,356,123,233,65.4
5002190,2022-06-28,Tokyo,Designer Handbags,First-Time Buyer,Paid Social,1,3265,854,3265,854,2411,73.8
5002187,2022-06-28,Paris,Haute Fragrance,First-Time Buyer,Organic Search,1,359,61,359,61,298,83.0
5005121,2022-06-28,Paris,Luxury Watches,Gold,Exclusive Invite,1,12721,2458,12721,2458,10263,80.7
5007427,2022-06-28,Dubai,Luxury Watches,Silver,Organic Search,1,12730,2698,12730,2698,10032,78.8
5004249,2022-06-28,Paris,Designer Handbags,Gold,Walk-in,1,2882,563,2882,563,2319,80.5
5004736,2022-06-28,Paris,Luxury Watches,Gold,Walk-in,1,12601,3922,12601,3922,8679,68.9
5004242,2022-06-29,Paris,Fine Jewelry,First-Time Buyer,Walk-in,1,9742,1940,9742,1940,7802,80.1
5005370,2022-06-29,Paris,Fine Jewelry,Gold,Walk-in,1,9744,2925,9744,2925,6819,70.0
5003060,2022-06-29,Paris,Designer Handbags,Silver,Walk-in,1,3546,761,3546,761,2785,78.5
5001089,2022-06-29,Milan,Fine Jewelry,First-Time Buyer,Paid Social,1,9072,2788,9072,2788,6284,69.3
5007043,2022-06-29,New York,Designer Handbags,Gold,Paid Social,1,3267,1143,3267,1143,2124,65.0
5008434,2022-06-29,Paris,Haute Fragrance,Silver,Organic Search,2,408,95,816,190,626,76.7
5000849,2022-06-29,Tokyo,Designer Handbags,First-Time Buyer,Organic Search,1,3310,835,3310,835,2475,74.8
5006964,2022-06-29,New York,Fine Jewelry,Silver,Paid Social,1,8396,2057,8396,2057,6339,75.5
5001023,2022-06-29,Milan,Designer Handbags,First-Time Buyer,Walk-in,1,3759,677,3759,677,3082,82.0
5000539,2022-06-30,New York,Luxury Watches,Platinum (VIP),Organic Search,1,13209,3474,13209,3474,9735,73.7
5001748,2022-06-30,Dubai,Fine Jewelry,Silver,Organic Search,1,9140,1781,9140,1781,7359,80.5
5007651,2022-06-30,Milan,Fine Jewelry,Silver,Paid Social,1,9518,1665,9518,1665,7853,82.5
5001042,2022-06-30,Paris,Designer Handbags,First-Time Buyer,Organic Search,2,3554,700,7108,1400,5708,80.3
5003287,2022-06-30,Tokyo,Fine Jewelry,First-Time Buyer,Paid Social,1,10044,2373,10044,2373,7671,76.4
5004785,2022-06-30,Dubai,Designer Handbags,First-Time Buyer,Walk-in,1,2898,717,2898,717,2181,75.3
5002926,2022-06-30,New York,Haute Fragrance,Silver,Paid Social,1,318,94,318,94,224,70.4
5000036,2022-06-30,Dubai,Fine Jewelry,First-Time Buyer,Walk-in,3,8233,1327,24699,3981,20718,83.9
5000793,2022-06-30,New York,Designer Handbags,Silver,Exclusive Invite,1,3569,1247,3569,1247,2322,65.1
5001316,2022-06-30,Paris,Designer Handbags,Silver,Organic Search,1,2889,542,2889,542,2347,81.2
5004014,2022-07-01,Paris,Luxury Watches,First-Time Buyer,Walk-in,2,11742,2692,23484,5384,18100,77.1
5009352,2022-07-01,Tokyo,Haute Fragrance,Silver,Walk-in,2,372,74,744,148,596,80.1
5002459,2022-07-01,Milan,Designer Handbags,First-Time Buyer,Organic Search,2,3664,827,7328,1654,5674,77.4
5001176,2022-07-01,New York,Fine Jewelry,Gold,Walk-in,1,8152,1992,8152,1992,6160,75.6
5007411,2022-07-01,Dubai,Fine Jewelry,Platinum (VIP),Organic Search,1,9627,2374,9627,2374,7253,75.3
5003318,2022-07-01,Dubai,Luxury Watches,Silver,Exclusive Invite,1,11926,2446,11926,2446,9480,79.5
5006491,2022-07-01,Dubai,Fine Jewelry,First-Time Buyer,Organic Search,1,7830,1727,7830,1727,6103,77.9
5006430,2022-07-01,New York,Designer Handbags,First-Time Buyer,Organic Search,2,3281,1081,6562,2162,4400,67.1
5006370,2022-07-02,Paris,Designer Handbags,Silver,Exclusive Invite,2,3038,700,6076,1400,4676,77.0
5003957,2022-07-02,Paris,Designer Handbags,Platinum (VIP),Walk-in,2,2991,488,5982,976,5006,83.7
5007133,2022-07-02,Tokyo,Designer Handbags,First-Time Buyer,Paid Social,1,3722,1218,3722,1218,2504,67.3
5004283,2022-07-02,Tokyo,Fine Jewelry,Silver,Organic Search,1,8247,2816,8247,2816,5431,65.9
5002016,2022-07-02,Tokyo,Haute Fragrance,Silver,Paid Social,1,379,109,379,109,270,71.2
5003910,2022-07-02,Dubai,Fine Jewelry,Platinum (VIP),Walk-in,1,9499,1904,9499,1904,7595,80.0
5000730,2022-07-02,Dubai,Haute Fragrance,First-Time Buyer,Paid Social,1,353,87,353,87,266,75.4
5004578,2022-07-02,Milan,Designer Handbags,Silver,Paid Social,1,3415,799,3415,799,2616,76.6
5000275,2022-07-02,Tokyo,Fine Jewelry,Silver,Exclusive Invite,1,8286,2673,8286,2673,5613,67.7
5008104,2022-07-02,Paris,Haute Fragrance,Silver,Paid Social,2,360,70,720,140,580,80.6
5006137,2022-07-02,New York,Fine Jewelry,Platinum (VIP),Organic Search,1,8662,2106,8662,2106,6556,75.7
5001228,2022-07-02,Tokyo,Luxury Watches,Platinum (VIP),Organic Search,1,12124,2987,12124,2987,9137,75.4
5007420,2022-07-02,New York,Designer Handbags,Gold,Paid Social,1,3711,947,3711,947,2764,74.5
5008009,2022-07-02,Milan,Luxury Watches,First-Time Buyer,Walk-in,1,13628,2225,13628,2225,11403,83.7
5004822,2022-07-03,Paris,Designer Handbags,First-Time Buyer,Exclusive Invite,2,3295,832,6590,1664,4926,74.7
5007200,2022-07-03,Dubai,Luxury Watches,Platinum (VIP),Organic Search,1,11603,1800,11603,1800,9803,84.5
5004677,2022-07-03,Milan,Designer Handbags,First-Time Buyer,Paid Social,1,3354,552,3354,552,2802,83.5
5003162,2022-07-03,New York,Fine Jewelry,Silver,Organic Search,1,8395,2927,8395,2927,5468,65.1
5002442,2022-07-03,Paris,Fine Jewelry,First-Time Buyer,Walk-in,1,10146,3079,10146,3079,7067,69.7
5009809,2022-07-03,Paris,Fine Jewelry,Platinum (VIP),Paid Social,1,9837,2918,9837,2918,6919,70.3
5005940,2022-07-03,Tokyo,Luxury Watches,First-Time Buyer,Organic Search,1,14713,4787,14713,4787,9926,67.5
5002303,2022-07-03,New York,Designer Handbags,First-Time Buyer,Walk-in,1,3499,958,3499,958,2541,72.6
5001966,2022-07-03,Milan,Fine Jewelry,Silver,Organic Search,1,9741,3320,9741,3320,6421,65.9
5001942,2022-07-03,Paris,Fine Jewelry,First-Time Buyer,Walk-in,1,8270,1492,8270,1492,6778,82.0
5006076,2022-07-04,Milan,Luxury Watches,Platinum (VIP),Exclusive Invite,1,12599,3753,12599,3753,8846,70.2
5006549,2022-07-04,Paris,Fine Jewelry,Gold,Walk-in,1,9570,2474,9570,2474,7096,74.1
5009098,2022-07-04,New York,Designer Handbags,Silver,Paid Social,1,3290,769,3290,769,2521,76.6
5007131,2022-07-04,Tokyo,Fine Jewelry,Platinum (VIP),Walk-in,1,9963,2267,9963,2267,7696,77.2
5005902,2022-07-04,Tokyo,Designer Handbags,Gold,Walk-in,1,3368,553,3368,553,2815,83.6
5006377,2022-07-04,Paris,Designer Handbags,Silver,Walk-in,1,3715,1092,3715,1092,2623,70.6
5009674,2022-07-04,Milan,Designer Handbags,First-Time Buyer,Paid Social,2,3284,848,6568,1696,4872,74.2
5005965,2022-07-04,Tokyo,Fine Jewelry,Platinum (VIP),Organic Search,1,8539,1916,8539,1916,6623,77.6
5009469,2022-07-04,Dubai,Fine Jewelry,First-Time Buyer,Paid Social,3,8093,2496,24279,7488,16791,69.2
5001170,2022-07-04,New York,Designer Handbags,Silver,Organic Search,1,3409,764,3409,764,2645,77.6
5007998,2022-07-04,Tokyo,Luxury Watches,Silver,Organic Search,1,14119,2259,14119,2259,11860,84.0
5006464,2022-07-04,Tokyo,Designer Handbags,Gold,Organic Search,1,3000,803,3000,803,2197,73.2
5005422,2022-07-04,Milan,Luxury Watches,Silver,Paid Social,2,13465,2787,26930,5574,21356,79.3
5001754,2022-07-04,Tokyo,Luxury Watches,Silver,Exclusive Invite,1,13242,4368,13242,4368,8874,67.0
5005264,2022-07-04,Tokyo,Designer Handbags,Silver,Walk-in,3,3398,536,10194,1608,8586,84.2
5000291,2022-07-05,Dubai,Fine Jewelry,First-Time Buyer,Organic Search,1,9176,2810,9176,2810,6366,69.4
5008490,2022-07-05,Paris,Designer Handbags,First-Time Buyer,Walk-in,1,3724,1193,3724,1193,2531,68.0
5009198,2022-07-05,Tokyo,Fine Jewelry,First-Time Buyer,Paid Social,1,7848,2480,7848,2480,5368,68.4
5000155,2022-07-05,Milan,Luxury Watches,Silver,Organic Search,1,14424,3232,14424,3232,11192,77.6
5009902,2022-07-05,Milan,Luxury Watches,First-Time Buyer,Paid Social,1,14555,4439,14555,4439,10116,69.5
5001572,2022-07-05,Paris,Fine Jewelry,Platinum (VIP),Organic Search,1,9453,1817,9453,1817,7636,80.8
5003200,2022-07-05,Tokyo,Designer Handbags,Silver,Walk-in,2,3609,782,7218,1564,5654,78.3
5005020,2022-07-05,Dubai,Luxury Watches,Silver,Organic Search,1,14667,4944,14667,4944,9723,66.3
5009747,2022-07-05,New York,Luxury Watches,Silver,Paid Social,1,14233,2620,14233,2620,11613,81.6
5002690,2022-07-05,Milan,Luxury Watches,Platinum (VIP),Exclusive Invite,1,12963,3534,12963,3534,9429,72.7
5001860,2022-07-06,Milan,Designer Handbags,First-Time Buyer,Walk-in,3,3524,546,10572,1638,8934,84.5
5006269,2022-07-06,Dubai,Haute Fragrance,Gold,Exclusive Invite,1,389,67,389,67,322,82.8
5003950,2022-07-06,Tokyo,Fine Jewelry,Silver,Organic Search,2,8561,1740,17122,3480,13642,79.7
5003328,2022-07-06,Paris,Haute Fragrance,Silver,Organic Search,2,345,106,690,212,478,69.3
5007991,2022-07-06,New York,Luxury Watches,First-Time Buyer,Paid Social,1,12118,3072,12118,3072,9046,74.6
5008363,2022-07-06,Tokyo,Fine Jewelry,First-Time Buyer,Paid Social,1,8381,1711,8381,1711,6670,79.6
5002811,2022-07-06,Milan,Fine Jewelry,Silver,Paid Social,1,9776,2260,9776,2260,7516,76.9
5000973,2022-07-06,Paris,Luxury Watches,Platinum (VIP),Paid Social,2,13279,4407,26558,8814,17744,66.8
5001562,2022-07-06,New York,Fine Jewelry,First-Time Buyer,Paid Social,1,10020,2768,10020,2768,7252,72.4
5008587,2022-07-06,Tokyo,Luxury Watches,Platinum (VIP),Paid Social,1,14979,2723,14979,2723,12256,81.8
5000487,2022-07-06,Dubai,Fine Jewelry,Gold,Paid Social,1,8934,3036,8934,3036,5898,66.0
5008166,2022-07-06,Tokyo,Luxury Watches,Platinum (VIP),Paid Social,2,14748,2782,29496,5564,23932,81.1
5002623,2022-07-06,Tokyo,Haute Fragrance,First-Time Buyer,Exclusive Invite,1,396,123,396,123,273,68.9
5001289,2022-07-06,Paris,Designer Handbags,First-Time Buyer,Paid Social,1,3373,573,3373,573,2800,83.0
5004732,2022-07-06,Milan,Designer Handbags,Silver,Organic Search,2,3493,1043,6986,2086,4900,70.1
5009063,2022-07-06,Milan,Fine Jewelry,First-Time Buyer,Organic Search,2,9184,2373,18368,4746,13622,74.2
5006005,2022-07-06,Tokyo,Fine Jewelry,Silver,Paid Social,2,7656,2538,15312,5076,10236,66.8
5005739,2022-07-07,Paris,Designer Handbags,First-Time Buyer,Organic Search,1,3775,1015,3775,1015,2760,73.1
5005697,2022-07-07,Paris,Fine Jewelry,First-Time Buyer,Organic Search,2,9230,2795,18460,5590,12870,69.7
5004685,2022-07-07,Dubai,Designer Handbags,Silver,Organic Search,1,3650,696,3650,696,2954,80.9
5001137,2022-07-07,New York,Fine Jewelry,First-Time Buyer,Walk-in,1,9124,1893,9124,1893,7231,79.3
5004796,2022-07-07,New York,Luxury Watches,Gold,Walk-in,1,11504,3785,11504,3785,7719,67.1
5006376,2022-07-07,Milan,Haute Fragrance,First-Time Buyer,Organic Search,1,418,67,418,67,351,84.0
5008527,2022-07-07,Milan,Fine Jewelry,Silver,Paid Social,1,8392,2588,8392,2588,5804,69.2
5009289,2022-07-07,Tokyo,Luxury Watches,First-Time Buyer,Walk-in,1,11631,3662,11631,3662,7969,68.5
5009690,2022-07-07,Paris,Fine Jewelry,Silver,Exclusive Invite,1,8883,2265,8883,2265,6618,74.5
5001497,2022-07-07,Tokyo,Luxury Watches,Silver,Exclusive Invite,1,13940,2887,13940,2887,11053,79.3
5004769,2022-07-07,Paris,Luxury Watches,Silver,Paid Social,1,12168,3508,12168,3508,8660,71.2
5008989,2022-07-07,Tokyo,Fine Jewelry,Silver,Walk-in,1,8766,1388,8766,1388,7378,84.2
5007366,2022-07-07,New York,Designer Handbags,First-Time Buyer,Paid Social,1,3017,575,3017,575,2442,80.9
5007075,2022-07-07,New York,Designer Handbags,Silver,Organic Search,1,3440,714,3440,714,2726,79.2
5001320,2022-07-08,Dubai,Luxury Watches,First-Time Buyer,Organic Search,1,14920,4433,14920,4433,10487,70.3
5000186,2022-07-08,Paris,Luxury Watches,Silver,Organic Search,1,14670,3523,14670,3523,11147,76.0
5002876,2022-07-08,Tokyo,Fine Jewelry,First-Time Buyer,Paid Social,1,9101,1918,9101,1918,7183,78.9
5007517,2022-07-08,Tokyo,Luxury Watches,Silver,Exclusive Invite,1,14843,4711,14843,4711,10132,68.3
5006454,2022-07-08,Paris,Fine Jewelry,Gold,Organic Search,1,10007,3281,10007,3281,6726,67.2
5001264,2022-07-08,Paris,Fine Jewelry,First-Time Buyer,Walk-in,2,7681,1622,15362,3244,12118,78.9
5004798,2022-07-08,Tokyo,Designer Handbags,Platinum (VIP),Organic Search,1,3143,548,3143,548,2595,82.6
5005998,2022-07-08,Paris,Luxury Watches,First-Time Buyer,Walk-in,1,12637,3349,12637,3349,9288,73.5
5008702,2022-07-08,Milan,Luxury Watches,First-Time Buyer,Walk-in,2,14199,2783,28398,5566,22832,80.4
5008642,2022-07-08,Dubai,Fine Jewelry,Gold,Walk-in,1,7790,2663,7790,2663,5127,65.8
5000201,2022-07-09,New York,Fine Jewelry,First-Time Buyer,Paid Social,1,8330,2685,8330,2685,5645,67.8
5002995,2022-07-09,Tokyo,Haute Fragrance,Silver,Organic Search,3,329,53,987,159,828,83.9
5006537,2022-07-09,New York,Luxury Watches,Silver,Organic Search,2,13550,2364,27100,4728,22372,82.6
5006810,2022-07-09,New York,Fine Jewelry,Platinum (VIP),Organic Search,1,8585,1812,8585,1812,6773,78.9
5008620,2022-07-09,Dubai,Designer Handbags,Silver,Organic Search,1,3211,936,3211,936,2275,70.9
5006070,2022-07-09,Tokyo,Designer Handbags,Silver,Paid Social,1,3375,556,3375,556,2819,83.5
5006329,2022-07-09,New York,Haute Fragrance,Platinum (VIP),Organic Search,1,398,129,398,129,269,67.6
5001568,2022-07-09,Paris,Designer Handbags,Gold,Exclusive Invite,1,3534,808,3534,808,2726,77.1
5000003,2022-07-09,Milan,Designer Handbags,First-Time Buyer,Paid Social,2,3131,726,6262,1452,4810,76.8
5005624,2022-07-09,Paris,Designer Handbags,First-Time Buyer,Paid Social,1,3282,859,3282,859,2423,73.8
5000505,2022-07-09,Tokyo,Fine Jewelry,Gold,Walk-in,1,8466,1466,8466,1466,7000,82.7
5001131,2022-07-10,Tokyo,Designer Handbags,Silver,Exclusive Invite,1,3559,790,3559,790,2769,77.8
5002069,2022-07-10,Milan,Designer Handbags,Silver,Organic Search,2,3037,916,6074,1832,4242,69.8
5009553,2022-07-10,Dubai,Designer Handbags,First-Time Buyer,Exclusive Invite,1,3540,1209,3540,1209,2331,65.8
5004223,2022-07-10,Tokyo,Haute Fragrance,First-Time Buyer,Organic Search,1,382,83,382,83,299,78.3
5002656,2022-07-10,New York,Designer Handbags,Platinum (VIP),Organic Search,1,3125,966,3125,966,2159,69.1
5003573,2022-07-10,New York,Fine Jewelry,Gold,Walk-in,1,9894,2159,9894,2159,7735,78.2
5008541,2022-07-10,Paris,Designer Handbags,Silver,Organic Search,1,3338,915,3338,915,2423,72.6
5006206,2022-07-10,Dubai,Designer Handbags,Silver,Organic Search,3,3321,674,9963,2022,7941,79.7
5008369,2022-07-11,New York,Fine Jewelry,Silver,Exclusive Invite,1,8327,2362,8327,2362,5965,71.6
5001276,2022-07-11,Dubai,Luxury Watches,Silver,Paid Social,1,12190,3408,12190,3408,8782,72.0
5005764,2022-07-11,New York,Fine Jewelry,First-Time Buyer,Paid Social,1,7745,1747,7745,1747,5998,77.4
5001388,2022-07-11,New York,Designer Handbags,First-Time Buyer,Organic Search,1,3170,616,3170,616,2554,80.6
5008808,2022-07-11,Milan,Designer Handbags,Silver,Exclusive Invite,1,3350,1153,3350,1153,2197,65.6
5004243,2022-07-11,Milan,Designer Handbags,Silver,Paid Social,1,3602,936,3602,936,2666,74.0
5009021,2022-07-11,Milan,Fine Jewelry,Gold,Organic Search,2,10140,2206,20280,4412,15868,78.2
5006567,2022-07-11,New York,Fine Jewelry,Silver,Organic Search,1,8333,2457,8333,2457,5876,70.5
5000509,2022-07-11,Dubai,Designer Handbags,Gold,Walk-in,1,2950,645,2950,645,2305,78.1
5001734,2022-07-11,Milan,Designer Handbags,Platinum (VIP),Exclusive Invite,1,3486,628,3486,628,2858,82.0
5004974,2022-07-11,New York,Designer Handbags,Gold,Exclusive Invite,1,3153,1018,3153,1018,2135,67.7
5003793,2022-07-11,Tokyo,Designer Handbags,First-Time Buyer,Walk-in,1,3798,587,3798,587,3211,84.5
5007817,2022-07-11,Dubai,Designer Handbags,First-Time Buyer,Paid Social,1,3595,614,3595,614,2981,82.9
5002858,2022-07-12,Tokyo,Designer Handbags,Platinum (VIP),Paid Social,1,3233,1072,3233,1072,2161,66.8
5006747,2022-07-12,New York,Designer Handbags,Platinum (VIP),Walk-in,1,2986,1004,2986,1004,1982,66.4
5000526,2022-07-12,Dubai,Fine Jewelry,First-Time Buyer,Paid Social,1,10100,3058,10100,3058,7042,69.7
5001454,2022-07-12,New York,Haute Fragrance,Gold,Walk-in,1,405,66,405,66,339,83.7
5005653,2022-07-12,Paris,Fine Jewelry,Gold,Organic Search,1,8004,2634,8004,2634,5370,67.1
5005488,2022-07-12,Dubai,Designer Handbags,Silver,Paid Social,1,3456,1033,3456,1033,2423,70.1
5008049,2022-07-12,Milan,Luxury Watches,Gold,Organic Search,1,13043,2493,13043,2493,10550,80.9
5007908,2022-07-12,Dubai,Luxury Watches,First-Time Buyer,Walk-in,1,13268,2399,13268,2399,10869,81.9
5004225,2022-07-12,Paris,Fine Jewelry,Gold,Exclusive Invite,1,9928,1792,9928,1792,8136,82.0
5007125,2022-07-12,Paris,Fine Jewelry,First-Time Buyer,Organic Search,1,9082,1963,9082,1963,7119,78.4
5003011,2022-07-12,Paris,Luxury Watches,Gold,Exclusive Invite,1,14180,4125,14180,4125,10055,70.9
5008284,2022-07-13,Paris,Luxury Watches,Silver,Organic Search,1,13434,3449,13434,3449,9985,74.3
5008473,2022-07-13,New York,Luxury Watches,Silver,Exclusive Invite,1,13954,2368,13954,2368,11586,83.0
5005385,2022-07-13,Tokyo,Luxury Watches,Silver,Paid Social,1,14469,4641,14469,4641,9828,67.9
5005274,2022-07-13,Milan,Designer Handbags,Silver,Exclusive Invite,1,2953,685,2953,685,2268,76.8
5002788,2022-07-13,New York,Designer Handbags,Silver,Organic Search,2,3550,962,7100,1924,5176,72.9
5002676,2022-07-13,Paris,Luxury Watches,Gold,Walk-in,1,13375,3706,13375,3706,9669,72.3
5003882,2022-07-13,Milan,Designer Handbags,First-Time Buyer,Organic Search,2,3396,945,6792,1890,4902,72.2
5005497,2022-07-13,New York,Designer Handbags,Silver,Organic Search,1,3216,839,3216,839,2377,73.9
5008684,2022-07-13,Paris,Haute Fragrance,First-Time Buyer,Walk-in,1,398,120,398,120,278,69.8
5006495,2022-07-13,Paris,Luxury Watches,Silver,Organic Search,1,14321,3895,14321,3895,10426,72.8
5007351,2022-07-13,Paris,Fine Jewelry,Silver,Paid Social,1,8145,2110,8145,2110,6035,74.1
5001683,2022-07-14,Dubai,Designer Handbags,First-Time Buyer,Walk-in,1,3306,699,3306,699,2607,78.9
5000311,2022-07-14,Tokyo,Designer Handbags,Silver,Walk-in,1,3801,722,3801,722,3079,81.0
5003452,2022-07-14,Paris,Designer Handbags,First-Time Buyer,Organic Search,1,3518,1085,3518,1085,2433,69.2
5006251,2022-07-14,New York,Fine Jewelry,First-Time Buyer,Paid Social,1,9433,1451,9433,1451,7982,84.6
5008960,2022-07-14,Dubai,Luxury Watches,First-Time Buyer,Exclusive Invite,1,12493,2062,12493,2062,10431,83.5
5001272,2022-07-14,Milan,Fine Jewelry,First-Time Buyer,Organic Search,1,10083,2195,10083,2195,7888,78.2
5000145,2022-07-14,Milan,Haute Fragrance,First-Time Buyer,Organic Search,1,349,99,349,99,250,71.6
5002770,2022-07-14,Dubai,Fine Jewelry,First-Time Buyer,Paid Social,2,9969,1803,19938,3606,16332,81.9
5002522,2022-07-14,Tokyo,Haute Fragrance,Silver,Organic Search,1,321,63,321,63,258,80.4
5002709,2022-07-14,New York,Luxury Watches,First-Time Buyer,Exclusive Invite,1,14534,4342,14534,4342,10192,70.1
5000001,2022-07-14,New York,Designer Handbags,First-Time Buyer,Walk-in,1,3035,462,3035,462,2573,84.8
5009152,2022-07-15,Milan,Fine Jewelry,Silver,Organic Search,1,8996,2387,8996,2387,6609,73.5
5002917,2022-07-15,Tokyo,Luxury Watches,First-Time Buyer,Walk-in,1,12067,2166,12067,2166,9901,82.1
5002007,2022-07-15,New York,Luxury Watches,Silver,Walk-in,1,11844,3624,11844,3624,8220,69.4
5009108,2022-07-15,Paris,Fine Jewelry,Gold,Organic Search,1,9509,1915,9509,1915,7594,79.9
5008798,2022-07-15,Milan,Luxury Watches,First-Time Buyer,Organic Search,1,12652,3929,12652,3929,8723,68.9
5000429,2022-07-15,Paris,Fine Jewelry,First-Time Buyer,Walk-in,1,9316,2426,9316,2426,6890,74.0
5002870,2022-07-15,Paris,Luxury Watches,Gold,Walk-in,2,13735,3508,27470,7016,20454,74.5
5002100,2022-07-15,Tokyo,Haute Fragrance,Silver,Paid Social,1,339,103,339,103,236,69.6
5009763,2022-07-15,Tokyo,Fine Jewelry,Gold,Organic Search,1,8884,2716,8884,2716,6168,69.4
5007231,2022-07-16,Tokyo,Designer Handbags,First-Time Buyer,Exclusive Invite,1,3086,721,3086,721,2365,76.6
5007980,2022-07-16,New York,Fine Jewelry,First-Time Buyer,Organic Search,1,9332,2615,9332,2615,6717,72.0
5000997,2022-07-16,Milan,Designer Handbags,First-Time Buyer,Exclusive Invite,3,3646,912,10938,2736,8202,75.0
5004542,2022-07-16,New York,Designer Handbags,First-Time Buyer,Walk-in,3,3500,750,10500,2250,8250,78.6
5000812,2022-07-17,Paris,Designer Handbags,First-Time Buyer,Organic Search,1,3021,1018,3021,1018,2003,66.3
5008937,2022-07-17,Paris,Fine Jewelry,Gold,Organic Search,1,7720,1451,7720,1451,6269,81.2
5005358,2022-07-17,New York,Fine Jewelry,Silver,Organic Search,1,7955,2529,7955,2529,5426,68.2
5008321,2022-07-17,Milan,Luxury Watches,Silver,Exclusive Invite,1,12823,4417,12823,4417,8406,65.6
5008540,2022-07-17,New York,Luxury Watches,Silver,Exclusive Invite,1,12265,2094,12265,2094,10171,82.9
5007666,2022-07-17,Paris,Designer Handbags,First-Time Buyer,Paid Social,1,3247,1099,3247,1099,2148,66.2
5009430,2022-07-17,Milan,Luxury Watches,First-Time Buyer,Organic Search,1,12091,2965,12091,2965,9126,75.5
5001682,2022-07-17,Paris,Luxury Watches,Silver,Organic Search,2,12882,2161,25764,4322,21442,83.2
5008070,2022-07-17,Milan,Luxury Watches,Silver,Organic Search,1,12656,2046,12656,2046,10610,83.8
5004352,2022-07-17,New York,Luxury Watches,Gold,Exclusive Invite,3,12026,4161,36078,12483,23595,65.4
5001559,2022-07-17,Paris,Haute Fragrance,Silver,Organic Search,1,398,127,398,127,271,68.1
5009571,2022-07-17,Tokyo,Designer Handbags,Silver,Paid Social,1,3470,897,3470,897,2573,74.1
5002306,2022-07-18,Paris,Luxury Watches,Gold,Organic Search,1,12813,3968,12813,3968,8845,69.0
5007880,2022-07-18,Dubai,Luxury Watches,First-Time Buyer,Paid Social,1,14571,4637,14571,4637,9934,68.2
5006434,2022-07-18,Paris,Luxury Watches,Silver,Walk-in,1,14915,2389,14915,2389,12526,84.0
5007283,2022-07-18,New York,Haute Fragrance,Gold,Paid Social,1,330,58,330,58,272,82.4
5006013,2022-07-18,Tokyo,Fine Jewelry,Silver,Organic Search,2,8125,2110,16250,4220,12030,74.0
5000184,2022-07-18,Dubai,Luxury Watches,First-Time Buyer,Exclusive Invite,1,11512,2878,11512,2878,8634,75.0
5004720,2022-07-18,New York,Designer Handbags,Silver,Exclusive Invite,3,3604,1242,10812,3726,7086,65.5
5004509,2022-07-18,Tokyo,Haute Fragrance,Gold,Organic Search,1,344,96,344,96,248,72.1
5004553,2022-07-18,Milan,Fine Jewelry,Gold,Paid Social,1,10146,1544,10146,1544,8602,84.8
5008149,2022-07-18,Tokyo,Designer Handbags,Silver,Organic Search,1,3603,956,3603,956,2647,73.5
5009635,2022-07-18,Paris,Luxury Watches,Silver,Walk-in,1,11310,2764,11310,2764,8546,75.6
5004684,2022-07-19,Milan,Haute Fragrance,First-Time Buyer,Walk-in,1,365,81,365,81,284,77.8
5000489,2022-07-19,New York,Luxury Watches,Gold,Paid Social,1,13785,2510,13785,2510,11275,81.8
5009051,2022-07-19,Paris,Luxury Watches,First-Time Buyer,Walk-in,1,11776,2608,11776,2608,9168,77.9
5004106,2022-07-19,New York,Fine Jewelry,First-Time Buyer,Paid Social,1,9207,1804,9207,1804,7403,80.4
5006922,2022-07-19,Tokyo,Fine Jewelry,Platinum (VIP),Organic Search,2,9357,2835,18714,5670,13044,69.7
5007182,2022-07-19,Paris,Luxury Watches,First-Time Buyer,Walk-in,3,11651,4012,34953,12036,22917,65.6
5000624,2022-07-19,Milan,Haute Fragrance,Platinum (VIP),Paid Social,1,318,85,318,85,233,73.3
5005072,2022-07-19,Paris,Fine Jewelry,Silver,Exclusive Invite,1,8383,1668,8383,1668,6715,80.1
5008195,2022-07-19,Dubai,Designer Handbags,Silver,Exclusive Invite,1,3464,1072,3464,1072,2392,69.1
5001390,2022-07-19,New York,Designer Handbags,Silver,Organic Search,1,3195,528,3195,528,2667,83.5
5002862,2022-07-20,Tokyo,Haute Fragrance,Silver,Paid Social,1,344,85,344,85,259,75.3
5009728,2022-07-20,Milan,Luxury Watches,First-Time Buyer,Organic Search,1,11637,1746,11637,1746,9891,85.0
5005428,2022-07-20,Milan,Luxury Watches,Silver,Organic Search,1,12602,1906,12602,1906,10696,84.9
5004812,2022-07-20,New York,Designer Handbags,Gold,Paid Social,1,3547,868,3547,868,2679,75.5
5009332,2022-07-20,New York,Luxury Watches,First-Time Buyer,Paid Social,2,14576,5023,29152,10046,19106,65.5
5007853,2022-07-20,New York,Haute Fragrance,Gold,Walk-in,1,388,126,388,126,262,67.5
5006361,2022-07-20,Paris,Luxury Watches,Silver,Exclusive Invite,1,11835,1953,11835,1953,9882,83.5
5003619,2022-07-20,New York,Designer Handbags,Gold,Organic Search,1,3216,1105,3216,1105,2111,65.6
5006145,2022-07-20,Paris,Designer Handbags,Silver,Walk-in,1,3409,829,3409,829,2580,75.7
5008865,2022-07-20,New York,Designer Handbags,Gold,Organic Search,1,2978,931,2978,931,2047,68.7
5008260,2022-07-20,Dubai,Designer Handbags,Gold,Walk-in,1,3317,532,3317,532,2785,84.0
5001317,2022-07-20,Dubai,Designer Handbags,Silver,Organic Search,1,3498,531,3498,531,2967,84.8
5004182,2022-07-20,Dubai,Fine Jewelry,First-Time Buyer,Paid Social,1,7763,1646,7763,1646,6117,78.8
5006764,2022-07-20,Dubai,Luxury Watches,Platinum (VIP),Paid Social,1,14866,2365,14866,2365,12501,84.1
5004152,2022-07-20,New York,Designer Handbags,Gold,Walk-in,1,3444,774,3444,774,2670,77.5
5004055,2022-07-20,Dubai,Designer Handbags,First-Time Buyer,Exclusive Invite,1,3822,832,3822,832,2990,78.2
5008214,2022-07-20,New York,Haute Fragrance,Silver,Walk-in,1,395,125,395,125,270,68.4
5009786,2022-07-21,Dubai,Luxury Watches,First-Time Buyer,Paid Social,3,13540,2704,40620,8112,32508,80.0
5003281,2022-07-21,Milan,Fine Jewelry,First-Time Buyer,Walk-in,1,8609,2553,8609,2553,6056,70.3
5009141,2022-07-21,New York,Fine Jewelry,Silver,Organic Search,1,10017,1948,10017,1948,8069,80.6
5009625,2022-07-21,Milan,Haute Fragrance,First-Time Buyer,Organic Search,1,342,60,342,60,282,82.5
5003270,2022-07-21,New York,Luxury Watches,Gold,Walk-in,1,13000,3259,13000,3259,9741,74.9
5009395,2022-07-21,Tokyo,Luxury Watches,Silver,Paid Social,1,12760,4404,12760,4404,8356,65.5
5005803,2022-07-21,New York,Designer Handbags,First-Time Buyer,Walk-in,2,3320,553,6640,1106,5534,83.3
5007815,2022-07-21,Milan,Fine Jewelry,First-Time Buyer,Paid Social,1,8407,1920,8407,1920,6487,77.2
5002052,2022-07-21,Paris,Designer Handbags,Silver,Organic Search,1,2911,965,2911,965,1946,66.8
5003364,2022-07-21,Tokyo,Haute Fragrance,Silver,Organic Search,1,352,80,352,80,272,77.3
5006290,2022-07-22,New York,Haute Fragrance,Platinum (VIP),Organic Search,1,413,136,413,136,277,67.1
5005600,2022-07-22,New York,Designer Handbags,Silver,Exclusive Invite,1,3652,577,3652,577,3075,84.2
5004846,2022-07-22,Tokyo,Designer Handbags,Gold,Exclusive Invite,1,2917,560,2917,560,2357,80.8
5007586,2022-07-22,New York,Luxury Watches,Silver,Paid Social,1,13743,3883,13743,3883,9860,71.7
5007760,2022-07-22,Paris,Haute Fragrance,First-Time Buyer,Organic Search,1,382,73,382,73,309,80.9
5004535,2022-07-22,Paris,Haute Fragrance,First-Time Buyer,Organic Search,1,327,100,327,100,227,69.4
5001851,2022-07-22,New York,Luxury Watches,Gold,Organic Search,3,12895,2491,38685,7473,31212,80.7
5006523,2022-07-22,New York,Haute Fragrance,Silver,Organic Search,1,386,123,386,123,263,68.1
5005374,2022-07-22,Tokyo,Designer Handbags,First-Time Buyer,Exclusive Invite,1,3786,858,3786,858,2928,77.3
5005891,2022-07-22,Paris,Designer Handbags,Platinum (VIP),Organic Search,1,3134,586,3134,586,2548,81.3
5002891,2022-07-22,Milan,Fine Jewelry,Silver,Organic Search,1,8976,2447,8976,2447,6529,72.7
5008817,2022-07-22,New York,Haute Fragrance,First-Time Buyer,Walk-in,1,339,68,339,68,271,79.9
5002702,2022-07-22,New York,Haute Fragrance,Gold,Organic Search,1,348,105,348,105,243,69.8
5000725,2022-07-23,Dubai,Haute Fragrance,Gold,Paid Social,1,360,103,360,103,257,71.4
5005416,2022-07-23,New York,Fine Jewelry,First-Time Buyer,Organic Search,1,9227,1605,9227,1605,7622,82.6
5008876,2022-07-23,Paris,Haute Fragrance,Silver,Paid Social,2,416,124,832,248,584,70.2
5009596,2022-07-23,Paris,Haute Fragrance,Gold,Organic Search,1,348,113,348,113,235,67.5
5008995,2022-07-23,Tokyo,Designer Handbags,First-Time Buyer,Walk-in,1,3412,1072,3412,1072,2340,68.6
5009091,2022-07-23,Paris,Luxury Watches,Gold,Exclusive Invite,1,12865,3320,12865,3320,9545,74.2
5002294,2022-07-23,Dubai,Fine Jewelry,Silver,Walk-in,1,8785,2698,8785,2698,6087,69.3
5005296,2022-07-23,Tokyo,Luxury Watches,Platinum (VIP),Walk-in,1,13594,2105,13594,2105,11489,84.5
5001208,2022-07-23,Paris,Designer Handbags,Silver,Walk-in,1,3057,979,3057,979,2078,68.0
5003412,2022-07-23,Milan,Fine Jewelry,Gold,Organic Search,1,7939,1444,7939,1444,6495,81.8
5004750,2022-07-23,Paris,Designer Handbags,Platinum (VIP),Paid Social,1,2936,549,2936,549,2387,81.3
5000034,2022-07-23,New York,Designer Handbags,Gold,Organic Search,1,3131,893,3131,893,2238,71.5
5008163,2022-07-23,New York,Luxury Watches,First-Time Buyer,Organic Search,1,13109,4268,13109,4268,8841,67.4
5002307,2022-07-23,New York,Designer Handbags,Silver,Exclusive Invite,1,3536,765,3536,765,2771,78.4
5005743,2022-07-23,New York,Haute Fragrance,First-Time Buyer,Organic Search,2,378,115,756,230,526,69.6
5007223,2022-07-24,New York,Designer Handbags,Silver,Exclusive Invite,1,3781,995,3781,995,2786,73.7
5003242,2022-07-24,Paris,Haute Fragrance,Gold,Exclusive Invite,1,382,101,382,101,281,73.6
5000119,2022-07-24,Dubai,Designer Handbags,Gold,Exclusive Invite,3,3549,1210,10647,3630,7017,65.9
5004730,2022-07-24,New York,Designer Handbags,Silver,Organic Search,1,2911,805,2911,805,2106,72.3
5005456,2022-07-24,Dubai,Designer Handbags,First-Time Buyer,Organic Search,1,3658,763,3658,763,2895,79.1
5003415,2022-07-24,New York,Fine Jewelry,First-Time Buyer,Exclusive Invite,1,10184,3249,10184,3249,6935,68.1
5007012,2022-07-24,Paris,Fine Jewelry,First-Time Buyer,Paid Social,1,9241,2012,9241,2012,7229,78.2
5009429,2022-07-24,Paris,Haute Fragrance,Silver,Paid Social,1,377,70,377,70,307,81.4
5009628,2022-07-24,Dubai,Designer Handbags,First-Time Buyer,Paid Social,1,3812,874,3812,874,2938,77.1
5006104,2022-07-24,New York,Designer Handbags,First-Time Buyer,Organic Search,1,3815,674,3815,674,3141,82.3
5001724,2022-07-24,Tokyo,Luxury Watches,Gold,Walk-in,1,13681,4680,13681,4680,9001,65.8
5007300,2022-07-24,New York,Designer Handbags,First-Time Buyer,Exclusive Invite,1,3231,1129,3231,1129,2102,65.1
5005327,2022-07-24,Dubai,Haute Fragrance,Platinum (VIP),Organic Search,1,376,111,376,111,265,70.5
5004637,2022-07-24,Paris,Fine Jewelry,Gold,Organic Search,1,8761,2147,8761,2147,6614,75.5
5000151,2022-07-24,Tokyo,Luxury Watches,Gold,Paid Social,1,11816,3388,11816,3388,8428,71.3
5006513,2022-07-24,Tokyo,Luxury Watches,First-Time Buyer,Organic Search,1,12127,1992,12127,1992,10135,83.6
5007099,2022-07-24,Tokyo,Fine Jewelry,Gold,Organic Search,2,9616,2450,19232,4900,14332,74.5
5002090,2022-07-24,Paris,Luxury Watches,Silver,Organic Search,1,11262,2897,11262,2897,8365,74.3
5006903,2022-07-24,Tokyo,Luxury Watches,First-Time Buyer,Paid Social,1,13187,3453,13187,3453,9734,73.8
5001909,2022-07-24,New York,Haute Fragrance,Silver,Walk-in,1,403,71,403,71,332,82.4
5001602,2022-07-24,New York,Designer Handbags,Silver,Organic Search,1,3699,842,3699,842,2857,77.2
5009485,2022-07-24,New York,Luxury Watches,First-Time Buyer,Exclusive Invite,1,11848,2069,11848,2069,9779,82.5
5002737,2022-07-24,Tokyo,Fine Jewelry,First-Time Buyer,Walk-in,1,8181,1914,8181,1914,6267,76.6
5008317,2022-07-24,Paris,Fine Jewelry,First-Time Buyer,Paid Social,1,8262,2212,8262,2212,6050,73.2
5009058,2022-07-24,New York,Designer Handbags,Gold,Organic Search,1,3647,934,3647,934,2713,74.4
5000989,2022-07-25,Dubai,Luxury Watches,Silver,Paid Social,2,13475,3033,26950,6066,20884,77.5
5009904,2022-07-25,Milan,Designer Handbags,Gold,Paid Social,1,2881,474,2881,474,2407,83.5
5007669,2022-07-25,Dubai,Luxury Watches,First-Time Buyer,Walk-in,2,12986,2569,25972,5138,20834,80.2
5009182,2022-07-25,New York,Fine Jewelry,Gold,Walk-in,1,8447,2556,8447,2556,5891,69.7
5003276,2022-07-25,Dubai,Luxury Watches,Gold,Organic Search,2,12997,3223,25994,6446,19548,75.2
5006503,2022-07-25,New York,Haute Fragrance,Gold,Paid Social,1,361,96,361,96,265,73.4
5007637,2022-07-25,Tokyo,Designer Handbags,First-Time Buyer,Walk-in,1,3202,868,3202,868,2334,72.9
5001097,2022-07-25,Milan,Fine Jewelry,Silver,Walk-in,1,8524,1930,8524,1930,6594,77.4
5001072,2022-07-25,Tokyo,Designer Handbags,Gold,Organic Search,1,3436,600,3436,600,2836,82.5
5008462,2022-07-26,New York,Luxury Watches,Gold,Walk-in,1,13712,3341,13712,3341,10371,75.6
5002798,2022-07-26,Paris,Designer Handbags,First-Time Buyer,Organic Search,1,3372,1110,3372,1110,2262,67.1
5005173,2022-07-26,Tokyo,Designer Handbags,Platinum (VIP),Exclusive Invite,1,3335,743,3335,743,2592,77.7
5009349,2022-07-26,Dubai,Designer Handbags,Platinum (VIP),Exclusive Invite,1,3774,634,3774,634,3140,83.2
5008986,2022-07-26,New York,Fine Jewelry,Gold,Paid Social,1,8998,2596,8998,2596,6402,71.1
5003849,2022-07-26,Paris,Fine Jewelry,Silver,Organic Search,1,9001,3093,9001,3093,5908,65.6
5009693,2022-07-26,Paris,Designer Handbags,First-Time Buyer,Paid Social,1,3447,1034,3447,1034,2413,70.0
5004524,2022-07-26,Paris,Designer Handbags,Silver,Walk-in,1,3187,582,3187,582,2605,81.7
5000938,2022-07-26,Dubai,Fine Jewelry,First-Time Buyer,Walk-in,1,7691,1292,7691,1292,6399,83.2
5001544,2022-07-26,New York,Designer Handbags,First-Time Buyer,Organic Search,1,3011,1002,3011,1002,2009,66.7
5007137,2022-07-26,Paris,Haute Fragrance,Silver,Walk-in,1,329,82,329,82,247,75.1
5000415,2022-07-26,Tokyo,Designer Handbags,Silver,Organic Search,1,3329,950,3329,950,2379,71.5
5008044,2022-07-26,Dubai,Haute Fragrance,Platinum (VIP),Paid Social,1,413,117,413,117,296,71.7
5002711,2022-07-26,Paris,Designer Handbags,First-Time Buyer,Walk-in,1,2928,595,2928,595,2333,79.7
5009502,2022-07-26,Tokyo,Haute Fragrance,Platinum (VIP),Organic Search,1,319,111,319,111,208,65.2
5009880,2022-07-26,New York,Luxury Watches,First-Time Buyer,Organic Search,1,12140,3068,12140,3068,9072,74.7
5008847,2022-07-27,New York,Designer Handbags,First-Time Buyer,Walk-in,1,3136,542,3136,542,2594,82.7
5008793,2022-07-27,Tokyo,Designer Handbags,First-Time Buyer,Paid Social,1,3189,557,3189,557,2632,82.5
5001141,2022-07-27,Dubai,Designer Handbags,Silver,Paid Social,1,3390,598,3390,598,2792,82.4
5005081,2022-07-27,New York,Designer Handbags,Silver,Exclusive Invite,1,3043,733,3043,733,2310,75.9
5004481,2022-07-27,Dubai,Luxury Watches,Gold,Organic Search,1,13482,3605,13482,3605,9877,73.3
5003992,2022-07-27,New York,Haute Fragrance,Gold,Organic Search,1,338,106,338,106,232,68.6
5003079,2022-07-27,New York,Fine Jewelry,Platinum (VIP),Paid Social,1,9844,1899,9844,1899,7945,80.7
5002167,2022-07-27,Paris,Fine Jewelry,Silver,Walk-in,1,7817,1235,7817,1235,6582,84.2
5001355,2022-07-27,Paris,Designer Handbags,First-Time Buyer,Organic Search,1,3525,742,3525,742,2783,79.0
5002892,2022-07-27,Milan,Luxury Watches,Platinum (VIP),Organic Search,1,14701,4991,14701,4991,9710,66.0
5007852,2022-07-27,Paris,Luxury Watches,First-Time Buyer,Walk-in,1,12103,3126,12103,3126,8977,74.2
5009201,2022-07-27,Milan,Fine Jewelry,First-Time Buyer,Organic Search,2,9767,2022,19534,4044,15490,79.3
5004078,2022-07-28,Dubai,Designer Handbags,First-Time Buyer,Organic Search,1,3395,844,3395,844,2551,75.1
5006498,2022-07-28,Dubai,Designer Handbags,Gold,Paid Social,1,3161,1106,3161,1106,2055,65.0
5003993,2022-07-28,New York,Luxury Watches,Silver,Walk-in,1,14692,5031,14692,5031,9661,65.8
5002034,2022-07-28,New York,Designer Handbags,Silver,Paid Social,1,3521,910,3521,910,2611,74.2
5003924,2022-07-28,Milan,Luxury Watches,First-Time Buyer,Organic Search,1,11556,3187,11556,3187,8369,72.4
5006184,2022-07-28,Milan,Fine Jewelry,Silver,Walk-in,1,8792,2259,8792,2259,6533,74.3
5006004,2022-07-28,Paris,Luxury Watches,Silver,Walk-in,2,14857,4984,29714,9968,19746,66.5
5006540,2022-07-28,Paris,Luxury Watches,First-Time Buyer,Walk-in,2,13797,3806,27594,7612,19982,72.4
5008137,2022-07-28,Dubai,Luxury Watches,Silver,Walk-in,1,11466,3064,11466,3064,8402,73.3
5005947,2022-07-28,Milan,Designer Handbags,Platinum (VIP),Paid Social,1,3783,649,3783,649,3134,82.8
5004985,2022-07-28,Paris,Haute Fragrance,First-Time Buyer,Organic Search,1,370,125,370,125,245,66.2
5009330,2022-07-28,Dubai,Designer Handbags,Platinum (VIP),Exclusive Invite,1,3113,1035,3113,1035,2078,66.8
5009652,2022-07-28,Tokyo,Luxury Watches,Gold,Paid Social,2,14100,4895,28200,9790,18410,65.3
5005702,2022-07-28,New York,Designer Handbags,Gold,Exclusive Invite,1,3174,623,3174,623,2551,80.4
5005123,2022-07-28,Paris,Luxury Watches,First-Time Buyer,Paid Social,1,14254,4017,14254,4017,10237,71.8
5008714,2022-07-28,Tokyo,Haute Fragrance,Silver,Exclusive Invite,1,357,115,357,115,242,67.8
5009641,2022-07-28,Paris,Fine Jewelry,Gold,Paid Social,1,9829,2957,9829,2957,6872,69.9
5007180,2022-07-29,Paris,Luxury Watches,Silver,Organic Search,1,11748,3806,11748,3806,7942,67.6
5003632,2022-07-29,Paris,Luxury Watches,First-Time Buyer,Exclusive Invite,1,14544,2839,14544,2839,11705,80.5
5009608,2022-07-29,Tokyo,Designer Handbags,Silver,Walk-in,1,3000,473,3000,473,2527,84.2
5005827,2022-07-29,Paris,Fine Jewelry,First-Time Buyer,Walk-in,1,8209,2181,8209,2181,6028,73.4
5000215,2022-07-29,New York,Designer Handbags,Platinum (VIP),Organic Search,1,3299,936,3299,936,2363,71.6
5001987,2022-07-29,Paris,Haute Fragrance,Gold,Paid Social,1,416,142,416,142,274,65.9
5005880,2022-07-29,Tokyo,Luxury Watches,Silver,Organic Search,1,11974,2546,11974,2546,9428,78.7
5003896,2022-07-29,Dubai,Luxury Watches,Silver,Paid Social,1,12240,3858,12240,3858,8382,68.5
5001125,2022-07-29,Paris,Designer Handbags,Gold,Organic Search,1,3727,585,3727,585,3142,84.3
5007066,2022-07-29,Tokyo,Haute Fragrance,First-Time Buyer,Exclusive Invite,1,370,90,370,90,280,75.7
5002399,2022-07-29,Paris,Designer Handbags,First-Time Buyer,Walk-in,1,3089,854,3089,854,2235,72.4
5009376,2022-07-29,Dubai,Designer Handbags,First-Time Buyer,Paid Social,1,3776,1009,3776,1009,2767,73.3
5004417,2022-07-29,Paris,Designer Handbags,Gold,Paid Social,2,3510,1071,7020,2142,4878,69.5
5001436,2022-07-29,New York,Haute Fragrance,Gold,Organic Search,1,347,80,347,80,267,76.9
5006575,2022-07-29,New York,Luxury Watches,Silver,Organic Search,1,13051,4426,13051,4426,8625,66.1
5005988,2022-07-30,New York,Fine Jewelry,Gold,Organic Search,1,9450,3274,9450,3274,6176,65.4
5002259,2022-07-30,New York,Luxury Watches,Silver,Organic Search,1,14626,4037,14626,4037,10589,72.4
5008081,2022-07-30,Milan,Fine Jewelry,Gold,Organic Search,2,8451,1428,16902,2856,14046,83.1
5002735,2022-07-30,New York,Designer Handbags,Platinum (VIP),Walk-in,1,3785,846,3785,846,2939,77.6
5000196,2022-07-30,Paris,Designer Handbags,First-Time Buyer,Organic Search,1,3063,1050,3063,1050,2013,65.7
5009574,2022-07-30,New York,Haute Fragrance,Silver,Exclusive Invite,1,328,98,328,98,230,70.1
5001679,2022-07-30,New York,Luxury Watches,Silver,Exclusive Invite,2,12222,2529,24444,5058,19386,79.3
5005340,2022-07-30,New York,Haute Fragrance,Silver,Paid Social,1,376,106,376,106,270,71.8
5004228,2022-07-30,Milan,Luxury Watches,Silver,Paid Social,1,11553,3381,11553,3381,8172,70.7
5003937,2022-07-31,Milan,Luxury Watches,First-Time Buyer,Walk-in,1,14513,2214,14513,2214,12299,84.7
5000254,2022-07-31,Milan,Luxury Watches,Silver,Organic Search,1,12867,3179,12867,3179,9688,75.3
5003107,2022-07-31,Milan,Luxury Watches,First-Time Buyer,Organic Search,1,14225,3962,14225,3962,10263,72.1
5008079,2022-07-31,Paris,Designer Handbags,Silver,Organic Search,1,3328,595,3328,595,2733,82.1
5007536,2022-07-31,Dubai,Luxury Watches,Silver,Exclusive Invite,1,14172,4702,14172,4702,9470,66.8
5000208,2022-07-31,New York,Luxury Watches,Gold,Paid Social,1,11938,1885,11938,1885,10053,84.2
5007969,2022-07-31,Dubai,Fine Jewelry,First-Time Buyer,Organic Search,1,8082,1950,8082,1950,6132,75.9
5002850,2022-07-31,New York,Fine Jewelry,Gold,Organic Search,1,8429,2799,8429,2799,5630,66.8
5009588,2022-07-31,Tokyo,Luxury Watches,Gold,Organic Search,3,11829,2961,35487,8883,26604,75.0
5004039,2022-08-01,Tokyo,Haute Fragrance,Platinum (VIP),Organic Search,1,373,108,373,108,265,71.0
5003558,2022-08-01,Tokyo,Luxury Watches,Silver,Paid Social,1,13499,2437,13499,2437,11062,81.9
5003392,2022-08-01,New York,Designer Handbags,Silver,Paid Social,1,3018,710,3018,710,2308,76.5
5002715,2022-08-01,Tokyo,Fine Jewelry,First-Time Buyer,Organic Search,2,8805,2341,17610,4682,12928,73.4
5004406,2022-08-01,Tokyo,Fine Jewelry,Silver,Walk-in,1,9454,2910,9454,2910,6544,69.2
5009770,2022-08-01,New York,Fine Jewelry,Platinum (VIP),Organic Search,1,9268,1951,9268,1951,7317,78.9
5007378,2022-08-01,Paris,Fine Jewelry,Gold,Exclusive Invite,1,9432,1575,9432,1575,7857,83.3
5006557,2022-08-01,Milan,Haute Fragrance,First-Time Buyer,Walk-in,1,345,104,345,104,241,69.9
5007076,2022-08-01,Tokyo,Haute Fragrance,Silver,Organic Search,2,384,115,768,230,538,70.1
5002413,2022-08-01,Paris,Fine Jewelry,Platinum (VIP),Paid Social,1,10185,2598,10185,2598,7587,74.5
5006209,2022-08-01,Tokyo,Luxury Watches,First-Time Buyer,Paid Social,2,12888,2241,25776,4482,21294,82.6
5003465,2022-08-01,Paris,Fine Jewelry,First-Time Buyer,Organic Search,1,9706,2700,9706,2700,7006,72.2
5007585,2022-08-01,Tokyo,Haute Fragrance,Silver,Walk-in,1,357,58,357,58,299,83.8
5003811,2022-08-01,Paris,Luxury Watches,Gold,Organic Search,1,14189,4701,14189,4701,9488,66.9
5004863,2022-08-01,Paris,Designer Handbags,Silver,Organic Search,1,3009,676,3009,676,2333,77.5
5006710,2022-08-01,Tokyo,Haute Fragrance,First-Time Buyer,Organic Search,1,323,99,323,99,224,69.3
5007062,2022-08-01,New York,Designer Handbags,Silver,Walk-in,1,3802,751,3802,751,3051,80.2
5009510,2022-08-02,Milan,Luxury Watches,First-Time Buyer,Organic Search,1,11462,3458,11462,3458,8004,69.8
5003319,2022-08-02,Paris,Haute Fragrance,Silver,Organic Search,1,402,85,402,85,317,78.9
5001899,2022-08-02,Milan,Luxury Watches,Silver,Paid Social,1,13168,2637,13168,2637,10531,80.0
5006805,2022-08-02,New York,Designer Handbags,Silver,Exclusive Invite,1,3269,933,3269,933,2336,71.5
5008248,2022-08-02,Tokyo,Designer Handbags,Silver,Organic Search,1,3821,912,3821,912,2909,76.1
5003959,2022-08-02,Tokyo,Luxury Watches,First-Time Buyer,Walk-in,1,12719,2417,12719,2417,10302,81.0
5004387,2022-08-02,New York,Luxury Watches,First-Time Buyer,Organic Search,1,14227,3469,14227,3469,10758,75.6
5004011,2022-08-02,New York,Haute Fragrance,Silver,Exclusive Invite,1,386,100,386,100,286,74.1
5004662,2022-08-03,Paris,Fine Jewelry,First-Time Buyer,Walk-in,1,9824,2034,9824,2034,7790,79.3
5008862,2022-08-03,Tokyo,Luxury Watches,First-Time Buyer,Paid Social,1,11936,1795,11936,1795,10141,85.0
5008676,2022-08-03,Dubai,Designer Handbags,First-Time Buyer,Walk-in,1,3102,502,3102,502,2600,83.8
5006351,2022-08-03,New York,Haute Fragrance,First-Time Buyer,Organic Search,3,341,62,1023,186,837,81.8
5007589,2022-08-03,Dubai,Haute Fragrance,Platinum (VIP),Walk-in,1,327,49,327,49,278,85.0
5006101,2022-08-03,Dubai,Designer Handbags,First-Time Buyer,Paid Social,2,2906,722,5812,1444,4368,75.2
5002299,2022-08-03,New York,Fine Jewelry,First-Time Buyer,Paid Social,1,8327,1889,8327,1889,6438,77.3
5008143,2022-08-03,Paris,Designer Handbags,First-Time Buyer,Exclusive Invite,1,3476,1152,3476,1152,2324,66.9
5000237,2022-08-04,Dubai,Designer Handbags,First-Time Buyer,Paid Social,2,2981,1009,5962,2018,3944,66.2
5007096,2022-08-04,Paris,Designer Handbags,First-Time Buyer,Organic Search,1,3736,713,3736,713,3023,80.9
5009419,2022-08-04,Paris,Luxury Watches,Silver,Walk-in,1,12686,3982,12686,3982,8704,68.6
5009405,2022-08-04,Milan,Designer Handbags,Gold,Walk-in,1,3120,529,3120,529,2591,83.0
5007098,2022-08-04,Tokyo,Designer Handbags,First-Time Buyer,Organic Search,1,3214,862,3214,862,2352,73.2
5003375,2022-08-04,Paris,Fine Jewelry,Platinum (VIP),Exclusive Invite,1,9752,2744,9752,2744,7008,71.9
5001313,2022-08-04,Paris,Designer Handbags,Platinum (VIP),Paid Social,1,2995,556,2995,556,2439,81.4
5007101,2022-08-04,Tokyo,Haute Fragrance,First-Time Buyer,Paid Social,1,365,78,365,78,287,78.6
5002035,2022-08-04,Tokyo,Designer Handbags,First-Time Buyer,Paid Social,1,3393,545,3393,545,2848,83.9
5002854,2022-08-04,Milan,Luxury Watches,Gold,Organic Search,1,12947,3861,12947,3861,9086,70.2
5008265,2022-08-04,New York,Luxury Watches,Gold,Walk-in,2,14442,3334,28884,6668,22216,76.9
5004900,2022-08-05,Paris,Fine Jewelry,Silver,Organic Search,1,8495,1801,8495,1801,6694,78.8
5006577,2022-08-05,New York,Designer Handbags,First-Time Buyer,Walk-in,1,3571,1152,3571,1152,2419,67.7
5005446,2022-08-05,Paris,Haute Fragrance,First-Time Buyer,Organic Search,1,368,62,368,62,306,83.2
5002491,2022-08-05,Milan,Luxury Watches,Gold,Exclusive Invite,1,12429,3806,12429,3806,8623,69.4
5002416,2022-08-05,Dubai,Fine Jewelry,First-Time Buyer,Organic Search,1,8955,2927,8955,2927,6028,67.3
5009162,2022-08-05,Tokyo,Luxury Watches,First-Time Buyer,Organic Search,1,12281,2663,12281,2663,9618,78.3
5002612,2022-08-05,New York,Designer Handbags,Gold,Organic Search,2,3786,750,7572,1500,6072,80.2
5006954,2022-08-05,Tokyo,Designer Handbags,Gold,Organic Search,1,2931,634,2931,634,2297,78.4
5004405,2022-08-06,Paris,Fine Jewelry,First-Time Buyer,Walk-in,1,8626,1808,8626,1808,6818,79.0
5008873,2022-08-06,Milan,Haute Fragrance,Gold,Exclusive Invite,3,389,127,1167,381,786,67.4
5008703,2022-08-06,New York,Designer Handbags,Gold,Paid Social,1,3487,580,3487,580,2907,83.4
5004691,2022-08-06,Dubai,Designer Handbags,First-Time Buyer,Exclusive Invite,1,3601,566,3601,566,3035,84.3
5008536,2022-08-06,New York,Haute Fragrance,First-Time Buyer,Organic Search,1,386,68,386,68,318,82.4
5007340,2022-08-06,Dubai,Designer Handbags,Gold,Organic Search,1,3645,608,3645,608,3037,83.3
5000372,2022-08-06,New York,Fine Jewelry,Gold,Walk-in,1,8388,2600,8388,2600,5788,69.0
5009514,2022-08-06,Milan,Luxury Watches,Platinum (VIP),Walk-in,3,13421,2039,40263,6117,34146,84.8
5003616,2022-08-06,Paris,Luxury Watches,First-Time Buyer,Paid Social,1,13101,4165,13101,4165,8936,68.2
5005873,2022-08-06,New York,Fine Jewelry,First-Time Buyer,Paid Social,1,7846,1980,7846,1980,5866,74.8
5008186,2022-08-06,Tokyo,Fine Jewelry,Gold,Exclusive Invite,1,7713,1996,7713,1996,5717,74.1
5000336,2022-08-06,New York,Designer Handbags,Silver,Walk-in,1,3309,530,3309,530,2779,84.0
5002899,2022-08-06,Dubai,Fine Jewelry,Silver,Walk-in,1,8371,2447,8371,2447,5924,70.8
5009097,2022-08-06,Tokyo,Designer Handbags,Gold,Exclusive Invite,1,2944,1024,2944,1024,1920,65.2
5006086,2022-08-06,Tokyo,Luxury Watches,Silver,Walk-in,1,14918,2401,14918,2401,12517,83.9
5005620,2022-08-06,Milan,Luxury Watches,Platinum (VIP),Organic Search,3,13842,2211,41526,6633,34893,84.0
5001913,2022-08-06,Tokyo,Luxury Watches,Gold,Organic Search,1,13166,4280,13166,4280,8886,67.5
5004366,2022-08-07,Tokyo,Designer Handbags,Gold,Paid Social,1,2946,882,2946,882,2064,70.1
5006302,2022-08-07,Milan,Fine Jewelry,Silver,Organic Search,1,7720,2631,7720,2631,5089,65.9
5007019,2022-08-07,Tokyo,Fine Jewelry,First-Time Buyer,Walk-in,1,9100,3065,9100,3065,6035,66.3
5000280,2022-08-07,Tokyo,Designer Handbags,Silver,Exclusive Invite,1,3007,591,3007,591,2416,80.3
5006592,2022-08-07,Milan,Designer Handbags,Silver,Walk-in,3,3622,601,10866,1803,9063,83.4
5006860,2022-08-07,Milan,Designer Handbags,Gold,Organic Search,1,2952,474,2952,474,2478,83.9
5009423,2022-08-07,Paris,Designer Handbags,Gold,Walk-in,1,3620,896,3620,896,2724,75.2
5006677,2022-08-07,Tokyo,Luxury Watches,First-Time Buyer,Paid Social,1,11793,2140,11793,2140,9653,81.9
5005713,2022-08-07,Paris,Luxury Watches,Platinum (VIP),Walk-in,1,14662,4948,14662,4948,9714,66.3
5002119,2022-08-07,Dubai,Designer Handbags,First-Time Buyer,Walk-in,1,3691,773,3691,773,2918,79.1
5005291,2022-08-08,New York,Luxury Watches,First-Time Buyer,Exclusive Invite,1,11904,3684,11904,3684,8220,69.1
5005791,2022-08-08,Paris,Designer Handbags,Gold,Organic Search,1,3601,1183,3601,1183,2418,67.1
5003990,2022-08-08,Milan,Haute Fragrance,Silver,Paid Social,1,359,62,359,62,297,82.7
5004643,2022-08-08,Milan,Fine Jewelry,Silver,Organic Search,1,8606,2892,8606,2892,5714,66.4
5006432,2022-08-08,Paris,Luxury Watches,First-Time Buyer,Organic Search,1,14779,4728,14779,4728,10051,68.0
5005958,2022-08-08,Paris,Fine Jewelry,First-Time Buyer,Organic Search,1,8638,2822,8638,2822,5816,67.3
5002161,2022-08-08,New York,Designer Handbags,First-Time Buyer,Organic Search,1,3735,977,3735,977,2758,73.8
5007857,2022-08-08,Milan,Designer Handbags,Silver,Organic Search,1,3196,1070,3196,1070,2126,66.5
5002877,2022-08-08,New York,Haute Fragrance,First-Time Buyer,Exclusive Invite,3,319,69,957,207,750,78.4
5001863,2022-08-08,New York,Designer Handbags,Silver,Exclusive Invite,3,3272,1102,9816,3306,6510,66.3
5004422,2022-08-08,Milan,Haute Fragrance,Silver,Organic Search,1,355,76,355,76,279,78.6
5008639,2022-08-09,Dubai,Designer Handbags,First-Time Buyer,Walk-in,1,3689,1260,3689,1260,2429,65.8
5007106,2022-08-09,New York,Luxury Watches,Platinum (VIP),Organic Search,1,13711,4516,13711,4516,9195,67.1
5000287,2022-08-09,Tokyo,Haute Fragrance,Platinum (VIP),Paid Social,1,335,90,335,90,245,73.1
5005632,2022-08-09,Tokyo,Designer Handbags,Gold,Organic Search,1,3611,1131,3611,1131,2480,68.7
5001902,2022-08-09,Tokyo,Designer Handbags,First-Time Buyer,Organic Search,1,3494,1114,3494,1114,2380,68.1
5000452,2022-08-09,Paris,Designer Handbags,Silver,Exclusive Invite,1,3076,883,3076,883,2193,71.3
5006897,2022-08-09,New York,Haute Fragrance,First-Time Buyer,Organic Search,2,395,84,790,168,622,78.7
5008275,2022-08-09,Paris,Designer Handbags,Gold,Walk-in,1,3344,696,3344,696,2648,79.2
5001494,2022-08-09,Milan,Designer Handbags,First-Time Buyer,Walk-in,1,3083,969,3083,969,2114,68.6
5009955,2022-08-09,Paris,Fine Jewelry,Platinum (VIP),Walk-in,1,9137,3190,9137,3190,5947,65.1
5004704,2022-08-09,Tokyo,Haute Fragrance,Silver,Paid Social,1,356,97,356,97,259,72.8
5001000,2022-08-09,Paris,Designer Handbags,First-Time Buyer,Paid Social,2,3535,579,7070,1158,5912,83.6
5001207,2022-08-10,Tokyo,Fine Jewelry,First-Time Buyer,Organic Search,1,8421,2911,8421,2911,5510,65.4
5001786,2022-08-10,Paris,Designer Handbags,First-Time Buyer,Paid Social,1,3821,1163,3821,1163,2658,69.6
5002424,2022-08-10,New York,Fine Jewelry,First-Time Buyer,Exclusive Invite,2,9997,1953,19994,3906,16088,80.5
5000892,2022-08-10,Tokyo,Fine Jewelry,First-Time Buyer,Exclusive Invite,1,9788,2398,9788,2398,7390,75.5
5002071,2022-08-10,New York,Designer Handbags,First-Time Buyer,Exclusive Invite,1,2948,816,2948,816,2132,72.3
5001109,2022-08-10,Milan,Designer Handbags,Silver,Paid Social,1,3701,782,3701,782,2919,78.9
5008418,2022-08-10,Milan,Designer Handbags,Gold,Walk-in,1,3555,1150,3555,1150,2405,67.7
5000071,2022-08-10,Paris,Designer Handbags,First-Time Buyer,Paid Social,2,3079,615,6158,1230,4928,80.0
5001793,2022-08-10,New York,Designer Handbags,Silver,Organic Search,1,3217,960,3217,960,2257,70.2
5007029,2022-08-10,New York,Luxury Watches,First-Time Buyer,Organic Search,1,12380,2572,12380,2572,9808,79.2
5000907,2022-08-10,Paris,Fine Jewelry,Silver,Exclusive Invite,1,9946,3349,9946,3349,6597,66.3
5006211,2022-08-10,Dubai,Designer Handbags,Platinum (VIP),Walk-in,1,2986,707,2986,707,2279,76.3
5006668,2022-08-10,Paris,Designer Handbags,Silver,Walk-in,2,3467,734,6934,1468,5466,78.8
5002956,2022-08-10,Tokyo,Fine Jewelry,First-Time Buyer,Walk-in,3,8123,2815,24369,8445,15924,65.3
5001878,2022-08-10,Tokyo,Haute Fragrance,First-Time Buyer,Paid Social,2,377,127,754,254,500,66.3
5007456,2022-08-10,Tokyo,Designer Handbags,Gold,Organic Search,1,3653,1044,3653,1044,2609,71.4
5000610,2022-08-10,Paris,Luxury Watches,First-Time Buyer,Walk-in,1,12046,2768,12046,2768,9278,77.0
5006875,2022-08-10,Dubai,Luxury Watches,Gold,Walk-in,2,13627,3101,27254,6202,21052,77.2
5003720,2022-08-10,Tokyo,Designer Handbags,Silver,Organic Search,1,3330,679,3330,679,2651,79.6
5002364,2022-08-10,Tokyo,Haute Fragrance,First-Time Buyer,Organic Search,1,346,92,346,92,254,73.4
5009832,2022-08-11,Tokyo,Fine Jewelry,First-Time Buyer,Organic Search,2,7929,2767,15858,5534,10324,65.1
5000398,2022-08-11,Dubai,Haute Fragrance,Silver,Paid Social,2,367,77,734,154,580,79.0
5008670,2022-08-11,Dubai,Luxury Watches,First-Time Buyer,Organic Search,1,11540,3224,11540,3224,8316,72.1
5008240,2022-08-11,Tokyo,Luxury Watches,Platinum (VIP),Paid Social,1,13960,2910,13960,2910,11050,79.2
5006920,2022-08-11,Paris,Designer Handbags,Silver,Walk-in,1,3440,822,3440,822,2618,76.1
5007350,2022-08-11,Dubai,Luxury Watches,Silver,Organic Search,1,14311,3441,14311,3441,10870,76.0
5004155,2022-08-11,Paris,Haute Fragrance,First-Time Buyer,Organic Search,1,354,114,354,114,240,67.8
5003707,2022-08-11,New York,Designer Handbags,First-Time Buyer,Walk-in,1,3401,1027,3401,1027,2374,69.8
5005028,2022-08-11,New York,Fine Jewelry,Silver,Paid Social,1,7851,1884,7851,1884,5967,76.0
5008515,2022-08-11,Tokyo,Designer Handbags,Platinum (VIP),Exclusive Invite,1,3285,906,3285,906,2379,72.4
5004304,2022-08-11,Dubai,Designer Handbags,Platinum (VIP),Organic Search,1,3181,940,3181,940,2241,70.4
5003094,2022-08-11,Tokyo,Designer Handbags,Silver,Exclusive Invite,1,3406,965,3406,965,2441,71.7
5007919,2022-08-11,Milan,Designer Handbags,Gold,Paid Social,1,2910,891,2910,891,2019,69.4
5003832,2022-08-11,New York,Luxury Watches,Silver,Paid Social,1,11499,2604,11499,2604,8895,77.4
5009308,2022-08-11,New York,Fine Jewelry,First-Time Buyer,Walk-in,1,9773,3286,9773,3286,6487,66.4
5001732,2022-08-12,New York,Designer Handbags,Gold,Paid Social,1,2882,1005,2882,1005,1877,65.1
5003134,2022-08-12,New York,Fine Jewelry,First-Time Buyer,Walk-in,1,8373,2228,8373,2228,6145,73.4
5004379,2022-08-12,Milan,Designer Handbags,Platinum (VIP),Organic Search,1,3255,757,3255,757,2498,76.7
5004673,2022-08-12,Dubai,Luxury Watches,Silver,Exclusive Invite,1,13377,3509,13377,3509,9868,73.8
5009254,2022-08-12,Paris,Luxury Watches,Gold,Exclusive Invite,1,14140,3776,14140,3776,10364,73.3
5004277,2022-08-12,Tokyo,Fine Jewelry,First-Time Buyer,Walk-in,1,10147,2253,10147,2253,7894,77.8
5006440,2022-08-12,New York,Luxury Watches,Gold,Walk-in,1,13727,3448,13727,3448,10279,74.9
5000678,2022-08-12,New York,Designer Handbags,First-Time Buyer,Paid Social,1,3060,903,3060,903,2157,70.5
5001473,2022-08-12,Paris,Luxury Watches,Gold,Organic Search,1,12379,2763,12379,2763,9616,77.7
5005549,2022-08-13,Paris,Luxury Watches,Platinum (VIP),Walk-in,1,12517,2309,12517,2309,10208,81.6
5006962,2022-08-13,New York,Haute Fragrance,Gold,Exclusive Invite,1,398,89,398,89,309,77.6
5007138,2022-08-13,New York,Designer Handbags,Gold,Exclusive Invite,1,3359,602,3359,602,2757,82.1
5000555,2022-08-13,Paris,Luxury Watches,Silver,Walk-in,1,11625,2294,11625,2294,9331,80.3
5002285,2022-08-13,Paris,Fine Jewelry,Silver,Paid Social,1,8473,1445,8473,1445,7028,82.9
5000359,2022-08-13,Dubai,Designer Handbags,First-Time Buyer,Paid Social,1,3825,644,3825,644,3181,83.2
5009196,2022-08-13,Paris,Luxury Watches,Silver,Walk-in,1,13198,3419,13198,3419,9779,74.1
5003899,2022-08-13,Tokyo,Designer Handbags,Silver,Organic Search,1,3752,1118,3752,1118,2634,70.2
5006445,2022-08-13,Milan,Designer Handbags,Silver,Paid Social,1,3017,717,3017,717,2300,76.2
5005704,2022-08-13,Tokyo,Fine Jewelry,Platinum (VIP),Walk-in,1,8597,2750,8597,2750,5847,68.0
5005708,2022-08-13,New York,Designer Handbags,Silver,Organic Search,2,3140,707,6280,1414,4866,77.5
5008755,2022-08-13,Milan,Luxury Watches,Silver,Walk-in,1,11567,2149,11567,2149,9418,81.4
5005663,2022-08-13,Milan,Designer Handbags,Silver,Walk-in,1,3805,1081,3805,1081,2724,71.6
5000035,2022-08-13,Tokyo,Fine Jewelry,First-Time Buyer,Paid Social,1,8170,1896,8170,1896,6274,76.8
5007092,2022-08-13,Paris,Designer Handbags,Gold,Organic Search,2,3780,1058,7560,2116,5444,72.0
5005180,2022-08-13,Dubai,Luxury Watches,Gold,Organic Search,1,14168,2131,14168,2131,12037,85.0
5000657,2022-08-13,Tokyo,Luxury Watches,First-Time Buyer,Organic Search,1,14028,2417,14028,2417,11611,82.8
5001837,2022-08-14,Tokyo,Luxury Watches,First-Time Buyer,Paid Social,1,12341,4058,12341,4058,8283,67.1
5008674,2022-08-14,Paris,Luxury Watches,Gold,Paid Social,1,11851,2377,11851,2377,9474,79.9
5008712,2022-08-14,Tokyo,Designer Handbags,First-Time Buyer,Paid Social,1,3814,1286,3814,1286,2528,66.3
5006233,2022-08-14,Paris,Luxury Watches,First-Time Buyer,Organic Search,1,11992,3574,11992,3574,8418,70.2
5004142,2022-08-14,Milan,Haute Fragrance,Silver,Walk-in,1,344,53,344,53,291,84.6
5009894,2022-08-14,Paris,Designer Handbags,First-Time Buyer,Organic Search,2,3038,921,6076,1842,4234,69.7
5001346,2022-08-14,Milan,Haute Fragrance,Silver,Paid Social,1,329,103,329,103,226,68.7
5001773,2022-08-14,Dubai,Designer Handbags,Gold,Organic Search,1,3215,976,3215,976,2239,69.6
5001785,2022-08-14,Dubai,Haute Fragrance,Platinum (VIP),Organic Search,1,362,101,362,101,261,72.1
5000519,2022-08-14,Tokyo,Luxury Watches,Silver,Paid Social,1,11997,2865,11997,2865,9132,76.1
5007979,2022-08-14,Tokyo,Designer Handbags,Gold,Walk-in,2,3560,829,7120,1658,5462,76.7
5002804,2022-08-14,Paris,Designer Handbags,Gold,Paid Social,2,3474,1121,6948,2242,4706,67.7
5002405,2022-08-14,Tokyo,Luxury Watches,Gold,Walk-in,1,14693,3268,14693,3268,11425,77.8
5006867,2022-08-14,New York,Designer Handbags,Gold,Walk-in,1,3326,970,3326,970,2356,70.8
5003853,2022-08-14,New York,Haute Fragrance,First-Time Buyer,Exclusive Invite,1,407,66,407,66,341,83.8
5002551,2022-08-14,Paris,Luxury Watches,Silver,Organic Search,1,13809,2828,13809,2828,10981,79.5
5005971,2022-08-14,Paris,Luxury Watches,First-Time Buyer,Organic Search,1,13386,2117,13386,2117,11269,84.2
5005753,2022-08-14,Tokyo,Fine Jewelry,Gold,Paid Social,1,9749,2620,9749,2620,7129,73.1
5006617,2022-08-14,Paris,Designer Handbags,First-Time Buyer,Organic Search,1,3173,912,3173,912,2261,71.3
5009134,2022-08-14,Milan,Fine Jewelry,Silver,Paid Social,1,8069,1317,8069,1317,6752,83.7
5007501,2022-08-15,Paris,Haute Fragrance,Gold,Paid Social,3,344,56,1032,168,864,83.7
5006813,2022-08-15,Dubai,Fine Jewelry,Gold,Exclusive Invite,1,9901,2032,9901,2032,7869,79.5
5002289,2022-08-15,Milan,Designer Handbags,First-Time Buyer,Paid Social,1,3271,1066,3271,1066,2205,67.4
5000121,2022-08-15,Milan,Luxury Watches,Gold,Paid Social,1,14712,3980,14712,3980,10732,72.9
5006603,2022-08-15,Paris,Designer Handbags,Silver,Paid Social,1,3541,1041,3541,1041,2500,70.6
5001076,2022-08-15,Milan,Designer Handbags,Silver,Organic Search,1,3784,797,3784,797,2987,78.9
5000728,2022-08-15,New York,Fine Jewelry,First-Time Buyer,Paid Social,1,8587,1343,8587,1343,7244,84.4
5002375,2022-08-15,Tokyo,Luxury Watches,Silver,Exclusive Invite,1,12000,3248,12000,3248,8752,72.9
5007375,2022-08-15,New York,Designer Handbags,First-Time Buyer,Paid Social,1,3123,836,3123,836,2287,73.2
5004383,2022-08-15,Dubai,Designer Handbags,First-Time Buyer,Walk-in,1,3354,763,3354,763,2591,77.3
5009657,2022-08-15,Paris,Designer Handbags,Platinum (VIP),Exclusive Invite,1,3252,645,3252,645,2607,80.2
5004629,2022-08-15,Tokyo,Luxury Watches,Gold,Paid Social,1,12708,2010,12708,2010,10698,84.2
5008710,2022-08-15,Paris,Fine Jewelry,Silver,Walk-in,1,8032,2739,8032,2739,5293,65.9
5004437,2022-08-15,Tokyo,Luxury Watches,First-Time Buyer,Paid Social,1,11474,2834,11474,2834,8640,75.3
5008342,2022-08-16,Dubai,Luxury Watches,Silver,Walk-in,1,12240,3974,12240,3974,8266,67.5
5003302,2022-08-16,Tokyo,Fine Jewelry,Silver,Walk-in,1,9676,1728,9676,1728,7948,82.1
5007236,2022-08-16,Paris,Haute Fragrance,Silver,Walk-in,1,348,118,348,118,230,66.1
5000621,2022-08-16,Paris,Luxury Watches,First-Time Buyer,Organic Search,2,12263,3105,24526,6210,18316,74.7
5006022,2022-08-16,New York,Haute Fragrance,Gold,Organic Search,1,329,75,329,75,254,77.2
5004390,2022-08-16,Paris,Designer Handbags,First-Time Buyer,Organic Search,1,3638,751,3638,751,2887,79.4
5005210,2022-08-16,New York,Designer Handbags,First-Time Buyer,Organic Search,3,3655,861,10965,2583,8382,76.4
5007988,2022-08-16,Paris,Luxury Watches,Silver,Organic Search,1,11455,2843,11455,2843,8612,75.2
5003861,2022-08-16,Tokyo,Fine Jewelry,First-Time Buyer,Organic Search,1,7810,1768,7810,1768,6042,77.4
5005631,2022-08-16,Paris,Luxury Watches,First-Time Buyer,Walk-in,1,13398,3840,13398,3840,9558,71.3
5000263,2022-08-16,Dubai,Luxury Watches,First-Time Buyer,Paid Social,1,11399,2347,11399,2347,9052,79.4
5009287,2022-08-16,New York,Luxury Watches,First-Time Buyer,Organic Search,1,11340,2034,11340,2034,9306,82.1
5008789,2022-08-16,New York,Designer Handbags,Silver,Exclusive Invite,1,2897,829,2897,829,2068,71.4
5003365,2022-08-16,New York,Luxury Watches,First-Time Buyer,Walk-in,1,11737,2934,11737,2934,8803,75.0
5002578,2022-08-16,Paris,Fine Jewelry,First-Time Buyer,Organic Search,1,9177,2452,9177,2452,6725,73.3
5000099,2022-08-17,Dubai,Haute Fragrance,First-Time Buyer,Organic Search,1,405,69,405,69,336,83.0
5009249,2022-08-17,Tokyo,Designer Handbags,Gold,Organic Search,1,3751,832,3751,832,2919,77.8
5001762,2022-08-17,Milan,Fine Jewelry,Silver,Organic Search,1,8749,2595,8749,2595,6154,70.3
5003800,2022-08-17,New York,Designer Handbags,First-Time Buyer,Exclusive Invite,1,3497,1031,3497,1031,2466,70.5
5005559,2022-08-17,Paris,Designer Handbags,Platinum (VIP),Paid Social,2,3239,911,6478,1822,4656,71.9
5007596,2022-08-17,New York,Designer Handbags,First-Time Buyer,Paid Social,1,3766,1252,3766,1252,2514,66.8
5007728,2022-08-17,New York,Luxury Watches,Silver,Organic Search,1,12952,3133,12952,3133,9819,75.8
5009905,2022-08-17,Dubai,Designer Handbags,Silver,Organic Search,1,3331,1139,3331,1139,2192,65.8
5009566,2022-08-17,Milan,Designer Handbags,Silver,Walk-in,1,3184,841,3184,841,2343,73.6
5004891,2022-08-17,Tokyo,Designer Handbags,First-Time Buyer,Paid Social,1,3604,1059,3604,1059,2545,70.6
5008661,2022-08-17,New York,Designer Handbags,First-Time Buyer,Walk-in,1,3558,792,3558,792,2766,77.7
5001263,2022-08-17,New York,Haute Fragrance,Platinum (VIP),Paid Social,1,327,51,327,51,276,84.4
5006080,2022-08-17,Milan,Fine Jewelry,First-Time Buyer,Organic Search,1,8751,2765,8751,2765,5986,68.4
5003041,2022-08-17,Paris,Haute Fragrance,First-Time Buyer,Organic Search,1,324,100,324,100,224,69.1
5004089,2022-08-17,Paris,Designer Handbags,Gold,Walk-in,1,3832,829,3832,829,3003,78.4
5003051,2022-08-17,Milan,Luxury Watches,Gold,Organic Search,2,14083,4123,28166,8246,19920,70.7
5002944,2022-08-18,Dubai,Designer Handbags,Silver,Walk-in,3,3320,980,9960,2940,7020,70.5
5001992,2022-08-18,Paris,Haute Fragrance,First-Time Buyer,Paid Social,1,360,115,360,115,245,68.1
5006073,2022-08-18,Paris,Haute Fragrance,Gold,Organic Search,1,345,65,345,65,280,81.2
5003032,2022-08-18,Tokyo,Luxury Watches,First-Time Buyer,Exclusive Invite,1,11918,3961,11918,3961,7957,66.8
5007579,2022-08-18,Paris,Designer Handbags,First-Time Buyer,Paid Social,2,2982,666,5964,1332,4632,77.7
5000013,2022-08-18,Paris,Fine Jewelry,Silver,Organic Search,2,9284,1665,18568,3330,15238,82.1
5003734,2022-08-18,New York,Fine Jewelry,First-Time Buyer,Organic Search,2,7812,1851,15624,3702,11922,76.3
5007732,2022-08-18,Milan,Haute Fragrance,Silver,Walk-in,1,417,103,417,103,314,75.3
5008678,2022-08-18,New York,Fine Jewelry,First-Time Buyer,Walk-in,1,8951,2609,8951,2609,6342,70.9
5007435,2022-08-18,Milan,Haute Fragrance,First-Time Buyer,Organic Search,1,386,130,386,130,256,66.3
5007989,2022-08-18,Milan,Luxury Watches,Platinum (VIP),Paid Social,1,14044,2207,14044,2207,11837,84.3
5005363,2022-08-18,Dubai,Haute Fragrance,Silver,Organic Search,1,373,60,373,60,313,83.9
5008110,2022-08-18,Tokyo,Fine Jewelry,Platinum (VIP),Paid Social,1,9596,2002,9596,2002,7594,79.1
5007400,2022-08-18,Dubai,Fine Jewelry,Silver,Paid Social,1,8116,1412,8116,1412,6704,82.6
5006721,2022-08-19,Tokyo,Luxury Watches,Gold,Organic Search,3,12550,3018,37650,9054,28596,76.0
5008034,2022-08-19,New York,Designer Handbags,First-Time Buyer,Walk-in,1,3572,1239,3572,1239,2333,65.3
5001660,2022-08-19,Milan,Designer Handbags,First-Time Buyer,Paid Social,1,3277,534,3277,534,2743,83.7
5007191,2022-08-19,Dubai,Haute Fragrance,First-Time Buyer,Paid Social,1,341,70,341,70,271,79.5
5009404,2022-08-19,Paris,Luxury Watches,First-Time Buyer,Organic Search,1,14789,4549,14789,4549,10240,69.2
5009759,2022-08-19,Paris,Fine Jewelry,Silver,Paid Social,2,10095,3466,20190,6932,13258,65.7
5005662,2022-08-19,Dubai,Luxury Watches,Gold,Walk-in,1,11760,3427,11760,3427,8333,70.9
5006559,2022-08-19,Dubai,Luxury Watches,Silver,Organic Search,2,11684,3644,23368,7288,16080,68.8
5004123,2022-08-19,New York,Designer Handbags,Silver,Exclusive Invite,1,3615,846,3615,846,2769,76.6
5008625,2022-08-19,Milan,Designer Handbags,Silver,Exclusive Invite,1,3717,713,3717,713,3004,80.8
5006315,2022-08-19,Paris,Haute Fragrance,Platinum (VIP),Exclusive Invite,1,406,138,406,138,268,66.0
5000497,2022-08-19,New York,Luxury Watches,Silver,Exclusive Invite,2,14973,4303,29946,8606,21340,71.3
5008273,2022-08-19,New York,Fine Jewelry,Gold,Organic Search,1,9101,2211,9101,2211,6890,75.7
5008411,2022-08-19,New York,Designer Handbags,First-Time Buyer,Organic Search,1,2905,647,2905,647,2258,77.7
5008531,2022-08-20,Tokyo,Fine Jewelry,First-Time Buyer,Exclusive Invite,1,9649,2178,9649,2178,7471,77.4
5008708,2022-08-20,New York,Luxury Watches,First-Time Buyer,Organic Search,3,12551,2812,37653,8436,29217,77.6
5004646,2022-08-20,Milan,Luxury Watches,First-Time Buyer,Organic Search,2,12115,1923,24230,3846,20384,84.1
5009611,2022-08-20,Milan,Fine Jewelry,Gold,Organic Search,1,8852,1684,8852,1684,7168,81.0
5007161,2022-08-20,New York,Designer Handbags,Silver,Walk-in,1,3202,497,3202,497,2705,84.5
5000597,2022-08-20,Paris,Designer Handbags,Silver,Paid Social,1,3394,681,3394,681,2713,79.9
5008992,2022-08-20,Tokyo,Fine Jewelry,First-Time Buyer,Organic Search,1,7711,1384,7711,1384,6327,82.1
5000972,2022-08-20,New York,Haute Fragrance,First-Time Buyer,Exclusive Invite,3,414,140,1242,420,822,66.2
5006687,2022-08-20,Tokyo,Designer Handbags,First-Time Buyer,Organic Search,1,3599,831,3599,831,2768,76.9
5005282,2022-08-20,Dubai,Luxury Watches,Gold,Paid Social,3,13969,4698,41907,14094,27813,66.4
5000228,2022-08-20,New York,Luxury Watches,First-Time Buyer,Organic Search,1,13784,2745,13784,2745,11039,80.1
5005629,2022-08-21,Dubai,Designer Handbags,First-Time Buyer,Exclusive Invite,1,2930,506,2930,506,2424,82.7
5005962,2022-08-21,Milan,Designer Handbags,First-Time Buyer,Paid Social,1,3086,919,3086,919,2167,70.2
5003501,2022-08-21,New York,Designer Handbags,First-Time Buyer,Organic Search,1,3379,1059,3379,1059,2320,68.7
5009362,2022-08-21,Tokyo,Fine Jewelry,First-Time Buyer,Organic Search,1,9770,3384,9770,3384,6386,65.4
5004641,2022-08-21,New York,Luxury Watches,Silver,Walk-in,1,11434,3386,11434,3386,8048,70.4
5003413,2022-08-21,New York,Designer Handbags,Gold,Paid Social,1,3535,543,3535,543,2992,84.6
5001644,2022-08-21,Tokyo,Fine Jewelry,Silver,Walk-in,3,9236,1501,27708,4503,23205,83.7
5007794,2022-08-21,New York,Haute Fragrance,First-Time Buyer,Paid Social,1,365,56,365,56,309,84.7
5007848,2022-08-21,Milan,Designer Handbags,First-Time Buyer,Organic Search,1,2921,639,2921,639,2282,78.1
5005938,2022-08-21,Tokyo,Luxury Watches,Gold,Paid Social,2,12825,3948,25650,7896,17754,69.2
5009001,2022-08-21,Paris,Designer Handbags,First-Time Buyer,Organic Search,1,3112,542,3112,542,2570,82.6
5004059,2022-08-21,Milan,Designer Handbags,Gold,Exclusive Invite,1,3520,1222,3520,1222,2298,65.3
5000363,2022-08-22,Tokyo,Luxury Watches,Silver,Paid Social,3,14074,2422,42222,7266,34956,82.8
5004093,2022-08-22,New York,Fine Jewelry,Gold,Walk-in,1,9319,3169,9319,3169,6150,66.0
5002066,2022-08-22,Dubai,Designer Handbags,First-Time Buyer,Walk-in,1,3451,1014,3451,1014,2437,70.6
5004936,2022-08-22,Tokyo,Haute Fragrance,Gold,Walk-in,2,355,114,710,228,482,67.9
5008957,2022-08-22,Paris,Luxury Watches,Gold,Organic Search,1,13508,3881,13508,3881,9627,71.3
5007344,2022-08-22,Paris,Luxury Watches,Silver,Organic Search,2,14526,3119,29052,6238,22814,78.5
5000355,2022-08-22,Tokyo,Luxury Watches,First-Time Buyer,Paid Social,3,13628,4460,40884,13380,27504,67.3
5008653,2022-08-22,New York,Designer Handbags,First-Time Buyer,Walk-in,1,3419,750,3419,750,2669,78.1
5006536,2022-08-22,New York,Luxury Watches,First-Time Buyer,Organic Search,1,12908,2245,12908,2245,10663,82.6
5005552,2022-08-22,Paris,Luxury Watches,Gold,Organic Search,2,13231,2505,26462,5010,21452,81.1
5008935,2022-08-22,Dubai,Haute Fragrance,Silver,Walk-in,1,383,113,383,113,270,70.5
5001167,2022-08-23,Tokyo,Fine Jewelry,First-Time Buyer,Paid Social,1,8729,1518,8729,1518,7211,82.6
5009077,2022-08-23,Tokyo,Designer Handbags,First-Time Buyer,Exclusive Invite,1,2882,848,2882,848,2034,70.6
5005854,2022-08-23,Tokyo,Designer Handbags,Silver,Paid Social,1,3446,642,3446,642,2804,81.4
5009320,2022-08-23,Paris,Luxury Watches,First-Time Buyer,Organic Search,1,11500,2993,11500,2993,8507,74.0
5002206,2022-08-23,New York,Fine Jewelry,First-Time Buyer,Exclusive Invite,1,10071,2435,10071,2435,7636,75.8
5004593,2022-08-23,Paris,Luxury Watches,Gold,Organic Search,1,11386,3130,11386,3130,8256,72.5
5001292,2022-08-23,Dubai,Designer Handbags,First-Time Buyer,Paid Social,2,3556,977,7112,1954,5158,72.5
5002391,2022-08-23,New York,Luxury Watches,Silver,Exclusive Invite,1,12858,3597,12858,3597,9261,72.0
5000440,2022-08-23,Milan,Designer Handbags,First-Time Buyer,Paid Social,1,2992,650,2992,650,2342,78.3
5005540,2022-08-23,Tokyo,Designer Handbags,Silver,Walk-in,1,2964,917,2964,917,2047,69.1
5001213,2022-08-23,Dubai,Luxury Watches,First-Time Buyer,Organic Search,1,14186,4283,14186,4283,9903,69.8
5006223,2022-08-23,Milan,Designer Handbags,First-Time Buyer,Walk-in,1,3395,1028,3395,1028,2367,69.7
5008450,2022-08-23,Dubai,Fine Jewelry,First-Time Buyer,Walk-in,2,8748,2939,17496,5878,11618,66.4
5006999,2022-08-23,Tokyo,Luxury Watches,First-Time Buyer,Paid Social,1,14480,3450,14480,3450,11030,76.2
5007775,2022-08-24,Dubai,Designer Handbags,Gold,Organic Search,1,3022,582,3022,582,2440,80.7
5006338,2022-08-24,New York,Luxury Watches,Gold,Paid Social,1,12312,2487,12312,2487,9825,79.8
5007677,2022-08-24,New York,Designer Handbags,First-Time Buyer,Paid Social,1,3838,1068,3838,1068,2770,72.2
5006044,2022-08-24,Tokyo,Luxury Watches,Silver,Organic Search,1,13874,3860,13874,3860,10014,72.2
5001548,2022-08-24,Milan,Haute Fragrance,First-Time Buyer,Organic Search,1,384,107,384,107,277,72.1
5005094,2022-08-24,Dubai,Fine Jewelry,Silver,Paid Social,1,9669,1493,9669,1493,8176,84.6
5008879,2022-08-24,New York,Luxury Watches,First-Time Buyer,Organic Search,1,14033,4266,14033,4266,9767,69.6
5008293,2022-08-24,Paris,Designer Handbags,Gold,Paid Social,3,2955,953,8865,2859,6006,67.7
5002240,2022-08-24,Paris,Haute Fragrance,Gold,Paid Social,2,347,105,694,210,484,69.7
5006141,2022-08-24,Paris,Luxury Watches,First-Time Buyer,Organic Search,1,14376,2173,14376,2173,12203,84.9
5009204,2022-08-24,Dubai,Designer Handbags,First-Time Buyer,Walk-in,1,3091,943,3091,943,2148,69.5
5007968,2022-08-24,Paris,Fine Jewelry,Platinum (VIP),Walk-in,1,9498,1770,9498,1770,7728,81.4
5005980,2022-08-24,Dubai,Haute Fragrance,Gold,Walk-in,1,395,82,395,82,313,79.2
5004222,2022-08-24,Paris,Luxury Watches,First-Time Buyer,Walk-in,1,12474,3956,12474,3956,8518,68.3
5007656,2022-08-25,Tokyo,Designer Handbags,Silver,Organic Search,1,3004,995,3004,995,2009,66.9
5002158,2022-08-25,Dubai,Fine Jewelry,Gold,Paid Social,1,8476,2166,8476,2166,6310,74.4
5002312,2022-08-25,Tokyo,Luxury Watches,First-Time Buyer,Organic Search,1,12260,2526,12260,2526,9734,79.4
5001972,2022-08-25,Paris,Designer Handbags,First-Time Buyer,Walk-in,1,3133,939,3133,939,2194,70.0
5006441,2022-08-25,Milan,Designer Handbags,Silver,Walk-in,1,3801,873,3801,873,2928,77.0
5004049,2022-08-25,New York,Fine Jewelry,Platinum (VIP),Organic Search,1,8250,2399,8250,2399,5851,70.9
5002354,2022-08-25,Paris,Designer Handbags,First-Time Buyer,Walk-in,1,3007,594,3007,594,2413,80.2
5008820,2022-08-25,Paris,Luxury Watches,First-Time Buyer,Exclusive Invite,1,13672,4468,13672,4468,9204,67.3
5005311,2022-08-25,Paris,Luxury Watches,First-Time Buyer,Walk-in,1,13431,2964,13431,2964,10467,77.9
5005926,2022-08-25,New York,Designer Handbags,Gold,Paid Social,1,3048,822,3048,822,2226,73.0
5008658,2022-08-25,Paris,Designer Handbags,First-Time Buyer,Walk-in,1,3372,1059,3372,1059,2313,68.6
5007438,2022-08-25,New York,Designer Handbags,First-Time Buyer,Paid Social,1,3525,973,3525,973,2552,72.4
5001386,2022-08-25,Dubai,Luxury Watches,First-Time Buyer,Organic Search,1,13288,2243,13288,2243,11045,83.1
5009424,2022-08-25,Milan,Designer Handbags,First-Time Buyer,Organic Search,1,3827,919,3827,919,2908,76.0
5002038,2022-08-25,New York,Luxury Watches,Gold,Exclusive Invite,1,11895,4113,11895,4113,7782,65.4
5007220,2022-08-25,New York,Luxury Watches,First-Time Buyer,Walk-in,2,13140,3642,26280,7284,18996,72.3
5000722,2022-08-25,Paris,Designer Handbags,First-Time Buyer,Organic Search,1,3782,1305,3782,1305,2477,65.5
5006276,2022-08-25,Paris,Haute Fragrance,Silver,Paid Social,1,383,97,383,97,286,74.7
5005833,2022-08-25,New York,Luxury Watches,Silver,Walk-in,1,14421,2230,14421,2230,12191,84.5
5003738,2022-08-25,Dubai,Designer Handbags,First-Time Buyer,Paid Social,1,3589,1226,3589,1226,2363,65.8
5004081,2022-08-26,Tokyo,Fine Jewelry,Silver,Organic Search,1,8509,2890,8509,2890,5619,66.0
5007530,2022-08-26,New York,Haute Fragrance,Platinum (VIP),Organic Search,1,407,61,407,61,346,85.0
5002055,2022-08-26,New York,Designer Handbags,Platinum (VIP),Exclusive Invite,1,3734,582,3734,582,3152,84.4
5003831,2022-08-26,Paris,Luxury Watches,Platinum (VIP),Organic Search,1,11543,2304,11543,2304,9239,80.0
5008928,2022-08-26,Milan,Fine Jewelry,Platinum (VIP),Paid Social,1,9631,2010,9631,2010,7621,79.1
5007479,2022-08-26,New York,Luxury Watches,Gold,Paid Social,1,14406,3925,14406,3925,10481,72.8
5001916,2022-08-26,Dubai,Luxury Watches,First-Time Buyer,Walk-in,3,14488,4339,43464,13017,30447,70.1
5003474,2022-08-26,New York,Luxury Watches,Silver,Exclusive Invite,1,13698,4462,13698,4462,9236,67.4
5006336,2022-08-26,Tokyo,Luxury Watches,Silver,Exclusive Invite,1,11369,3935,11369,3935,7434,65.4
5004485,2022-08-26,Dubai,Fine Jewelry,Silver,Paid Social,1,9094,2615,9094,2615,6479,71.2
5003335,2022-08-27,Paris,Designer Handbags,Gold,Organic Search,3,3302,805,9906,2415,7491,75.6
5007701,2022-08-27,Paris,Designer Handbags,Silver,Paid Social,1,3337,688,3337,688,2649,79.4
5003902,2022-08-27,Paris,Fine Jewelry,Silver,Organic Search,1,8646,2299,8646,2299,6347,73.4
5005109,2022-08-27,Dubai,Luxury Watches,Silver,Paid Social,1,14432,2746,14432,2746,11686,81.0
5005967,2022-08-27,New York,Luxury Watches,Silver,Paid Social,1,13006,2019,13006,2019,10987,84.5
5007380,2022-08-27,Milan,Fine Jewelry,Gold,Walk-in,1,8858,1882,8858,1882,6976,78.8
5005178,2022-08-28,New York,Fine Jewelry,Gold,Paid Social,1,9206,2419,9206,2419,6787,73.7
5003848,2022-08-28,Milan,Haute Fragrance,First-Time Buyer,Organic Search,1,417,66,417,66,351,84.2
5004070,2022-08-28,Milan,Fine Jewelry,Gold,Exclusive Invite,1,8376,2158,8376,2158,6218,74.2
5005294,2022-08-28,New York,Designer Handbags,Platinum (VIP),Organic Search,1,2999,781,2999,781,2218,74.0
5005387,2022-08-28,New York,Luxury Watches,Silver,Paid Social,1,12471,3024,12471,3024,9447,75.8
5003763,2022-08-28,Tokyo,Fine Jewelry,Silver,Exclusive Invite,1,9629,2155,9629,2155,7474,77.6
5004508,2022-08-28,New York,Designer Handbags,First-Time Buyer,Walk-in,1,2910,795,2910,795,2115,72.7
5002714,2022-08-28,New York,Fine Jewelry,First-Time Buyer,Organic Search,1,8667,1945,8667,1945,6722,77.6
5007516,2022-08-28,Tokyo,Fine Jewelry,First-Time Buyer,Paid Social,1,8546,2989,8546,2989,5557,65.0
5009589,2022-08-28,Paris,Designer Handbags,Gold,Exclusive Invite,1,3830,1069,3830,1069,2761,72.1
5008547,2022-08-28,Tokyo,Designer Handbags,First-Time Buyer,Exclusive Invite,1,3007,879,3007,879,2128,70.8
5003071,2022-08-28,Paris,Designer Handbags,Silver,Exclusive Invite,1,3632,645,3632,645,2987,82.2
5001336,2022-08-28,New York,Designer Handbags,Platinum (VIP),Walk-in,1,3265,712,3265,712,2553,78.2
5009421,2022-08-28,Milan,Luxury Watches,First-Time Buyer,Paid Social,1,12607,2752,12607,2752,9855,78.2
5009775,2022-08-28,Paris,Designer Handbags,First-Time Buyer,Exclusive Invite,1,3263,547,3263,547,2716,83.2
5009985,2022-08-28,Milan,Fine Jewelry,First-Time Buyer,Organic Search,1,8873,1799,8873,1799,7074,79.7
5000391,2022-08-28,Paris,Haute Fragrance,Silver,Organic Search,1,385,96,385,96,289,75.1
5009867,2022-08-28,Paris,Luxury Watches,Gold,Walk-in,1,11904,4097,11904,4097,7807,65.6
5007189,2022-08-29,Tokyo,Fine Jewelry,Gold,Organic Search,1,9934,2252,9934,2252,7682,77.3
5000854,2022-08-29,Dubai,Luxury Watches,Platinum (VIP),Exclusive Invite,1,11495,3960,11495,3960,7535,65.6
5009561,2022-08-29,New York,Designer Handbags,First-Time Buyer,Walk-in,1,3469,1025,3469,1025,2444,70.5
5000038,2022-08-29,New York,Fine Jewelry,First-Time Buyer,Paid Social,1,8951,1905,8951,1905,7046,78.7
5001653,2022-08-29,Dubai,Designer Handbags,Silver,Organic Search,1,2952,457,2952,457,2495,84.5
5009743,2022-08-29,Paris,Fine Jewelry,First-Time Buyer,Exclusive Invite,1,9149,1438,9149,1438,7711,84.3
5006561,2022-08-29,Milan,Luxury Watches,Silver,Paid Social,1,14720,3423,14720,3423,11297,76.7
5002023,2022-08-29,Milan,Designer Handbags,First-Time Buyer,Organic Search,1,3719,910,3719,910,2809,75.5
5000865,2022-08-29,Dubai,Designer Handbags,Gold,Paid Social,1,3361,566,3361,566,2795,83.2
5009164,2022-08-29,New York,Haute Fragrance,Platinum (VIP),Organic Search,1,417,106,417,106,311,74.6
5008274,2022-08-29,Dubai,Haute Fragrance,Silver,Organic Search,2,318,103,636,206,430,67.6
5004694,2022-08-29,Paris,Luxury Watches,First-Time Buyer,Organic Search,1,12067,1957,12067,1957,10110,83.8
5003440,2022-08-29,Tokyo,Fine Jewelry,First-Time Buyer,Exclusive Invite,1,7685,1299,7685,1299,6386,83.1
5003356,2022-08-29,Paris,Luxury Watches,First-Time Buyer,Organic Search,1,11254,2874,11254,2874,8380,74.5
5007525,2022-08-29,Tokyo,Luxury Watches,First-Time Buyer,Walk-in,1,13671,3436,13671,3436,10235,74.9
5003125,2022-08-29,Milan,Luxury Watches,Gold,Organic Search,1,12808,2567,12808,2567,10241,80.0
5007746,2022-08-30,Paris,Luxury Watches,Platinum (VIP),Organic Search,1,14080,4131,14080,4131,9949,70.7
5005808,2022-08-30,New York,Haute Fragrance,Silver,Organic Search,1,362,76,362,76,286,79.0
5007824,2022-08-30,Tokyo,Fine Jewelry,Gold,Walk-in,1,10027,2958,10027,2958,7069,70.5
5004265,2022-08-30,New York,Luxury Watches,Silver,Exclusive Invite,1,14285,3779,14285,3779,10506,73.5
5009471,2022-08-30,New York,Designer Handbags,Gold,Paid Social,3,3382,959,10146,2877,7269,71.6
5005964,2022-08-30,Milan,Designer Handbags,Silver,Exclusive Invite,1,3029,460,3029,460,2569,84.8
5007477,2022-08-30,New York,Luxury Watches,Gold,Organic Search,1,14422,4471,14422,4471,9951,69.0
5003466,2022-08-30,Dubai,Designer Handbags,Silver,Walk-in,1,3817,1131,3817,1131,2686,70.4
5001604,2022-08-30,New York,Designer Handbags,Silver,Paid Social,1,3400,989,3400,989,2411,70.9
5005141,2022-08-30,Milan,Fine Jewelry,First-Time Buyer,Organic Search,1,8486,1970,8486,1970,6516,76.8
5000741,2022-08-31,New York,Luxury Watches,First-Time Buyer,Paid Social,1,13088,2081,13088,2081,11007,84.1
5009804,2022-08-31,Tokyo,Designer Handbags,First-Time Buyer,Walk-in,1,3181,879,3181,879,2302,72.4
5006289,2022-08-31,Tokyo,Haute Fragrance,First-Time Buyer,Walk-in,2,360,123,720,246,474,65.8
5001702,2022-08-31,Paris,Fine Jewelry,Silver,Paid Social,1,10061,1615,10061,1615,8446,83.9
5003274,2022-08-31,Milan,Fine Jewelry,First-Time Buyer,Exclusive Invite,1,9233,3097,9233,3097,6136,66.5
5004227,2022-08-31,Milan,Haute Fragrance,First-Time Buyer,Exclusive Invite,1,389,90,389,90,299,76.9
5004028,2022-08-31,New York,Designer Handbags,First-Time Buyer,Walk-in,1,3838,627,3838,627,3211,83.7
5001546,2022-08-31,Paris,Designer Handbags,First-Time Buyer,Organic Search,1,3207,545,3207,545,2662,83.0
5006392,2022-08-31,Dubai,Haute Fragrance,First-Time Buyer,Organic Search,1,326,98,326,98,228,69.9
5004357,2022-08-31,Tokyo,Designer Handbags,First-Time Buyer,Organic Search,3,2926,782,8778,2346,6432,73.3
5009491,2022-08-31,Dubai,Fine Jewelry,Platinum (VIP),Organic Search,1,9367,3081,9367,3081,6286,67.1
5003369,2022-08-31,Paris,Luxury Watches,First-Time Buyer,Organic Search,1,12605,2456,12605,2456,10149,80.5
5004516,2022-08-31,Milan,Haute Fragrance,First-Time Buyer,Exclusive Invite,1,369,97,369,97,272,73.7
5000859,2022-08-31,Tokyo,Designer Handbags,Silver,Walk-in,2,3080,799,6160,1598,4562,74.1
5009010,2022-08-31,Paris,Luxury Watches,Gold,Organic Search,1,14342,4620,14342,4620,9722,67.8
5004320,2022-08-31,Milan,Fine Jewelry,First-Time Buyer,Walk-in,2,9238,1657,18476,3314,15162,82.1
5002922,2022-08-31,Dubai,Fine Jewelry,Platinum (VIP),Exclusive Invite,1,8485,2433,8485,2433,6052,71.3
5004148,2022-09-01,Tokyo,Luxury Watches,Silver,Paid Social,1,12335,3474,12335,3474,8861,71.8
5006264,2022-09-01,Paris,Haute Fragrance,Silver,Paid Social,2,394,99,788,198,590,74.9
5002586,2022-09-01,New York,Haute Fragrance,Gold,Paid Social,1,406,125,406,125,281,69.2
5005266,2022-09-01,Paris,Fine Jewelry,Gold,Organic Search,1,8273,2454,8273,2454,5819,70.3
5009649,2022-09-01,Paris,Haute Fragrance,First-Time Buyer,Organic Search,1,368,119,368,119,249,67.7
5007157,2022-09-01,Paris,Luxury Watches,Silver,Paid Social,1,11968,3112,11968,3112,8856,74.0
5007496,2022-09-01,New York,Designer Handbags,Gold,Paid Social,1,3224,957,3224,957,2267,70.3
5008072,2022-09-01,Tokyo,Fine Jewelry,Silver,Paid Social,1,9289,1585,9289,1585,7704,82.9
5003379,2022-09-01,New York,Fine Jewelry,Silver,Paid Social,1,9862,3437,9862,3437,6425,65.1
5009268,2022-09-01,Tokyo,Luxury Watches,Platinum (VIP),Organic Search,1,11797,3919,11797,3919,7878,66.8
5004576,2022-09-01,New York,Luxury Watches,Silver,Walk-in,1,13823,4478,13823,4478,9345,67.6
5002801,2022-09-01,New York,Designer Handbags,Silver,Walk-in,3,3637,728,10911,2184,8727,80.0
5001232,2022-09-01,Paris,Designer Handbags,Gold,Paid Social,3,3430,704,10290,2112,8178,79.5
5004359,2022-09-01,Tokyo,Fine Jewelry,Silver,Organic Search,1,9769,1653,9769,1653,8116,83.1
5001711,2022-09-02,Dubai,Luxury Watches,First-Time Buyer,Walk-in,1,13681,2611,13681,2611,11070,80.9
5004292,2022-09-02,New York,Designer Handbags,First-Time Buyer,Paid Social,1,3342,600,3342,600,2742,82.0
5003035,2022-09-02,New York,Luxury Watches,Silver,Organic Search,1,13767,3096,13767,3096,10671,77.5
5005354,2022-09-02,Milan,Designer Handbags,Gold,Organic Search,2,3371,661,6742,1322,5420,80.4
5009073,2022-09-02,Milan,Designer Handbags,First-Time Buyer,Exclusive Invite,1,3408,515,3408,515,2893,84.9
5002671,2022-09-02,Tokyo,Luxury Watches,First-Time Buyer,Walk-in,1,12514,2204,12514,2204,10310,82.4
5004520,2022-09-02,Tokyo,Luxury Watches,Gold,Exclusive Invite,1,13872,3532,13872,3532,10340,74.5
5003164,2022-09-02,Tokyo,Haute Fragrance,Platinum (VIP),Organic Search,1,405,89,405,89,316,78.0
5003368,2022-09-02,Milan,Fine Jewelry,Gold,Paid Social,1,7815,1868,7815,1868,5947,76.1
5006279,2022-09-02,Dubai,Luxury Watches,First-Time Buyer,Organic Search,1,13439,4089,13439,4089,9350,69.6
5006901,2022-09-02,Tokyo,Haute Fragrance,First-Time Buyer,Organic Search,1,414,62,414,62,352,85.0
5001845,2022-09-02,Paris,Luxury Watches,Silver,Walk-in,1,14153,3844,14153,3844,10309,72.8
5009435,2022-09-02,Paris,Designer Handbags,Gold,Walk-in,1,2976,684,2976,684,2292,77.0
5002244,2022-09-03,Paris,Luxury Watches,Silver,Exclusive Invite,1,13960,2385,13960,2385,11575,82.9
5000482,2022-09-03,Milan,Fine Jewelry,Gold,Exclusive Invite,1,8856,1452,8856,1452,7404,83.6
5001772,2022-09-03,Tokyo,Designer Handbags,Silver,Paid Social,1,3774,861,3774,861,2913,77.2
5005166,2022-09-03,New York,Luxury Watches,Gold,Exclusive Invite,1,14802,3836,14802,3836,10966,74.1
5000784,2022-09-03,Tokyo,Haute Fragrance,First-Time Buyer,Walk-in,2,411,78,822,156,666,81.0
5007535,2022-09-03,Paris,Luxury Watches,Platinum (VIP),Organic Search,1,13202,2858,13202,2858,10344,78.4
5000510,2022-09-03,Milan,Luxury Watches,Gold,Organic Search,1,14051,2421,14051,2421,11630,82.8
5007938,2022-09-03,New York,Designer Handbags,Silver,Paid Social,1,3414,859,3414,859,2555,74.8
5009979,2022-09-03,New York,Designer Handbags,First-Time Buyer,Organic Search,1,3721,1213,3721,1213,2508,67.4
5003649,2022-09-03,New York,Luxury Watches,Gold,Walk-in,1,11795,2347,11795,2347,9448,80.1
5001835,2022-09-03,Milan,Fine Jewelry,First-Time Buyer,Exclusive Invite,1,9320,2122,9320,2122,7198,77.2
5006845,2022-09-03,New York,Haute Fragrance,Silver,Organic Search,1,317,58,317,58,259,81.7
5003991,2022-09-04,Tokyo,Designer Handbags,First-Time Buyer,Organic Search,1,3410,1183,3410,1183,2227,65.3
5006847,2022-09-04,Dubai,Luxury Watches,First-Time Buyer,Walk-in,2,12297,3460,24594,6920,17674,71.9
5006995,2022-09-04,Milan,Designer Handbags,Gold,Organic Search,1,3800,738,3800,738,3062,80.6
5002909,2022-09-04,Dubai,Designer Handbags,First-Time Buyer,Organic Search,1,3304,892,3304,892,2412,73.0
5004762,2022-09-04,Tokyo,Designer Handbags,First-Time Buyer,Paid Social,1,3311,567,3311,567,2744,82.9
5004547,2022-09-04,New York,Designer Handbags,Silver,Organic Search,2,3727,864,7454,1728,5726,76.8
5000268,2022-09-04,Milan,Fine Jewelry,First-Time Buyer,Organic Search,2,9486,2468,18972,4936,14036,74.0
5000105,2022-09-04,Paris,Luxury Watches,Gold,Walk-in,1,14106,4703,14106,4703,9403,66.7
5000295,2022-09-04,Tokyo,Luxury Watches,First-Time Buyer,Exclusive Invite,1,14327,3685,14327,3685,10642,74.3
5002028,2022-09-04,Dubai,Designer Handbags,Gold,Exclusive Invite,1,3402,1103,3402,1103,2299,67.6
5009964,2022-09-04,Paris,Haute Fragrance,First-Time Buyer,Walk-in,1,353,78,353,78,275,77.9
5000501,2022-09-04,Milan,Designer Handbags,Gold,Organic Search,1,3667,925,3667,925,2742,74.8
5004047,2022-09-04,Paris,Fine Jewelry,Silver,Walk-in,1,9360,2790,9360,2790,6570,70.2
5001056,2022-09-04,Milan,Fine Jewelry,First-Time Buyer,Organic Search,1,9010,2068,9010,2068,6942,77.0
5001527,2022-09-04,Dubai,Haute Fragrance,Silver,Walk-in,1,369,98,369,98,271,73.4
5009619,2022-09-04,Milan,Haute Fragrance,First-Time Buyer,Organic Search,1,378,112,378,112,266,70.4
5004861,2022-09-04,Tokyo,Fine Jewelry,Gold,Organic Search,1,8913,2762,8913,2762,6151,69.0
5001763,2022-09-05,Dubai,Haute Fragrance,First-Time Buyer,Organic Search,1,319,96,319,96,223,69.9
5009751,2022-09-05,New York,Haute Fragrance,Gold,Organic Search,1,391,134,391,134,257,65.7
5007871,2022-09-05,Paris,Haute Fragrance,Silver,Walk-in,1,354,98,354,98,256,72.3
5008222,2022-09-05,New York,Designer Handbags,First-Time Buyer,Paid Social,1,3473,1193,3473,1193,2280,65.6
5003486,2022-09-05,New York,Fine Jewelry,Gold,Organic Search,1,9487,2085,9487,2085,7402,78.0
5002437,2022-09-05,Tokyo,Designer Handbags,First-Time Buyer,Paid Social,2,2928,797,5856,1594,4262,72.8
5007490,2022-09-05,Dubai,Designer Handbags,Silver,Paid Social,1,3644,565,3644,565,3079,84.5
5007388,2022-09-05,Paris,Haute Fragrance,First-Time Buyer,Walk-in,2,325,52,650,104,546,84.0
5007778,2022-09-05,Dubai,Haute Fragrance,Silver,Walk-in,1,401,69,401,69,332,82.8
5000780,2022-09-05,New York,Fine Jewelry,Silver,Organic Search,1,8502,2303,8502,2303,6199,72.9
5006936,2022-09-05,Dubai,Fine Jewelry,First-Time Buyer,Exclusive Invite,1,9912,1512,9912,1512,8400,84.7
5006461,2022-09-05,New York,Designer Handbags,First-Time Buyer,Paid Social,1,3248,906,3248,906,2342,72.1
5001162,2022-09-05,Milan,Designer Handbags,Silver,Organic Search,1,3784,843,3784,843,2941,77.7
5000214,2022-09-05,New York,Designer Handbags,First-Time Buyer,Organic Search,1,3146,1035,3146,1035,2111,67.1
5002669,2022-09-05,Dubai,Designer Handbags,First-Time Buyer,Organic Search,1,3751,705,3751,705,3046,81.2
5003268,2022-09-05,Tokyo,Fine Jewelry,Gold,Exclusive Invite,1,7788,1828,7788,1828,5960,76.5
5006893,2022-09-05,Milan,Fine Jewelry,Silver,Organic Search,1,10078,2548,10078,2548,7530,74.7
5004396,2022-09-05,New York,Fine Jewelry,First-Time Buyer,Organic Search,1,8458,1467,8458,1467,6991,82.7
5005258,2022-09-05,Tokyo,Fine Jewelry,Gold,Paid Social,3,8656,1554,25968,4662,21306,82.0
5007984,2022-09-05,Paris,Haute Fragrance,Gold,Organic Search,1,373,101,373,101,272,72.9
5002972,2022-09-05,Milan,Luxury Watches,Gold,Organic Search,1,14125,4857,14125,4857,9268,65.6
5006690,2022-09-06,Tokyo,Designer Handbags,Gold,Organic Search,1,3756,708,3756,708,3048,81.2
5009402,2022-09-06,Paris,Fine Jewelry,First-Time Buyer,Paid Social,1,9347,1986,9347,1986,7361,78.8
5003854,2022-09-06,New York,Designer Handbags,First-Time Buyer,Organic Search,1,3372,1118,3372,1118,2254,66.8
5000734,2022-09-06,Milan,Fine Jewelry,First-Time Buyer,Organic Search,1,9311,3208,9311,3208,6103,65.5
5005849,2022-09-06,Paris,Designer Handbags,Silver,Organic Search,1,3078,928,3078,928,2150,69.9
5003114,2022-09-06,Paris,Fine Jewelry,Silver,Organic Search,1,8727,2283,8727,2283,6444,73.8
5006213,2022-09-06,Paris,Fine Jewelry,First-Time Buyer,Organic Search,1,9009,2955,9009,2955,6054,67.2
5008797,2022-09-06,New York,Luxury Watches,Silver,Paid Social,1,12472,4070,12472,4070,8402,67.4
5001045,2022-09-06,Dubai,Luxury Watches,First-Time Buyer,Organic Search,1,12503,3346,12503,3346,9157,73.2
5007289,2022-09-06,New York,Designer Handbags,Silver,Organic Search,1,3471,1003,3471,1003,2468,71.1
5005215,2022-09-06,Paris,Luxury Watches,Silver,Organic Search,1,13358,2862,13358,2862,10496,78.6
5002404,2022-09-06,Dubai,Designer Handbags,Platinum (VIP),Exclusive Invite,1,3620,562,3620,562,3058,84.5
5009676,2022-09-07,New York,Luxury Watches,Silver,Walk-in,1,12431,3590,12431,3590,8841,71.1
5008249,2022-09-07,Tokyo,Designer Handbags,Silver,Paid Social,1,3014,492,3014,492,2522,83.7
5000410,2022-09-07,New York,Luxury Watches,Gold,Walk-in,2,11446,1856,22892,3712,19180,83.8
5000998,2022-09-07,Tokyo,Luxury Watches,Silver,Organic Search,1,14221,3963,14221,3963,10258,72.1
5005927,2022-09-07,Paris,Luxury Watches,First-Time Buyer,Paid Social,1,11314,3781,11314,3781,7533,66.6
5005760,2022-09-07,Milan,Designer Handbags,Platinum (VIP),Organic Search,1,3671,1261,3671,1261,2410,65.6
5007915,2022-09-07,New York,Luxury Watches,First-Time Buyer,Organic Search,1,11472,3523,11472,3523,7949,69.3
5005961,2022-09-07,Paris,Haute Fragrance,Gold,Organic Search,1,380,114,380,114,266,70.0
5004815,2022-09-07,Milan,Luxury Watches,Gold,Paid Social,1,13792,2147,13792,2147,11645,84.4
5004870,2022-09-07,Milan,Fine Jewelry,First-Time Buyer,Paid Social,1,9425,2673,9425,2673,6752,71.6
5006733,2022-09-07,Paris,Fine Jewelry,Gold,Walk-in,1,8845,2668,8845,2668,6177,69.8
5008319,2022-09-07,Milan,Luxury Watches,Silver,Paid Social,1,13441,2989,13441,2989,10452,77.8
5002487,2022-09-07,Dubai,Designer Handbags,First-Time Buyer,Organic Search,1,2887,841,2887,841,2046,70.9
5005929,2022-09-07,Paris,Designer Handbags,Gold,Paid Social,1,2928,764,2928,764,2164,73.9
5005855,2022-09-07,Paris,Designer Handbags,Gold,Organic Search,1,3249,772,3249,772,2477,76.2
5003345,2022-09-07,Tokyo,Luxury Watches,Gold,Organic Search,1,13899,2599,13899,2599,11300,81.3
5005426,2022-09-07,New York,Luxury Watches,Silver,Exclusive Invite,1,11875,3135,11875,3135,8740,73.6
5000388,2022-09-07,New York,Haute Fragrance,First-Time Buyer,Organic Search,1,392,131,392,131,261,66.6
5009303,2022-09-07,Tokyo,Luxury Watches,First-Time Buyer,Organic Search,1,12022,1891,12022,1891,10131,84.3
5001666,2022-09-08,Milan,Luxury Watches,First-Time Buyer,Paid Social,3,13999,3999,41997,11997,30000,71.4
5005029,2022-09-08,Tokyo,Haute Fragrance,Silver,Walk-in,1,338,106,338,106,232,68.6
5009136,2022-09-08,Milan,Designer Handbags,Silver,Organic Search,1,3054,683,3054,683,2371,77.6
5007039,2022-09-08,Tokyo,Luxury Watches,Platinum (VIP),Organic Search,1,13446,2676,13446,2676,10770,80.1
5001367,2022-09-08,Paris,Luxury Watches,Platinum (VIP),Organic Search,2,12451,2532,24902,5064,19838,79.7
5002889,2022-09-08,Paris,Fine Jewelry,Silver,Paid Social,1,9763,2377,9763,2377,7386,75.7
5007169,2022-09-08,New York,Designer Handbags,First-Time Buyer,Paid Social,1,3062,613,3062,613,2449,80.0
5001580,2022-09-08,Paris,Luxury Watches,First-Time Buyer,Paid Social,2,11461,2221,22922,4442,18480,80.6
5003647,2022-09-09,Paris,Designer Handbags,First-Time Buyer,Paid Social,1,2905,932,2905,932,1973,67.9
5000491,2022-09-09,Milan,Luxury Watches,Silver,Organic Search,1,14046,2383,14046,2383,11663,83.0
5001414,2022-09-09,Paris,Fine Jewelry,Silver,Walk-in,1,7992,2398,7992,2398,5594,70.0
5002324,2022-09-09,Paris,Haute Fragrance,Gold,Organic Search,1,341,81,341,81,260,76.2
5005236,2022-09-09,Tokyo,Luxury Watches,Silver,Organic Search,2,14347,4633,28694,9266,19428,67.7
5000744,2022-09-09,New York,Haute Fragrance,Silver,Exclusive Invite,1,375,110,375,110,265,70.7
5008633,2022-09-09,Paris,Designer Handbags,First-Time Buyer,Organic Search,1,3528,1102,3528,1102,2426,68.8
5003648,2022-09-09,Tokyo,Haute Fragrance,Gold,Paid Social,1,404,103,404,103,301,74.5
5005824,2022-09-09,New York,Haute Fragrance,Gold,Walk-in,1,419,63,419,63,356,85.0
5004810,2022-09-09,Milan,Luxury Watches,First-Time Buyer,Paid Social,1,12285,4240,12285,4240,8045,65.5
5003916,2022-09-09,Dubai,Designer Handbags,Silver,Walk-in,1,3423,591,3423,591,2832,82.7
5003233,2022-09-09,Dubai,Fine Jewelry,Platinum (VIP),Organic Search,1,9239,2284,9239,2284,6955,75.3
5000589,2022-09-09,Tokyo,Designer Handbags,Silver,Walk-in,1,3581,786,3581,786,2795,78.1
5003064,2022-09-09,Dubai,Haute Fragrance,First-Time Buyer,Paid Social,1,329,100,329,100,229,69.6
5007878,2022-09-09,Tokyo,Luxury Watches,First-Time Buyer,Walk-in,1,12666,3676,12666,3676,8990,71.0
5007394,2022-09-10,Milan,Designer Handbags,Gold,Exclusive Invite,1,3357,566,3357,566,2791,83.1
5000163,2022-09-10,Tokyo,Haute Fragrance,Gold,Organic Search,1,401,66,401,66,335,83.5
5004301,2022-09-10,Milan,Designer Handbags,Gold,Organic Search,1,3729,1205,3729,1205,2524,67.7
5004329,2022-09-10,Dubai,Designer Handbags,First-Time Buyer,Organic Search,1,3551,969,3551,969,2582,72.7
5009534,2022-09-10,Tokyo,Luxury Watches,Silver,Organic Search,1,13218,3682,13218,3682,9536,72.1
5008912,2022-09-10,Dubai,Designer Handbags,First-Time Buyer,Paid Social,1,3284,593,3284,593,2691,81.9
5008024,2022-09-10,New York,Luxury Watches,First-Time Buyer,Organic Search,1,14170,3916,14170,3916,10254,72.4
5004705,2022-09-10,Tokyo,Luxury Watches,Silver,Paid Social,1,13242,4503,13242,4503,8739,66.0
5003416,2022-09-10,Paris,Designer Handbags,First-Time Buyer,Walk-in,2,3760,1274,7520,2548,4972,66.1
5009569,2022-09-10,Paris,Haute Fragrance,Silver,Walk-in,1,331,70,331,70,261,78.9
5009047,2022-09-10,Dubai,Luxury Watches,First-Time Buyer,Exclusive Invite,1,13082,2722,13082,2722,10360,79.2
5003705,2022-09-10,Dubai,Luxury Watches,First-Time Buyer,Organic Search,1,14304,3369,14304,3369,10935,76.4
5005729,2022-09-10,Tokyo,Haute Fragrance,Silver,Organic Search,1,342,112,342,112,230,67.3
5005856,2022-09-10,Dubai,Luxury Watches,First-Time Buyer,Paid Social,1,13069,3570,13069,3570,9499,72.7
5005619,2022-09-10,Paris,Designer Handbags,Platinum (VIP),Organic Search,1,3317,712,3317,712,2605,78.5
5005626,2022-09-10,Tokyo,Fine Jewelry,First-Time Buyer,Paid Social,1,9011,1656,9011,1656,7355,81.6
5006439,2022-09-11,Paris,Fine Jewelry,Silver,Exclusive Invite,1,9640,3137,9640,3137,6503,67.5
5008425,2022-09-11,New York,Designer Handbags,Silver,Paid Social,1,3185,914,3185,914,2271,71.3
5004253,2022-09-11,New York,Designer Handbags,Gold,Paid Social,1,3678,664,3678,664,3014,81.9
5000032,2022-09-11,Tokyo,Luxury Watches,Gold,Organic Search,2,13762,4428,27524,8856,18668,67.8
5009876,2022-09-11,Dubai,Designer Handbags,Gold,Exclusive Invite,1,2897,912,2897,912,1985,68.5
5007678,2022-09-11,Paris,Luxury Watches,First-Time Buyer,Paid Social,1,12437,2800,12437,2800,9637,77.5
5007238,2022-09-11,Milan,Fine Jewelry,Gold,Organic Search,1,9012,3041,9012,3041,5971,66.3
5002890,2022-09-11,New York,Fine Jewelry,First-Time Buyer,Organic Search,1,9954,2460,9954,2460,7494,75.3
5007827,2022-09-11,Paris,Luxury Watches,First-Time Buyer,Exclusive Invite,1,13587,3011,13587,3011,10576,77.8
5002361,2022-09-11,Milan,Fine Jewelry,First-Time Buyer,Walk-in,1,9029,1831,9029,1831,7198,79.7
5009288,2022-09-11,Milan,Designer Handbags,Gold,Organic Search,1,3736,853,3736,853,2883,77.2
5006715,2022-09-11,Milan,Fine Jewelry,Silver,Exclusive Invite,1,9575,2990,9575,2990,6585,68.8
5001387,2022-09-11,Paris,Designer Handbags,First-Time Buyer,Exclusive Invite,1,3573,1119,3573,1119,2454,68.7
5000981,2022-09-11,Paris,Luxury Watches,First-Time Buyer,Paid Social,1,13670,2464,13670,2464,11206,82.0
5005254,2022-09-11,New York,Fine Jewelry,First-Time Buyer,Organic Search,1,8791,1926,8791,1926,6865,78.1
5009737,2022-09-12,New York,Haute Fragrance,First-Time Buyer,Organic Search,1,339,67,339,67,272,80.2
5001074,2022-09-12,Dubai,Designer Handbags,Platinum (VIP),Organic Search,1,3266,775,3266,775,2491,76.3
5004402,2022-09-12,Dubai,Fine Jewelry,First-Time Buyer,Walk-in,2,9898,2277,19796,4554,15242,77.0
5004350,2022-09-12,Milan,Haute Fragrance,First-Time Buyer,Exclusive Invite,1,327,74,327,74,253,77.4
5003253,2022-09-12,Paris,Designer Handbags,First-Time Buyer,Paid Social,1,3417,598,3417,598,2819,82.5
5004074,2022-09-12,Dubai,Designer Handbags,First-Time Buyer,Paid Social,2,3294,1061,6588,2122,4466,67.8
5009694,2022-09-12,Tokyo,Fine Jewelry,First-Time Buyer,Walk-in,2,9947,2616,19894,5232,14662,73.7
5000244,2022-09-12,Tokyo,Luxury Watches,First-Time Buyer,Exclusive Invite,1,14971,2814,14971,2814,12157,81.2
5004886,2022-09-12,New York,Luxury Watches,Silver,Paid Social,1,11949,2958,11949,2958,8991,75.2
5006404,2022-09-12,Milan,Luxury Watches,Gold,Organic Search,1,14937,3239,14937,3239,11698,78.3
5006252,2022-09-12,Milan,Designer Handbags,Silver,Organic Search,1,3397,905,3397,905,2492,73.4
5002925,2022-09-12,Tokyo,Luxury Watches,Platinum (VIP),Walk-in,2,11639,2674,23278,5348,17930,77.0
5003201,2022-09-12,Paris,Luxury Watches,Silver,Organic Search,1,12167,3282,12167,3282,8885,73.0
5002463,2022-09-12,Tokyo,Designer Handbags,First-Time Buyer,Walk-in,1,3697,639,3697,639,3058,82.7
5000839,2022-09-12,Tokyo,Luxury Watches,First-Time Buyer,Organic Search,1,13087,3333,13087,3333,9754,74.5
5002488,2022-09-12,Paris,Luxury Watches,Silver,Walk-in,1,14911,4396,14911,4396,10515,70.5
5006768,2022-09-12,Dubai,Luxury Watches,Silver,Organic Search,2,11343,2646,22686,5292,17394,76.7
5007190,2022-09-13,New York,Designer Handbags,First-Time Buyer,Organic Search,1,3283,524,3283,524,2759,84.0
5000825,2022-09-13,Paris,Luxury Watches,First-Time Buyer,Organic Search,1,14112,3835,14112,3835,10277,72.8
5007414,2022-09-13,Paris,Fine Jewelry,First-Time Buyer,Walk-in,1,9631,2212,9631,2212,7419,77.0
5001672,2022-09-13,New York,Designer Handbags,First-Time Buyer,Organic Search,1,3250,1060,3250,1060,2190,67.4
5007566,2022-09-13,Tokyo,Designer Handbags,First-Time Buyer,Walk-in,1,3574,1111,3574,1111,2463,68.9
5003785,2022-09-13,New York,Designer Handbags,Silver,Exclusive Invite,3,2902,688,8706,2064,6642,76.3
5006555,2022-09-13,New York,Luxury Watches,Gold,Organic Search,1,12434,2983,12434,2983,9451,76.0
5004236,2022-09-13,Tokyo,Designer Handbags,Silver,Organic Search,1,3385,829,3385,829,2556,75.5
5000412,2022-09-13,Tokyo,Luxury Watches,First-Time Buyer,Exclusive Invite,1,13145,2048,13145,2048,11097,84.4
5009936,2022-09-13,New York,Designer Handbags,First-Time Buyer,Paid Social,1,3181,606,3181,606,2575,80.9
5003939,2022-09-14,Paris,Luxury Watches,Silver,Walk-in,2,12931,3789,25862,7578,18284,70.7
5001365,2022-09-14,Tokyo,Fine Jewelry,Silver,Paid Social,1,10177,3397,10177,3397,6780,66.6
5009707,2022-09-14,Dubai,Fine Jewelry,Gold,Walk-in,1,8328,2533,8328,2533,5795,69.6
5003974,2022-09-14,Paris,Luxury Watches,First-Time Buyer,Walk-in,1,14947,4020,14947,4020,10927,73.1
5005170,2022-09-14,New York,Fine Jewelry,Gold,Walk-in,1,9092,2104,9092,2104,6988,76.9
5002098,2022-09-14,Tokyo,Designer Handbags,First-Time Buyer,Organic Search,1,2905,701,2905,701,2204,75.9
5008838,2022-09-14,Tokyo,Luxury Watches,First-Time Buyer,Walk-in,1,12686,2243,12686,2243,10443,82.3
5002473,2022-09-14,New York,Luxury Watches,Platinum (VIP),Exclusive Invite,2,14287,2158,28574,4316,24258,84.9
5005301,2022-09-14,Paris,Designer Handbags,Gold,Paid Social,1,3289,669,3289,669,2620,79.7
5004676,2022-09-14,Paris,Luxury Watches,Gold,Organic Search,1,14851,4336,14851,4336,10515,70.8
5008330,2022-09-14,Paris,Designer Handbags,First-Time Buyer,Organic Search,1,3470,1108,3470,1108,2362,68.1
5002787,2022-09-14,Tokyo,Luxury Watches,First-Time Buyer,Paid Social,1,14825,2473,14825,2473,12352,83.3
5001318,2022-09-14,Tokyo,Designer Handbags,First-Time Buyer,Organic Search,3,3041,893,9123,2679,6444,70.6
5003424,2022-09-14,New York,Designer Handbags,Silver,Paid Social,1,3025,891,3025,891,2134,70.5
5007548,2022-09-14,Paris,Luxury Watches,First-Time Buyer,Paid Social,1,12589,2139,12589,2139,10450,83.0
5004220,2022-09-14,Paris,Luxury Watches,Platinum (VIP),Organic Search,1,11999,3014,11999,3014,8985,74.9
5008746,2022-09-14,Tokyo,Luxury Watches,Silver,Organic Search,2,13096,3708,26192,7416,18776,71.7
5003667,2022-09-15,Dubai,Luxury Watches,Silver,Organic Search,1,14389,2706,14389,2706,11683,81.2
5003278,2022-09-15,Paris,Luxury Watches,First-Time Buyer,Paid Social,1,12233,2387,12233,2387,9846,80.5
5005448,2022-09-15,Paris,Luxury Watches,Silver,Organic Search,1,14047,3295,14047,3295,10752,76.5
5006851,2022-09-15,Tokyo,Designer Handbags,Platinum (VIP),Organic Search,1,3491,782,3491,782,2709,77.6
5000357,2022-09-15,New York,Luxury Watches,Silver,Walk-in,1,14840,4815,14840,4815,10025,67.6
5000547,2022-09-15,Paris,Haute Fragrance,First-Time Buyer,Exclusive Invite,1,405,67,405,67,338,83.5
5007413,2022-09-15,Milan,Luxury Watches,Platinum (VIP),Walk-in,1,11529,2022,11529,2022,9507,82.5
5001315,2022-09-15,Tokyo,Haute Fragrance,First-Time Buyer,Paid Social,2,387,92,774,184,590,76.2
5008655,2022-09-15,Paris,Luxury Watches,First-Time Buyer,Walk-in,1,14811,3013,14811,3013,11798,79.7
5000623,2022-09-15,New York,Luxury Watches,First-Time Buyer,Organic Search,1,12133,3920,12133,3920,8213,67.7
5004296,2022-09-15,Paris,Designer Handbags,First-Time Buyer,Organic Search,2,3647,1243,7294,2486,4808,65.9
5008064,2022-09-15,Paris,Designer Handbags,Platinum (VIP),Organic Search,1,3229,529,3229,529,2700,83.6
5005075,2022-09-16,Dubai,Designer Handbags,Silver,Exclusive Invite,2,3687,1118,7374,2236,5138,69.7
5005607,2022-09-16,New York,Luxury Watches,Silver,Paid Social,1,13756,2411,13756,2411,11345,82.5
5003806,2022-09-16,Paris,Designer Handbags,Platinum (VIP),Walk-in,1,3679,1232,3679,1232,2447,66.5
5007867,2022-09-16,Tokyo,Luxury Watches,Gold,Paid Social,1,12533,2507,12533,2507,10026,80.0
5009620,2022-09-16,New York,Fine Jewelry,Silver,Organic Search,1,8345,1709,8345,1709,6636,79.5
5008475,2022-09-16,New York,Luxury Watches,Silver,Organic Search,1,11359,2024,11359,2024,9335,82.2
5007410,2022-09-16,Tokyo,Luxury Watches,First-Time Buyer,Walk-in,2,12761,2092,25522,4184,21338,83.6
5008647,2022-09-16,New York,Haute Fragrance,Platinum (VIP),Organic Search,2,362,95,724,190,534,73.8
5002599,2022-09-16,Paris,Fine Jewelry,Platinum (VIP),Organic Search,1,7791,1568,7791,1568,6223,79.9
5000235,2022-09-16,Dubai,Fine Jewelry,Silver,Organic Search,1,9658,2378,9658,2378,7280,75.4
5003895,2022-09-16,Tokyo,Fine Jewelry,First-Time Buyer,Paid Social,1,9896,2911,9896,2911,6985,70.6
5002083,2022-09-16,New York,Designer Handbags,Silver,Walk-in,2,3838,969,7676,1938,5738,74.8
5007323,2022-09-16,Tokyo,Designer Handbags,First-Time Buyer,Exclusive Invite,1,3593,937,3593,937,2656,73.9
5005317,2022-09-16,New York,Designer Handbags,First-Time Buyer,Paid Social,1,3219,983,3219,983,2236,69.5
5001803,2022-09-16,New York,Designer Handbags,Gold,Organic Search,1,3390,767,3390,767,2623,77.4
5002634,2022-09-17,New York,Luxury Watches,Gold,Walk-in,1,14428,3370,14428,3370,11058,76.6
5008962,2022-09-17,New York,Designer Handbags,First-Time Buyer,Walk-in,1,3459,706,3459,706,2753,79.6
5002001,2022-09-17,Paris,Fine Jewelry,First-Time Buyer,Organic Search,3,8267,2423,24801,7269,17532,70.7
5009606,2022-09-17,New York,Fine Jewelry,Silver,Walk-in,1,9307,3203,9307,3203,6104,65.6
5005589,2022-09-17,Tokyo,Luxury Watches,Gold,Organic Search,2,13041,3906,26082,7812,18270,70.0
5003889,2022-09-17,Milan,Fine Jewelry,Silver,Walk-in,1,9553,1908,9553,1908,7645,80.0
5009519,2022-09-17,Tokyo,Designer Handbags,Platinum (VIP),Paid Social,1,3826,901,3826,901,2925,76.5
5000366,2022-09-17,Milan,Designer Handbags,Gold,Exclusive Invite,1,3342,565,3342,565,2777,83.1
5003542,2022-09-17,Milan,Haute Fragrance,Platinum (VIP),Exclusive Invite,1,318,68,318,68,250,78.6
5003100,2022-09-17,Paris,Luxury Watches,Silver,Exclusive Invite,1,12113,1977,12113,1977,10136,83.7
5001805,2022-09-17,New York,Luxury Watches,Gold,Walk-in,1,13978,2108,13978,2108,11870,84.9
5000847,2022-09-17,Paris,Fine Jewelry,Gold,Walk-in,1,8709,2072,8709,2072,6637,76.2
5006477,2022-09-17,Dubai,Fine Jewelry,Silver,Organic Search,1,7805,2571,7805,2571,5234,67.1
5006731,2022-09-17,New York,Haute Fragrance,First-Time Buyer,Organic Search,2,330,71,660,142,518,78.5
5008555,2022-09-18,New York,Designer Handbags,First-Time Buyer,Organic Search,2,3499,834,6998,1668,5330,76.2
5006599,2022-09-18,Paris,Haute Fragrance,Silver,Paid Social,1,382,101,382,101,281,73.6
5007306,2022-09-18,Tokyo,Designer Handbags,Silver,Paid Social,1,3808,1134,3808,1134,2674,70.2
5002600,2022-09-18,Paris,Fine Jewelry,First-Time Buyer,Organic Search,3,7952,2203,23856,6609,17247,72.3
5009926,2022-09-18,Tokyo,Designer Handbags,Gold,Walk-in,1,3456,1147,3456,1147,2309,66.8
5006021,2022-09-18,Paris,Fine Jewelry,First-Time Buyer,Organic Search,1,9155,3189,9155,3189,5966,65.2
5001862,2022-09-18,Milan,Fine Jewelry,Platinum (VIP),Paid Social,1,9024,2105,9024,2105,6919,76.7
5004854,2022-09-18,Dubai,Luxury Watches,First-Time Buyer,Walk-in,1,14058,2317,14058,2317,11741,83.5
5009856,2022-09-18,Tokyo,Luxury Watches,Gold,Paid Social,3,14433,4652,43299,13956,29343,67.8
5007061,2022-09-18,Milan,Luxury Watches,Gold,Paid Social,1,12379,3822,12379,3822,8557,69.1
5003402,2022-09-18,Milan,Luxury Watches,First-Time Buyer,Organic Search,1,14750,3890,14750,3890,10860,73.6
5008849,2022-09-18,Tokyo,Fine Jewelry,Platinum (VIP),Walk-in,1,8370,2721,8370,2721,5649,67.5
5004103,2022-09-18,Tokyo,Fine Jewelry,First-Time Buyer,Walk-in,1,9261,2426,9261,2426,6835,73.8
5001770,2022-09-18,Tokyo,Fine Jewelry,Silver,Paid Social,1,7761,2322,7761,2322,5439,70.1
5001713,2022-09-19,Tokyo,Designer Handbags,First-Time Buyer,Exclusive Invite,2,3626,1174,7252,2348,4904,67.6
5003475,2022-09-19,Paris,Fine Jewelry,Gold,Organic Search,1,8843,2141,8843,2141,6702,75.8
5008343,2022-09-19,Tokyo,Fine Jewelry,Gold,Organic Search,1,9553,2732,9553,2732,6821,71.4
5004324,2022-09-19,Dubai,Fine Jewelry,First-Time Buyer,Walk-in,1,8960,1398,8960,1398,7562,84.4
5003795,2022-09-19,New York,Fine Jewelry,Silver,Organic Search,1,8438,2126,8438,2126,6312,74.8
5009812,2022-09-19,New York,Fine Jewelry,Silver,Paid Social,1,8707,1760,8707,1760,6947,79.8
5000738,2022-09-19,Paris,Fine Jewelry,Platinum (VIP),Organic Search,1,8813,1604,8813,1604,7209,81.8
5009947,2022-09-19,New York,Luxury Watches,First-Time Buyer,Exclusive Invite,1,12483,3557,12483,3557,8926,71.5
5005168,2022-09-19,Paris,Haute Fragrance,Gold,Paid Social,3,344,89,1032,267,765,74.1
5007923,2022-09-19,Tokyo,Fine Jewelry,Silver,Organic Search,1,7728,1665,7728,1665,6063,78.5
5001410,2022-09-19,Paris,Designer Handbags,First-Time Buyer,Organic Search,1,3668,852,3668,852,2816,76.8
5001756,2022-09-19,Milan,Luxury Watches,Silver,Organic Search,3,11291,2941,33873,8823,25050,74.0
5002631,2022-09-20,New York,Haute Fragrance,First-Time Buyer,Paid Social,1,316,96,316,96,220,69.6
5005004,2022-09-20,Paris,Luxury Watches,Gold,Paid Social,1,11644,2776,11644,2776,8868,76.2
5005923,2022-09-20,Paris,Luxury Watches,Silver,Walk-in,1,12987,3019,12987,3019,9968,76.8
5003272,2022-09-20,Paris,Haute Fragrance,Gold,Exclusive Invite,1,323,79,323,79,244,75.5
5004029,2022-09-20,Tokyo,Luxury Watches,First-Time Buyer,Organic Search,1,14854,2806,14854,2806,12048,81.1
5005101,2022-09-20,Paris,Designer Handbags,First-Time Buyer,Exclusive Invite,1,3693,945,3693,945,2748,74.4
5002390,2022-09-20,Dubai,Luxury Watches,Gold,Walk-in,1,12663,3359,12663,3359,9304,73.5
5006722,2022-09-20,Paris,Luxury Watches,Gold,Paid Social,3,12478,4225,37434,12675,24759,66.1
5001175,2022-09-20,New York,Fine Jewelry,Gold,Walk-in,1,9628,2479,9628,2479,7149,74.3
5000369,2022-09-20,New York,Designer Handbags,First-Time Buyer,Organic Search,1,3189,554,3189,554,2635,82.6
5004053,2022-09-20,Tokyo,Fine Jewelry,Gold,Organic Search,1,8549,2377,8549,2377,6172,72.2
5000670,2022-09-20,Paris,Haute Fragrance,First-Time Buyer,Paid Social,1,356,114,356,114,242,68.0
5001413,2022-09-20,New York,Fine Jewelry,Platinum (VIP),Exclusive Invite,3,8307,2352,24921,7056,17865,71.7
5001784,2022-09-20,Dubai,Designer Handbags,Platinum (VIP),Organic Search,1,3353,965,3353,965,2388,71.2
5000457,2022-09-21,Tokyo,Designer Handbags,First-Time Buyer,Paid Social,1,3147,549,3147,549,2598,82.6
5002470,2022-09-21,Paris,Luxury Watches,Silver,Paid Social,2,11476,2183,22952,4366,18586,81.0
5009291,2022-09-21,Milan,Luxury Watches,Platinum (VIP),Paid Social,1,14574,3072,14574,3072,11502,78.9
5007310,2022-09-21,Tokyo,Luxury Watches,Gold,Exclusive Invite,2,14406,2210,28812,4420,24392,84.7
5008786,2022-09-21,Milan,Fine Jewelry,Silver,Organic Search,1,10145,2664,10145,2664,7481,73.7
5004178,2022-09-21,New York,Haute Fragrance,Platinum (VIP),Exclusive Invite,1,353,116,353,116,237,67.1
5000495,2022-09-21,New York,Haute Fragrance,Silver,Organic Search,1,352,63,352,63,289,82.1
5009607,2022-09-21,New York,Fine Jewelry,First-Time Buyer,Exclusive Invite,1,9587,2268,9587,2268,7319,76.3
5000695,2022-09-21,Dubai,Luxury Watches,First-Time Buyer,Paid Social,1,13418,2766,13418,2766,10652,79.4
5006443,2022-09-21,Dubai,Luxury Watches,First-Time Buyer,Paid Social,3,12398,3314,37194,9942,27252,73.3
5005345,2022-09-22,Milan,Fine Jewelry,Silver,Exclusive Invite,1,8074,2300,8074,2300,5774,71.5
5007514,2022-09-22,Dubai,Luxury Watches,Silver,Walk-in,1,11897,1861,11897,1861,10036,84.4
5009328,2022-09-22,Dubai,Luxury Watches,Silver,Walk-in,1,11965,3845,11965,3845,8120,67.9
5008489,2022-09-22,Tokyo,Luxury Watches,Gold,Exclusive Invite,1,14554,3664,14554,3664,10890,74.8
5007070,2022-09-22,Tokyo,Luxury Watches,Silver,Walk-in,1,14806,3511,14806,3511,11295,76.3
5001843,2022-09-22,New York,Luxury Watches,First-Time Buyer,Organic Search,1,11395,2654,11395,2654,8741,76.7
5005732,2022-09-22,Milan,Fine Jewelry,Silver,Walk-in,1,9235,2610,9235,2610,6625,71.7
5005693,2022-09-22,Paris,Luxury Watches,Platinum (VIP),Organic Search,1,13266,2646,13266,2646,10620,80.1
5006889,2022-09-22,Milan,Fine Jewelry,First-Time Buyer,Walk-in,1,9985,2902,9985,2902,7083,70.9
5003721,2022-09-22,Tokyo,Fine Jewelry,Gold,Organic Search,1,8145,2186,8145,2186,5959,73.2
5006681,2022-09-22,Dubai,Haute Fragrance,First-Time Buyer,Exclusive Invite,1,360,125,360,125,235,65.3
5005302,2022-09-22,Tokyo,Haute Fragrance,First-Time Buyer,Walk-in,1,339,88,339,88,251,74.0
5003726,2022-09-22,Tokyo,Luxury Watches,First-Time Buyer,Walk-in,1,13365,2161,13365,2161,11204,83.8
5008628,2022-09-23,Tokyo,Fine Jewelry,First-Time Buyer,Paid Social,1,8249,2475,8249,2475,5774,70.0
5007558,2022-09-23,Milan,Designer Handbags,First-Time Buyer,Paid Social,1,3068,883,3068,883,2185,71.2
5009087,2022-09-23,New York,Designer Handbags,First-Time Buyer,Paid Social,1,3543,633,3543,633,2910,82.1
5005393,2022-09-23,Milan,Haute Fragrance,Platinum (VIP),Walk-in,1,344,79,344,79,265,77.0
5002014,2022-09-23,Milan,Luxury Watches,Silver,Organic Search,1,13867,3419,13867,3419,10448,75.3
5007617,2022-09-23,Milan,Designer Handbags,Platinum (VIP),Paid Social,1,3724,1268,3724,1268,2456,66.0
5007035,2022-09-23,New York,Luxury Watches,Silver,Paid Social,1,13881,3391,13881,3391,10490,75.6
5009160,2022-09-23,Dubai,Luxury Watches,First-Time Buyer,Walk-in,2,12432,3311,24864,6622,18242,73.4
5007672,2022-09-23,Dubai,Fine Jewelry,Platinum (VIP),Walk-in,1,9813,1743,9813,1743,8070,82.2
5002169,2022-09-23,New York,Luxury Watches,Gold,Paid Social,1,11676,1805,11676,1805,9871,84.5
5009861,2022-09-23,New York,Luxury Watches,First-Time Buyer,Exclusive Invite,1,12236,3423,12236,3423,8813,72.0
5000879,2022-09-23,Dubai,Luxury Watches,Gold,Organic Search,1,12253,4186,12253,4186,8067,65.8
5008052,2022-09-23,Dubai,Luxury Watches,First-Time Buyer,Organic Search,1,12227,2544,12227,2544,9683,79.2
5001565,2022-09-23,Tokyo,Luxury Watches,Silver,Paid Social,1,12669,2669,12669,2669,10000,78.9
5009022,2022-09-23,Tokyo,Luxury Watches,Platinum (VIP),Organic Search,1,12593,4357,12593,4357,8236,65.4
5006312,2022-09-24,Milan,Designer Handbags,Gold,Exclusive Invite,1,3370,883,3370,883,2487,73.8
5004513,2022-09-24,Tokyo,Fine Jewelry,First-Time Buyer,Walk-in,3,8941,2894,26823,8682,18141,67.6
5002824,2022-09-24,Milan,Luxury Watches,Gold,Walk-in,1,14987,3099,14987,3099,11888,79.3
5008761,2022-09-24,Milan,Designer Handbags,Platinum (VIP),Paid Social,2,2938,947,5876,1894,3982,67.8
5006587,2022-09-24,Paris,Haute Fragrance,First-Time Buyer,Paid Social,1,319,65,319,65,254,79.6
5007183,2022-09-24,Tokyo,Luxury Watches,Silver,Exclusive Invite,1,13088,4327,13088,4327,8761,66.9
5006984,2022-09-24,Milan,Designer Handbags,Silver,Organic Search,1,3270,675,3270,675,2595,79.4
5003531,2022-09-24,Paris,Luxury Watches,First-Time Buyer,Organic Search,1,13725,2126,13725,2126,11599,84.5
5004544,2022-09-24,Dubai,Luxury Watches,Gold,Organic Search,1,14160,4018,14160,4018,10142,71.6
5000306,2022-09-24,Paris,Designer Handbags,First-Time Buyer,Exclusive Invite,1,3171,479,3171,479,2692,84.9
5007634,2022-09-24,Paris,Fine Jewelry,Gold,Walk-in,1,9429,2920,9429,2920,6509,69.0
5008652,2022-09-25,Tokyo,Haute Fragrance,First-Time Buyer,Exclusive Invite,3,350,78,1050,234,816,77.7
5003782,2022-09-25,New York,Fine Jewelry,First-Time Buyer,Organic Search,1,7796,2171,7796,2171,5625,72.2
5009215,2022-09-25,Dubai,Luxury Watches,Gold,Walk-in,1,14838,3572,14838,3572,11266,75.9
5006358,2022-09-25,Tokyo,Designer Handbags,Silver,Paid Social,1,3401,942,3401,942,2459,72.3
5006298,2022-09-25,New York,Designer Handbags,Silver,Organic Search,1,3142,990,3142,990,2152,68.5
5003772,2022-09-25,Paris,Designer Handbags,Gold,Walk-in,1,3565,966,3565,966,2599,72.9
5008757,2022-09-25,New York,Fine Jewelry,Silver,Walk-in,1,9230,2585,9230,2585,6645,72.0
5008007,2022-09-25,Tokyo,Luxury Watches,Silver,Organic Search,1,14599,4914,14599,4914,9685,66.3
5008598,2022-09-25,Tokyo,Designer Handbags,Silver,Paid Social,1,3470,1148,3470,1148,2322,66.9
5003087,2022-09-25,Dubai,Haute Fragrance,First-Time Buyer,Organic Search,1,345,70,345,70,275,79.7
5001603,2022-09-26,New York,Haute Fragrance,First-Time Buyer,Paid Social,1,360,84,360,84,276,76.7
5004013,2022-09-26,Paris,Designer Handbags,Gold,Paid Social,1,3343,948,3343,948,2395,71.6
5007255,2022-09-26,Tokyo,Luxury Watches,Silver,Organic Search,1,14938,3845,14938,3845,11093,74.3
5009577,2022-09-26,Paris,Luxury Watches,Gold,Exclusive Invite,2,14491,2581,28982,5162,23820,82.2
5003710,2022-09-26,Milan,Luxury Watches,Silver,Paid Social,1,13750,3345,13750,3345,10405,75.7
5009127,2022-09-26,Paris,Fine Jewelry,Gold,Paid Social,1,9253,1501,9253,1501,7752,83.8
5000473,2022-09-26,Milan,Haute Fragrance,Silver,Paid Social,1,405,127,405,127,278,68.6
5003000,2022-09-26,New York,Designer Handbags,Silver,Exclusive Invite,1,3048,1017,3048,1017,2031,66.6
5001258,2022-09-26,New York,Luxury Watches,Silver,Organic Search,1,11354,1920,11354,1920,9434,83.1
5006193,2022-09-26,Paris,Designer Handbags,First-Time Buyer,Organic Search,1,3555,1156,3555,1156,2399,67.5
5001424,2022-09-26,Paris,Designer Handbags,First-Time Buyer,Walk-in,1,3093,653,3093,653,2440,78.9
5004779,2022-09-26,New York,Luxury Watches,Gold,Walk-in,1,13962,3182,13962,3182,10780,77.2
5000694,2022-09-26,Paris,Designer Handbags,Gold,Organic Search,2,3107,705,6214,1410,4804,77.3
5009190,2022-09-26,Paris,Designer Handbags,First-Time Buyer,Paid Social,1,3326,766,3326,766,2560,77.0
5000446,2022-09-26,Dubai,Designer Handbags,First-Time Buyer,Walk-in,1,3579,787,3579,787,2792,78.0
5007996,2022-09-26,Milan,Haute Fragrance,First-Time Buyer,Paid Social,1,380,98,380,98,282,74.2
5003074,2022-09-26,Dubai,Fine Jewelry,First-Time Buyer,Organic Search,1,8071,1495,8071,1495,6576,81.5
5005513,2022-09-26,Paris,Designer Handbags,Gold,Paid Social,1,3256,722,3256,722,2534,77.8
5001971,2022-09-26,Paris,Fine Jewelry,First-Time Buyer,Walk-in,1,9930,1795,9930,1795,8135,81.9
5007014,2022-09-27,New York,Designer Handbags,Silver,Paid Social,1,2913,934,2913,934,1979,67.9
5004203,2022-09-27,Dubai,Designer Handbags,Silver,Walk-in,1,3479,769,3479,769,2710,77.9
5007495,2022-09-27,Paris,Luxury Watches,Silver,Organic Search,1,12180,3024,12180,3024,9156,75.2
5007936,2022-09-27,Dubai,Luxury Watches,Silver,Walk-in,1,13735,2260,13735,2260,11475,83.5
5002980,2022-09-27,Tokyo,Haute Fragrance,First-Time Buyer,Walk-in,1,352,75,352,75,277,78.7
5002760,2022-09-27,Paris,Luxury Watches,Gold,Exclusive Invite,1,11842,3689,11842,3689,8153,68.8
5008077,2022-09-27,Tokyo,Luxury Watches,Silver,Paid Social,1,14007,2450,14007,2450,11557,82.5
5001895,2022-09-27,Tokyo,Designer Handbags,Silver,Organic Search,1,3658,811,3658,811,2847,77.8
5009774,2022-09-27,Milan,Haute Fragrance,First-Time Buyer,Exclusive Invite,2,353,112,706,224,482,68.3
5008173,2022-09-27,Milan,Haute Fragrance,Silver,Exclusive Invite,1,406,69,406,69,337,83.0
5004698,2022-09-27,New York,Luxury Watches,First-Time Buyer,Paid Social,1,12275,2387,12275,2387,9888,80.6
5007195,2022-09-27,New York,Luxury Watches,Gold,Organic Search,1,11907,3299,11907,3299,8608,72.3
5000367,2022-09-27,Dubai,Designer Handbags,Gold,Organic Search,1,2995,822,2995,822,2173,72.6
5007587,2022-09-27,Paris,Luxury Watches,Platinum (VIP),Walk-in,1,11548,2971,11548,2971,8577,74.3
5005689,2022-09-28,Dubai,Luxury Watches,Platinum (VIP),Organic Search,1,14036,3857,14036,3857,10179,72.5
5001443,2022-09-28,Tokyo,Designer Handbags,Silver,Exclusive Invite,1,3163,799,3163,799,2364,74.7
5001384,2022-09-28,Paris,Designer Handbags,Silver,Organic Search,1,3056,639,3056,639,2417,79.1
5003771,2022-09-28,Milan,Haute Fragrance,Silver,Exclusive Invite,1,326,79,326,79,247,75.8
5008966,2022-09-28,Paris,Fine Jewelry,Gold,Organic Search,1,9173,2278,9173,2278,6895,75.2
5006323,2022-09-28,Dubai,Luxury Watches,Platinum (VIP),Walk-in,1,12974,3270,12974,3270,9704,74.8
5006662,2022-09-28,Tokyo,Fine Jewelry,First-Time Buyer,Paid Social,1,9503,3307,9503,3307,6196,65.2
5005553,2022-09-28,Dubai,Haute Fragrance,Gold,Exclusive Invite,1,383,116,383,116,267,69.7
5007418,2022-09-28,New York,Fine Jewelry,Gold,Exclusive Invite,1,8499,2217,8499,2217,6282,73.9
5003033,2022-09-28,Tokyo,Luxury Watches,First-Time Buyer,Organic Search,1,13035,2569,13035,2569,10466,80.3
5009504,2022-09-28,Milan,Haute Fragrance,Silver,Organic Search,1,366,59,366,59,307,83.9
5008279,2022-09-29,Paris,Designer Handbags,Silver,Paid Social,2,3220,889,6440,1778,4662,72.4
5001937,2022-09-29,Paris,Luxury Watches,First-Time Buyer,Exclusive Invite,1,11563,2497,11563,2497,9066,78.4
5009937,2022-09-29,Milan,Designer Handbags,Silver,Organic Search,1,3087,1005,3087,1005,2082,67.4
5009031,2022-09-29,Tokyo,Fine Jewelry,Silver,Walk-in,1,8697,1681,8697,1681,7016,80.7
5004802,2022-09-29,Dubai,Designer Handbags,First-Time Buyer,Paid Social,1,3169,523,3169,523,2646,83.5
5008203,2022-09-29,Tokyo,Fine Jewelry,First-Time Buyer,Paid Social,2,9339,2828,18678,5656,13022,69.7
5006139,2022-09-29,Milan,Designer Handbags,Gold,Paid Social,1,3508,982,3508,982,2526,72.0
5000842,2022-09-29,New York,Luxury Watches,Silver,Walk-in,1,13944,3905,13944,3905,10039,72.0
5003049,2022-09-29,New York,Haute Fragrance,Platinum (VIP),Exclusive Invite,1,317,60,317,60,257,81.1
5007715,2022-09-29,Paris,Haute Fragrance,Gold,Walk-in,1,411,97,411,97,314,76.4
5001704,2022-09-29,New York,Luxury Watches,First-Time Buyer,Walk-in,1,14154,2760,14154,2760,11394,80.5
5002453,2022-09-29,Paris,Fine Jewelry,First-Time Buyer,Organic Search,1,9369,2702,9369,2702,6667,71.2
5005568,2022-09-30,Dubai,Fine Jewelry,Gold,Paid Social,1,8467,1969,8467,1969,6498,76.7
5004901,2022-09-30,Paris,Designer Handbags,Platinum (VIP),Walk-in,1,3564,836,3564,836,2728,76.5
5007850,2022-09-30,Dubai,Luxury Watches,Gold,Paid Social,1,13228,3138,13228,3138,10090,76.3
5002625,2022-09-30,Tokyo,Haute Fragrance,First-Time Buyer,Paid Social,1,383,120,383,120,263,68.7
5005535,2022-09-30,New York,Fine Jewelry,First-Time Buyer,Organic Search,1,9146,1634,9146,1634,7512,82.1
5001308,2022-09-30,Milan,Designer Handbags,First-Time Buyer,Paid Social,1,3045,861,3045,861,2184,71.7
5006695,2022-09-30,Milan,Designer Handbags,Silver,Paid Social,1,3489,772,3489,772,2717,77.9
5009679,2022-09-30,Paris,Luxury Watches,First-Time Buyer,Paid Social,1,12169,3628,12169,3628,8541,70.2
5006612,2022-09-30,Paris,Designer Handbags,First-Time Buyer,Organic Search,1,2986,879,2986,879,2107,70.6
5009441,2022-09-30,Tokyo,Designer Handbags,First-Time Buyer,Paid Social,1,3239,997,3239,997,2242,69.2
5007785,2022-09-30,Paris,Designer Handbags,Gold,Organic Search,1,2917,477,2917,477,2440,83.6
5003964,2022-09-30,New York,Designer Handbags,Silver,Organic Search,1,3503,1125,3503,1125,2378,67.9
5003817,2022-09-30,Paris,Haute Fragrance,First-Time Buyer,Walk-in,1,341,86,341,86,255,74.8
5008335,2022-09-30,Dubai,Designer Handbags,Silver,Organic Search,1,3124,963,3124,963,2161,69.2
5002323,2022-10-01,New York,Luxury Watches,First-Time Buyer,Walk-in,1,12700,2690,12700,2690,10010,78.8
5002410,2022-10-01,Tokyo,Designer Handbags,First-Time Buyer,Organic Search,1,3604,927,3604,927,2677,74.3
5004776,2022-10-01,Tokyo,Luxury Watches,Silver,Organic Search,1,11502,3834,11502,3834,7668,66.7
5006968,2022-10-01,Milan,Designer Handbags,First-Time Buyer,Organic Search,3,3211,525,9633,1575,8058,83.6
5007045,2022-10-01,New York,Luxury Watches,First-Time Buyer,Paid Social,1,14430,2331,14430,2331,12099,83.8
5006245,2022-10-01,New York,Luxury Watches,First-Time Buyer,Walk-in,1,11879,3080,11879,3080,8799,74.1
5004138,2022-10-01,Tokyo,Designer Handbags,First-Time Buyer,Paid Social,1,3727,753,3727,753,2974,79.8
5002344,2022-10-01,New York,Luxury Watches,First-Time Buyer,Walk-in,1,14785,4430,14785,4430,10355,70.0
5001635,2022-10-01,New York,Designer Handbags,First-Time Buyer,Organic Search,1,3075,594,3075,594,2481,80.7
5008442,2022-10-01,Tokyo,Luxury Watches,Platinum (VIP),Exclusive Invite,2,12792,3118,25584,6236,19348,75.6
5002151,2022-10-01,New York,Luxury Watches,First-Time Buyer,Exclusive Invite,1,13826,2591,13826,2591,11235,81.3
5005928,2022-10-01,Dubai,Designer Handbags,Gold,Exclusive Invite,1,3774,739,3774,739,3035,80.4
5002791,2022-10-02,Paris,Haute Fragrance,Gold,Organic Search,1,392,90,392,90,302,77.0
5003264,2022-10-02,Milan,Fine Jewelry,Silver,Walk-in,1,7660,2119,7660,2119,5541,72.3
5008788,2022-10-02,New York,Luxury Watches,Platinum (VIP),Organic Search,1,13480,2071,13480,2071,11409,84.6
5009668,2022-10-02,Milan,Designer Handbags,Gold,Organic Search,2,3653,797,7306,1594,5712,78.2
5003651,2022-10-02,Tokyo,Luxury Watches,First-Time Buyer,Walk-in,1,11673,3906,11673,3906,7767,66.5
5008826,2022-10-02,Dubai,Haute Fragrance,Silver,Paid Social,3,325,51,975,153,822,84.3
5007259,2022-10-02,New York,Designer Handbags,Platinum (VIP),Walk-in,1,3762,888,3762,888,2874,76.4
5006321,2022-10-02,New York,Haute Fragrance,Gold,Walk-in,1,375,87,375,87,288,76.8
5003290,2022-10-02,Tokyo,Luxury Watches,First-Time Buyer,Walk-in,1,14356,4553,14356,4553,9803,68.3
5000146,2022-10-02,Milan,Haute Fragrance,First-Time Buyer,Paid Social,1,358,119,358,119,239,66.8
5005145,2022-10-02,Tokyo,Haute Fragrance,Platinum (VIP),Walk-in,1,416,69,416,69,347,83.4
5003098,2022-10-02,Tokyo,Fine Jewelry,Silver,Organic Search,1,8846,1921,8846,1921,6925,78.3
5002813,2022-10-03,Dubai,Designer Handbags,First-Time Buyer,Paid Social,3,2931,726,8793,2178,6615,75.2
5000594,2022-10-03,Paris,Designer Handbags,Silver,Organic Search,1,3628,670,3628,670,2958,81.5
5007588,2022-10-03,New York,Luxury Watches,First-Time Buyer,Organic Search,1,13192,3962,13192,3962,9230,70.0
5005616,2022-10-03,Milan,Designer Handbags,First-Time Buyer,Organic Search,1,3517,910,3517,910,2607,74.1
5005978,2022-10-03,Tokyo,Designer Handbags,Platinum (VIP),Walk-in,1,3112,940,3112,940,2172,69.8
5000965,2022-10-03,New York,Luxury Watches,Gold,Organic Search,1,11760,3225,11760,3225,8535,72.6
5003183,2022-10-03,Paris,Luxury Watches,Silver,Walk-in,3,12233,3382,36699,10146,26553,72.4
5000753,2022-10-03,Paris,Luxury Watches,Gold,Walk-in,1,12218,4052,12218,4052,8166,66.8
5001792,2022-10-03,New York,Haute Fragrance,Gold,Organic Search,1,408,128,408,128,280,68.6
5006126,2022-10-03,New York,Luxury Watches,Gold,Organic Search,2,13180,3321,26360,6642,19718,74.8
5004682,2022-10-03,Dubai,Fine Jewelry,First-Time Buyer,Paid Social,1,7826,2044,7826,2044,5782,73.9
5002403,2022-10-03,Milan,Fine Jewelry,Silver,Paid Social,1,8735,2900,8735,2900,5835,66.8
5003391,2022-10-04,Tokyo,Haute Fragrance,Gold,Organic Search,1,414,119,414,119,295,71.3
5000761,2022-10-04,Paris,Haute Fragrance,First-Time Buyer,Organic Search,1,335,56,335,56,279,83.3
5000414,2022-10-04,Dubai,Designer Handbags,First-Time Buyer,Organic Search,1,3439,1187,3439,1187,2252,65.5
5001684,2022-10-04,Dubai,Fine Jewelry,First-Time Buyer,Organic Search,1,8151,2592,8151,2592,5559,68.2
5003075,2022-10-04,Milan,Fine Jewelry,First-Time Buyer,Walk-in,1,8545,2131,8545,2131,6414,75.1
5000453,2022-10-04,New York,Luxury Watches,Silver,Paid Social,1,13510,2046,13510,2046,11464,84.9
5007472,2022-10-04,Paris,Luxury Watches,Silver,Paid Social,1,14475,3987,14475,3987,10488,72.5
5005272,2022-10-04,Tokyo,Luxury Watches,First-Time Buyer,Paid Social,1,14548,3755,14548,3755,10793,74.2
5003634,2022-10-04,Milan,Luxury Watches,Gold,Walk-in,1,11305,2814,11305,2814,8491,75.1
5000337,2022-10-05,New York,Designer Handbags,First-Time Buyer,Paid Social,1,3685,783,3685,783,2902,78.8
5005223,2022-10-05,Dubai,Designer Handbags,Gold,Organic Search,1,3474,719,3474,719,2755,79.3
5001455,2022-10-05,New York,Haute Fragrance,Silver,Exclusive Invite,1,391,80,391,80,311,79.5
5006262,2022-10-05,New York,Designer Handbags,First-Time Buyer,Exclusive Invite,1,3066,834,3066,834,2232,72.8
5004811,2022-10-05,New York,Fine Jewelry,First-Time Buyer,Organic Search,1,8061,1293,8061,1293,6768,84.0
5004208,2022-10-05,Tokyo,Fine Jewelry,Platinum (VIP),Paid Social,1,9736,3114,9736,3114,6622,68.0
5004681,2022-10-05,Paris,Designer Handbags,Platinum (VIP),Walk-in,1,3379,973,3379,973,2406,71.2
5002823,2022-10-05,Paris,Designer Handbags,Platinum (VIP),Paid Social,1,3392,886,3392,886,2506,73.9
5002786,2022-10-05,New York,Designer Handbags,Silver,Paid Social,1,2888,466,2888,466,2422,83.9
5006046,2022-10-05,Tokyo,Luxury Watches,Gold,Walk-in,3,11493,3799,34479,11397,23082,66.9
5006124,2022-10-05,Paris,Luxury Watches,First-Time Buyer,Walk-in,1,12013,3954,12013,3954,8059,67.1
5002698,2022-10-05,Paris,Designer Handbags,Platinum (VIP),Exclusive Invite,1,3387,1105,3387,1105,2282,67.4
5006819,2022-10-05,Dubai,Luxury Watches,Platinum (VIP),Organic Search,2,11989,2265,23978,4530,19448,81.1
5004833,2022-10-05,Tokyo,Luxury Watches,Silver,Exclusive Invite,3,13769,2738,41307,8214,33093,80.1
5009212,2022-10-06,Dubai,Luxury Watches,Platinum (VIP),Organic Search,1,14224,3811,14224,3811,10413,73.2
5009983,2022-10-06,Paris,Fine Jewelry,First-Time Buyer,Organic Search,1,9295,2904,9295,2904,6391,68.8
5004447,2022-10-06,Paris,Luxury Watches,First-Time Buyer,Walk-in,2,14229,3209,28458,6418,22040,77.4
5007675,2022-10-06,Paris,Luxury Watches,Gold,Paid Social,1,14019,2603,14019,2603,11416,81.4
5000551,2022-10-06,Dubai,Designer Handbags,Silver,Exclusive Invite,1,3372,1060,3372,1060,2312,68.6
5004196,2022-10-06,Paris,Fine Jewelry,Silver,Organic Search,1,8651,1664,8651,1664,6987,80.8
5005127,2022-10-06,Paris,Luxury Watches,First-Time Buyer,Paid Social,2,13368,2720,26736,5440,21296,79.7
5007779,2022-10-06,New York,Haute Fragrance,Gold,Organic Search,2,412,116,824,232,592,71.8
5006927,2022-10-07,New York,Fine Jewelry,Silver,Walk-in,1,9554,2944,9554,2944,6610,69.2
5007832,2022-10-07,Milan,Luxury Watches,First-Time Buyer,Walk-in,1,13135,3401,13135,3401,9734,74.1
5003069,2022-10-07,Paris,Haute Fragrance,First-Time Buyer,Organic Search,1,379,118,379,118,261,68.9
5007721,2022-10-07,Tokyo,Designer Handbags,First-Time Buyer,Paid Social,1,3806,1016,3806,1016,2790,73.3
5007349,2022-10-07,Tokyo,Designer Handbags,First-Time Buyer,Paid Social,1,3074,1033,3074,1033,2041,66.4
5006238,2022-10-07,Dubai,Luxury Watches,Gold,Organic Search,1,14760,3884,14760,3884,10876,73.7
5008982,2022-10-07,Dubai,Designer Handbags,First-Time Buyer,Walk-in,1,3153,958,3153,958,2195,69.6
5004266,2022-10-07,Paris,Haute Fragrance,Silver,Paid Social,1,357,76,357,76,281,78.7
5006201,2022-10-07,Dubai,Fine Jewelry,First-Time Buyer,Paid Social,1,9034,2268,9034,2268,6766,74.9
5005750,2022-10-07,Paris,Designer Handbags,First-Time Buyer,Exclusive Invite,1,3542,702,3542,702,2840,80.2
5000638,2022-10-07,New York,Fine Jewelry,Platinum (VIP),Exclusive Invite,1,9812,3433,9812,3433,6379,65.0
5004668,2022-10-07,Tokyo,Haute Fragrance,First-Time Buyer,Organic Search,2,325,108,650,216,434,66.8
5006686,2022-10-07,New York,Fine Jewelry,Gold,Exclusive Invite,1,9188,2765,9188,2765,6423,69.9
5001285,2022-10-07,New York,Designer Handbags,Platinum (VIP),Organic Search,2,3787,577,7574,1154,6420,84.8
5008135,2022-10-07,Paris,Designer Handbags,Gold,Organic Search,1,3437,605,3437,605,2832,82.4
5006689,2022-10-08,Milan,Fine Jewelry,First-Time Buyer,Walk-in,1,10141,1679,10141,1679,8462,83.4
5006808,2022-10-08,Paris,Luxury Watches,Gold,Organic Search,1,12093,2408,12093,2408,9685,80.1
5007149,2022-10-08,Milan,Luxury Watches,First-Time Buyer,Organic Search,1,14043,4035,14043,4035,10008,71.3
5000645,2022-10-08,Paris,Luxury Watches,Gold,Exclusive Invite,1,11961,2203,11961,2203,9758,81.6
5002630,2022-10-08,Paris,Designer Handbags,Platinum (VIP),Paid Social,2,3574,804,7148,1608,5540,77.5
5009422,2022-10-08,New York,Designer Handbags,Silver,Organic Search,1,3827,710,3827,710,3117,81.4
5001027,2022-10-08,Dubai,Haute Fragrance,Silver,Walk-in,1,414,124,414,124,290,70.0
5008376,2022-10-08,New York,Fine Jewelry,First-Time Buyer,Organic Search,1,9239,3120,9239,3120,6119,66.2
5005581,2022-10-08,Milan,Designer Handbags,First-Time Buyer,Organic Search,1,3457,542,3457,542,2915,84.3
5005139,2022-10-08,Milan,Designer Handbags,Gold,Walk-in,1,3407,890,3407,890,2517,73.9
5005230,2022-10-08,Milan,Luxury Watches,Silver,Organic Search,1,12015,3904,12015,3904,8111,67.5
5006030,2022-10-08,Dubai,Designer Handbags,First-Time Buyer,Exclusive Invite,1,3235,684,3235,684,2551,78.9
5007870,2022-10-08,New York,Luxury Watches,First-Time Buyer,Paid Social,1,13806,3342,13806,3342,10464,75.8
5002064,2022-10-08,New York,Designer Handbags,First-Time Buyer,Paid Social,1,3152,1011,3152,1011,2141,67.9
5002094,2022-10-08,Milan,Fine Jewelry,First-Time Buyer,Paid Social,1,8171,2593,8171,2593,5578,68.3
5007750,2022-10-09,New York,Designer Handbags,First-Time Buyer,Paid Social,1,3656,742,3656,742,2914,79.7
5006034,2022-10-09,Paris,Designer Handbags,Silver,Paid Social,3,2905,535,8715,1605,7110,81.6
5005483,2022-10-09,Paris,Designer Handbags,Silver,Paid Social,1,3229,857,3229,857,2372,73.5
5001418,2022-10-09,New York,Luxury Watches,First-Time Buyer,Organic Search,1,12767,4152,12767,4152,8615,67.5
5009616,2022-10-09,Dubai,Fine Jewelry,Gold,Walk-in,1,9855,2637,9855,2637,7218,73.2
5004660,2022-10-09,Dubai,Luxury Watches,Silver,Organic Search,2,14993,3729,29986,7458,22528,75.1
5003483,2022-10-09,Milan,Luxury Watches,First-Time Buyer,Walk-in,1,11850,2783,11850,2783,9067,76.5
5007793,2022-10-09,New York,Designer Handbags,Silver,Exclusive Invite,1,3126,537,3126,537,2589,82.8
5009645,2022-10-09,Dubai,Fine Jewelry,First-Time Buyer,Organic Search,1,9549,2313,9549,2313,7236,75.8
5001481,2022-10-09,Paris,Designer Handbags,First-Time Buyer,Paid Social,1,3660,598,3660,598,3062,83.7
5005730,2022-10-09,Tokyo,Luxury Watches,First-Time Buyer,Walk-in,1,14948,2320,14948,2320,12628,84.5
5006153,2022-10-09,Tokyo,Luxury Watches,First-Time Buyer,Organic Search,1,14793,3914,14793,3914,10879,73.5
5006976,2022-10-09,Milan,Fine Jewelry,Gold,Exclusive Invite,1,7822,1421,7822,1421,6401,81.8
5007329,2022-10-09,New York,Designer Handbags,Silver,Organic Search,2,3076,640,6152,1280,4872,79.2
5007614,2022-10-09,New York,Designer Handbags,Silver,Walk-in,1,3561,1164,3561,1164,2397,67.3
5001237,2022-10-10,Paris,Luxury Watches,Silver,Exclusive Invite,1,13685,3583,13685,3583,10102,73.8
5008470,2022-10-10,New York,Designer Handbags,First-Time Buyer,Paid Social,1,3352,863,3352,863,2489,74.3
5007249,2022-10-10,New York,Luxury Watches,Gold,Organic Search,1,14641,4388,14641,4388,10253,70.0
5006811,2022-10-10,Dubai,Fine Jewelry,Platinum (VIP),Organic Search,1,7679,1896,7679,1896,5783,75.3
5008511,2022-10-10,Milan,Luxury Watches,Silver,Paid Social,1,13677,3169,13677,3169,10508,76.8
5008930,2022-10-10,New York,Designer Handbags,First-Time Buyer,Organic Search,1,3615,1050,3615,1050,2565,71.0
5002012,2022-10-10,Tokyo,Luxury Watches,Silver,Exclusive Invite,1,14338,4772,14338,4772,9566,66.7
5006261,2022-10-10,New York,Luxury Watches,First-Time Buyer,Organic Search,1,13337,2160,13337,2160,11177,83.8
5002113,2022-10-10,New York,Designer Handbags,Gold,Organic Search,1,3039,962,3039,962,2077,68.3
5004395,2022-10-10,Paris,Fine Jewelry,Gold,Walk-in,1,8861,2762,8861,2762,6099,68.8
5001077,2022-10-10,Dubai,Designer Handbags,First-Time Buyer,Exclusive Invite,1,3772,692,3772,692,3080,81.7
5004118,2022-10-10,Paris,Fine Jewelry,Silver,Organic Search,1,8244,2481,8244,2481,5763,69.9
5008398,2022-10-10,Tokyo,Fine Jewelry,Silver,Paid Social,1,8532,2225,8532,2225,6307,73.9
5001807,2022-10-11,Tokyo,Luxury Watches,Platinum (VIP),Exclusive Invite,1,12515,2707,12515,2707,9808,78.4
5007618,2022-10-11,New York,Designer Handbags,Gold,Walk-in,1,3655,894,3655,894,2761,75.5
5003590,2022-10-11,Tokyo,Fine Jewelry,Gold,Organic Search,1,8271,2551,8271,2551,5720,69.2
5004388,2022-10-11,Paris,Luxury Watches,First-Time Buyer,Walk-in,1,13317,2447,13317,2447,10870,81.6
5001827,2022-10-11,Paris,Designer Handbags,Gold,Organic Search,1,3788,979,3788,979,2809,74.2
5008612,2022-10-11,Tokyo,Designer Handbags,First-Time Buyer,Paid Social,1,2952,722,2952,722,2230,75.5
5007293,2022-10-11,New York,Luxury Watches,First-Time Buyer,Organic Search,1,12766,2695,12766,2695,10071,78.9
5002751,2022-10-11,Milan,Haute Fragrance,First-Time Buyer,Exclusive Invite,1,383,121,383,121,262,68.4
5007768,2022-10-11,Dubai,Luxury Watches,Platinum (VIP),Walk-in,1,12364,4115,12364,4115,8249,66.7
5007395,2022-10-11,Dubai,Designer Handbags,Gold,Exclusive Invite,2,3476,634,6952,1268,5684,81.8
5006877,2022-10-11,Paris,Fine Jewelry,Platinum (VIP),Walk-in,1,7933,2262,7933,2262,5671,71.5
5003952,2022-10-11,Milan,Designer Handbags,First-Time Buyer,Paid Social,1,3591,708,3591,708,2883,80.3
5009871,2022-10-12,New York,Designer Handbags,Silver,Walk-in,1,3604,898,3604,898,2706,75.1
5008815,2022-10-12,Dubai,Designer Handbags,Gold,Organic Search,1,2943,580,2943,580,2363,80.3
5006972,2022-10-12,Milan,Luxury Watches,Silver,Walk-in,2,13985,3382,27970,6764,21206,75.8
5001503,2022-10-12,New York,Designer Handbags,First-Time Buyer,Walk-in,1,3655,701,3655,701,2954,80.8
5005817,2022-10-12,Tokyo,Fine Jewelry,First-Time Buyer,Paid Social,1,9134,1492,9134,1492,7642,83.7
5008867,2022-10-12,Paris,Fine Jewelry,First-Time Buyer,Paid Social,1,9440,1636,9440,1636,7804,82.7
5000751,2022-10-12,Tokyo,Designer Handbags,First-Time Buyer,Exclusive Invite,1,3140,1097,3140,1097,2043,65.1
5006520,2022-10-12,New York,Designer Handbags,First-Time Buyer,Walk-in,1,2926,871,2926,871,2055,70.2
5001905,2022-10-12,Tokyo,Haute Fragrance,Gold,Paid Social,1,360,67,360,67,293,81.4
5009175,2022-10-12,Tokyo,Designer Handbags,Gold,Organic Search,1,3403,1168,3403,1168,2235,65.7
5006331,2022-10-12,Paris,Designer Handbags,Silver,Exclusive Invite,1,3369,795,3369,795,2574,76.4
5008367,2022-10-12,New York,Fine Jewelry,First-Time Buyer,Walk-in,1,8093,2369,8093,2369,5724,70.7
5006337,2022-10-12,Dubai,Haute Fragrance,Gold,Organic Search,2,362,91,724,182,542,74.9
5009401,2022-10-12,Dubai,Designer Handbags,Silver,Exclusive Invite,1,3214,1087,3214,1087,2127,66.2
5004195,2022-10-13,Dubai,Designer Handbags,Silver,Paid Social,1,3015,499,3015,499,2516,83.4
5006706,2022-10-13,New York,Designer Handbags,Silver,Walk-in,1,3727,661,3727,661,3066,82.3
5005575,2022-10-13,New York,Designer Handbags,Silver,Paid Social,1,3123,674,3123,674,2449,78.4
5003363,2022-10-13,Tokyo,Haute Fragrance,First-Time Buyer,Paid Social,1,384,101,384,101,283,73.7
5005910,2022-10-13,Milan,Designer Handbags,Gold,Paid Social,3,3649,1268,10947,3804,7143,65.3
5006077,2022-10-13,Tokyo,Fine Jewelry,First-Time Buyer,Walk-in,1,9310,1518,9310,1518,7792,83.7
5006798,2022-10-13,Milan,Designer Handbags,Gold,Organic Search,2,3083,1051,6166,2102,4064,65.9
5004136,2022-10-13,Milan,Designer Handbags,First-Time Buyer,Paid Social,1,3446,654,3446,654,2792,81.0
5008915,2022-10-13,Dubai,Fine Jewelry,First-Time Buyer,Organic Search,1,8545,2186,8545,2186,6359,74.4
5001960,2022-10-13,Tokyo,Haute Fragrance,First-Time Buyer,Paid Social,2,319,110,638,220,418,65.5
5007808,2022-10-13,Tokyo,Fine Jewelry,Silver,Walk-in,2,7730,2587,15460,5174,10286,66.5
5004450,2022-10-14,Paris,Designer Handbags,Silver,Exclusive Invite,1,3375,1063,3375,1063,2312,68.5
5003084,2022-10-14,New York,Designer Handbags,Silver,Paid Social,1,3719,1268,3719,1268,2451,65.9
5007104,2022-10-14,Milan,Fine Jewelry,Gold,Paid Social,1,9780,3340,9780,3340,6440,65.8
5008237,2022-10-14,Milan,Designer Handbags,Gold,Paid Social,1,3806,1175,3806,1175,2631,69.1
5009207,2022-10-14,Milan,Luxury Watches,Silver,Organic Search,1,14176,4844,14176,4844,9332,65.8
5009278,2022-10-14,Tokyo,Luxury Watches,First-Time Buyer,Paid Social,2,12874,3276,25748,6552,19196,74.6
5005309,2022-10-14,Dubai,Fine Jewelry,First-Time Buyer,Paid Social,1,8891,1722,8891,1722,7169,80.6
5006643,2022-10-14,New York,Luxury Watches,First-Time Buyer,Organic Search,1,14319,2406,14319,2406,11913,83.2
5001982,2022-10-14,Paris,Designer Handbags,Silver,Walk-in,1,3090,1056,3090,1056,2034,65.8
5004114,2022-10-14,Paris,Designer Handbags,Gold,Organic Search,1,2882,439,2882,439,2443,84.8
5005888,2022-10-14,Milan,Designer Handbags,Silver,Walk-in,2,3401,618,6802,1236,5566,81.8
5001936,2022-10-14,Dubai,Luxury Watches,Platinum (VIP),Organic Search,1,12110,2172,12110,2172,9938,82.1
5005889,2022-10-14,Paris,Fine Jewelry,Gold,Walk-in,2,9814,3119,19628,6238,13390,68.2
5000764,2022-10-14,Tokyo,Haute Fragrance,Platinum (VIP),Exclusive Invite,1,358,60,358,60,298,83.2
5001539,2022-10-14,Paris,Haute Fragrance,First-Time Buyer,Organic Search,1,403,86,403,86,317,78.7
5002319,2022-10-14,New York,Designer Handbags,Silver,Paid Social,3,3614,938,10842,2814,8028,74.0
5001342,2022-10-14,Milan,Luxury Watches,Silver,Paid Social,2,11298,3744,22596,7488,15108,66.9
5008942,2022-10-14,New York,Haute Fragrance,First-Time Buyer,Organic Search,1,353,68,353,68,285,80.7
5003680,2022-10-14,Paris,Luxury Watches,Platinum (VIP),Organic Search,1,13989,2632,13989,2632,11357,81.2
5005242,2022-10-14,Tokyo,Luxury Watches,Gold,Organic Search,1,13269,2565,13269,2565,10704,80.7
5006934,2022-10-14,Dubai,Designer Handbags,Gold,Paid Social,1,3732,1192,3732,1192,2540,68.1
5006458,2022-10-14,New York,Luxury Watches,Gold,Organic Search,1,11381,3302,11381,3302,8079,71.0
5005447,2022-10-15,Dubai,Haute Fragrance,Silver,Walk-in,2,378,123,756,246,510,67.5
5004372,2022-10-15,Paris,Designer Handbags,First-Time Buyer,Organic Search,1,3559,717,3559,717,2842,79.9
5007214,2022-10-15,Tokyo,Fine Jewelry,Gold,Paid Social,1,7691,1984,7691,1984,5707,74.2
5005107,2022-10-15,Paris,Luxury Watches,First-Time Buyer,Paid Social,1,14617,4686,14617,4686,9931,67.9
5002199,2022-10-15,New York,Fine Jewelry,Silver,Paid Social,1,9725,2840,9725,2840,6885,70.8
5009884,2022-10-15,Paris,Luxury Watches,Silver,Paid Social,1,14600,3809,14600,3809,10791,73.9
5008927,2022-10-16,Tokyo,Designer Handbags,Platinum (VIP),Paid Social,1,3665,1013,3665,1013,2652,72.4
5000774,2022-10-16,Milan,Designer Handbags,First-Time Buyer,Exclusive Invite,1,3642,1148,3642,1148,2494,68.5
5000272,2022-10-16,New York,Fine Jewelry,Silver,Walk-in,1,9877,1983,9877,1983,7894,79.9
5004134,2022-10-16,Tokyo,Fine Jewelry,Platinum (VIP),Walk-in,1,7697,1811,7697,1811,5886,76.5
5007899,2022-10-16,New York,Designer Handbags,First-Time Buyer,Organic Search,1,2930,822,2930,822,2108,71.9
5006843,2022-10-16,Tokyo,Luxury Watches,First-Time Buyer,Walk-in,1,13210,3772,13210,3772,9438,71.4
5001800,2022-10-16,Paris,Fine Jewelry,First-Time Buyer,Paid Social,1,9116,2740,9116,2740,6376,69.9
5000582,2022-10-16,New York,Luxury Watches,First-Time Buyer,Organic Search,1,12196,3986,12196,3986,8210,67.3
5000919,2022-10-16,Tokyo,Luxury Watches,First-Time Buyer,Walk-in,1,12265,1847,12265,1847,10418,84.9
5009272,2022-10-16,Dubai,Designer Handbags,Gold,Exclusive Invite,1,3033,1043,3033,1043,1990,65.6
5004273,2022-10-16,Tokyo,Fine Jewelry,First-Time Buyer,Organic Search,1,8537,1687,8537,1687,6850,80.2
5000138,2022-10-16,Tokyo,Haute Fragrance,Silver,Paid Social,1,405,70,405,70,335,82.7
5003208,2022-10-16,Milan,Designer Handbags,First-Time Buyer,Organic Search,1,3622,1007,3622,1007,2615,72.2
5000141,2022-10-16,Milan,Haute Fragrance,Gold,Paid Social,1,364,116,364,116,248,68.1
5004829,2022-10-17,Tokyo,Designer Handbags,Gold,Paid Social,1,3459,960,3459,960,2499,72.2
5009529,2022-10-17,Tokyo,Fine Jewelry,Silver,Organic Search,1,7722,2679,7722,2679,5043,65.3
5008401,2022-10-17,New York,Luxury Watches,Silver,Walk-in,1,13398,2698,13398,2698,10700,79.9
5002295,2022-10-17,New York,Designer Handbags,First-Time Buyer,Paid Social,1,3583,795,3583,795,2788,77.8
5008771,2022-10-17,Tokyo,Fine Jewelry,First-Time Buyer,Exclusive Invite,1,7706,2330,7706,2330,5376,69.8
5000666,2022-10-17,Paris,Luxury Watches,First-Time Buyer,Walk-in,1,12803,3842,12803,3842,8961,70.0
5005395,2022-10-17,New York,Designer Handbags,Silver,Paid Social,1,3286,834,3286,834,2452,74.6
5002425,2022-10-17,Tokyo,Fine Jewelry,First-Time Buyer,Exclusive Invite,1,8440,1469,8440,1469,6971,82.6
5000110,2022-10-17,Tokyo,Designer Handbags,First-Time Buyer,Organic Search,1,2930,851,2930,851,2079,71.0
5009670,2022-10-17,Paris,Luxury Watches,First-Time Buyer,Paid Social,1,13006,3460,13006,3460,9546,73.4
5000298,2022-10-17,Tokyo,Designer Handbags,First-Time Buyer,Walk-in,1,3791,920,3791,920,2871,75.7
5000493,2022-10-17,Paris,Designer Handbags,Gold,Organic Search,1,3018,598,3018,598,2420,80.2
5004961,2022-10-17,New York,Luxury Watches,Silver,Paid Social,1,13619,3802,13619,3802,9817,72.1
5000791,2022-10-17,New York,Designer Handbags,First-Time Buyer,Paid Social,2,3244,1011,6488,2022,4466,68.8
5003182,2022-10-17,Milan,Designer Handbags,First-Time Buyer,Paid Social,1,3664,976,3664,976,2688,73.4
5002421,2022-10-17,Tokyo,Designer Handbags,Silver,Organic Search,1,2889,562,2889,562,2327,80.5
5001329,2022-10-18,New York,Fine Jewelry,First-Time Buyer,Paid Social,1,7941,1348,7941,1348,6593,83.0
5008616,2022-10-18,New York,Luxury Watches,Gold,Organic Search,1,13704,3829,13704,3829,9875,72.1
5008308,2022-10-18,New York,Designer Handbags,Gold,Walk-in,1,3158,775,3158,775,2383,75.5
5003783,2022-10-18,Dubai,Luxury Watches,First-Time Buyer,Organic Search,1,13534,4076,13534,4076,9458,69.9
5002360,2022-10-18,New York,Fine Jewelry,Platinum (VIP),Organic Search,1,9561,2250,9561,2250,7311,76.5
5002973,2022-10-18,Paris,Haute Fragrance,First-Time Buyer,Walk-in,1,339,84,339,84,255,75.2
5009298,2022-10-18,Dubai,Luxury Watches,First-Time Buyer,Walk-in,1,13578,2047,13578,2047,11531,84.9
5008419,2022-10-18,Dubai,Luxury Watches,First-Time Buyer,Paid Social,1,13540,3137,13540,3137,10403,76.8
5009054,2022-10-18,Tokyo,Designer Handbags,Silver,Organic Search,1,3056,831,3056,831,2225,72.8
5006519,2022-10-18,Tokyo,Designer Handbags,Platinum (VIP),Paid Social,2,3278,755,6556,1510,5046,77.0
5003374,2022-10-18,New York,Designer Handbags,Silver,Paid Social,1,3234,771,3234,771,2463,76.2
5005186,2022-10-18,Paris,Luxury Watches,First-Time Buyer,Organic Search,1,11639,2324,11639,2324,9315,80.0
5006366,2022-10-18,New York,Luxury Watches,First-Time Buyer,Organic Search,1,14407,4636,14407,4636,9771,67.8
5002080,2022-10-18,Paris,Designer Handbags,Silver,Exclusive Invite,1,3489,1142,3489,1142,2347,67.3
5002895,2022-10-19,Milan,Fine Jewelry,Silver,Organic Search,1,8154,1748,8154,1748,6406,78.6
5006502,2022-10-19,Paris,Designer Handbags,First-Time Buyer,Paid Social,1,3711,1201,3711,1201,2510,67.6
5008370,2022-10-19,Tokyo,Fine Jewelry,Gold,Paid Social,1,8929,2921,8929,2921,6008,67.3
5007724,2022-10-19,New York,Designer Handbags,First-Time Buyer,Organic Search,1,3269,694,3269,694,2575,78.8
5000561,2022-10-19,Dubai,Designer Handbags,Silver,Organic Search,1,2918,513,2918,513,2405,82.4
5005203,2022-10-19,Dubai,Designer Handbags,First-Time Buyer,Organic Search,1,3138,751,3138,751,2387,76.1
5003459,2022-10-19,Tokyo,Luxury Watches,Gold,Organic Search,1,12899,3747,12899,3747,9152,71.0
5001223,2022-10-19,Dubai,Fine Jewelry,First-Time Buyer,Walk-in,1,9752,2623,9752,2623,7129,73.1
5001441,2022-10-19,Paris,Designer Handbags,First-Time Buyer,Paid Social,1,2901,896,2901,896,2005,69.1
5003776,2022-10-19,New York,Luxury Watches,Silver,Organic Search,2,13296,4635,26592,9270,17322,65.1
5003453,2022-10-19,Dubai,Luxury Watches,First-Time Buyer,Exclusive Invite,1,12775,3066,12775,3066,9709,76.0
5000068,2022-10-20,Tokyo,Luxury Watches,First-Time Buyer,Paid Social,1,14354,2767,14354,2767,11587,80.7
5002573,2022-10-20,New York,Luxury Watches,Silver,Organic Search,1,14866,4058,14866,4058,10808,72.7
5009756,2022-10-20,Paris,Fine Jewelry,Silver,Walk-in,1,8638,2545,8638,2545,6093,70.5
5007377,2022-10-20,Milan,Designer Handbags,Silver,Organic Search,1,3240,1110,3240,1110,2130,65.7
5004838,2022-10-20,Tokyo,Designer Handbags,First-Time Buyer,Organic Search,1,3367,952,3367,952,2415,71.7
5009194,2022-10-20,Paris,Designer Handbags,Gold,Organic Search,1,3058,526,3058,526,2532,82.8
5001750,2022-10-20,Tokyo,Haute Fragrance,Platinum (VIP),Organic Search,1,352,102,352,102,250,71.0
5003921,2022-10-20,Dubai,Luxury Watches,First-Time Buyer,Organic Search,1,14510,2469,14510,2469,12041,83.0
5002352,2022-10-20,Tokyo,Haute Fragrance,First-Time Buyer,Walk-in,1,358,74,358,74,284,79.3
5009118,2022-10-20,Paris,Luxury Watches,Gold,Organic Search,2,14090,2830,28180,5660,22520,79.9
5005089,2022-10-20,Paris,Designer Handbags,Gold,Walk-in,3,3763,966,11289,2898,8391,74.3
5003382,2022-10-20,Tokyo,Designer Handbags,First-Time Buyer,Paid Social,1,3225,536,3225,536,2689,83.4
5004937,2022-10-20,Dubai,Fine Jewelry,Platinum (VIP),Paid Social,1,9976,2671,9976,2671,7305,73.2
5009581,2022-10-20,New York,Fine Jewelry,Silver,Walk-in,1,8131,2478,8131,2478,5653,69.5
5006110,2022-10-20,New York,Fine Jewelry,First-Time Buyer,Organic Search,1,9921,3157,9921,3157,6764,68.2
5005660,2022-10-21,Paris,Luxury Watches,Gold,Paid Social,1,14400,4422,14400,4422,9978,69.3
5002754,2022-10-21,Milan,Luxury Watches,First-Time Buyer,Walk-in,1,12557,3354,12557,3354,9203,73.3
5004175,2022-10-21,Dubai,Luxury Watches,Gold,Paid Social,2,12760,3185,25520,6370,19150,75.0
5006923,2022-10-21,Tokyo,Designer Handbags,Platinum (VIP),Paid Social,1,3508,859,3508,859,2649,75.5
5005744,2022-10-21,New York,Luxury Watches,Silver,Organic Search,1,12696,2889,12696,2889,9807,77.2
5001924,2022-10-21,Milan,Designer Handbags,First-Time Buyer,Paid Social,1,3288,1116,3288,1116,2172,66.1
5002983,2022-10-21,Dubai,Haute Fragrance,First-Time Buyer,Exclusive Invite,1,400,88,400,88,312,78.0
5003881,2022-10-22,Paris,Designer Handbags,Silver,Walk-in,1,3797,952,3797,952,2845,74.9
5004468,2022-10-22,New York,Fine Jewelry,First-Time Buyer,Organic Search,1,9326,2655,9326,2655,6671,71.5
5003722,2022-10-22,New York,Luxury Watches,Silver,Paid Social,1,12112,4212,12112,4212,7900,65.2
5007898,2022-10-22,Paris,Designer Handbags,First-Time Buyer,Organic Search,1,3648,715,3648,715,2933,80.4
5000736,2022-10-22,Milan,Designer Handbags,Silver,Paid Social,1,3290,929,3290,929,2361,71.8
5008526,2022-10-22,Dubai,Designer Handbags,Gold,Organic Search,1,2963,573,2963,573,2390,80.7
5007507,2022-10-22,New York,Luxury Watches,First-Time Buyer,Organic Search,2,11552,3054,23104,6108,16996,73.6
5005989,2022-10-22,Milan,Haute Fragrance,Silver,Organic Search,1,329,113,329,113,216,65.7
5001015,2022-10-22,Dubai,Fine Jewelry,Gold,Paid Social,1,9068,2808,9068,2808,6260,69.0
5002933,2022-10-22,Paris,Designer Handbags,First-Time Buyer,Organic Search,1,2918,727,2918,727,2191,75.1
5003673,2022-10-22,Dubai,Designer Handbags,Silver,Walk-in,1,3048,871,3048,871,2177,71.4
5001236,2022-10-22,Milan,Designer Handbags,Silver,Walk-in,1,3261,984,3261,984,2277,69.8
5005636,2022-10-23,Tokyo,Luxury Watches,First-Time Buyer,Organic Search,1,11761,1926,11761,1926,9835,83.6
5003020,2022-10-23,New York,Designer Handbags,First-Time Buyer,Organic Search,1,3083,1050,3083,1050,2033,65.9
5009200,2022-10-23,New York,Luxury Watches,Silver,Paid Social,1,11960,2758,11960,2758,9202,76.9
5006390,2022-10-23,Paris,Designer Handbags,Gold,Organic Search,1,3322,955,3322,955,2367,71.3
5009343,2022-10-23,Paris,Designer Handbags,Silver,Organic Search,1,3028,796,3028,796,2232,73.7
5004045,2022-10-23,Tokyo,Fine Jewelry,Gold,Walk-in,1,9461,1427,9461,1427,8034,84.9
5006288,2022-10-23,Milan,Designer Handbags,First-Time Buyer,Organic Search,1,3213,1053,3213,1053,2160,67.2
5001687,2022-10-23,Paris,Haute Fragrance,First-Time Buyer,Walk-in,1,348,65,348,65,283,81.3
5001344,2022-10-23,New York,Designer Handbags,First-Time Buyer,Paid Social,1,3555,724,3555,724,2831,79.6
5005480,2022-10-23,New York,Designer Handbags,First-Time Buyer,Paid Social,1,3637,759,3637,759,2878,79.1
5004374,2022-10-23,Paris,Luxury Watches,Gold,Organic Search,1,11404,2643,11404,2643,8761,76.8
5001391,2022-10-24,New York,Luxury Watches,Silver,Exclusive Invite,1,12899,2418,12899,2418,10481,81.3
5005544,2022-10-24,Tokyo,Luxury Watches,First-Time Buyer,Walk-in,1,14831,5116,14831,5116,9715,65.5
5008344,2022-10-24,Milan,Luxury Watches,Silver,Exclusive Invite,1,13073,3169,13073,3169,9904,75.8
5007865,2022-10-24,Tokyo,Designer Handbags,First-Time Buyer,Paid Social,1,3374,895,3374,895,2479,73.5
5001396,2022-10-24,New York,Luxury Watches,Gold,Organic Search,1,12353,2757,12353,2757,9596,77.7
5000963,2022-10-24,Tokyo,Fine Jewelry,First-Time Buyer,Organic Search,1,9082,2882,9082,2882,6200,68.3
5004007,2022-10-24,Paris,Luxury Watches,First-Time Buyer,Walk-in,1,11840,3406,11840,3406,8434,71.2
5003931,2022-10-24,New York,Luxury Watches,First-Time Buyer,Walk-in,1,12508,2762,12508,2762,9746,77.9
5006490,2022-10-24,Paris,Fine Jewelry,Silver,Walk-in,1,8335,2698,8335,2698,5637,67.6
5003196,2022-10-24,Milan,Fine Jewelry,First-Time Buyer,Walk-in,2,7656,1923,15312,3846,11466,74.9
5004258,2022-10-24,New York,Luxury Watches,Platinum (VIP),Exclusive Invite,1,12853,4482,12853,4482,8371,65.1
5006431,2022-10-25,Tokyo,Designer Handbags,Platinum (VIP),Organic Search,1,3709,953,3709,953,2756,74.3
5000671,2022-10-25,Dubai,Luxury Watches,Gold,Paid Social,1,11630,3962,11630,3962,7668,65.9
5009704,2022-10-25,Paris,Designer Handbags,Gold,Paid Social,2,3826,1031,7652,2062,5590,73.1
5004391,2022-10-25,Tokyo,Designer Handbags,Gold,Paid Social,1,3780,623,3780,623,3157,83.5
5009666,2022-10-25,Paris,Haute Fragrance,Gold,Walk-in,1,367,107,367,107,260,70.8
5006713,2022-10-25,Tokyo,Designer Handbags,Gold,Exclusive Invite,1,3504,1030,3504,1030,2474,70.6
5005160,2022-10-25,Dubai,Luxury Watches,First-Time Buyer,Organic Search,1,11618,3054,11618,3054,8564,73.7
5002340,2022-10-25,Paris,Designer Handbags,First-Time Buyer,Exclusive Invite,1,3445,1101,3445,1101,2344,68.0
5005022,2022-10-25,Paris,Designer Handbags,Gold,Exclusive Invite,1,3534,984,3534,984,2550,72.2
5008920,2022-10-25,Tokyo,Designer Handbags,Platinum (VIP),Organic Search,1,3538,809,3538,809,2729,77.1
5005017,2022-10-26,Paris,Luxury Watches,Silver,Organic Search,1,11334,3349,11334,3349,7985,70.5
5008073,2022-10-26,Tokyo,Luxury Watches,First-Time Buyer,Walk-in,1,14745,3357,14745,3357,11388,77.2
5009229,2022-10-26,Paris,Designer Handbags,First-Time Buyer,Organic Search,1,3316,800,3316,800,2516,75.9
5009142,2022-10-26,Milan,Haute Fragrance,Gold,Exclusive Invite,1,412,115,412,115,297,72.1
5003330,2022-10-26,Tokyo,Designer Handbags,First-Time Buyer,Exclusive Invite,1,3468,1168,3468,1168,2300,66.3
5006814,2022-10-26,Paris,Haute Fragrance,First-Time Buyer,Walk-in,1,383,72,383,72,311,81.2
5005773,2022-10-26,New York,Luxury Watches,First-Time Buyer,Organic Search,1,11607,2108,11607,2108,9499,81.8
5006693,2022-10-26,New York,Fine Jewelry,Silver,Walk-in,1,9212,2821,9212,2821,6391,69.4
5004948,2022-10-26,Paris,Luxury Watches,Gold,Organic Search,1,11488,1998,11488,1998,9490,82.6
5004693,2022-10-26,Milan,Luxury Watches,Gold,Walk-in,2,11268,2731,22536,5462,17074,75.8
5009518,2022-10-26,Dubai,Designer Handbags,First-Time Buyer,Walk-in,1,3606,862,3606,862,2744,76.1
5006788,2022-10-26,Tokyo,Designer Handbags,First-Time Buyer,Organic Search,1,2920,557,2920,557,2363,80.9
5002670,2022-10-26,New York,Luxury Watches,Gold,Exclusive Invite,1,14895,4085,14895,4085,10810,72.6
5008040,2022-10-26,Dubai,Luxury Watches,First-Time Buyer,Walk-in,1,12428,1933,12428,1933,10495,84.4
5004199,2022-10-27,Paris,Designer Handbags,Gold,Exclusive Invite,1,3733,685,3733,685,3048,81.7
5006545,2022-10-27,Dubai,Luxury Watches,First-Time Buyer,Exclusive Invite,1,14213,2986,14213,2986,11227,79.0
5001495,2022-10-27,Dubai,Designer Handbags,Platinum (VIP),Organic Search,1,3017,718,3017,718,2299,76.2
5004183,2022-10-27,New York,Designer Handbags,First-Time Buyer,Paid Social,1,3485,678,3485,678,2807,80.5
5002406,2022-10-27,Tokyo,Fine Jewelry,Platinum (VIP),Walk-in,1,9818,2703,9818,2703,7115,72.5
5003933,2022-10-27,New York,Fine Jewelry,Gold,Organic Search,1,8390,1504,8390,1504,6886,82.1
5002485,2022-10-27,New York,Luxury Watches,First-Time Buyer,Walk-in,1,13743,3027,13743,3027,10716,78.0
5001354,2022-10-27,Tokyo,Designer Handbags,First-Time Buyer,Walk-in,1,3293,794,3293,794,2499,75.9
5003522,2022-10-27,Paris,Fine Jewelry,Gold,Walk-in,1,7783,2441,7783,2441,5342,68.6
5002420,2022-10-27,Tokyo,Luxury Watches,First-Time Buyer,Paid Social,1,12859,2417,12859,2417,10442,81.2
5005350,2022-10-27,Dubai,Designer Handbags,Silver,Organic Search,1,3373,1020,3373,1020,2353,69.8
5000956,2022-10-27,Paris,Luxury Watches,Silver,Paid Social,2,14784,4005,29568,8010,21558,72.9
5003904,2022-10-27,New York,Designer Handbags,Silver,Organic Search,1,3152,746,3152,746,2406,76.3
5000322,2022-10-27,New York,Designer Handbags,First-Time Buyer,Paid Social,1,3690,1045,3690,1045,2645,71.7
5007320,2022-10-27,New York,Luxury Watches,Silver,Organic Search,1,11867,4123,11867,4123,7744,65.3
5005860,2022-10-27,Tokyo,Designer Handbags,Silver,Organic Search,1,3315,937,3315,937,2378,71.7
5003511,2022-10-28,Paris,Designer Handbags,First-Time Buyer,Organic Search,1,3766,1079,3766,1079,2687,71.3
5002502,2022-10-28,Tokyo,Luxury Watches,First-Time Buyer,Exclusive Invite,1,13867,3482,13867,3482,10385,74.9
5002213,2022-10-28,Dubai,Luxury Watches,Gold,Organic Search,2,12863,3373,25726,6746,18980,73.8
5008697,2022-10-28,Milan,Designer Handbags,First-Time Buyer,Organic Search,1,3691,1038,3691,1038,2653,71.9
5006831,2022-10-28,Milan,Designer Handbags,Platinum (VIP),Exclusive Invite,1,3654,1114,3654,1114,2540,69.5
5009313,2022-10-28,Dubai,Luxury Watches,Silver,Walk-in,1,14955,5131,14955,5131,9824,65.7
5006099,2022-10-28,Dubai,Designer Handbags,First-Time Buyer,Walk-in,1,3343,552,3343,552,2791,83.5
5009032,2022-10-28,New York,Luxury Watches,Silver,Walk-in,1,14886,2715,14886,2715,12171,81.8
5005609,2022-10-28,New York,Fine Jewelry,First-Time Buyer,Exclusive Invite,1,8195,1268,8195,1268,6927,84.5
5004224,2022-10-28,Tokyo,Designer Handbags,Silver,Organic Search,1,2923,938,2923,938,1985,67.9
5004853,2022-10-28,Tokyo,Haute Fragrance,Silver,Paid Social,1,331,60,331,60,271,81.9
5001528,2022-10-28,New York,Luxury Watches,Silver,Organic Search,1,13426,3565,13426,3565,9861,73.4
5001247,2022-10-28,Paris,Luxury Watches,Gold,Paid Social,1,14642,4492,14642,4492,10150,69.3
5003386,2022-10-28,Tokyo,Designer Handbags,First-Time Buyer,Exclusive Invite,1,3546,974,3546,974,2572,72.5
5003044,2022-10-28,Milan,Luxury Watches,First-Time Buyer,Walk-in,1,14967,2811,14967,2811,12156,81.2
5009390,2022-10-28,New York,Designer Handbags,Gold,Paid Social,1,3503,581,3503,581,2922,83.4
5001460,2022-10-28,Paris,Luxury Watches,Gold,Exclusive Invite,3,14813,2262,44439,6786,37653,84.7
5003754,2022-10-28,Dubai,Haute Fragrance,Silver,Paid Social,1,345,65,345,65,280,81.2
5008721,2022-10-28,Milan,Designer Handbags,First-Time Buyer,Organic Search,1,3152,1013,3152,1013,2139,67.9
5004058,2022-10-29,Milan,Designer Handbags,Gold,Exclusive Invite,1,3073,987,3073,987,2086,67.9
5004546,2022-10-29,Paris,Luxury Watches,Gold,Walk-in,1,11556,3693,11556,3693,7863,68.0
5000304,2022-10-29,New York,Haute Fragrance,Gold,Organic Search,1,365,89,365,89,276,75.6
5005614,2022-10-29,Dubai,Designer Handbags,Silver,Paid Social,1,3653,680,3653,680,2973,81.4
5008675,2022-10-29,New York,Fine Jewelry,Silver,Organic Search,1,9558,2991,9558,2991,6567,68.7
5001555,2022-10-29,Milan,Designer Handbags,Silver,Walk-in,1,3242,1062,3242,1062,2180,67.2
5000269,2022-10-29,Dubai,Luxury Watches,Silver,Organic Search,1,12492,3933,12492,3933,8559,68.5
5009257,2022-10-29,Milan,Designer Handbags,First-Time Buyer,Walk-in,1,2979,913,2979,913,2066,69.4
5009974,2022-10-29,New York,Designer Handbags,First-Time Buyer,Walk-in,1,3334,1078,3334,1078,2256,67.7
5008597,2022-10-29,Dubai,Designer Handbags,Silver,Organic Search,1,3111,746,3111,746,2365,76.0
5003013,2022-10-29,Tokyo,Haute Fragrance,Silver,Exclusive Invite,1,405,110,405,110,295,72.8
5008089,2022-10-29,Paris,Designer Handbags,First-Time Buyer,Walk-in,1,3179,750,3179,750,2429,76.4
5001064,2022-10-29,Milan,Luxury Watches,First-Time Buyer,Organic Search,1,11524,2437,11524,2437,9087,78.9
5000656,2022-10-29,New York,Haute Fragrance,First-Time Buyer,Organic Search,1,351,85,351,85,266,75.8
5004589,2022-10-29,Paris,Luxury Watches,First-Time Buyer,Walk-in,1,12828,3080,12828,3080,9748,76.0
5006241,2022-10-30,New York,Designer Handbags,Silver,Walk-in,1,3726,1121,3726,1121,2605,69.9
5003081,2022-10-30,Milan,Designer Handbags,First-Time Buyer,Paid Social,1,3350,733,3350,733,2617,78.1
5001866,2022-10-30,Tokyo,Designer Handbags,Silver,Organic Search,2,3504,1032,7008,2064,4944,70.5
5003310,2022-10-30,Milan,Fine Jewelry,Platinum (VIP),Paid Social,1,9983,1512,9983,1512,8471,84.9
5004906,2022-10-30,Milan,Luxury Watches,Silver,Paid Social,1,14839,2883,14839,2883,11956,80.6
5005664,2022-10-30,Dubai,Luxury Watches,First-Time Buyer,Paid Social,1,11980,2829,11980,2829,9151,76.4
5006090,2022-10-30,Paris,Designer Handbags,First-Time Buyer,Organic Search,1,3003,932,3003,932,2071,69.0
5005388,2022-10-30,Milan,Designer Handbags,Platinum (VIP),Walk-in,1,3628,1083,3628,1083,2545,70.1
5008185,2022-10-30,New York,Designer Handbags,Gold,Organic Search,2,3132,803,6264,1606,4658,74.4
5006463,2022-10-31,Tokyo,Fine Jewelry,Gold,Exclusive Invite,1,8648,1528,8648,1528,7120,82.3
5004893,2022-10-31,Paris,Luxury Watches,Silver,Paid Social,1,13026,2938,13026,2938,10088,77.4
5005204,2022-10-31,Paris,Designer Handbags,Gold,Paid Social,1,3347,790,3347,790,2557,76.4
5001753,2022-10-31,Milan,Fine Jewelry,Platinum (VIP),Organic Search,1,10140,1609,10140,1609,8531,84.1
5002619,2022-10-31,Tokyo,Luxury Watches,Silver,Organic Search,1,12917,4320,12917,4320,8597,66.6
5004787,2022-10-31,New York,Haute Fragrance,Platinum (VIP),Organic Search,1,390,117,390,117,273,70.0
5004009,2022-10-31,Tokyo,Luxury Watches,Silver,Exclusive Invite,1,13746,3289,13746,3289,10457,76.1
5000477,2022-10-31,Tokyo,Luxury Watches,Platinum (VIP),Walk-in,1,13940,3105,13940,3105,10835,77.7
5004006,2022-10-31,Milan,Designer Handbags,First-Time Buyer,Organic Search,1,3226,539,3226,539,2687,83.3
5001357,2022-10-31,New York,Luxury Watches,First-Time Buyer,Organic Search,1,13887,2353,13887,2353,11534,83.1
5004190,2022-11-01,Paris,Designer Handbags,Silver,Organic Search,2,3609,896,7218,1792,5426,75.2
5009827,2022-11-01,New York,Luxury Watches,First-Time Buyer,Organic Search,1,14297,2633,14297,2633,11664,81.6
5003487,2022-11-01,Paris,Designer Handbags,Gold,Exclusive Invite,1,3810,623,3810,623,3187,83.6
5001997,2022-11-01,New York,Luxury Watches,Gold,Walk-in,1,14779,4074,14779,4074,10705,72.4
5004626,2022-11-01,Milan,Haute Fragrance,Platinum (VIP),Organic Search,1,363,110,363,110,253,69.7
5000964,2022-11-01,Tokyo,Haute Fragrance,Platinum (VIP),Exclusive Invite,1,417,145,417,145,272,65.2
5000959,2022-11-01,Paris,Designer Handbags,First-Time Buyer,Walk-in,1,3538,868,3538,868,2670,75.5
5000861,2022-11-01,Paris,Haute Fragrance,Platinum (VIP),Organic Search,2,319,110,638,220,418,65.5
5003135,2022-11-01,New York,Designer Handbags,Platinum (VIP),Exclusive Invite,1,2992,573,2992,573,2419,80.8
5001917,2022-11-01,Paris,Designer Handbags,Gold,Paid Social,1,2959,873,2959,873,2086,70.5
5001380,2022-11-01,Paris,Designer Handbags,Gold,Walk-in,1,3718,793,3718,793,2925,78.7
5004619,2022-11-01,Milan,Fine Jewelry,Silver,Paid Social,1,8033,1354,8033,1354,6679,83.1
5001273,2022-11-02,Dubai,Luxury Watches,First-Time Buyer,Walk-in,2,11759,3928,23518,7856,15662,66.6
5004137,2022-11-02,Tokyo,Haute Fragrance,First-Time Buyer,Paid Social,3,400,85,1200,255,945,78.8
5009585,2022-11-02,Paris,Luxury Watches,Silver,Walk-in,1,14566,3395,14566,3395,11171,76.7
5002647,2022-11-02,New York,Designer Handbags,Gold,Organic Search,1,3034,803,3034,803,2231,73.5
5007055,2022-11-02,Paris,Fine Jewelry,First-Time Buyer,Paid Social,1,8488,2293,8488,2293,6195,73.0
5006651,2022-11-02,Dubai,Haute Fragrance,Platinum (VIP),Organic Search,1,382,90,382,90,292,76.4
5005518,2022-11-02,Tokyo,Luxury Watches,Gold,Exclusive Invite,3,11861,3931,35583,11793,23790,66.9
5008332,2022-11-02,New York,Fine Jewelry,First-Time Buyer,Walk-in,1,9882,2263,9882,2263,7619,77.1
5001327,2022-11-02,New York,Designer Handbags,Silver,Organic Search,1,3433,1068,3433,1068,2365,68.9
5000485,2022-11-02,Milan,Designer Handbags,Silver,Paid Social,1,3640,1003,3640,1003,2637,72.4
5001445,2022-11-02,New York,Luxury Watches,First-Time Buyer,Walk-in,1,12869,3357,12869,3357,9512,73.9
5007199,2022-11-02,Tokyo,Designer Handbags,Gold,Walk-in,1,2995,539,2995,539,2456,82.0
5007497,2022-11-02,Dubai,Haute Fragrance,Platinum (VIP),Walk-in,1,372,73,372,73,299,80.4
5009088,2022-11-03,Paris,Haute Fragrance,Gold,Exclusive Invite,1,388,75,388,75,313,80.7
5000302,2022-11-03,Milan,Designer Handbags,Platinum (VIP),Walk-in,1,3047,972,3047,972,2075,68.1
5008364,2022-11-03,Milan,Luxury Watches,Silver,Paid Social,2,12471,4312,24942,8624,16318,65.4
5000097,2022-11-03,Paris,Luxury Watches,Platinum (VIP),Organic Search,1,12385,3025,12385,3025,9360,75.6
5005038,2022-11-03,New York,Luxury Watches,First-Time Buyer,Paid Social,1,14867,3683,14867,3683,11184,75.2
5006741,2022-11-03,Milan,Designer Handbags,First-Time Buyer,Organic Search,1,3575,1076,3575,1076,2499,69.9
5006311,2022-11-03,Paris,Designer Handbags,First-Time Buyer,Paid Social,1,3114,571,3114,571,2543,81.7
5003388,2022-11-03,New York,Designer Handbags,Silver,Walk-in,1,3392,1110,3392,1110,2282,67.3
5003304,2022-11-03,Paris,Haute Fragrance,First-Time Buyer,Paid Social,1,406,63,406,63,343,84.5
5001252,2022-11-03,Milan,Designer Handbags,Gold,Organic Search,2,3021,663,6042,1326,4716,78.1
5002567,2022-11-03,Milan,Fine Jewelry,First-Time Buyer,Organic Search,3,7839,2459,23517,7377,16140,68.6
5000271,2022-11-03,New York,Designer Handbags,Silver,Paid Social,1,3745,1251,3745,1251,2494,66.6
5008994,2022-11-03,Tokyo,Fine Jewelry,First-Time Buyer,Paid Social,2,8790,2064,17580,4128,13452,76.5
5003557,2022-11-03,Paris,Fine Jewelry,Gold,Paid Social,1,10060,2944,10060,2944,7116,70.7
5000316,2022-11-03,Paris,Designer Handbags,First-Time Buyer,Exclusive Invite,1,3063,802,3063,802,2261,73.8
5004410,2022-11-03,Dubai,Luxury Watches,Gold,Walk-in,1,13408,4207,13408,4207,9201,68.6
5003434,2022-11-04,Dubai,Designer Handbags,Silver,Organic Search,1,3676,634,3676,634,3042,82.8
5007430,2022-11-04,Tokyo,Designer Handbags,Silver,Organic Search,1,3329,894,3329,894,2435,73.1
5002603,2022-11-04,Dubai,Haute Fragrance,First-Time Buyer,Paid Social,3,334,102,1002,306,696,69.5
5000134,2022-11-04,New York,Luxury Watches,Silver,Paid Social,3,12167,2156,36501,6468,30033,82.3
5006667,2022-11-04,New York,Designer Handbags,Silver,Walk-in,1,3647,897,3647,897,2750,75.4
5004431,2022-11-04,New York,Haute Fragrance,First-Time Buyer,Exclusive Invite,1,392,64,392,64,328,83.7
5004428,2022-11-04,Dubai,Designer Handbags,Gold,Walk-in,2,3405,978,6810,1956,4854,71.3
5004429,2022-11-04,Tokyo,Luxury Watches,First-Time Buyer,Walk-in,1,12883,2520,12883,2520,10363,80.4
5008543,2022-11-04,Milan,Designer Handbags,First-Time Buyer,Walk-in,1,3379,889,3379,889,2490,73.7
5006773,2022-11-04,Milan,Designer Handbags,Silver,Walk-in,1,3378,732,3378,732,2646,78.3
5009962,2022-11-04,New York,Luxury Watches,Gold,Organic Search,1,14749,2415,14749,2415,12334,83.6
5000896,2022-11-04,Paris,Fine Jewelry,First-Time Buyer,Paid Social,3,9059,2093,27177,6279,20898,76.9
5001100,2022-11-04,New York,Luxury Watches,Silver,Organic Search,1,14763,4881,14763,4881,9882,66.9
5000340,2022-11-04,Paris,Luxury Watches,First-Time Buyer,Walk-in,1,11425,1849,11425,1849,9576,83.8
5008340,2022-11-04,New York,Luxury Watches,First-Time Buyer,Exclusive Invite,1,13457,3684,13457,3684,9773,72.6
5008041,2022-11-04,New York,Haute Fragrance,First-Time Buyer,Walk-in,1,341,61,341,61,280,82.1
5005701,2022-11-04,Paris,Luxury Watches,Silver,Paid Social,1,14246,4023,14246,4023,10223,71.8
5007398,2022-11-04,New York,Designer Handbags,Silver,Paid Social,1,3370,1175,3370,1175,2195,65.1
5004464,2022-11-04,New York,Luxury Watches,Silver,Paid Social,2,13350,4453,26700,8906,17794,66.6
5008756,2022-11-04,Dubai,Designer Handbags,Gold,Paid Social,1,2951,636,2951,636,2315,78.4
5000167,2022-11-04,Dubai,Designer Handbags,Gold,Organic Search,1,3627,1194,3627,1194,2433,67.1
5000188,2022-11-05,Tokyo,Fine Jewelry,Silver,Walk-in,1,8630,2478,8630,2478,6152,71.3
5002779,2022-11-05,New York,Luxury Watches,First-Time Buyer,Organic Search,1,11358,2862,11358,2862,8496,74.8
5006909,2022-11-05,New York,Haute Fragrance,Gold,Organic Search,1,400,97,400,97,303,75.8
5009041,2022-11-05,Milan,Luxury Watches,Silver,Organic Search,1,11821,3854,11821,3854,7967,67.4
5002611,2022-11-05,Tokyo,Designer Handbags,Silver,Exclusive Invite,1,3554,644,3554,644,2910,81.9
5002819,2022-11-05,Paris,Designer Handbags,First-Time Buyer,Organic Search,1,3656,1011,3656,1011,2645,72.3
5003209,2022-11-05,New York,Haute Fragrance,First-Time Buyer,Organic Search,1,396,94,396,94,302,76.3
5000236,2022-11-05,Milan,Luxury Watches,Gold,Walk-in,1,14857,4171,14857,4171,10686,71.9
5001642,2022-11-05,Tokyo,Designer Handbags,Gold,Walk-in,1,3502,546,3502,546,2956,84.4
5006352,2022-11-05,Paris,Fine Jewelry,Silver,Walk-in,1,9452,2311,9452,2311,7141,75.6
5008291,2022-11-05,Tokyo,Fine Jewelry,Platinum (VIP),Paid Social,1,10102,2834,10102,2834,7268,71.9
5003409,2022-11-05,New York,Designer Handbags,Silver,Paid Social,1,3743,1276,3743,1276,2467,65.9
5009735,2022-11-05,Dubai,Fine Jewelry,Gold,Paid Social,1,9698,2930,9698,2930,6768,69.8
5006397,2022-11-05,Paris,Designer Handbags,Gold,Organic Search,1,3369,756,3369,756,2613,77.6
5003292,2022-11-05,Paris,Haute Fragrance,Silver,Organic Search,1,376,112,376,112,264,70.2
5003249,2022-11-05,Paris,Haute Fragrance,First-Time Buyer,Organic Search,1,368,82,368,82,286,77.7
5004913,2022-11-05,New York,Designer Handbags,First-Time Buyer,Organic Search,1,3346,547,3346,547,2799,83.7
5003099,2022-11-05,Paris,Fine Jewelry,First-Time Buyer,Paid Social,1,8228,1764,8228,1764,6464,78.6
5003742,2022-11-05,Milan,Luxury Watches,First-Time Buyer,Paid Social,1,13129,2973,13129,2973,10156,77.4
5001880,2022-11-05,Paris,Luxury Watches,First-Time Buyer,Organic Search,1,11795,2576,11795,2576,9219,78.2
5000629,2022-11-05,Paris,Designer Handbags,First-Time Buyer,Walk-in,2,3696,900,7392,1800,5592,75.6
5009036,2022-11-06,Milan,Haute Fragrance,Gold,Exclusive Invite,1,416,135,416,135,281,67.5
5001461,2022-11-06,New York,Designer Handbags,First-Time Buyer,Paid Social,3,3062,704,9186,2112,7074,77.0
5005338,2022-11-06,Paris,Fine Jewelry,Silver,Walk-in,2,8062,2803,16124,5606,10518,65.2
5002347,2022-11-06,New York,Haute Fragrance,First-Time Buyer,Organic Search,1,329,98,329,98,231,70.2
5007221,2022-11-06,New York,Designer Handbags,Gold,Organic Search,1,3779,915,3779,915,2864,75.8
5008842,2022-11-06,Paris,Designer Handbags,First-Time Buyer,Organic Search,1,2959,470,2959,470,2489,84.1
5008039,2022-11-06,Tokyo,Luxury Watches,Gold,Exclusive Invite,1,14352,3762,14352,3762,10590,73.8
5000218,2022-11-07,Paris,Designer Handbags,First-Time Buyer,Paid Social,1,3155,688,3155,688,2467,78.2
5003120,2022-11-07,Tokyo,Designer Handbags,Gold,Paid Social,1,3034,835,3034,835,2199,72.5
5008440,2022-11-07,New York,Fine Jewelry,Silver,Organic Search,1,8672,2408,8672,2408,6264,72.2
5002019,2022-11-07,New York,Haute Fragrance,First-Time Buyer,Organic Search,2,383,110,766,220,546,71.3
5008508,2022-11-07,Dubai,Haute Fragrance,First-Time Buyer,Paid Social,1,347,90,347,90,257,74.1
5001059,2022-11-07,Paris,Designer Handbags,Gold,Paid Social,1,3449,641,3449,641,2808,81.4
5001719,2022-11-07,Tokyo,Luxury Watches,First-Time Buyer,Exclusive Invite,3,11390,3545,34170,10635,23535,68.9
5008092,2022-11-07,Dubai,Fine Jewelry,First-Time Buyer,Organic Search,1,8302,1943,8302,1943,6359,76.6
5004005,2022-11-07,New York,Luxury Watches,Silver,Organic Search,1,12845,3909,12845,3909,8936,69.6
5002165,2022-11-07,Paris,Designer Handbags,First-Time Buyer,Organic Search,1,3211,577,3211,577,2634,82.0
5002188,2022-11-07,Milan,Fine Jewelry,First-Time Buyer,Paid Social,1,9813,3216,9813,3216,6597,67.2
5006108,2022-11-07,Dubai,Luxury Watches,Gold,Organic Search,1,11608,3296,11608,3296,8312,71.6
5007712,2022-11-07,Milan,Luxury Watches,Gold,Organic Search,1,14059,4016,14059,4016,10043,71.4
5001235,2022-11-07,Paris,Designer Handbags,Silver,Exclusive Invite,1,3163,945,3163,945,2218,70.1
5000537,2022-11-08,New York,Luxury Watches,First-Time Buyer,Walk-in,1,13724,3363,13724,3363,10361,75.5
5007519,2022-11-08,Paris,Designer Handbags,Silver,Walk-in,1,2935,465,2935,465,2470,84.2
5001017,2022-11-08,Paris,Designer Handbags,Silver,Organic Search,1,3799,982,3799,982,2817,74.2
5007776,2022-11-08,New York,Luxury Watches,Gold,Organic Search,1,13479,2895,13479,2895,10584,78.5
5007707,2022-11-08,Milan,Luxury Watches,Gold,Paid Social,1,11696,2357,11696,2357,9339,79.8
5001242,2022-11-08,Paris,Haute Fragrance,Silver,Walk-in,1,386,96,386,96,290,75.1
5000207,2022-11-08,Paris,Luxury Watches,First-Time Buyer,Organic Search,1,14342,2154,14342,2154,12188,85.0
5003117,2022-11-08,Dubai,Haute Fragrance,Platinum (VIP),Paid Social,3,359,119,1077,357,720,66.9
5009388,2022-11-08,Paris,Fine Jewelry,Gold,Paid Social,1,7987,2329,7987,2329,5658,70.8
5009538,2022-11-08,New York,Luxury Watches,First-Time Buyer,Organic Search,1,14377,3035,14377,3035,11342,78.9
5003824,2022-11-08,Milan,Fine Jewelry,First-Time Buyer,Paid Social,1,8806,2080,8806,2080,6726,76.4
5008091,2022-11-08,Milan,Designer Handbags,Platinum (VIP),Exclusive Invite,1,3250,831,3250,831,2419,74.4
5001649,2022-11-08,Tokyo,Designer Handbags,First-Time Buyer,Exclusive Invite,1,3189,966,3189,966,2223,69.7
5002293,2022-11-09,Dubai,Fine Jewelry,First-Time Buyer,Paid Social,1,8577,2603,8577,2603,5974,69.7
5003792,2022-11-09,New York,Designer Handbags,Silver,Organic Search,1,3599,1099,3599,1099,2500,69.5
5004949,2022-11-09,Tokyo,Luxury Watches,Platinum (VIP),Organic Search,1,11361,3494,11361,3494,7867,69.2
5007887,2022-11-09,Dubai,Haute Fragrance,Gold,Exclusive Invite,1,326,62,326,62,264,81.0
5009498,2022-11-09,Dubai,Fine Jewelry,First-Time Buyer,Paid Social,1,8923,1554,8923,1554,7369,82.6
5000025,2022-11-09,Milan,Designer Handbags,First-Time Buyer,Organic Search,1,3352,975,3352,975,2377,70.9
5004729,2022-11-09,Paris,Fine Jewelry,Silver,Exclusive Invite,1,9554,1744,9554,1744,7810,81.7
5007770,2022-11-09,Paris,Luxury Watches,First-Time Buyer,Exclusive Invite,1,14485,4217,14485,4217,10268,70.9
5009986,2022-11-09,Milan,Luxury Watches,First-Time Buyer,Paid Social,1,12918,3385,12918,3385,9533,73.8
5008811,2022-11-09,Dubai,Luxury Watches,Platinum (VIP),Walk-in,1,12144,3174,12144,3174,8970,73.9
5005734,2022-11-09,New York,Designer Handbags,Silver,Organic Search,1,3004,452,3004,452,2552,85.0
5002965,2022-11-09,Paris,Fine Jewelry,Silver,Paid Social,1,9721,2995,9721,2995,6726,69.2
5008408,2022-11-09,Tokyo,Luxury Watches,Silver,Organic Search,1,13395,3470,13395,3470,9925,74.1
5005463,2022-11-10,Tokyo,Luxury Watches,Gold,Organic Search,3,11620,1914,34860,5742,29118,83.5
5007118,2022-11-10,Tokyo,Fine Jewelry,Silver,Paid Social,1,10088,2136,10088,2136,7952,78.8
5002575,2022-11-10,Milan,Fine Jewelry,Platinum (VIP),Walk-in,3,9050,3050,27150,9150,18000,66.3
5005637,2022-11-10,Paris,Luxury Watches,First-Time Buyer,Organic Search,1,12153,2256,12153,2256,9897,81.4
5008241,2022-11-10,Dubai,Designer Handbags,Platinum (VIP),Organic Search,1,3836,603,3836,603,3233,84.3
5009335,2022-11-10,Tokyo,Designer Handbags,First-Time Buyer,Exclusive Invite,1,3644,794,3644,794,2850,78.2
5005984,2022-11-10,Dubai,Luxury Watches,Gold,Walk-in,2,12722,3371,25444,6742,18702,73.5
5008368,2022-11-10,New York,Haute Fragrance,First-Time Buyer,Walk-in,1,348,63,348,63,285,81.9
5003584,2022-11-10,Milan,Haute Fragrance,Silver,Organic Search,1,418,106,418,106,312,74.6
5009600,2022-11-10,Paris,Fine Jewelry,Platinum (VIP),Exclusive Invite,1,9161,3053,9161,3053,6108,66.7
5005078,2022-11-10,Tokyo,Designer Handbags,First-Time Buyer,Organic Search,1,3347,1045,3347,1045,2302,68.8
5000910,2022-11-10,Tokyo,Haute Fragrance,Silver,Walk-in,1,378,98,378,98,280,74.1
5009721,2022-11-10,Milan,Haute Fragrance,First-Time Buyer,Walk-in,1,393,75,393,75,318,80.9
5005087,2022-11-11,Milan,Fine Jewelry,Silver,Walk-in,1,8716,1467,8716,1467,7249,83.2
5009413,2022-11-11,Milan,Designer Handbags,First-Time Buyer,Paid Social,1,3234,582,3234,582,2652,82.0
5000225,2022-11-11,Paris,Luxury Watches,Silver,Organic Search,2,13586,3198,27172,6396,20776,76.5
5009524,2022-11-11,Tokyo,Haute Fragrance,First-Time Buyer,Walk-in,1,325,72,325,72,253,77.8
5005437,2022-11-11,New York,Luxury Watches,First-Time Buyer,Paid Social,1,12795,2164,12795,2164,10631,83.1
5002204,2022-11-11,New York,Luxury Watches,Silver,Walk-in,2,11877,2209,23754,4418,19336,81.4
5006089,2022-11-11,New York,Designer Handbags,Silver,Exclusive Invite,1,3056,950,3056,950,2106,68.9
5002076,2022-11-11,Tokyo,Fine Jewelry,First-Time Buyer,Paid Social,1,8546,2547,8546,2547,5999,70.2
5008131,2022-11-11,New York,Luxury Watches,Gold,Walk-in,1,13429,2123,13429,2123,11306,84.2
5003473,2022-11-11,Tokyo,Luxury Watches,First-Time Buyer,Organic Search,1,14459,4600,14459,4600,9859,68.2
5002764,2022-11-11,Paris,Luxury Watches,First-Time Buyer,Exclusive Invite,1,14812,3949,14812,3949,10863,73.3
5007722,2022-11-11,New York,Haute Fragrance,Platinum (VIP),Organic Search,1,354,68,354,68,286,80.8
5000350,2022-11-12,Dubai,Luxury Watches,Gold,Organic Search,3,11927,4078,35781,12234,23547,65.8
5005226,2022-11-12,New York,Luxury Watches,Gold,Walk-in,1,12944,2703,12944,2703,10241,79.1
5000868,2022-11-12,Paris,Designer Handbags,Gold,Paid Social,1,3116,1042,3116,1042,2074,66.6
5004454,2022-11-12,Paris,Designer Handbags,Silver,Exclusive Invite,1,3578,1056,3578,1056,2522,70.5
5001631,2022-11-12,Dubai,Luxury Watches,First-Time Buyer,Organic Search,3,11673,2187,35019,6561,28458,81.3
5004341,2022-11-12,Dubai,Luxury Watches,Silver,Organic Search,1,14075,3477,14075,3477,10598,75.3
5005179,2022-11-12,Tokyo,Designer Handbags,Silver,Paid Social,3,3112,622,9336,1866,7470,80.0
5001864,2022-11-12,Tokyo,Designer Handbags,Silver,Organic Search,1,3492,1176,3492,1176,2316,66.3
5003698,2022-11-12,Tokyo,Designer Handbags,Silver,Organic Search,1,3566,909,3566,909,2657,74.5
5009241,2022-11-12,Paris,Luxury Watches,Gold,Exclusive Invite,3,13229,4180,39687,12540,27147,68.4
5004923,2022-11-12,New York,Fine Jewelry,First-Time Buyer,Walk-in,1,10155,1672,10155,1672,8483,83.5
5006258,2022-11-12,New York,Luxury Watches,Silver,Paid Social,1,14509,2666,14509,2666,11843,81.6
5006480,2022-11-12,Paris,Fine Jewelry,First-Time Buyer,Organic Search,1,9356,2759,9356,2759,6597,70.5
5001943,2022-11-12,Milan,Luxury Watches,First-Time Buyer,Organic Search,1,13296,3517,13296,3517,9779,73.5
5004975,2022-11-12,New York,Designer Handbags,First-Time Buyer,Walk-in,1,3235,595,3235,595,2640,81.6
5005798,2022-11-12,Dubai,Designer Handbags,Gold,Exclusive Invite,1,3303,812,3303,812,2491,75.4
5001217,2022-11-12,Paris,Designer Handbags,First-Time Buyer,Organic Search,3,3589,1036,10767,3108,7659,71.1
5005041,2022-11-12,New York,Luxury Watches,Gold,Walk-in,2,11334,3037,22668,6074,16594,73.2
5005042,2022-11-13,New York,Luxury Watches,Silver,Exclusive Invite,1,14222,2530,14222,2530,11692,82.2
5003497,2022-11-13,Milan,Designer Handbags,Silver,Paid Social,3,3172,687,9516,2061,7455,78.3
5008525,2022-11-13,New York,Luxury Watches,Gold,Exclusive Invite,1,13235,3958,13235,3958,9277,70.1
5008648,2022-11-13,New York,Luxury Watches,First-Time Buyer,Organic Search,1,13820,4388,13820,4388,9432,68.2
5005659,2022-11-13,Milan,Designer Handbags,First-Time Buyer,Walk-in,1,3412,735,3412,735,2677,78.5
5001681,2022-11-13,Dubai,Fine Jewelry,First-Time Buyer,Organic Search,1,10040,2795,10040,2795,7245,72.2
5007233,2022-11-13,New York,Haute Fragrance,First-Time Buyer,Exclusive Invite,1,364,94,364,94,270,74.2
5002030,2022-11-13,Paris,Designer Handbags,Gold,Paid Social,1,3285,1138,3285,1138,2147,65.4
5008704,2022-11-13,Paris,Haute Fragrance,First-Time Buyer,Organic Search,1,333,54,333,54,279,83.8
5008022,2022-11-13,Paris,Luxury Watches,First-Time Buyer,Organic Search,1,13346,3616,13346,3616,9730,72.9
5009078,2022-11-13,Paris,Designer Handbags,Platinum (VIP),Exclusive Invite,1,3243,924,3243,924,2319,71.5
5008093,2022-11-13,Dubai,Luxury Watches,First-Time Buyer,Exclusive Invite,1,11452,2806,11452,2806,8646,75.5
5008941,2022-11-13,Dubai,Fine Jewelry,Silver,Paid Social,1,7974,2419,7974,2419,5555,69.7
5004597,2022-11-13,New York,Haute Fragrance,Silver,Paid Social,1,337,75,337,75,262,77.7
5000266,2022-11-13,Milan,Designer Handbags,Silver,Organic Search,3,3027,670,9081,2010,7071,77.9
5000283,2022-11-13,Paris,Luxury Watches,Silver,Paid Social,1,13713,3775,13713,3775,9938,72.5
5008504,2022-11-13,New York,Luxury Watches,First-Time Buyer,Organic Search,1,11405,3838,11405,3838,7567,66.3
5007620,2022-11-14,Tokyo,Luxury Watches,Silver,Organic Search,1,13572,4335,13572,4335,9237,68.1
5007773,2022-11-14,New York,Designer Handbags,Silver,Organic Search,1,3590,981,3590,981,2609,72.7
5000242,2022-11-14,New York,Haute Fragrance,First-Time Buyer,Organic Search,1,384,94,384,94,290,75.5
5004805,2022-11-14,Dubai,Luxury Watches,Silver,Walk-in,1,14386,4131,14386,4131,10255,71.3
5002121,2022-11-14,New York,Designer Handbags,Silver,Paid Social,2,3185,951,6370,1902,4468,70.1
5001255,2022-11-14,New York,Haute Fragrance,Gold,Paid Social,1,341,68,341,68,273,80.1
5000114,2022-11-14,Tokyo,Fine Jewelry,First-Time Buyer,Paid Social,2,7871,1991,15742,3982,11760,74.7
5004170,2022-11-14,New York,Haute Fragrance,Gold,Organic Search,1,327,56,327,56,271,82.9
5008959,2022-11-14,Paris,Haute Fragrance,Silver,Paid Social,1,367,102,367,102,265,72.2
5007744,2022-11-14,Tokyo,Luxury Watches,Silver,Exclusive Invite,1,12265,2814,12265,2814,9451,77.1
5008429,2022-11-14,Paris,Luxury Watches,Silver,Organic Search,1,14077,4551,14077,4551,9526,67.7
5000459,2022-11-14,Milan,Haute Fragrance,Gold,Paid Social,1,378,124,378,124,254,67.2
5004536,2022-11-14,Milan,Designer Handbags,First-Time Buyer,Organic Search,3,3166,932,9498,2796,6702,70.6
5006185,2022-11-14,Tokyo,Haute Fragrance,Silver,Walk-in,1,349,58,349,58,291,83.4
5007769,2022-11-15,Tokyo,Luxury Watches,Gold,Organic Search,1,14295,4732,14295,4732,9563,66.9
5003656,2022-11-15,Tokyo,Designer Handbags,Platinum (VIP),Paid Social,1,3023,737,3023,737,2286,75.6
5008436,2022-11-15,Paris,Designer Handbags,Gold,Walk-in,1,2931,616,2931,616,2315,79.0
5003070,2022-11-15,Tokyo,Fine Jewelry,Silver,Paid Social,1,10013,2376,10013,2376,7637,76.3
5006467,2022-11-15,New York,Designer Handbags,Gold,Paid Social,1,3343,994,3343,994,2349,70.3
5000059,2022-11-15,New York,Fine Jewelry,Platinum (VIP),Organic Search,1,8589,2764,8589,2764,5825,67.8
5000183,2022-11-15,New York,Fine Jewelry,Gold,Organic Search,1,7777,1450,7777,1450,6327,81.4
5006100,2022-11-16,Paris,Haute Fragrance,Silver,Walk-in,1,417,137,417,137,280,67.1
5005957,2022-11-16,New York,Fine Jewelry,Silver,Organic Search,1,7811,2560,7811,2560,5251,67.2
5000626,2022-11-16,Milan,Luxury Watches,Platinum (VIP),Walk-in,1,14252,2457,14252,2457,11795,82.8
5006174,2022-11-16,Tokyo,Designer Handbags,Silver,Exclusive Invite,1,3626,609,3626,609,3017,83.2
5007254,2022-11-16,Milan,Luxury Watches,First-Time Buyer,Paid Social,1,14417,3482,14417,3482,10935,75.8
5000087,2022-11-16,New York,Designer Handbags,First-Time Buyer,Organic Search,1,3702,1130,3702,1130,2572,69.5
5002831,2022-11-16,Tokyo,Haute Fragrance,First-Time Buyer,Organic Search,1,340,87,340,87,253,74.4
5001852,2022-11-16,New York,Haute Fragrance,Gold,Paid Social,1,383,123,383,123,260,67.9
5002945,2022-11-16,New York,Luxury Watches,First-Time Buyer,Organic Search,3,14558,3093,43674,9279,34395,78.8
5005172,2022-11-16,Tokyo,Luxury Watches,Silver,Paid Social,1,11264,2608,11264,2608,8656,76.8
5004043,2022-11-16,New York,Fine Jewelry,Silver,Paid Social,2,8969,1945,17938,3890,14048,78.3
5004247,2022-11-16,Paris,Fine Jewelry,First-Time Buyer,Paid Social,1,8857,2334,8857,2334,6523,73.6
5001705,2022-11-16,Paris,Designer Handbags,First-Time Buyer,Walk-in,1,3191,751,3191,751,2440,76.5
5003892,2022-11-16,Paris,Luxury Watches,Silver,Organic Search,1,13784,3034,13784,3034,10750,78.0
5008055,2022-11-16,Tokyo,Luxury Watches,Silver,Paid Social,2,11414,2416,22828,4832,17996,78.8
5007716,2022-11-16,New York,Haute Fragrance,Silver,Organic Search,2,407,110,814,220,594,73.0
5002481,2022-11-16,Paris,Haute Fragrance,Silver,Organic Search,1,390,72,390,72,318,81.5
5007893,2022-11-16,Milan,Designer Handbags,First-Time Buyer,Walk-in,1,3134,689,3134,689,2445,78.0
5002558,2022-11-16,Paris,Luxury Watches,First-Time Buyer,Walk-in,1,12051,3458,12051,3458,8593,71.3
5002750,2022-11-16,Milan,Fine Jewelry,Silver,Paid Social,1,9031,1366,9031,1366,7665,84.9
5004375,2022-11-17,New York,Designer Handbags,First-Time Buyer,Paid Social,1,3587,1143,3587,1143,2444,68.1
5002932,2022-11-17,New York,Haute Fragrance,Gold,Organic Search,1,333,90,333,90,243,73.0
5007680,2022-11-17,Dubai,Designer Handbags,Gold,Paid Social,1,3290,587,3290,587,2703,82.2
5002021,2022-11-17,New York,Luxury Watches,Silver,Exclusive Invite,1,14642,2535,14642,2535,12107,82.7
5002210,2022-11-17,Tokyo,Luxury Watches,First-Time Buyer,Walk-in,1,12148,2752,12148,2752,9396,77.3
5000786,2022-11-17,Tokyo,Designer Handbags,Gold,Paid Social,1,3443,1087,3443,1087,2356,68.4
5003127,2022-11-17,Tokyo,Luxury Watches,First-Time Buyer,Paid Social,1,13859,2493,13859,2493,11366,82.0
5009603,2022-11-17,New York,Designer Handbags,Silver,Walk-in,2,3714,744,7428,1488,5940,80.0
5009040,2022-11-17,New York,Luxury Watches,Gold,Walk-in,1,13759,2208,13759,2208,11551,84.0
5007676,2022-11-17,Dubai,Fine Jewelry,Gold,Paid Social,1,9705,2447,9705,2447,7258,74.8
5008861,2022-11-17,New York,Luxury Watches,First-Time Buyer,Walk-in,1,13796,2897,13796,2897,10899,79.0
5008558,2022-11-17,Dubai,Designer Handbags,First-Time Buyer,Organic Search,1,2970,527,2970,527,2443,82.3
5008807,2022-11-18,Paris,Haute Fragrance,Gold,Organic Search,3,378,78,1134,234,900,79.4
5006171,2022-11-18,Tokyo,Designer Handbags,First-Time Buyer,Organic Search,1,3325,901,3325,901,2424,72.9
5008683,2022-11-18,Paris,Haute Fragrance,First-Time Buyer,Paid Social,1,387,62,387,62,325,84.0
5008444,2022-11-18,New York,Designer Handbags,Platinum (VIP),Walk-in,3,3612,1075,10836,3225,7611,70.2
5002835,2022-11-18,Paris,Designer Handbags,Gold,Walk-in,1,3247,1117,3247,1117,2130,65.6
5009178,2022-11-18,Tokyo,Designer Handbags,Platinum (VIP),Paid Social,1,3823,580,3823,580,3243,84.8
5001542,2022-11-18,Paris,Fine Jewelry,First-Time Buyer,Paid Social,1,10184,3120,10184,3120,7064,69.4
5005367,2022-11-18,Paris,Designer Handbags,Platinum (VIP),Organic Search,1,3236,885,3236,885,2351,72.7
5002074,2022-11-18,Dubai,Luxury Watches,First-Time Buyer,Walk-in,1,14413,4649,14413,4649,9764,67.7
5002302,2022-11-18,Milan,Luxury Watches,First-Time Buyer,Organic Search,2,12643,3694,25286,7388,17898,70.8
5001487,2022-11-18,Paris,Fine Jewelry,First-Time Buyer,Walk-in,1,8265,1653,8265,1653,6612,80.0
5002254,2022-11-18,Paris,Designer Handbags,Silver,Organic Search,3,3713,791,11139,2373,8766,78.7
5003659,2022-11-18,Milan,Luxury Watches,Silver,Walk-in,1,12694,2322,12694,2322,10372,81.7
5003548,2022-11-18,Milan,Fine Jewelry,First-Time Buyer,Paid Social,1,8348,2302,8348,2302,6046,72.4
5006053,2022-11-18,Tokyo,Designer Handbags,Gold,Paid Social,1,3153,583,3153,583,2570,81.5
5000169,2022-11-18,New York,Luxury Watches,Gold,Exclusive Invite,1,12949,4186,12949,4186,8763,67.7
5007038,2022-11-19,Paris,Haute Fragrance,First-Time Buyer,Paid Social,1,411,122,411,122,289,70.3
5008298,2022-11-19,Paris,Designer Handbags,First-Time Buyer,Exclusive Invite,2,3397,531,6794,1062,5732,84.4
5001885,2022-11-19,New York,Luxury Watches,Gold,Organic Search,1,14325,4504,14325,4504,9821,68.6
5005187,2022-11-19,Dubai,Designer Handbags,First-Time Buyer,Walk-in,1,3310,694,3310,694,2616,79.0
5009205,2022-11-19,Milan,Haute Fragrance,Silver,Paid Social,1,365,85,365,85,280,76.7
5008866,2022-11-19,Milan,Designer Handbags,Platinum (VIP),Walk-in,1,3069,832,3069,832,2237,72.9
5003986,2022-11-19,Tokyo,Fine Jewelry,Gold,Paid Social,1,9971,2371,9971,2371,7600,76.2
5005288,2022-11-19,New York,Luxury Watches,Silver,Organic Search,1,13851,3490,13851,3490,10361,74.8
5008985,2022-11-19,Milan,Designer Handbags,First-Time Buyer,Exclusive Invite,1,2962,446,2962,446,2516,84.9
5007069,2022-11-20,Tokyo,Designer Handbags,Gold,Organic Search,2,3676,813,7352,1626,5726,77.9
5006653,2022-11-20,New York,Luxury Watches,First-Time Buyer,Exclusive Invite,1,12571,3402,12571,3402,9169,72.9
5000282,2022-11-20,Dubai,Haute Fragrance,Gold,Paid Social,1,355,113,355,113,242,68.2
5008774,2022-11-20,New York,Designer Handbags,First-Time Buyer,Organic Search,1,3034,774,3034,774,2260,74.5
5001884,2022-11-20,Tokyo,Luxury Watches,Gold,Organic Search,1,13140,3092,13140,3092,10048,76.5
5008776,2022-11-20,Paris,Fine Jewelry,First-Time Buyer,Paid Social,1,7664,1259,7664,1259,6405,83.6
5007051,2022-11-20,Dubai,Haute Fragrance,Gold,Paid Social,2,349,88,698,176,522,74.8
5008477,2022-11-20,Dubai,Luxury Watches,Silver,Walk-in,1,13534,2758,13534,2758,10776,79.6
5006990,2022-11-20,Paris,Haute Fragrance,First-Time Buyer,Walk-in,1,361,80,361,80,281,77.8
5005371,2022-11-20,Paris,Designer Handbags,Silver,Walk-in,1,3579,564,3579,564,3015,84.2
5000252,2022-11-20,Milan,Fine Jewelry,First-Time Buyer,Walk-in,2,9822,2747,19644,5494,14150,72.0
5008958,2022-11-20,New York,Designer Handbags,Silver,Paid Social,1,3612,943,3612,943,2669,73.9
5004082,2022-11-21,New York,Haute Fragrance,Gold,Organic Search,1,417,103,417,103,314,75.3
5005779,2022-11-21,New York,Designer Handbags,Gold,Walk-in,1,2965,873,2965,873,2092,70.6
5003943,2022-11-21,New York,Fine Jewelry,Platinum (VIP),Organic Search,1,9349,2612,9349,2612,6737,72.1
5008744,2022-11-21,Dubai,Fine Jewelry,Gold,Walk-in,1,9776,3258,9776,3258,6518,66.7
5004041,2022-11-21,Dubai,Haute Fragrance,First-Time Buyer,Organic Search,2,383,97,766,194,572,74.7
5001701,2022-11-21,Tokyo,Haute Fragrance,Silver,Paid Social,1,364,120,364,120,244,67.0
5007929,2022-11-21,Paris,Luxury Watches,Platinum (VIP),Organic Search,1,12430,2945,12430,2945,9485,76.3
5002661,2022-11-21,Tokyo,Haute Fragrance,Gold,Walk-in,1,418,97,418,97,321,76.8
5003455,2022-11-21,Dubai,Designer Handbags,First-Time Buyer,Paid Social,2,3671,1213,7342,2426,4916,67.0
5002894,2022-11-22,New York,Designer Handbags,Silver,Organic Search,1,2999,687,2999,687,2312,77.1
5003857,2022-11-22,Dubai,Haute Fragrance,Platinum (VIP),Organic Search,1,401,103,401,103,298,74.3
5008154,2022-11-22,Paris,Luxury Watches,Silver,Walk-in,1,11831,1963,11831,1963,9868,83.4
5004960,2022-11-22,Paris,Designer Handbags,Platinum (VIP),Exclusive Invite,1,3402,801,3402,801,2601,76.5
5005392,2022-11-22,Paris,Haute Fragrance,Silver,Paid Social,2,353,112,706,224,482,68.3
5003397,2022-11-22,Dubai,Fine Jewelry,First-Time Buyer,Paid Social,1,8870,1909,8870,1909,6961,78.5
5007946,2022-11-22,Paris,Luxury Watches,Silver,Organic Search,1,12078,2926,12078,2926,9152,75.8
5005522,2022-11-22,Milan,Luxury Watches,First-Time Buyer,Organic Search,1,13521,3548,13521,3548,9973,73.8
5000321,2022-11-22,Tokyo,Fine Jewelry,First-Time Buyer,Walk-in,1,9779,2030,9779,2030,7749,79.2
5007668,2022-11-22,Milan,Fine Jewelry,First-Time Buyer,Paid Social,1,7957,1746,7957,1746,6211,78.1
5003624,2022-11-22,New York,Haute Fragrance,Silver,Organic Search,1,356,116,356,116,240,67.4
5003633,2022-11-22,Milan,Designer Handbags,Gold,Organic Search,2,3179,835,6358,1670,4688,73.7
5003671,2022-11-22,New York,Haute Fragrance,First-Time Buyer,Paid Social,1,364,67,364,67,297,81.6
5001104,2022-11-22,Dubai,Designer Handbags,Silver,Walk-in,2,3714,965,7428,1930,5498,74.0
5003029,2022-11-22,Paris,Designer Handbags,Silver,Walk-in,1,3157,610,3157,610,2547,80.7
5005935,2022-11-22,Milan,Fine Jewelry,Silver,Walk-in,1,9183,2663,9183,2663,6520,71.0
5008108,2022-11-22,Paris,Haute Fragrance,Silver,Exclusive Invite,1,370,115,370,115,255,68.9
5002591,2022-11-22,Paris,Designer Handbags,Silver,Walk-in,1,3446,593,3446,593,2853,82.8
5009231,2022-11-22,New York,Haute Fragrance,Silver,Organic Search,1,351,95,351,95,256,72.9
5002178,2022-11-22,Tokyo,Luxury Watches,Gold,Walk-in,1,12515,3345,12515,3345,9170,73.3
5009092,2022-11-23,Dubai,Haute Fragrance,First-Time Buyer,Organic Search,1,315,72,315,72,243,77.1
5000434,2022-11-23,New York,Designer Handbags,First-Time Buyer,Walk-in,1,3712,624,3712,624,3088,83.2
5000924,2022-11-23,Dubai,Designer Handbags,First-Time Buyer,Walk-in,1,3799,723,3799,723,3076,81.0
5000978,2022-11-23,Paris,Designer Handbags,Silver,Exclusive Invite,1,3412,918,3412,918,2494,73.1
5008432,2022-11-23,Tokyo,Fine Jewelry,First-Time Buyer,Walk-in,2,9285,2936,18570,5872,12698,68.4
5005686,2022-11-23,Paris,Designer Handbags,Gold,Organic Search,1,3560,1197,3560,1197,2363,66.4
5009261,2022-11-23,New York,Haute Fragrance,Gold,Exclusive Invite,1,332,97,332,97,235,70.8
5009864,2022-11-23,Tokyo,Haute Fragrance,Gold,Exclusive Invite,2,397,121,794,242,552,69.5
5007615,2022-11-23,Milan,Designer Handbags,Gold,Paid Social,1,3670,984,3670,984,2686,73.2
5005968,2022-11-23,Paris,Designer Handbags,First-Time Buyer,Walk-in,1,3375,1126,3375,1126,2249,66.6
5004128,2022-11-23,New York,Designer Handbags,Silver,Exclusive Invite,1,2987,506,2987,506,2481,83.1
5004721,2022-11-23,Tokyo,Fine Jewelry,Gold,Walk-in,1,8262,2308,8262,2308,5954,72.1
5005673,2022-11-23,Paris,Haute Fragrance,Silver,Walk-in,3,335,70,1005,210,795,79.1
5006973,2022-11-23,Milan,Fine Jewelry,First-Time Buyer,Organic Search,1,8430,2111,8430,2111,6319,75.0
5004753,2022-11-23,New York,Haute Fragrance,First-Time Buyer,Paid Social,1,341,63,341,63,278,81.5
5008857,2022-11-23,Paris,Designer Handbags,Gold,Paid Social,1,2984,789,2984,789,2195,73.6
5007071,2022-11-23,Tokyo,Haute Fragrance,First-Time Buyer,Walk-in,1,337,54,337,54,283,84.0
5004477,2022-11-23,Tokyo,Haute Fragrance,Gold,Walk-in,1,373,103,373,103,270,72.4
5000256,2022-11-23,Tokyo,Luxury Watches,First-Time Buyer,Paid Social,1,12287,1924,12287,1924,10363,84.3
5003204,2022-11-23,New York,Designer Handbags,First-Time Buyer,Organic Search,3,3353,615,10059,1845,8214,81.7
5005484,2022-11-23,Tokyo,Designer Handbags,Platinum (VIP),Walk-in,1,3375,840,3375,840,2535,75.1
5005731,2022-11-23,Paris,Luxury Watches,First-Time Buyer,Paid Social,1,13873,4819,13873,4819,9054,65.3
5000448,2022-11-24,Milan,Fine Jewelry,Silver,Organic Search,1,7924,2513,7924,2513,5411,68.3
5005261,2022-11-24,Tokyo,Fine Jewelry,Platinum (VIP),Walk-in,1,7799,2386,7799,2386,5413,69.4
5006280,2022-11-24,New York,Luxury Watches,First-Time Buyer,Walk-in,2,11574,3255,23148,6510,16638,71.9
5005316,2022-11-24,New York,Luxury Watches,First-Time Buyer,Exclusive Invite,1,14050,2263,14050,2263,11787,83.9
5003503,2022-11-24,New York,Haute Fragrance,First-Time Buyer,Organic Search,1,348,107,348,107,241,69.3
5002667,2022-11-24,Milan,Luxury Watches,Platinum (VIP),Paid Social,1,13525,2097,13525,2097,11428,84.5
5007883,2022-11-24,Dubai,Designer Handbags,Silver,Paid Social,3,3063,474,9189,1422,7767,84.5
5009883,2022-11-24,New York,Designer Handbags,Silver,Walk-in,2,3754,708,7508,1416,6092,81.1
5002144,2022-11-24,Paris,Designer Handbags,Silver,Walk-in,1,3227,669,3227,669,2558,79.3
5008874,2022-11-24,Paris,Fine Jewelry,First-Time Buyer,Organic Search,2,9417,3168,18834,6336,12498,66.4
5008290,2022-11-24,Paris,Luxury Watches,First-Time Buyer,Walk-in,1,13964,2878,13964,2878,11086,79.4
5003757,2022-11-24,Dubai,Fine Jewelry,First-Time Buyer,Paid Social,1,9696,1544,9696,1544,8152,84.1
5001139,2022-11-24,Milan,Luxury Watches,First-Time Buyer,Walk-in,1,14856,4883,14856,4883,9973,67.1
5002263,2022-11-25,New York,Luxury Watches,Silver,Organic Search,1,12315,3982,12315,3982,8333,67.7
5003006,2022-11-25,Tokyo,Luxury Watches,Platinum (VIP),Organic Search,1,13891,2422,13891,2422,11469,82.6
5002138,2022-11-25,Tokyo,Fine Jewelry,First-Time Buyer,Organic Search,2,9840,1741,19680,3482,16198,82.3
5004476,2022-11-25,Dubai,Fine Jewelry,Silver,Paid Social,3,10038,2500,30114,7500,22614,75.1
5007017,2022-11-25,Paris,Luxury Watches,First-Time Buyer,Exclusive Invite,1,14938,3364,14938,3364,11574,77.5
5004032,2022-11-25,Tokyo,Designer Handbags,First-Time Buyer,Paid Social,1,3629,719,3629,719,2910,80.2
5001618,2022-11-25,Paris,Designer Handbags,Silver,Organic Search,1,3558,801,3558,801,2757,77.5
5005077,2022-11-25,New York,Haute Fragrance,Platinum (VIP),Exclusive Invite,2,328,107,656,214,442,67.4
5001118,2022-11-25,Paris,Designer Handbags,Platinum (VIP),Organic Search,1,3811,586,3811,586,3225,84.6
5001119,2022-11-25,Paris,Luxury Watches,Platinum (VIP),Walk-in,1,13149,4099,13149,4099,9050,68.8
5007186,2022-11-25,Paris,Designer Handbags,First-Time Buyer,Walk-in,1,3029,555,3029,555,2474,81.7
5009240,2022-11-26,Dubai,Fine Jewelry,First-Time Buyer,Organic Search,1,8426,2291,8426,2291,6135,72.8
5005318,2022-11-26,Tokyo,Fine Jewelry,First-Time Buyer,Walk-in,3,7865,2145,23595,6435,17160,72.7
5000604,2022-11-26,Paris,Luxury Watches,First-Time Buyer,Exclusive Invite,1,14341,3699,14341,3699,10642,74.2
5008967,2022-11-26,Tokyo,Designer Handbags,First-Time Buyer,Organic Search,2,3706,1031,7412,2062,5350,72.2
5008623,2022-11-26,Milan,Fine Jewelry,Silver,Paid Social,1,9020,1755,9020,1755,7265,80.5
5000209,2022-11-26,Paris,Luxury Watches,First-Time Buyer,Exclusive Invite,1,12712,3917,12712,3917,8795,69.2
5005851,2022-11-26,New York,Haute Fragrance,First-Time Buyer,Paid Social,1,360,113,360,113,247,68.6
5006048,2022-11-26,Dubai,Luxury Watches,Gold,Paid Social,1,11560,3316,11560,3316,8244,71.3
5000104,2022-11-26,Paris,Luxury Watches,Gold,Organic Search,2,13575,2331,27150,4662,22488,82.8
5001306,2022-11-26,Paris,Haute Fragrance,First-Time Buyer,Organic Search,1,368,109,368,109,259,70.4
5004426,2022-11-26,Tokyo,Designer Handbags,Silver,Walk-in,1,3829,1315,3829,1315,2514,65.7
5005481,2022-11-26,New York,Luxury Watches,Silver,Organic Search,2,14136,2460,28272,4920,23352,82.6
5001163,2022-11-26,Milan,Designer Handbags,Silver,Exclusive Invite,1,3191,539,3191,539,2652,83.1
5009958,2022-11-26,Paris,Luxury Watches,Platinum (VIP),Walk-in,1,14384,4797,14384,4797,9587,66.7
5000312,2022-11-26,Paris,Fine Jewelry,Silver,Paid Social,1,9629,2142,9629,2142,7487,77.8
5002123,2022-11-26,New York,Designer Handbags,Gold,Walk-in,1,3305,694,3305,694,2611,79.0
5009387,2022-11-27,New York,Designer Handbags,Gold,Organic Search,1,2995,499,2995,499,2496,83.3
5003838,2022-11-27,Paris,Haute Fragrance,Silver,Organic Search,1,382,74,382,74,308,80.6
5002458,2022-11-27,Tokyo,Designer Handbags,Silver,Organic Search,1,3353,904,3353,904,2449,73.0
5007419,2022-11-27,Dubai,Designer Handbags,Gold,Paid Social,1,3480,720,3480,720,2760,79.3
5005877,2022-11-27,Paris,Haute Fragrance,Silver,Paid Social,2,403,113,806,226,580,72.0
5005213,2022-11-27,Paris,Luxury Watches,First-Time Buyer,Exclusive Invite,1,13110,2612,13110,2612,10498,80.1
5008794,2022-11-27,Paris,Designer Handbags,First-Time Buyer,Exclusive Invite,1,3294,1097,3294,1097,2197,66.7
5007406,2022-11-27,Dubai,Haute Fragrance,First-Time Buyer,Paid Social,1,353,60,353,60,293,83.0
5007692,2022-11-27,Milan,Haute Fragrance,First-Time Buyer,Walk-in,1,381,63,381,63,318,83.5
5003938,2022-11-27,Dubai,Designer Handbags,Gold,Organic Search,1,3710,1246,3710,1246,2464,66.4
5006499,2022-11-27,New York,Designer Handbags,Gold,Exclusive Invite,1,3608,716,3608,716,2892,80.2
5001123,2022-11-27,New York,Fine Jewelry,Gold,Paid Social,1,9276,2901,9276,2901,6375,68.7
5004302,2022-11-27,Tokyo,Designer Handbags,First-Time Buyer,Exclusive Invite,1,3820,684,3820,684,3136,82.1
5009573,2022-11-27,Paris,Designer Handbags,Gold,Walk-in,2,3653,594,7306,1188,6118,83.7
5008609,2022-11-27,Milan,Designer Handbags,Silver,Paid Social,1,3709,604,3709,604,3105,83.7
5001563,2022-11-27,Paris,Designer Handbags,Platinum (VIP),Walk-in,1,3382,839,3382,839,2543,75.2
5002060,2022-11-27,Paris,Designer Handbags,Silver,Exclusive Invite,1,3801,1261,3801,1261,2540,66.8
5001743,2022-11-27,Dubai,Luxury Watches,First-Time Buyer,Organic Search,2,13933,2926,27866,5852,22014,79.0
5009167,2022-11-27,New York,Designer Handbags,First-Time Buyer,Organic Search,1,3136,628,3136,628,2508,80.0
5002015,2022-11-28,Paris,Fine Jewelry,Silver,Paid Social,1,8767,2646,8767,2646,6121,69.8
5000685,2022-11-28,New York,Fine Jewelry,First-Time Buyer,Organic Search,1,9706,1915,9706,1915,7791,80.3
5002977,2022-11-28,Dubai,Designer Handbags,First-Time Buyer,Paid Social,2,3686,930,7372,1860,5512,74.8
5003598,2022-11-28,New York,Designer Handbags,First-Time Buyer,Organic Search,3,3049,725,9147,2175,6972,76.2
5009998,2022-11-28,Paris,Fine Jewelry,First-Time Buyer,Organic Search,1,8307,2869,8307,2869,5438,65.5
5000021,2022-11-28,Milan,Designer Handbags,Gold,Walk-in,1,3686,568,3686,568,3118,84.6
5007454,2022-11-28,Paris,Fine Jewelry,First-Time Buyer,Organic Search,1,7890,1892,7890,1892,5998,76.0
5003227,2022-11-28,New York,Luxury Watches,Silver,Organic Search,1,12550,2918,12550,2918,9632,76.7
5002003,2022-11-28,Tokyo,Luxury Watches,First-Time Buyer,Walk-in,1,11391,2075,11391,2075,9316,81.8
5009682,2022-11-29,Paris,Haute Fragrance,First-Time Buyer,Paid Social,1,316,80,316,80,236,74.7
5000190,2022-11-29,Paris,Fine Jewelry,Silver,Paid Social,1,9484,3266,9484,3266,6218,65.6
5007264,2022-11-29,Tokyo,Fine Jewelry,Gold,Paid Social,1,9547,1925,9547,1925,7622,79.8
5008471,2022-11-29,Milan,Designer Handbags,First-Time Buyer,Walk-in,1,3773,660,3773,660,3113,82.5
5002284,2022-11-29,Paris,Designer Handbags,Silver,Exclusive Invite,3,3064,532,9192,1596,7596,82.6
5002752,2022-11-29,Dubai,Designer Handbags,First-Time Buyer,Organic Search,3,3546,1061,10638,3183,7455,70.1
5009764,2022-11-29,Paris,Designer Handbags,Gold,Organic Search,1,2968,648,2968,648,2320,78.2
5008619,2022-11-29,Paris,Haute Fragrance,First-Time Buyer,Paid Social,1,377,131,377,131,246,65.3
5000461,2022-11-29,Paris,Fine Jewelry,Silver,Walk-in,1,7717,1850,7717,1850,5867,76.0
5001112,2022-11-29,New York,Luxury Watches,Silver,Paid Social,1,12986,2703,12986,2703,10283,79.2
5000358,2022-11-29,Paris,Luxury Watches,First-Time Buyer,Exclusive Invite,1,12289,2968,12289,2968,9321,75.8
5006237,2022-11-29,New York,Luxury Watches,First-Time Buyer,Paid Social,1,12883,2067,12883,2067,10816,84.0
5006784,2022-11-29,Dubai,Luxury Watches,Silver,Exclusive Invite,1,12090,3906,12090,3906,8184,67.7
5001019,2022-11-29,New York,Haute Fragrance,Silver,Walk-in,1,333,63,333,63,270,81.1
5002422,2022-11-29,New York,Luxury Watches,Gold,Exclusive Invite,1,14189,4841,14189,4841,9348,65.9
5001164,2022-11-30,Paris,Designer Handbags,Platinum (VIP),Organic Search,1,3596,924,3596,924,2672,74.3
5004895,2022-11-30,Dubai,Luxury Watches,First-Time Buyer,Organic Search,2,11848,2364,23696,4728,18968,80.0
5007502,2022-11-30,Milan,Fine Jewelry,First-Time Buyer,Exclusive Invite,1,9154,2265,9154,2265,6889,75.3
5002571,2022-11-30,Dubai,Haute Fragrance,Silver,Organic Search,3,394,129,1182,387,795,67.3
5004728,2022-11-30,New York,Fine Jewelry,First-Time Buyer,Exclusive Invite,1,8058,1743,8058,1743,6315,78.4
5005259,2022-11-30,Paris,Luxury Watches,First-Time Buyer,Exclusive Invite,1,13142,4383,13142,4383,8759,66.6
5004903,2022-11-30,New York,Designer Handbags,Silver,Organic Search,1,3528,538,3528,538,2990,84.8
5000149,2022-11-30,New York,Fine Jewelry,First-Time Buyer,Walk-in,1,8226,2437,8226,2437,5789,70.4
5008106,2022-11-30,Dubai,Fine Jewelry,Silver,Organic Search,1,9437,2703,9437,2703,6734,71.4
5002771,2022-11-30,Milan,Haute Fragrance,First-Time Buyer,Organic Search,1,403,135,403,135,268,66.5
5004484,2022-11-30,Paris,Luxury Watches,First-Time Buyer,Organic Search,1,12631,3286,12631,3286,9345,74.0
5004295,2022-11-30,Tokyo,Designer Handbags,Silver,Paid Social,1,2988,759,2988,759,2229,74.6
5001634,2022-11-30,Dubai,Luxury Watches,Platinum (VIP),Walk-in,1,12523,2725,12523,2725,9798,78.2
5004212,2022-12-01,Paris,Designer Handbags,Platinum (VIP),Organic Search,1,3114,541,3114,541,2573,82.6
5001975,2022-12-01,Milan,Haute Fragrance,First-Time Buyer,Walk-in,1,368,84,368,84,284,77.2
5001978,2022-12-01,Milan,Designer Handbags,Gold,Organic Search,3,3602,881,10806,2643,8163,75.5
5004230,2022-12-01,Milan,Designer Handbags,First-Time Buyer,Walk-in,1,3483,722,3483,722,2761,79.3
5009066,2022-12-01,Milan,Haute Fragrance,First-Time Buyer,Walk-in,2,329,53,658,106,552,83.9
5004633,2022-12-01,Paris,Luxury Watches,Platinum (VIP),Exclusive Invite,2,13657,3372,27314,6744,20570,75.3
5001001,2022-12-01,Paris,Luxury Watches,Platinum (VIP),Paid Social,2,13455,3902,26910,7804,19106,71.0
5009474,2022-12-01,Tokyo,Designer Handbags,Gold,Organic Search,1,3753,1109,3753,1109,2644,70.5
5008151,2022-12-01,New York,Luxury Watches,First-Time Buyer,Organic Search,1,11850,2231,11850,2231,9619,81.2
5006064,2022-12-01,New York,Luxury Watches,Silver,Organic Search,1,11914,2657,11914,2657,9257,77.7
5006551,2022-12-01,Tokyo,Designer Handbags,Platinum (VIP),Paid Social,1,3440,747,3440,747,2693,78.3
5006856,2022-12-01,New York,Designer Handbags,Silver,Exclusive Invite,2,3807,1186,7614,2372,5242,68.8
5009965,2022-12-01,New York,Luxury Watches,Silver,Exclusive Invite,1,12373,2118,12373,2118,10255,82.9
5002818,2022-12-01,Dubai,Luxury Watches,Platinum (VIP),Organic Search,1,11448,3366,11448,3366,8082,70.6
5000273,2022-12-01,Milan,Luxury Watches,Platinum (VIP),Paid Social,1,14223,4413,14223,4413,9810,69.0
5003132,2022-12-02,Dubai,Haute Fragrance,Gold,Walk-in,1,415,135,415,135,280,67.5
5008554,2022-12-02,Paris,Designer Handbags,Silver,Organic Search,2,3804,864,7608,1728,5880,77.3
5006154,2022-12-02,Tokyo,Haute Fragrance,Silver,Organic Search,1,359,63,359,63,296,82.5
5008884,2022-12-02,Tokyo,Luxury Watches,Silver,Exclusive Invite,3,11907,2326,35721,6978,28743,80.5
5001731,2022-12-02,Dubai,Fine Jewelry,Platinum (VIP),Paid Social,3,9703,1943,29109,5829,23280,80.0
5001881,2022-12-02,Paris,Luxury Watches,Gold,Organic Search,1,11638,2659,11638,2659,8979,77.2
5004982,2022-12-02,Milan,Designer Handbags,Silver,Walk-in,1,3789,771,3789,771,3018,79.7
5005500,2022-12-02,Milan,Designer Handbags,Platinum (VIP),Walk-in,1,3624,701,3624,701,2923,80.7
5002205,2022-12-02,New York,Designer Handbags,First-Time Buyer,Organic Search,1,2949,901,2949,901,2048,69.4
5000606,2022-12-02,Tokyo,Haute Fragrance,Platinum (VIP),Organic Search,1,368,71,368,71,297,80.7
5006008,2022-12-02,Tokyo,Fine Jewelry,Platinum (VIP),Organic Search,3,8769,2455,26307,7365,18942,72.0
5002159,2022-12-02,Tokyo,Haute Fragrance,Silver,Exclusive Invite,1,322,93,322,93,229,71.1
5009839,2022-12-02,Tokyo,Haute Fragrance,Silver,Walk-in,1,367,92,367,92,275,74.9
5002142,2022-12-02,Paris,Designer Handbags,Silver,Organic Search,1,3780,787,3780,787,2993,79.2
5002783,2022-12-02,New York,Haute Fragrance,First-Time Buyer,Organic Search,1,329,101,329,101,228,69.3
5007890,2022-12-02,Paris,Designer Handbags,First-Time Buyer,Paid Social,2,2967,473,5934,946,4988,84.1
5002286,2022-12-02,New York,Designer Handbags,First-Time Buyer,Paid Social,1,3275,554,3275,554,2721,83.1
5009782,2022-12-02,Paris,Designer Handbags,First-Time Buyer,Paid Social,1,3324,1076,3324,1076,2248,67.6
5005324,2022-12-02,New York,Designer Handbags,First-Time Buyer,Organic Search,1,3676,946,3676,946,2730,74.3
5004760,2022-12-02,Paris,Luxury Watches,Gold,Exclusive Invite,1,12220,4148,12220,4148,8072,66.1
5006824,2022-12-02,Milan,Fine Jewelry,First-Time Buyer,Exclusive Invite,1,8804,2604,8804,2604,6200,70.4
5001345,2022-12-02,New York,Luxury Watches,Gold,Walk-in,1,13623,3379,13623,3379,10244,75.2
5000080,2022-12-02,Paris,Luxury Watches,Silver,Organic Search,2,14619,2816,29238,5632,23606,80.7
5003644,2022-12-02,Tokyo,Luxury Watches,Platinum (VIP),Organic Search,1,13072,3401,13072,3401,9671,74.0
5005595,2022-12-02,Tokyo,Fine Jewelry,Silver,Organic Search,1,9078,2140,9078,2140,6938,76.4
5001241,2022-12-02,Paris,Fine Jewelry,Silver,Paid Social,1,8733,2014,8733,2014,6719,76.9
5004246,2022-12-02,Tokyo,Designer Handbags,Gold,Walk-in,1,3346,774,3346,774,2572,76.9
5001821,2022-12-03,Paris,Fine Jewelry,Silver,Exclusive Invite,1,7904,1714,7904,1714,6190,78.3
5008781,2022-12-03,New York,Haute Fragrance,Silver,Paid Social,1,397,86,397,86,311,78.3
5000690,2022-12-03,Paris,Fine Jewelry,Silver,Paid Social,1,8625,2926,8625,2926,5699,66.1
5001016,2022-12-03,New York,Designer Handbags,Silver,Exclusive Invite,1,3182,1077,3182,1077,2105,66.2
5007152,2022-12-03,Dubai,Luxury Watches,Gold,Organic Search,1,11288,3348,11288,3348,7940,70.3
5000851,2022-12-03,Tokyo,Luxury Watches,First-Time Buyer,Walk-in,1,12481,1917,12481,1917,10564,84.6
5007833,2022-12-03,Dubai,Designer Handbags,Platinum (VIP),Exclusive Invite,1,3628,1062,3628,1062,2566,70.7
5006061,2022-12-03,Dubai,Fine Jewelry,First-Time Buyer,Organic Search,1,8583,1877,8583,1877,6706,78.1
5000564,2022-12-03,New York,Fine Jewelry,Silver,Organic Search,1,8444,2529,8444,2529,5915,70.0
5001215,2022-12-03,Dubai,Designer Handbags,First-Time Buyer,Walk-in,1,3082,910,3082,910,2172,70.5
5004470,2022-12-03,Dubai,Haute Fragrance,Silver,Walk-in,3,401,131,1203,393,810,67.3
5002546,2022-12-04,Paris,Haute Fragrance,Gold,Organic Search,1,392,71,392,71,321,81.9
5009488,2022-12-04,New York,Haute Fragrance,Silver,Walk-in,1,376,60,376,60,316,84.0
5007365,2022-12-04,Tokyo,Fine Jewelry,Platinum (VIP),Walk-in,1,7895,1278,7895,1278,6617,83.8
5007368,2022-12-04,Paris,Luxury Watches,Platinum (VIP),Organic Search,1,14919,2356,14919,2356,12563,84.2
5002792,2022-12-04,New York,Fine Jewelry,Gold,Paid Social,1,8337,1316,8337,1316,7021,84.2
5003833,2022-12-04,Milan,Fine Jewelry,First-Time Buyer,Exclusive Invite,1,8226,2382,8226,2382,5844,71.0
5009276,2022-12-04,Paris,Luxury Watches,First-Time Buyer,Organic Search,1,13602,2244,13602,2244,11358,83.5
5008738,2022-12-04,Paris,Fine Jewelry,Platinum (VIP),Organic Search,1,8923,3060,8923,3060,5863,65.7
5001044,2022-12-04,Tokyo,Fine Jewelry,First-Time Buyer,Paid Social,1,7755,2616,7755,2616,5139,66.3
5005090,2022-12-04,Milan,Designer Handbags,First-Time Buyer,Paid Social,1,3151,1021,3151,1021,2130,67.6
5006675,2022-12-04,Dubai,Haute Fragrance,First-Time Buyer,Organic Search,3,380,79,1140,237,903,79.2
5006720,2022-12-05,Milan,Haute Fragrance,First-Time Buyer,Walk-in,1,409,140,409,140,269,65.8
5008225,2022-12-05,Dubai,Haute Fragrance,Silver,Paid Social,1,411,74,411,74,337,82.0
5002320,2022-12-05,New York,Luxury Watches,Silver,Paid Social,1,13961,3041,13961,3041,10920,78.2
5002095,2022-12-05,Dubai,Fine Jewelry,Gold,Organic Search,1,8972,2395,8972,2395,6577,73.3
5004862,2022-12-05,Dubai,Designer Handbags,Gold,Walk-in,1,2968,636,2968,636,2332,78.6
5005120,2022-12-05,Milan,Fine Jewelry,Gold,Organic Search,2,8449,2206,16898,4412,12486,73.9
5001403,2022-12-05,Paris,Fine Jewelry,First-Time Buyer,Paid Social,1,8566,2438,8566,2438,6128,71.5
5008002,2022-12-05,Dubai,Luxury Watches,Silver,Organic Search,1,14062,3631,14062,3631,10431,74.2
5009043,2022-12-05,Paris,Haute Fragrance,Silver,Walk-in,1,327,111,327,111,216,66.1
5002645,2022-12-05,Paris,Designer Handbags,Silver,Paid Social,1,3199,1040,3199,1040,2159,67.5
5001962,2022-12-05,Tokyo,Designer Handbags,First-Time Buyer,Walk-in,1,3020,812,3020,812,2208,73.1
5001322,2022-12-05,New York,Designer Handbags,Silver,Paid Social,1,3468,816,3468,816,2652,76.5
5004825,2022-12-05,New York,Haute Fragrance,Gold,Paid Social,1,407,62,407,62,345,84.8
5004097,2022-12-05,Dubai,Fine Jewelry,Silver,Walk-in,1,10003,3374,10003,3374,6629,66.3
5006960,2022-12-05,Tokyo,Fine Jewelry,First-Time Buyer,Paid Social,1,9612,1735,9612,1735,7877,81.9
5001529,2022-12-05,Paris,Luxury Watches,First-Time Buyer,Exclusive Invite,1,14361,3200,14361,3200,11161,77.7
5007528,2022-12-05,Paris,Designer Handbags,Silver,Organic Search,1,3779,1124,3779,1124,2655,70.3
5000427,2022-12-06,New York,Luxury Watches,First-Time Buyer,Paid Social,2,13925,4788,27850,9576,18274,65.6
5000516,2022-12-06,Paris,Haute Fragrance,First-Time Buyer,Exclusive Invite,2,331,111,662,222,440,66.5
5009646,2022-12-06,New York,Luxury Watches,Silver,Organic Search,1,13176,3312,13176,3312,9864,74.9
5002495,2022-12-06,Dubai,Designer Handbags,Silver,Organic Search,1,3485,659,3485,659,2826,81.1
5005939,2022-12-06,Dubai,Designer Handbags,Silver,Paid Social,1,3322,834,3322,834,2488,74.9
5007774,2022-12-06,Paris,Haute Fragrance,Gold,Exclusive Invite,2,419,112,838,224,614,73.3
5000740,2022-12-06,New York,Designer Handbags,First-Time Buyer,Exclusive Invite,1,3304,639,3304,639,2665,80.7
5001867,2022-12-06,Milan,Luxury Watches,First-Time Buyer,Organic Search,1,13767,4358,13767,4358,9409,68.3
5007763,2022-12-06,New York,Luxury Watches,First-Time Buyer,Walk-in,1,13638,2505,13638,2505,11133,81.6
5009517,2022-12-06,New York,Luxury Watches,First-Time Buyer,Organic Search,1,14882,4439,14882,4439,10443,70.2
5002721,2022-12-06,New York,Haute Fragrance,Gold,Organic Search,1,362,55,362,55,307,84.8
5005033,2022-12-07,Tokyo,Designer Handbags,First-Time Buyer,Paid Social,2,3671,931,7342,1862,5480,74.6
5006062,2022-12-07,Paris,Fine Jewelry,Gold,Paid Social,1,9426,1447,9426,1447,7979,84.6
5006346,2022-12-07,Milan,Luxury Watches,Gold,Paid Social,1,14652,4742,14652,4742,9910,67.6
5003073,2022-12-07,Tokyo,Designer Handbags,Gold,Paid Social,1,2899,945,2899,945,1954,67.4
5002448,2022-12-07,Tokyo,Luxury Watches,Silver,Organic Search,1,14723,2439,14723,2439,12284,83.4
5008532,2022-12-07,Paris,Designer Handbags,First-Time Buyer,Organic Search,1,3049,574,3049,574,2475,81.2
5009188,2022-12-07,Paris,Luxury Watches,First-Time Buyer,Walk-in,1,14372,3994,14372,3994,10378,72.2
5003978,2022-12-07,Paris,Haute Fragrance,Silver,Organic Search,2,348,113,696,226,470,67.5
5000948,2022-12-07,New York,Haute Fragrance,Gold,Walk-in,1,389,85,389,85,304,78.1
5000002,2022-12-07,Dubai,Designer Handbags,Silver,Walk-in,1,3385,647,3385,647,2738,80.9
5003197,2022-12-07,New York,Luxury Watches,First-Time Buyer,Paid Social,1,12145,2230,12145,2230,9915,81.6
5004420,2022-12-07,New York,Fine Jewelry,Silver,Exclusive Invite,1,8028,2765,8028,2765,5263,65.6
5000179,2022-12-08,Dubai,Designer Handbags,Silver,Walk-in,1,3433,1133,3433,1133,2300,67.0
5000198,2022-12-08,Milan,Fine Jewelry,Gold,Exclusive Invite,1,9774,1471,9774,1471,8303,84.9
5000644,2022-12-08,New York,Luxury Watches,Silver,Organic Search,1,11332,3044,11332,3044,8288,73.1
5004607,2022-12-08,Paris,Fine Jewelry,Gold,Walk-in,1,7826,1938,7826,1938,5888,75.2
5001340,2022-12-08,Paris,Luxury Watches,First-Time Buyer,Organic Search,1,14656,3564,14656,3564,11092,75.7
5009610,2022-12-08,New York,Luxury Watches,Platinum (VIP),Walk-in,1,13093,2441,13093,2441,10652,81.4
5009380,2022-12-08,Paris,Fine Jewelry,First-Time Buyer,Paid Social,3,9634,2421,28902,7263,21639,74.9
5002384,2022-12-08,Tokyo,Designer Handbags,First-Time Buyer,Walk-in,1,2898,635,2898,635,2263,78.1
5004061,2022-12-08,Paris,Designer Handbags,First-Time Buyer,Organic Search,1,3772,975,3772,975,2797,74.2
5007423,2022-12-08,Paris,Designer Handbags,Platinum (VIP),Organic Search,1,3367,873,3367,873,2494,74.1
5004124,2022-12-08,New York,Fine Jewelry,Gold,Paid Social,1,8173,2670,8173,2670,5503,67.3
5001459,2022-12-08,New York,Haute Fragrance,Platinum (VIP),Paid Social,1,416,141,416,141,275,66.1
5006165,2022-12-08,Tokyo,Luxury Watches,Silver,Organic Search,1,12164,4135,12164,4135,8029,66.0
5002436,2022-12-08,Milan,Designer Handbags,Platinum (VIP),Organic Search,1,3393,815,3393,815,2578,76.0
5003131,2022-12-08,New York,Haute Fragrance,Silver,Paid Social,1,384,74,384,74,310,80.7
5003165,2022-12-08,Paris,Fine Jewelry,First-Time Buyer,Organic Search,1,9974,2661,9974,2661,7313,73.3
5003629,2022-12-08,New York,Fine Jewelry,Silver,Exclusive Invite,1,9202,2447,9202,2447,6755,73.4
5002605,2022-12-08,Paris,Luxury Watches,Silver,Exclusive Invite,1,11899,3907,11899,3907,7992,67.2
5006470,2022-12-08,Dubai,Designer Handbags,Gold,Organic Search,2,2900,693,5800,1386,4414,76.1
5009195,2022-12-09,Dubai,Designer Handbags,Gold,Paid Social,1,3725,848,3725,848,2877,77.2
5000220,2022-12-09,Tokyo,Designer Handbags,Gold,Organic Search,1,3047,896,3047,896,2151,70.6
5007664,2022-12-09,Paris,Luxury Watches,Gold,Organic Search,1,11704,3305,11704,3305,8399,71.8
5001071,2022-12-09,Dubai,Fine Jewelry,Silver,Walk-in,1,8793,2134,8793,2134,6659,75.7
5008205,2022-12-09,New York,Haute Fragrance,Gold,Organic Search,1,368,95,368,95,273,74.2
5006800,2022-12-09,Milan,Designer Handbags,First-Time Buyer,Organic Search,3,3015,791,9045,2373,6672,73.8
5004463,2022-12-09,New York,Fine Jewelry,First-Time Buyer,Walk-in,1,9997,2134,9997,2134,7863,78.7
5006215,2022-12-09,New York,Luxury Watches,Platinum (VIP),Organic Search,1,11607,2522,11607,2522,9085,78.3
5005182,2022-12-09,Paris,Fine Jewelry,Silver,Organic Search,1,7905,1205,7905,1205,6700,84.8
5005313,2022-12-09,Dubai,Haute Fragrance,Silver,Organic Search,1,414,69,414,69,345,83.3
5009138,2022-12-09,Tokyo,Designer Handbags,Silver,Exclusive Invite,1,3563,1200,3563,1200,2363,66.3
5004663,2022-12-10,Tokyo,Designer Handbags,First-Time Buyer,Paid Social,2,3135,918,6270,1836,4434,70.7
5001752,2022-12-10,New York,Designer Handbags,First-Time Buyer,Exclusive Invite,1,3200,611,3200,611,2589,80.9
5008779,2022-12-10,New York,Designer Handbags,First-Time Buyer,Organic Search,1,3590,917,3590,917,2673,74.5
5001918,2022-12-10,New York,Luxury Watches,Silver,Organic Search,1,13059,2062,13059,2062,10997,84.2
5004942,2022-12-10,Dubai,Fine Jewelry,Silver,Organic Search,1,10178,2086,10178,2086,8092,79.5
5000940,2022-12-10,New York,Designer Handbags,Gold,Organic Search,2,3539,928,7078,1856,5222,73.8
5000092,2022-12-10,Dubai,Fine Jewelry,First-Time Buyer,Paid Social,2,9055,1894,18110,3788,14322,79.1
5004967,2022-12-10,Tokyo,Designer Handbags,Gold,Paid Social,1,3114,541,3114,541,2573,82.6
5009361,2022-12-11,Tokyo,Fine Jewelry,Gold,Organic Search,2,8382,2522,16764,5044,11720,69.9
5003521,2022-12-11,New York,Luxury Watches,Gold,Organic Search,1,13985,3764,13985,3764,10221,73.1
5008830,2022-12-11,Milan,Luxury Watches,Platinum (VIP),Organic Search,1,11635,2197,11635,2197,9438,81.1
5008972,2022-12-11,Dubai,Fine Jewelry,Silver,Organic Search,1,8669,2187,8669,2187,6482,74.8
5006569,2022-12-11,Milan,Designer Handbags,First-Time Buyer,Organic Search,1,3702,864,3702,864,2838,76.7
5003133,2022-12-11,Milan,Luxury Watches,Platinum (VIP),Organic Search,1,13541,2668,13541,2668,10873,80.3
5009354,2022-12-11,New York,Luxury Watches,Gold,Organic Search,1,11924,2446,11924,2446,9478,79.5
5003446,2022-12-11,Dubai,Luxury Watches,Silver,Organic Search,1,12609,3475,12609,3475,9134,72.4
5001135,2022-12-11,New York,Luxury Watches,Silver,Walk-in,2,11521,2645,23042,5290,17752,77.0
5009826,2022-12-11,New York,Designer Handbags,First-Time Buyer,Walk-in,1,2949,804,2949,804,2145,72.7
5004551,2022-12-11,Tokyo,Designer Handbags,Silver,Paid Social,1,3598,656,3598,656,2942,81.8
5005909,2022-12-12,New York,Haute Fragrance,Silver,Paid Social,1,323,94,323,94,229,70.9
5000029,2022-12-12,Paris,Haute Fragrance,First-Time Buyer,Organic Search,2,392,101,784,202,582,74.2
5000069,2022-12-12,Paris,Designer Handbags,Silver,Organic Search,1,3205,1114,3205,1114,2091,65.2
5005420,2022-12-12,Dubai,Luxury Watches,First-Time Buyer,Paid Social,1,14136,4216,14136,4216,9920,70.2
5002033,2022-12-12,Tokyo,Designer Handbags,Gold,Paid Social,1,3433,962,3433,962,2471,72.0
5006744,2022-12-12,Paris,Luxury Watches,Silver,Organic Search,1,12501,1973,12501,1973,10528,84.2
5009385,2022-12-12,Paris,Designer Handbags,Gold,Paid Social,2,2930,761,5860,1522,4338,74.0
5002316,2022-12-12,Milan,Fine Jewelry,First-Time Buyer,Paid Social,1,7803,1254,7803,1254,6549,83.9
5007674,2022-12-12,Dubai,Luxury Watches,First-Time Buyer,Organic Search,1,14829,4413,14829,4413,10416,70.2
5000229,2022-12-12,New York,Haute Fragrance,First-Time Buyer,Walk-in,1,377,112,377,112,265,70.3
5001312,2022-12-12,Paris,Luxury Watches,Silver,Exclusive Invite,1,11614,3075,11614,3075,8539,73.5
5004531,2022-12-12,Tokyo,Designer Handbags,Platinum (VIP),Organic Search,1,3580,1106,3580,1106,2474,69.1
5007667,2022-12-12,Paris,Haute Fragrance,First-Time Buyer,Paid Social,1,374,84,374,84,290,77.5
5003611,2022-12-13,Paris,Designer Handbags,First-Time Buyer,Walk-in,2,3157,735,6314,1470,4844,76.7
5007777,2022-12-13,Paris,Fine Jewelry,Platinum (VIP),Paid Social,1,9247,2733,9247,2733,6514,70.4
5008180,2022-12-13,New York,Luxury Watches,First-Time Buyer,Exclusive Invite,1,11530,3249,11530,3249,8281,71.8
5009321,2022-12-13,New York,Luxury Watches,First-Time Buyer,Exclusive Invite,1,11900,3822,11900,3822,8078,67.9
5009337,2022-12-13,Milan,Fine Jewelry,Gold,Organic Search,1,9848,2986,9848,2986,6862,69.7
5005284,2022-12-13,New York,Fine Jewelry,First-Time Buyer,Paid Social,1,9378,2273,9378,2273,7105,75.8
5001781,2022-12-13,New York,Luxury Watches,Silver,Walk-in,2,11299,2934,22598,5868,16730,74.0
5006097,2022-12-13,New York,Fine Jewelry,Platinum (VIP),Exclusive Invite,1,8369,2606,8369,2606,5763,68.9
5001532,2022-12-13,Dubai,Luxury Watches,Silver,Organic Search,1,13605,3956,13605,3956,9649,70.9
5007504,2022-12-14,Paris,Designer Handbags,First-Time Buyer,Organic Search,1,3785,1013,3785,1013,2772,73.2
5008246,2022-12-14,New York,Designer Handbags,Platinum (VIP),Organic Search,1,3553,806,3553,806,2747,77.3
5001491,2022-12-14,Paris,Fine Jewelry,First-Time Buyer,Organic Search,1,8740,2493,8740,2493,6247,71.5
5004269,2022-12-14,New York,Designer Handbags,Platinum (VIP),Organic Search,1,3365,723,3365,723,2642,78.5
5002587,2022-12-14,Dubai,Haute Fragrance,First-Time Buyer,Organic Search,1,381,117,381,117,264,69.3
5001802,2022-12-14,Dubai,Designer Handbags,First-Time Buyer,Paid Social,1,3787,1014,3787,1014,2773,73.2
5005806,2022-12-14,Dubai,Designer Handbags,Silver,Organic Search,1,3252,1131,3252,1131,2121,65.2
5006494,2022-12-14,New York,Fine Jewelry,Gold,Organic Search,1,8689,2885,8689,2885,5804,66.8
5004308,2022-12-15,Dubai,Fine Jewelry,First-Time Buyer,Organic Search,2,9260,2352,18520,4704,13816,74.6
5009898,2022-12-15,Milan,Luxury Watches,Platinum (VIP),Organic Search,1,13345,3053,13345,3053,10292,77.1
5000315,2022-12-15,Tokyo,Designer Handbags,Gold,Exclusive Invite,1,3466,1119,3466,1119,2347,67.7
5009139,2022-12-15,Paris,Luxury Watches,First-Time Buyer,Paid Social,1,12355,3118,12355,3118,9237,74.8
5007876,2022-12-15,Dubai,Fine Jewelry,Silver,Walk-in,1,8324,1341,8324,1341,6983,83.9
5002493,2022-12-15,New York,Designer Handbags,Gold,Exclusive Invite,2,3291,961,6582,1922,4660,70.8
5004755,2022-12-15,Tokyo,Haute Fragrance,Gold,Organic Search,1,360,92,360,92,268,74.4
5004950,2022-12-15,Tokyo,Designer Handbags,Silver,Paid Social,2,3794,1019,7588,2038,5550,73.1
5002224,2022-12-15,New York,Designer Handbags,First-Time Buyer,Organic Search,1,3635,1117,3635,1117,2518,69.3
5006664,2022-12-15,Milan,Fine Jewelry,First-Time Buyer,Organic Search,1,9175,3184,9175,3184,5991,65.3
5003317,2022-12-15,Paris,Haute Fragrance,Gold,Organic Search,2,340,99,680,198,482,70.9
5005351,2022-12-15,New York,Fine Jewelry,Gold,Paid Social,1,8009,1835,8009,1835,6174,77.1
5006066,2022-12-15,New York,Designer Handbags,Silver,Paid Social,1,3542,610,3542,610,2932,82.8
5008017,2022-12-15,Paris,Designer Handbags,Gold,Exclusive Invite,1,3550,619,3550,619,2931,82.6
5009037,2022-12-15,Dubai,Designer Handbags,First-Time Buyer,Paid Social,1,3511,807,3511,807,2704,77.0
5001206,2022-12-15,Paris,Fine Jewelry,Silver,Paid Social,1,9031,2492,9031,2492,6539,72.4
5009437,2022-12-15,New York,Designer Handbags,Gold,Paid Social,1,3490,885,3490,885,2605,74.6
5009029,2022-12-15,New York,Designer Handbags,First-Time Buyer,Organic Search,1,3647,1001,3647,1001,2646,72.6
5003172,2022-12-16,Tokyo,Luxury Watches,Platinum (VIP),Exclusive Invite,1,12744,3461,12744,3461,9283,72.8
5008580,2022-12-16,New York,Fine Jewelry,Platinum (VIP),Walk-in,1,9596,2940,9596,2940,6656,69.4
5007967,2022-12-16,Paris,Luxury Watches,First-Time Buyer,Organic Search,1,14041,2771,14041,2771,11270,80.3
5000375,2022-12-16,New York,Fine Jewelry,Platinum (VIP),Walk-in,1,9337,2248,9337,2248,7089,75.9
5003730,2022-12-16,Milan,Designer Handbags,Silver,Organic Search,1,3551,1151,3551,1151,2400,67.6
5005148,2022-12-16,Milan,Designer Handbags,Silver,Walk-in,1,3395,997,3395,997,2398,70.6
5003581,2022-12-16,New York,Luxury Watches,Gold,Organic Search,1,14352,3836,14352,3836,10516,73.3
5005491,2022-12-16,Tokyo,Haute Fragrance,Gold,Paid Social,1,375,122,375,122,253,67.5
5005735,2022-12-16,Paris,Haute Fragrance,Silver,Paid Social,1,391,103,391,103,288,73.7
5000517,2022-12-16,New York,Designer Handbags,Gold,Paid Social,1,2890,845,2890,845,2045,70.8
5005514,2022-12-16,Milan,Fine Jewelry,First-Time Buyer,Paid Social,1,7835,2299,7835,2299,5536,70.7
5000507,2022-12-16,Paris,Haute Fragrance,First-Time Buyer,Organic Search,1,347,82,347,82,265,76.4
5000009,2022-12-16,Paris,Designer Handbags,First-Time Buyer,Organic Search,1,3088,1063,3088,1063,2025,65.6
5000648,2022-12-16,Milan,Haute Fragrance,First-Time Buyer,Exclusive Invite,1,351,65,351,65,286,81.5
5004255,2022-12-16,Paris,Designer Handbags,First-Time Buyer,Paid Social,1,3410,982,3410,982,2428,71.2
5003241,2022-12-16,New York,Luxury Watches,Gold,Paid Social,1,12715,3907,12715,3907,8808,69.3
5000935,2022-12-17,Milan,Designer Handbags,Silver,Walk-in,1,3540,721,3540,721,2819,79.6
5000946,2022-12-17,Paris,Designer Handbags,Silver,Paid Social,1,3629,675,3629,675,2954,81.4
5002247,2022-12-17,Milan,Luxury Watches,Silver,Organic Search,1,11441,2674,11441,2674,8767,76.6
5000324,2022-12-17,Tokyo,Luxury Watches,Silver,Organic Search,1,13121,3545,13121,3545,9576,73.0
5000567,2022-12-17,Paris,Fine Jewelry,Silver,Paid Social,1,10197,2180,10197,2180,8017,78.6
5001158,2022-12-17,Paris,Luxury Watches,Gold,Exclusive Invite,2,13182,3970,26364,7940,18424,69.9
5002417,2022-12-17,New York,Fine Jewelry,Platinum (VIP),Walk-in,1,9856,1542,9856,1542,8314,84.4
5000841,2022-12-17,Paris,Designer Handbags,Silver,Organic Search,1,3288,694,3288,694,2594,78.9
5004714,2022-12-17,New York,Luxury Watches,Gold,Organic Search,1,12778,3960,12778,3960,8818,69.0
5002613,2022-12-17,Tokyo,Designer Handbags,Gold,Walk-in,1,3067,595,3067,595,2472,80.6
5002184,2022-12-18,Paris,Designer Handbags,Silver,Paid Social,1,3100,809,3100,809,2291,73.9
5002429,2022-12-18,Tokyo,Fine Jewelry,Silver,Paid Social,3,9548,2411,28644,7233,21411,74.7
5006142,2022-12-18,Tokyo,Designer Handbags,Silver,Organic Search,1,3004,467,3004,467,2537,84.5
5004888,2022-12-18,Paris,Luxury Watches,First-Time Buyer,Exclusive Invite,2,14487,3543,28974,7086,21888,75.5
5004110,2022-12-18,Paris,Haute Fragrance,First-Time Buyer,Organic Search,1,381,62,381,62,319,83.7
5000891,2022-12-18,New York,Designer Handbags,Gold,Exclusive Invite,1,3719,643,3719,643,3076,82.7
5008399,2022-12-18,Milan,Designer Handbags,Silver,Organic Search,1,3353,928,3353,928,2425,72.3
5000807,2022-12-18,New York,Luxury Watches,First-Time Buyer,Walk-in,1,13028,3895,13028,3895,9133,70.1
5007207,2022-12-18,Milan,Fine Jewelry,Silver,Walk-in,2,8347,1305,16694,2610,14084,84.4
5001566,2022-12-18,Tokyo,Designer Handbags,Gold,Paid Social,1,2989,672,2989,672,2317,77.5
5003247,2022-12-18,New York,Luxury Watches,First-Time Buyer,Walk-in,2,14527,2747,29054,5494,23560,81.1
5007287,2022-12-18,New York,Luxury Watches,Platinum (VIP),Organic Search,1,13168,2588,13168,2588,10580,80.3
5006096,2022-12-18,Tokyo,Luxury Watches,First-Time Buyer,Walk-in,1,13291,4410,13291,4410,8881,66.8
5008594,2022-12-18,New York,Luxury Watches,Silver,Paid Social,2,11267,1884,22534,3768,18766,83.3
5005015,2022-12-18,Milan,Haute Fragrance,Silver,Organic Search,2,418,91,836,182,654,78.2
5001489,2022-12-18,New York,Designer Handbags,Gold,Walk-in,1,3460,1202,3460,1202,2258,65.3
5007932,2022-12-18,Tokyo,Fine Jewelry,First-Time Buyer,Walk-in,1,8817,1669,8817,1669,7148,81.1
5001358,2022-12-18,New York,Fine Jewelry,Gold,Exclusive Invite,1,9122,2681,9122,2681,6441,70.6
5009189,2022-12-19,Tokyo,Designer Handbags,Silver,Paid Social,1,2920,667,2920,667,2253,77.2
5009738,2022-12-19,Dubai,Fine Jewelry,Gold,Organic Search,1,7761,2008,7761,2008,5753,74.1
5000377,2022-12-19,Tokyo,Designer Handbags,First-Time Buyer,Organic Search,1,3839,1180,3839,1180,2659,69.3
5007877,2022-12-19,Tokyo,Designer Handbags,Platinum (VIP),Walk-in,1,3103,629,3103,629,2474,79.7
5002904,2022-12-19,Milan,Luxury Watches,Gold,Organic Search,1,14590,2254,14590,2254,12336,84.6
5002089,2022-12-19,New York,Luxury Watches,Gold,Walk-in,1,12841,3998,12841,3998,8843,68.9
5009622,2022-12-19,New York,Designer Handbags,Silver,Organic Search,1,3306,678,3306,678,2628,79.5
5004563,2022-12-19,Tokyo,Designer Handbags,Gold,Exclusive Invite,1,2992,594,2992,594,2398,80.1
5009275,2022-12-19,Paris,Haute Fragrance,Silver,Exclusive Invite,1,317,101,317,101,216,68.1
5008729,2022-12-19,Paris,Luxury Watches,Silver,Paid Social,2,13412,3851,26824,7702,19122,71.3
5009800,2022-12-19,Tokyo,Luxury Watches,Silver,Organic Search,1,12276,2631,12276,2631,9645,78.6
5004033,2022-12-19,Tokyo,Luxury Watches,Gold,Walk-in,1,14619,4051,14619,4051,10568,72.3
5007700,2022-12-20,Paris,Haute Fragrance,Silver,Paid Social,1,349,82,349,82,267,76.5
5009477,2022-12-20,New York,Designer Handbags,First-Time Buyer,Organic Search,1,3108,918,3108,918,2190,70.5
5004355,2022-12-20,Tokyo,Haute Fragrance,Silver,Organic Search,1,394,136,394,136,258,65.5
5008537,2022-12-20,New York,Luxury Watches,First-Time Buyer,Paid Social,1,11585,3972,11585,3972,7613,65.7
5001728,2022-12-20,Paris,Designer Handbags,First-Time Buyer,Paid Social,1,2886,496,2886,496,2390,82.8
5003093,2022-12-20,Milan,Designer Handbags,Platinum (VIP),Organic Search,1,3488,821,3488,821,2667,76.5
5002746,2022-12-20,Paris,Haute Fragrance,Silver,Exclusive Invite,1,408,93,408,93,315,77.2
5006792,2022-12-20,Paris,Designer Handbags,First-Time Buyer,Paid Social,2,3617,950,7234,1900,5334,73.7
5008864,2022-12-20,Dubai,Fine Jewelry,Silver,Exclusive Invite,1,7706,2667,7706,2667,5039,65.4
5008523,2022-12-20,Paris,Luxury Watches,Silver,Walk-in,1,14869,2638,14869,2638,12231,82.3
5005566,2022-12-20,Milan,Luxury Watches,Platinum (VIP),Paid Social,2,11706,1784,23412,3568,19844,84.8
5008947,2022-12-20,Paris,Designer Handbags,Silver,Paid Social,1,2959,994,2959,994,1965,66.4
5005268,2022-12-21,Paris,Luxury Watches,Silver,Exclusive Invite,1,11942,2492,11942,2492,9450,79.1
5005443,2022-12-21,Paris,Designer Handbags,First-Time Buyer,Organic Search,1,3366,959,3366,959,2407,71.5
5005598,2022-12-21,Milan,Fine Jewelry,First-Time Buyer,Walk-in,1,9574,2962,9574,2962,6612,69.1
5001893,2022-12-21,Paris,Luxury Watches,First-Time Buyer,Paid Social,1,13584,2272,13584,2272,11312,83.3
5005813,2022-12-21,Paris,Fine Jewelry,Silver,Paid Social,1,9280,2836,9280,2836,6444,69.4
5002054,2022-12-21,Dubai,Designer Handbags,First-Time Buyer,Paid Social,3,3392,807,10176,2421,7755,76.2
5004604,2022-12-21,New York,Designer Handbags,Silver,Paid Social,2,3650,1169,7300,2338,4962,68.0
5003582,2022-12-21,Milan,Luxury Watches,First-Time Buyer,Walk-in,1,14856,2319,14856,2319,12537,84.4
5008019,2022-12-21,Milan,Fine Jewelry,First-Time Buyer,Organic Search,1,9431,3228,9431,3228,6203,65.8
5005546,2022-12-22,Tokyo,Luxury Watches,Platinum (VIP),Paid Social,2,13676,3749,27352,7498,19854,72.6
5007081,2022-12-22,Paris,Fine Jewelry,Silver,Organic Search,1,8445,1656,8445,1656,6789,80.4
5004250,2022-12-22,Milan,Luxury Watches,First-Time Buyer,Organic Search,1,12745,4076,12745,4076,8669,68.0
5006243,2022-12-22,Dubai,Designer Handbags,First-Time Buyer,Organic Search,3,3734,715,11202,2145,9057,80.9
5000086,2022-12-22,New York,Luxury Watches,First-Time Buyer,Organic Search,1,12315,2651,12315,2651,9664,78.5
5008020,2022-12-22,Paris,Fine Jewelry,Silver,Organic Search,1,9986,2058,9986,2058,7928,79.4
5006761,2022-12-22,Dubai,Designer Handbags,Platinum (VIP),Paid Social,2,3743,1295,7486,2590,4896,65.4
5002758,2022-12-22,Paris,Designer Handbags,First-Time Buyer,Walk-in,1,3825,690,3825,690,3135,82.0
5003839,2022-12-22,Paris,Designer Handbags,First-Time Buyer,Walk-in,1,3236,1078,3236,1078,2158,66.7
5007758,2022-12-22,Paris,Fine Jewelry,Silver,Exclusive Invite,1,8093,1289,8093,1289,6804,84.1
5000718,2022-12-22,Dubai,Haute Fragrance,Silver,Paid Social,1,395,70,395,70,325,82.3
5001155,2022-12-22,New York,Fine Jewelry,Silver,Exclusive Invite,1,9832,1971,9832,1971,7861,80.0
5002924,2022-12-22,New York,Designer Handbags,Silver,Paid Social,1,3298,924,3298,924,2374,72.0
5004656,2022-12-22,Dubai,Luxury Watches,Gold,Paid Social,1,11707,3983,11707,3983,7724,66.0
5007251,2022-12-23,Milan,Designer Handbags,Silver,Paid Social,1,3687,1188,3687,1188,2499,67.8
5002969,2022-12-23,Paris,Luxury Watches,First-Time Buyer,Paid Social,1,11851,4034,11851,4034,7817,66.0
5001782,2022-12-23,Paris,Luxury Watches,Gold,Organic Search,1,13333,2299,13333,2299,11034,82.8
5006528,2022-12-23,Tokyo,Luxury Watches,Silver,Organic Search,2,13015,3473,26030,6946,19084,73.3
5003901,2022-12-23,Milan,Fine Jewelry,Gold,Paid Social,1,8976,2227,8976,2227,6749,75.2
5002208,2022-12-23,Paris,Luxury Watches,First-Time Buyer,Organic Search,1,14406,4996,14406,4996,9410,65.3
5002920,2022-12-23,New York,Fine Jewelry,First-Time Buyer,Walk-in,1,9632,1541,9632,1541,8091,84.0
5000723,2022-12-23,New York,Designer Handbags,First-Time Buyer,Exclusive Invite,1,3363,697,3363,697,2666,79.3
5002407,2022-12-23,New York,Designer Handbags,Silver,Organic Search,1,3627,1125,3627,1125,2502,69.0
5006168,2022-12-23,Tokyo,Haute Fragrance,Platinum (VIP),Walk-in,3,350,73,1050,219,831,79.1
5009322,2022-12-23,Paris,Designer Handbags,Silver,Walk-in,1,3703,1292,3703,1292,2411,65.1
5002733,2022-12-23,Milan,Designer Handbags,First-Time Buyer,Walk-in,1,3155,973,3155,973,2182,69.2
5001725,2022-12-23,New York,Luxury Watches,First-Time Buyer,Paid Social,1,11628,2009,11628,2009,9619,82.7
5006359,2022-12-23,Paris,Designer Handbags,First-Time Buyer,Paid Social,1,3700,922,3700,922,2778,75.1
5009897,2022-12-24,Paris,Fine Jewelry,First-Time Buyer,Walk-in,1,9444,1959,9444,1959,7485,79.3
5001593,2022-12-24,Tokyo,Haute Fragrance,Silver,Paid Social,1,337,109,337,109,228,67.7
5002128,2022-12-24,New York,Designer Handbags,Silver,Paid Social,1,3493,1131,3493,1131,2362,67.6
5001199,2022-12-24,Dubai,Luxury Watches,First-Time Buyer,Exclusive Invite,1,12290,2537,12290,2537,9753,79.4
5006111,2022-12-24,Dubai,Designer Handbags,First-Time Buyer,Paid Social,1,2931,882,2931,882,2049,69.9
5001467,2022-12-24,Tokyo,Designer Handbags,Silver,Organic Search,1,3787,1000,3787,1000,2787,73.6
5004351,2022-12-24,Dubai,Luxury Watches,Platinum (VIP),Exclusive Invite,1,14196,4459,14196,4459,9737,68.6
5001553,2022-12-24,Paris,Luxury Watches,First-Time Buyer,Organic Search,1,13773,2913,13773,2913,10860,78.8
5008382,2022-12-24,Milan,Luxury Watches,First-Time Buyer,Organic Search,1,14105,4202,14105,4202,9903,70.2
5001229,2022-12-24,Paris,Haute Fragrance,Silver,Exclusive Invite,1,339,75,339,75,264,77.9
5003685,2022-12-24,Dubai,Luxury Watches,First-Time Buyer,Paid Social,1,11408,3146,11408,3146,8262,72.4
5003683,2022-12-24,Paris,Designer Handbags,First-Time Buyer,Paid Social,1,3311,1019,3311,1019,2292,69.2
5006988,2022-12-24,Paris,Haute Fragrance,First-Time Buyer,Paid Social,1,362,75,362,75,287,79.3
5007466,2022-12-24,New York,Fine Jewelry,Gold,Paid Social,3,8598,2822,25794,8466,17328,67.2
5008145,2022-12-24,Tokyo,Fine Jewelry,Silver,Organic Search,1,8502,2301,8502,2301,6201,72.9
5000927,2022-12-24,Paris,Designer Handbags,Gold,Paid Social,1,2963,579,2963,579,2384,80.5
5003111,2022-12-25,New York,Designer Handbags,Platinum (VIP),Organic Search,1,3817,812,3817,812,3005,78.7
5008028,2022-12-25,Tokyo,Designer Handbags,Gold,Walk-in,1,2983,475,2983,475,2508,84.1
5008270,2022-12-25,New York,Fine Jewelry,First-Time Buyer,Walk-in,1,8595,2945,8595,2945,5650,65.7
5008437,2022-12-25,New York,Designer Handbags,Silver,Organic Search,1,3243,964,3243,964,2279,70.3
5006091,2022-12-25,Dubai,Luxury Watches,Platinum (VIP),Walk-in,1,11410,2971,11410,2971,8439,74.0
5006663,2022-12-25,Paris,Haute Fragrance,Silver,Exclusive Invite,1,318,67,318,67,251,78.9
5005265,2022-12-25,Tokyo,Fine Jewelry,Silver,Paid Social,1,7940,2690,7940,2690,5250,66.1
5000808,2022-12-25,New York,Haute Fragrance,First-Time Buyer,Paid Social,1,393,96,393,96,297,75.6
5001663,2022-12-25,Milan,Haute Fragrance,First-Time Buyer,Walk-in,1,320,89,320,89,231,72.2
5001518,2022-12-25,Milan,Fine Jewelry,Silver,Walk-in,1,9074,1925,9074,1925,7149,78.8
5007272,2022-12-25,New York,Designer Handbags,Gold,Walk-in,3,3000,460,9000,1380,7620,84.7
5005331,2022-12-25,New York,Fine Jewelry,First-Time Buyer,Organic Search,1,8902,2861,8902,2861,6041,67.9
5004577,2022-12-25,Tokyo,Designer Handbags,Platinum (VIP),Organic Search,1,3524,583,3524,583,2941,83.5
5008121,2022-12-25,Tokyo,Fine Jewelry,Platinum (VIP),Organic Search,1,8430,2576,8430,2576,5854,69.4
5009374,2022-12-26,Tokyo,Haute Fragrance,First-Time Buyer,Paid Social,1,418,144,418,144,274,65.6
5000535,2022-12-26,Paris,Haute Fragrance,Gold,Organic Search,1,417,145,417,145,272,65.2
5004859,2022-12-26,Milan,Designer Handbags,Silver,Walk-in,3,3218,655,9654,1965,7689,79.6
5008262,2022-12-26,Paris,Luxury Watches,First-Time Buyer,Organic Search,1,14796,3503,14796,3503,11293,76.3
5004065,2022-12-26,Paris,Fine Jewelry,First-Time Buyer,Exclusive Invite,1,9347,3239,9347,3239,6108,65.3
5000754,2022-12-26,Milan,Haute Fragrance,First-Time Buyer,Paid Social,1,373,94,373,94,279,74.8
5004254,2022-12-26,Dubai,Fine Jewelry,Platinum (VIP),Exclusive Invite,3,9560,3008,28680,9024,19656,68.5
5004590,2022-12-26,Milan,Fine Jewelry,Silver,Paid Social,1,9031,2593,9031,2593,6438,71.3
5000379,2022-12-26,Paris,Luxury Watches,First-Time Buyer,Paid Social,1,13244,2975,13244,2975,10269,77.5
5007000,2022-12-26,New York,Haute Fragrance,First-Time Buyer,Paid Social,1,380,107,380,107,273,71.8
5000101,2022-12-26,Dubai,Luxury Watches,Gold,Paid Social,1,11442,2976,11442,2976,8466,74.0
5008085,2022-12-26,Tokyo,Luxury Watches,Silver,Paid Social,1,13783,2331,13783,2331,11452,83.1
5005224,2022-12-26,New York,Designer Handbags,First-Time Buyer,Exclusive Invite,1,3319,767,3319,767,2552,76.9
5009107,2022-12-27,Paris,Haute Fragrance,Silver,Paid Social,2,399,128,798,256,542,67.9
5007482,2022-12-27,Paris,Designer Handbags,First-Time Buyer,Paid Social,2,3017,540,6034,1080,4954,82.1
5005515,2022-12-27,New York,Fine Jewelry,Gold,Paid Social,1,9269,2066,9269,2066,7203,77.7
5002773,2022-12-27,Tokyo,Fine Jewelry,First-Time Buyer,Organic Search,1,8031,2301,8031,2301,5730,71.3
5004400,2022-12-27,Milan,Luxury Watches,Silver,Exclusive Invite,1,11872,3764,11872,3764,8108,68.3
5007389,2022-12-27,Tokyo,Luxury Watches,Gold,Exclusive Invite,1,13803,2810,13803,2810,10993,79.6
5009306,2022-12-27,Paris,Luxury Watches,First-Time Buyer,Organic Search,1,14254,3481,14254,3481,10773,75.6
5001993,2022-12-27,New York,Haute Fragrance,First-Time Buyer,Organic Search,1,341,103,341,103,238,69.8
5002367,2022-12-27,Dubai,Luxury Watches,Silver,Walk-in,1,14085,2427,14085,2427,11658,82.8
5005058,2022-12-28,New York,Luxury Watches,Silver,Organic Search,1,12362,4157,12362,4157,8205,66.4
5007245,2022-12-28,New York,Luxury Watches,First-Time Buyer,Organic Search,1,12917,3931,12917,3931,8986,69.6
5001196,2022-12-28,Paris,Luxury Watches,First-Time Buyer,Exclusive Invite,3,13078,2326,39234,6978,32256,82.2
5005931,2022-12-28,New York,Fine Jewelry,Silver,Organic Search,1,7786,1432,7786,1432,6354,81.6
5008235,2022-12-28,Paris,Luxury Watches,First-Time Buyer,Organic Search,1,13223,3325,13223,3325,9898,74.9
5008870,2022-12-28,New York,Designer Handbags,First-Time Buyer,Paid Social,1,3252,804,3252,804,2448,75.3
5004935,2022-12-28,New York,Designer Handbags,First-Time Buyer,Exclusive Invite,1,3210,872,3210,872,2338,72.8
5009000,2022-12-28,Paris,Fine Jewelry,Gold,Organic Search,2,7825,1975,15650,3950,11700,74.8
5000368,2022-12-28,Dubai,Haute Fragrance,Silver,Walk-in,1,337,113,337,113,224,66.5
5000828,2022-12-28,Paris,Designer Handbags,Platinum (VIP),Walk-in,1,3422,579,3422,579,2843,83.1
5001550,2022-12-28,Tokyo,Haute Fragrance,Silver,Walk-in,1,418,133,418,133,285,68.2
5006719,2022-12-28,Tokyo,Luxury Watches,First-Time Buyer,Paid Social,1,13935,2328,13935,2328,11607,83.3
5004113,2022-12-28,New York,Fine Jewelry,First-Time Buyer,Paid Social,1,8557,2494,8557,2494,6063,70.9
5003571,2022-12-28,Paris,Haute Fragrance,First-Time Buyer,Organic Search,1,335,99,335,99,236,70.4
5002601,2022-12-28,New York,Luxury Watches,Gold,Paid Social,1,12637,3300,12637,3300,9337,73.9
5009778,2022-12-28,Tokyo,Fine Jewelry,Silver,Organic Search,1,9812,3258,9812,3258,6554,66.8
5000117,2022-12-28,Dubai,Luxury Watches,Silver,Paid Social,1,13649,3276,13649,3276,10373,76.0
5003115,2022-12-28,Milan,Designer Handbags,Gold,Walk-in,1,3559,986,3559,986,2573,72.3
5003177,2022-12-29,Paris,Luxury Watches,First-Time Buyer,Organic Search,1,12303,2913,12303,2913,9390,76.3
5006284,2022-12-29,Paris,Designer Handbags,First-Time Buyer,Organic Search,1,3172,530,3172,530,2642,83.3
5007337,2022-12-29,New York,Luxury Watches,Silver,Exclusive Invite,1,13137,3845,13137,3845,9292,70.7
5005841,2022-12-29,New York,Designer Handbags,Silver,Exclusive Invite,1,3441,675,3441,675,2766,80.4
5003237,2022-12-29,Dubai,Designer Handbags,First-Time Buyer,Walk-in,1,3740,1194,3740,1194,2546,68.1
5006413,2022-12-29,Milan,Luxury Watches,Platinum (VIP),Paid Social,1,14273,4216,14273,4216,10057,70.5
5005381,2022-12-29,New York,Fine Jewelry,First-Time Buyer,Paid Social,1,9117,1942,9117,1942,7175,78.7
5008144,2022-12-29,New York,Designer Handbags,First-Time Buyer,Organic Search,1,3309,680,3309,680,2629,79.4
5004986,2022-12-29,Dubai,Designer Handbags,First-Time Buyer,Exclusive Invite,1,3456,749,3456,749,2707,78.3
5009580,2022-12-29,New York,Haute Fragrance,Gold,Walk-in,1,316,92,316,92,224,70.9
5004999,2022-12-29,Paris,Designer Handbags,First-Time Buyer,Walk-in,1,3746,746,3746,746,3000,80.1
5009120,2022-12-29,Milan,Designer Handbags,Gold,Walk-in,1,3384,844,3384,844,2540,75.1
5009131,2022-12-30,Dubai,Luxury Watches,Silver,Paid Social,2,14398,3779,28796,7558,21238,73.8
5008386,2022-12-30,Tokyo,Fine Jewelry,Silver,Paid Social,1,8616,2969,8616,2969,5647,65.5
5009403,2022-12-30,New York,Designer Handbags,Gold,Organic Search,1,3251,1043,3251,1043,2208,67.9
5004024,2022-12-30,Dubai,Luxury Watches,First-Time Buyer,Organic Search,1,11307,3691,11307,3691,7616,67.4
5002202,2022-12-30,Dubai,Fine Jewelry,First-Time Buyer,Exclusive Invite,1,8634,3006,8634,3006,5628,65.2
5005156,2022-12-30,Dubai,Luxury Watches,First-Time Buyer,Paid Social,1,12055,3065,12055,3065,8990,74.6
5003834,2022-12-30,Paris,Luxury Watches,First-Time Buyer,Paid Social,1,13296,4111,13296,4111,9185,69.1
5006807,2022-12-30,New York,Haute Fragrance,First-Time Buyer,Paid Social,3,359,116,1077,348,729,67.7
5002875,2022-12-30,Tokyo,Luxury Watches,First-Time Buyer,Organic Search,1,14497,4168,14497,4168,10329,71.2
5005834,2022-12-30,Paris,Haute Fragrance,Gold,Walk-in,1,346,75,346,75,271,78.3
5003090,2022-12-30,New York,Luxury Watches,Silver,Paid Social,1,12872,2910,12872,2910,9962,77.4
5003140,2022-12-30,Paris,Luxury Watches,First-Time Buyer,Exclusive Invite,1,14973,4327,14973,4327,10646,71.1
5003150,2022-12-30,New York,Luxury Watches,Silver,Exclusive Invite,1,12382,2437,12382,2437,9945,80.3
5000888,2022-12-30,Tokyo,Luxury Watches,Gold,Organic Search,2,12085,3172,24170,6344,17826,73.8
5009191,2022-12-30,New York,Fine Jewelry,Silver,Walk-in,1,9952,3231,9952,3231,6721,67.5
5009655,2022-12-31,Milan,Fine Jewelry,Silver,Paid Social,1,8652,2128,8652,2128,6524,75.4
5009632,2022-12-31,Milan,Fine Jewelry,Silver,Organic Search,1,9810,1814,9810,1814,7996,81.5
5009065,2022-12-31,New York,Fine Jewelry,First-Time Buyer,Walk-in,1,9465,1928,9465,1928,7537,79.6
5004063,2022-12-31,Paris,Haute Fragrance,First-Time Buyer,Paid Social,1,408,79,408,79,329,80.6
5002928,2022-12-31,Paris,Luxury Watches,First-Time Buyer,Walk-in,1,13302,2008,13302,2008,11294,84.9
5001447,2022-12-31,Paris,Designer Handbags,Silver,Organic Search,1,3246,797,3246,797,2449,75.4
5004371,2022-12-31,New York,Haute Fragrance,First-Time Buyer,Organic Search,1,396,86,396,86,310,78.3
5008694,2022-12-31,Tokyo,Designer Handbags,Platinum (VIP),Exclusive Invite,1,3548,592,3548,592,2956,83.3
5000661,2022-12-31,Tokyo,Designer Handbags,First-Time Buyer,Walk-in,1,3313,931,3313,931,2382,71.9
5005832,2022-12-31,New York,Haute Fragrance,Silver,Exclusive Invite,1,390,63,390,63,327,83.8
5000569,2022-12-31,New York,Haute Fragrance,Gold,Organic Search,1,325,85,325,85,240,73.8
5009062,2022-12-31,New York,Designer Handbags,First-Time Buyer,Paid Social,2,3237,585,6474,1170,5304,81.9
5009692,2022-12-31,Tokyo,Designer Handbags,First-Time Buyer,Organic Search,1,3319,790,3319,790,2529,76.2
5002680,2022-12-31,Tokyo,Luxury Watches,Silver,Paid Social,1,12660,2988,12660,2988,9672,76.4
5000983,2022-12-31,Milan,Luxury Watches,Gold,Organic Search,1,13804,4006,13804,4006,9798,71.0
5003471,2022-12-31,Paris,Fine Jewelry,Gold,Paid Social,1,8348,2340,8348,2340,6008,72.0
5006778,2022-12-31,New York,Luxury Watches,Platinum (VIP),Exclusive Invite,1,14367,3608,14367,3608,10759,74.9
5002621,2022-12-31,Paris,Designer Handbags,First-Time Buyer,Paid Social,2,2967,569,5934,1138,4796,80.8
5006702,2023-01-01,Dubai,Designer Handbags,Gold,Organic Search,1,3499,810,3499,810,2689,76.9
5006771,2023-01-01,New York,Haute Fragrance,Gold,Paid Social,2,323,107,646,214,432,66.9
5005227,2023-01-01,New York,Haute Fragrance,Silver,Organic Search,1,364,82,364,82,282,77.5
5002133,2023-01-01,Paris,Designer Handbags,First-Time Buyer,Exclusive Invite,1,3210,512,3210,512,2698,84.0
5004360,2023-01-01,New York,Designer Handbags,Silver,Paid Social,1,3378,845,3378,845,2533,75.0
5001519,2023-01-01,Milan,Luxury Watches,First-Time Buyer,Paid Social,1,11602,2534,11602,2534,9068,78.2
5003326,2023-01-01,Milan,Fine Jewelry,Platinum (VIP),Paid Social,1,9112,2340,9112,2340,6772,74.3
5003430,2023-01-01,Paris,Designer Handbags,Gold,Organic Search,1,2975,955,2975,955,2020,67.9
5007170,2023-01-01,New York,Fine Jewelry,First-Time Buyer,Organic Search,2,9670,1617,19340,3234,16106,83.3
5007921,2023-01-01,New York,Designer Handbags,Silver,Paid Social,2,3689,1071,7378,2142,5236,71.0
5009446,2023-01-01,Dubai,Fine Jewelry,First-Time Buyer,Organic Search,3,9350,1996,28050,5988,22062,78.7
5009777,2023-01-01,New York,Designer Handbags,First-Time Buyer,Paid Social,1,3012,756,3012,756,2256,74.9
5004976,2023-01-02,Dubai,Designer Handbags,Silver,Walk-in,1,2926,888,2926,888,2038,69.7
5004549,2023-01-02,New York,Designer Handbags,First-Time Buyer,Organic Search,1,3657,1090,3657,1090,2567,70.2
5007622,2023-01-02,New York,Designer Handbags,Platinum (VIP),Walk-in,1,3691,640,3691,640,3051,82.7
5004173,2023-01-02,New York,Fine Jewelry,Silver,Paid Social,3,9681,1620,29043,4860,24183,83.3
5007903,2023-01-02,Milan,Designer Handbags,Silver,Organic Search,1,3442,531,3442,531,2911,84.6
5009651,2023-01-02,Tokyo,Designer Handbags,Silver,Walk-in,1,3633,912,3633,912,2721,74.9
5009363,2023-01-02,Dubai,Designer Handbags,Silver,Paid Social,1,3410,1104,3410,1104,2306,67.6
5003755,2023-01-02,Tokyo,Luxury Watches,Gold,Organic Search,1,13517,2203,13517,2203,11314,83.7
5009122,2023-01-02,New York,Designer Handbags,Gold,Organic Search,3,3178,1052,9534,3156,6378,66.9
5009002,2023-01-02,New York,Luxury Watches,Gold,Exclusive Invite,1,11889,1849,11889,1849,10040,84.4
5004501,2023-01-02,New York,Designer Handbags,Silver,Exclusive Invite,1,3464,568,3464,568,2896,83.6
5004057,2023-01-03,New York,Haute Fragrance,First-Time Buyer,Organic Search,1,406,62,406,62,344,84.7
5003997,2023-01-03,Tokyo,Luxury Watches,First-Time Buyer,Walk-in,1,11868,2073,11868,2073,9795,82.5
5000078,2023-01-03,Dubai,Haute Fragrance,Platinum (VIP),Exclusive Invite,1,316,53,316,53,263,83.2
5001710,2023-01-03,Milan,Luxury Watches,Silver,Paid Social,1,11423,2640,11423,2640,8783,76.9
5003137,2023-01-03,New York,Designer Handbags,Silver,Paid Social,3,3229,870,9687,2610,7077,73.1
5005328,2023-01-03,Paris,Luxury Watches,Platinum (VIP),Walk-in,1,14653,3688,14653,3688,10965,74.8
5006683,2023-01-03,Dubai,Fine Jewelry,Gold,Organic Search,1,8235,1959,8235,1959,6276,76.2
5003870,2023-01-03,Dubai,Fine Jewelry,First-Time Buyer,Walk-in,1,8055,1358,8055,1358,6697,83.1
5007216,2023-01-03,Paris,Fine Jewelry,Silver,Paid Social,1,10131,2374,10131,2374,7757,76.6
5003714,2023-01-03,New York,Fine Jewelry,First-Time Buyer,Exclusive Invite,1,7835,2587,7835,2587,5248,67.0
5008953,2023-01-03,Tokyo,Designer Handbags,First-Time Buyer,Walk-in,1,3289,627,3289,627,2662,80.9
5001465,2023-01-03,Paris,Luxury Watches,First-Time Buyer,Paid Social,3,13541,3000,40623,9000,31623,77.8
5001407,2023-01-03,New York,Designer Handbags,Gold,Organic Search,3,2933,692,8799,2076,6723,76.4
5004749,2023-01-04,Tokyo,Luxury Watches,Silver,Paid Social,1,14081,4468,14081,4468,9613,68.3
5000171,2023-01-04,Tokyo,Haute Fragrance,Silver,Organic Search,1,419,120,419,120,299,71.4
5000716,2023-01-04,New York,Fine Jewelry,First-Time Buyer,Walk-in,1,8546,2246,8546,2246,6300,73.7
5009745,2023-01-04,New York,Designer Handbags,Silver,Paid Social,1,3130,843,3130,843,2287,73.1
5003546,2023-01-04,Dubai,Luxury Watches,First-Time Buyer,Paid Social,1,11486,3103,11486,3103,8383,73.0
5008574,2023-01-05,Tokyo,Designer Handbags,First-Time Buyer,Exclusive Invite,2,3820,844,7640,1688,5952,77.9
5002264,2023-01-05,Tokyo,Fine Jewelry,Gold,Organic Search,1,9965,2763,9965,2763,7202,72.3
5004548,2023-01-05,Paris,Designer Handbags,Platinum (VIP),Organic Search,1,3022,728,3022,728,2294,75.9
5008230,2023-01-05,Paris,Haute Fragrance,First-Time Buyer,Organic Search,1,371,98,371,98,273,73.6
5008976,2023-01-05,New York,Fine Jewelry,First-Time Buyer,Paid Social,3,8587,2716,25761,8148,17613,68.4
5006707,2023-01-05,New York,Haute Fragrance,Gold,Organic Search,1,417,109,417,109,308,73.9
5002411,2023-01-05,Paris,Fine Jewelry,First-Time Buyer,Organic Search,1,9053,2245,9053,2245,6808,75.2
5003551,2023-01-05,Milan,Luxury Watches,First-Time Buyer,Paid Social,1,13896,3176,13896,3176,10720,77.1
5002428,2023-01-05,Tokyo,Designer Handbags,First-Time Buyer,Walk-in,1,3613,1262,3613,1262,2351,65.1
5007859,2023-01-05,Dubai,Haute Fragrance,First-Time Buyer,Paid Social,1,321,109,321,109,212,66.0
5005916,2023-01-05,Tokyo,Haute Fragrance,Platinum (VIP),Walk-in,1,333,105,333,105,228,68.5
5005048,2023-01-05,Dubai,Designer Handbags,Silver,Organic Search,1,3637,857,3637,857,2780,76.4
5003835,2023-01-05,Tokyo,Designer Handbags,Silver,Paid Social,1,3532,841,3532,841,2691,76.2
5003737,2023-01-06,New York,Haute Fragrance,First-Time Buyer,Exclusive Invite,1,346,79,346,79,267,77.2
5000494,2023-01-06,Paris,Designer Handbags,First-Time Buyer,Walk-in,1,3301,848,3301,848,2453,74.3
5000591,2023-01-06,New York,Luxury Watches,First-Time Buyer,Organic Search,1,14185,3046,14185,3046,11139,78.5
5002478,2023-01-06,New York,Luxury Watches,Platinum (VIP),Organic Search,3,12286,3542,36858,10626,26232,71.2
5006740,2023-01-06,Tokyo,Haute Fragrance,First-Time Buyer,Organic Search,1,396,67,396,67,329,83.1
5004826,2023-01-06,Tokyo,Fine Jewelry,Silver,Exclusive Invite,1,8831,1812,8831,1812,7019,79.5
5002610,2023-01-06,New York,Fine Jewelry,Gold,Organic Search,1,8023,1673,8023,1673,6350,79.1
5006485,2023-01-06,Dubai,Designer Handbags,Gold,Organic Search,1,3768,1216,3768,1216,2552,67.7
5007694,2023-01-06,Paris,Designer Handbags,Silver,Organic Search,1,3711,987,3711,987,2724,73.4
5005472,2023-01-06,Tokyo,Designer Handbags,Silver,Organic Search,1,3708,943,3708,943,2765,74.6
5009982,2023-01-06,Dubai,Fine Jewelry,First-Time Buyer,Organic Search,1,8693,2247,8693,2247,6446,74.2
5007449,2023-01-06,New York,Luxury Watches,Silver,Walk-in,1,12644,2508,12644,2508,10136,80.2
5008922,2023-01-06,Tokyo,Luxury Watches,First-Time Buyer,Walk-in,1,11902,2398,11902,2398,9504,79.9
5006235,2023-01-07,New York,Luxury Watches,First-Time Buyer,Organic Search,1,13733,3539,13733,3539,10194,74.2
5009563,2023-01-07,Milan,Designer Handbags,First-Time Buyer,Paid Social,1,2937,488,2937,488,2449,83.4
5000945,2023-01-07,Paris,Luxury Watches,Silver,Exclusive Invite,1,12568,3903,12568,3903,8665,68.9
5002164,2023-01-07,Paris,Designer Handbags,Gold,Organic Search,1,3497,1016,3497,1016,2481,70.9
5008707,2023-01-07,Tokyo,Designer Handbags,Silver,Walk-in,1,2964,541,2964,541,2423,81.7
5001377,2023-01-07,Paris,Luxury Watches,Silver,Organic Search,3,13517,3347,40551,10041,30510,75.2
5003024,2023-01-07,Dubai,Designer Handbags,Gold,Organic Search,1,3136,767,3136,767,2369,75.5
5009746,2023-01-07,Tokyo,Designer Handbags,Platinum (VIP),Paid Social,1,3554,901,3554,901,2653,74.6
5004027,2023-01-07,Tokyo,Luxury Watches,Silver,Organic Search,1,11758,2443,11758,2443,9315,79.2
5006406,2023-01-07,Milan,Luxury Watches,Silver,Paid Social,1,12727,3602,12727,3602,9125,71.7
5009522,2023-01-08,Tokyo,Designer Handbags,First-Time Buyer,Walk-in,1,3336,810,3336,810,2526,75.7
5006411,2023-01-08,New York,Fine Jewelry,Silver,Exclusive Invite,1,8879,3102,8879,3102,5777,65.1
5005032,2023-01-08,Dubai,Fine Jewelry,Platinum (VIP),Paid Social,1,9965,2876,9965,2876,7089,71.1
5009969,2023-01-08,Dubai,Luxury Watches,Silver,Organic Search,1,12679,2028,12679,2028,10651,84.0
5005748,2023-01-08,Tokyo,Haute Fragrance,Silver,Organic Search,1,321,85,321,85,236,73.5
5008229,2023-01-08,Dubai,Luxury Watches,Silver,Paid Social,2,13502,3805,27004,7610,19394,71.8
5001177,2023-01-08,Paris,Designer Handbags,First-Time Buyer,Organic Search,1,3072,825,3072,825,2247,73.1
5009172,2023-01-08,Milan,Designer Handbags,First-Time Buyer,Paid Social,1,3667,1111,3667,1111,2556,69.7
5002905,2023-01-08,New York,Fine Jewelry,Platinum (VIP),Paid Social,1,8759,1622,8759,1622,7137,81.5
5009736,2023-01-08,Paris,Designer Handbags,First-Time Buyer,Walk-in,1,3415,626,3415,626,2789,81.7
5009865,2023-01-08,Dubai,Designer Handbags,Silver,Walk-in,1,2962,967,2962,967,1995,67.4
5001633,2023-01-08,Milan,Luxury Watches,Platinum (VIP),Organic Search,1,12315,4250,12315,4250,8065,65.5
5001778,2023-01-09,Paris,Haute Fragrance,First-Time Buyer,Walk-in,1,337,61,337,61,276,81.9
5006726,2023-01-09,Paris,Designer Handbags,Platinum (VIP),Organic Search,1,3415,740,3415,740,2675,78.3
5004337,2023-01-09,New York,Haute Fragrance,First-Time Buyer,Exclusive Invite,1,417,117,417,117,300,71.9
5002335,2023-01-09,Tokyo,Luxury Watches,Platinum (VIP),Organic Search,1,12232,2645,12232,2645,9587,78.4
5006974,2023-01-09,Milan,Designer Handbags,Silver,Exclusive Invite,1,3445,758,3445,758,2687,78.0
5008435,2023-01-09,Paris,Fine Jewelry,First-Time Buyer,Organic Search,1,9897,2693,9897,2693,7204,72.8
5007546,2023-01-09,New York,Haute Fragrance,First-Time Buyer,Organic Search,1,368,116,368,116,252,68.5
5000614,2023-01-09,New York,Haute Fragrance,First-Time Buyer,Organic Search,1,395,64,395,64,331,83.8
5000352,2023-01-09,New York,Designer Handbags,First-Time Buyer,Organic Search,1,3712,915,3712,915,2797,75.4
5008852,2023-01-09,Tokyo,Designer Handbags,First-Time Buyer,Organic Search,1,2911,454,2911,454,2457,84.4
5007757,2023-01-09,New York,Luxury Watches,Gold,Paid Social,1,14641,4379,14641,4379,10262,70.1
5003072,2023-01-09,Tokyo,Designer Handbags,Gold,Organic Search,1,3595,811,3595,811,2784,77.4
5000831,2023-01-09,New York,Luxury Watches,Silver,Organic Search,2,14235,2836,28470,5672,22798,80.1
5007028,2023-01-09,Tokyo,Designer Handbags,Platinum (VIP),Exclusive Invite,1,3693,904,3693,904,2789,75.5
5001829,2023-01-09,Paris,Fine Jewelry,First-Time Buyer,Exclusive Invite,1,8164,2057,8164,2057,6107,74.8
5005548,2023-01-10,Paris,Designer Handbags,First-Time Buyer,Walk-in,2,3502,908,7004,1816,5188,74.1
5009648,2023-01-10,Tokyo,Luxury Watches,First-Time Buyer,Organic Search,1,12141,3819,12141,3819,8322,68.5
5001556,2023-01-10,Tokyo,Designer Handbags,First-Time Buyer,Exclusive Invite,1,3529,1192,3529,1192,2337,66.2
5002200,2023-01-10,Paris,Fine Jewelry,Silver,Paid Social,1,8025,1224,8025,1224,6801,84.7
5000168,2023-01-10,New York,Designer Handbags,First-Time Buyer,Organic Search,1,3685,1201,3685,1201,2484,67.4
5000073,2023-01-10,Dubai,Designer Handbags,First-Time Buyer,Paid Social,1,3428,534,3428,534,2894,84.4
5007561,2023-01-10,Paris,Designer Handbags,Silver,Walk-in,1,3612,699,3612,699,2913,80.6
5002826,2023-01-10,Tokyo,Luxury Watches,First-Time Buyer,Organic Search,1,12653,2774,12653,2774,9879,78.1
5005661,2023-01-10,Paris,Fine Jewelry,First-Time Buyer,Organic Search,1,8632,2561,8632,2561,6071,70.3
5006488,2023-01-10,Paris,Designer Handbags,Silver,Organic Search,1,3640,982,3640,982,2658,73.0
5002728,2023-01-10,Dubai,Luxury Watches,Gold,Exclusive Invite,1,11634,3712,11634,3712,7922,68.1
5004159,2023-01-10,Paris,Designer Handbags,First-Time Buyer,Organic Search,1,3030,544,3030,544,2486,82.0
5006083,2023-01-10,Tokyo,Fine Jewelry,First-Time Buyer,Organic Search,1,10129,3483,10129,3483,6646,65.6
5008200,2023-01-10,New York,Luxury Watches,Gold,Organic Search,1,14354,2258,14354,2258,12096,84.3
5000911,2023-01-10,Milan,Designer Handbags,Platinum (VIP),Organic Search,1,2890,886,2890,886,2004,69.3
5002363,2023-01-10,Dubai,Luxury Watches,Gold,Walk-in,1,13559,3160,13559,3160,10399,76.7
5004252,2023-01-10,Tokyo,Designer Handbags,First-Time Buyer,Organic Search,1,3242,1017,3242,1017,2225,68.6
5000423,2023-01-11,Milan,Haute Fragrance,First-Time Buyer,Walk-in,1,348,91,348,91,257,73.9
5000314,2023-01-11,Tokyo,Luxury Watches,Platinum (VIP),Paid Social,1,12458,3406,12458,3406,9052,72.7
5008306,2023-01-11,Tokyo,Luxury Watches,Gold,Paid Social,1,14426,4804,14426,4804,9622,66.7
5009281,2023-01-11,Paris,Fine Jewelry,First-Time Buyer,Exclusive Invite,1,9558,2431,9558,2431,7127,74.6
5000726,2023-01-11,Tokyo,Fine Jewelry,Gold,Organic Search,1,8431,1770,8431,1770,6661,79.0
5006625,2023-01-11,Tokyo,Designer Handbags,First-Time Buyer,Organic Search,1,3524,920,3524,920,2604,73.9
5006299,2023-01-11,Milan,Luxury Watches,Silver,Walk-in,1,12988,2737,12988,2737,10251,78.9
5002815,2023-01-11,Milan,Designer Handbags,First-Time Buyer,Organic Search,1,3291,580,3291,580,2711,82.4
5007537,2023-01-11,Tokyo,Fine Jewelry,First-Time Buyer,Paid Social,1,8978,2164,8978,2164,6814,75.9
5008458,2023-01-11,Paris,Designer Handbags,Platinum (VIP),Exclusive Invite,1,3022,622,3022,622,2400,79.4
5003495,2023-01-11,Dubai,Luxury Watches,First-Time Buyer,Organic Search,1,11596,3924,11596,3924,7672,66.2
5005300,2023-01-11,Paris,Designer Handbags,First-Time Buyer,Organic Search,1,2895,708,2895,708,2187,75.5
5000872,2023-01-11,Dubai,Fine Jewelry,Gold,Organic Search,1,9536,2703,9536,2703,6833,71.7
5003184,2023-01-11,Dubai,Designer Handbags,First-Time Buyer,Paid Social,1,3319,1008,3319,1008,2311,69.6
5008426,2023-01-11,Milan,Luxury Watches,First-Time Buyer,Walk-in,1,12224,2780,12224,2780,9444,77.3
5000792,2023-01-12,Tokyo,Designer Handbags,Gold,Exclusive Invite,1,3199,879,3199,879,2320,72.5
5003340,2023-01-12,New York,Haute Fragrance,First-Time Buyer,Organic Search,1,333,106,333,106,227,68.2
5009683,2023-01-12,Paris,Haute Fragrance,First-Time Buyer,Paid Social,1,403,72,403,72,331,82.1
5008247,2023-01-12,New York,Designer Handbags,First-Time Buyer,Exclusive Invite,1,3140,653,3140,653,2487,79.2
5008903,2023-01-12,New York,Designer Handbags,Silver,Organic Search,1,3344,603,3344,603,2741,82.0
5001405,2023-01-12,Paris,Luxury Watches,Gold,Organic Search,2,14219,2536,28438,5072,23366,82.2
5002851,2023-01-12,Tokyo,Designer Handbags,Platinum (VIP),Paid Social,1,3766,1246,3766,1246,2520,66.9
5000758,2023-01-12,Tokyo,Designer Handbags,First-Time Buyer,Organic Search,1,3650,1020,3650,1020,2630,72.1
5004176,2023-01-12,New York,Fine Jewelry,First-Time Buyer,Walk-in,1,9634,2095,9634,2095,7539,78.3
5000625,2023-01-12,Tokyo,Luxury Watches,Silver,Walk-in,1,14148,2793,14148,2793,11355,80.3
5007592,2023-01-12,Paris,Fine Jewelry,First-Time Buyer,Organic Search,1,8740,2024,8740,2024,6716,76.8
5002700,2023-01-12,Milan,Fine Jewelry,First-Time Buyer,Paid Social,1,8995,2511,8995,2511,6484,72.1
5009823,2023-01-12,New York,Designer Handbags,Silver,Walk-in,1,3328,1022,3328,1022,2306,69.3
5004644,2023-01-12,New York,Luxury Watches,Platinum (VIP),Walk-in,1,13594,3430,13594,3430,10164,74.8
5008383,2023-01-12,Dubai,Haute Fragrance,Silver,Paid Social,1,392,81,392,81,311,79.3
5003620,2023-01-13,Dubai,Haute Fragrance,Platinum (VIP),Organic Search,1,333,101,333,101,232,69.7
5000928,2023-01-13,Paris,Luxury Watches,Silver,Paid Social,1,14062,2877,14062,2877,11185,79.5
5008836,2023-01-13,Milan,Designer Handbags,Platinum (VIP),Paid Social,1,3478,585,3478,585,2893,83.2
5008243,2023-01-13,Paris,Fine Jewelry,Silver,Paid Social,1,9791,2345,9791,2345,7446,76.0
5009678,2023-01-13,Tokyo,Designer Handbags,First-Time Buyer,Exclusive Invite,1,3469,970,3469,970,2499,72.0
5007965,2023-01-13,Tokyo,Designer Handbags,Gold,Walk-in,1,3546,965,3546,965,2581,72.8
5002800,2023-01-13,Milan,Luxury Watches,Silver,Walk-in,1,12031,1822,12031,1822,10209,84.9
5005482,2023-01-13,Paris,Haute Fragrance,First-Time Buyer,Walk-in,1,329,88,329,88,241,73.3
5002692,2023-01-13,New York,Designer Handbags,Silver,Paid Social,1,3503,621,3503,621,2882,82.3
5003431,2023-01-13,Paris,Luxury Watches,Gold,Exclusive Invite,1,11251,1997,11251,1997,9254,82.3
5009445,2023-01-13,Milan,Luxury Watches,Gold,Organic Search,1,14478,3640,14478,3640,10838,74.9
5005380,2023-01-13,Tokyo,Haute Fragrance,First-Time Buyer,Paid Social,3,358,68,1074,204,870,81.0
5006641,2023-01-13,New York,Designer Handbags,First-Time Buyer,Organic Search,1,3106,1020,3106,1020,2086,67.2
5003213,2023-01-13,New York,Fine Jewelry,Gold,Paid Social,1,9397,2120,9397,2120,7277,77.4
5004184,2023-01-13,Paris,Luxury Watches,First-Time Buyer,Paid Social,1,14732,3142,14732,3142,11590,78.7
5005304,2023-01-13,Tokyo,Haute Fragrance,Gold,Exclusive Invite,1,374,80,374,80,294,78.6
5006249,2023-01-14,Milan,Luxury Watches,First-Time Buyer,Exclusive Invite,1,11475,2154,11475,2154,9321,81.2
5000679,2023-01-14,Paris,Designer Handbags,First-Time Buyer,Organic Search,1,3614,643,3614,643,2971,82.2
5005146,2023-01-14,New York,Designer Handbags,First-Time Buyer,Walk-in,3,3457,550,10371,1650,8721,84.1
5004397,2023-01-14,Milan,Designer Handbags,Silver,Organic Search,1,3437,883,3437,883,2554,74.3
5003893,2023-01-14,Paris,Haute Fragrance,Silver,Organic Search,1,384,112,384,112,272,70.8
5002978,2023-01-14,New York,Designer Handbags,First-Time Buyer,Organic Search,1,3590,666,3590,666,2924,81.4
5001986,2023-01-14,Dubai,Designer Handbags,Gold,Paid Social,2,2907,932,5814,1864,3950,67.9
5005030,2023-01-14,Milan,Luxury Watches,First-Time Buyer,Paid Social,1,14724,4461,14724,4461,10263,69.7
5006712,2023-01-14,Dubai,Fine Jewelry,First-Time Buyer,Walk-in,1,8807,1822,8807,1822,6985,79.3
5006265,2023-01-14,Paris,Haute Fragrance,Silver,Exclusive Invite,1,322,107,322,107,215,66.8
5005714,2023-01-14,Paris,Luxury Watches,First-Time Buyer,Walk-in,1,14945,2398,14945,2398,12547,84.0
5001652,2023-01-14,Dubai,Designer Handbags,Silver,Paid Social,1,3335,1109,3335,1109,2226,66.7
5001996,2023-01-14,Milan,Luxury Watches,Silver,Walk-in,1,13542,3140,13542,3140,10402,76.8
5000172,2023-01-14,New York,Designer Handbags,First-Time Buyer,Paid Social,1,3716,1078,3716,1078,2638,71.0
5000325,2023-01-14,New York,Haute Fragrance,First-Time Buyer,Exclusive Invite,3,355,96,1065,288,777,73.0
5002523,2023-01-15,Milan,Designer Handbags,First-Time Buyer,Walk-in,3,2954,675,8862,2025,6837,77.1
5000307,2023-01-15,Dubai,Designer Handbags,Silver,Paid Social,1,3524,1049,3524,1049,2475,70.2
5000848,2023-01-15,New York,Luxury Watches,Gold,Walk-in,1,14147,2250,14147,2250,11897,84.1
5006652,2023-01-15,New York,Fine Jewelry,First-Time Buyer,Organic Search,2,8758,1446,17516,2892,14624,83.5
5003110,2023-01-15,Dubai,Luxury Watches,Platinum (VIP),Exclusive Invite,1,14104,4354,14104,4354,9750,69.1
5003097,2023-01-15,Tokyo,Fine Jewelry,First-Time Buyer,Organic Search,1,10072,2821,10072,2821,7251,72.0
5003592,2023-01-15,Tokyo,Fine Jewelry,Platinum (VIP),Paid Social,1,8461,1412,8461,1412,7049,83.3
5005134,2023-01-15,Paris,Luxury Watches,Gold,Exclusive Invite,1,11623,2638,11623,2638,8985,77.3
5003719,2023-01-15,Tokyo,Designer Handbags,First-Time Buyer,Paid Social,1,3558,947,3558,947,2611,73.4
5007445,2023-01-15,Tokyo,Designer Handbags,Gold,Walk-in,1,3386,870,3386,870,2516,74.3
5002742,2023-01-15,Paris,Luxury Watches,First-Time Buyer,Exclusive Invite,1,12308,3798,12308,3798,8510,69.1
5004959,2023-01-15,Paris,Fine Jewelry,Silver,Exclusive Invite,2,9717,2396,19434,4792,14642,75.3
5000327,2023-01-15,Paris,Luxury Watches,Gold,Exclusive Invite,1,14916,4732,14916,4732,10184,68.3
5009044,2023-01-15,Milan,Designer Handbags,First-Time Buyer,Paid Social,1,3444,736,3444,736,2708,78.6
5006068,2023-01-15,Dubai,Luxury Watches,First-Time Buyer,Organic Search,1,14110,4399,14110,4399,9711,68.8
5008184,2023-01-15,New York,Fine Jewelry,Silver,Organic Search,1,10080,2798,10080,2798,7282,72.2
5002057,2023-01-15,Milan,Fine Jewelry,First-Time Buyer,Exclusive Invite,1,7677,1172,7677,1172,6505,84.7
5008509,2023-01-16,Paris,Luxury Watches,Platinum (VIP),Paid Social,1,14729,4223,14729,4223,10506,71.3
5000381,2023-01-16,New York,Designer Handbags,First-Time Buyer,Exclusive Invite,1,2987,736,2987,736,2251,75.4
5005512,2023-01-16,New York,Fine Jewelry,Gold,Organic Search,1,8658,2423,8658,2423,6235,72.0
5004627,2023-01-16,Paris,Luxury Watches,Silver,Walk-in,1,14033,3680,14033,3680,10353,73.8
5007217,2023-01-16,Paris,Designer Handbags,Platinum (VIP),Exclusive Invite,1,3327,1079,3327,1079,2248,67.6
5006661,2023-01-16,Tokyo,Fine Jewelry,First-Time Buyer,Organic Search,2,8531,1868,17062,3736,13326,78.1
5006372,2023-01-16,Milan,Luxury Watches,First-Time Buyer,Paid Social,1,12324,3923,12324,3923,8401,68.2
5002218,2023-01-16,Tokyo,Luxury Watches,Gold,Organic Search,1,14287,2232,14287,2232,12055,84.4
5006277,2023-01-16,Milan,Designer Handbags,Silver,Paid Social,1,2897,708,2897,708,2189,75.6
5004617,2023-01-16,Tokyo,Designer Handbags,First-Time Buyer,Walk-in,1,3291,1119,3291,1119,2172,66.0
5007054,2023-01-16,New York,Luxury Watches,Gold,Exclusive Invite,1,13614,4491,13614,4491,9123,67.0
5000276,2023-01-16,Tokyo,Haute Fragrance,First-Time Buyer,Organic Search,1,400,131,400,131,269,67.2
5002720,2023-01-16,Paris,Luxury Watches,Gold,Paid Social,1,13609,4443,13609,4443,9166,67.4
5000735,2023-01-16,Milan,Designer Handbags,First-Time Buyer,Organic Search,1,3332,772,3332,772,2560,76.8
5008315,2023-01-17,Dubai,Designer Handbags,First-Time Buyer,Paid Social,1,3520,1176,3520,1176,2344,66.6
5003109,2023-01-17,New York,Luxury Watches,Silver,Paid Social,1,11875,3469,11875,3469,8406,70.8
5006538,2023-01-17,Tokyo,Luxury Watches,Gold,Organic Search,1,13823,2760,13823,2760,11063,80.0
5007568,2023-01-17,Milan,Designer Handbags,First-Time Buyer,Paid Social,1,3325,798,3325,798,2527,76.0
5005795,2023-01-17,Tokyo,Designer Handbags,First-Time Buyer,Exclusive Invite,1,3054,959,3054,959,2095,68.6
5003039,2023-01-17,Tokyo,Designer Handbags,Gold,Organic Search,1,3347,783,3347,783,2564,76.6
5009507,2023-01-17,Paris,Luxury Watches,Silver,Walk-in,1,12564,2226,12564,2226,10338,82.3
5002921,2023-01-17,Paris,Designer Handbags,Silver,Exclusive Invite,2,3051,649,6102,1298,4804,78.7
5000285,2023-01-17,Tokyo,Fine Jewelry,First-Time Buyer,Walk-in,1,8171,1413,8171,1413,6758,82.7
5003485,2023-01-17,Dubai,Luxury Watches,Gold,Exclusive Invite,1,11937,3541,11937,3541,8396,70.3
5004821,2023-01-17,Dubai,Designer Handbags,First-Time Buyer,Exclusive Invite,1,3042,541,3042,541,2501,82.2
5007644,2023-01-17,Tokyo,Designer Handbags,Silver,Exclusive Invite,1,3491,603,3491,603,2888,82.7
5000185,2023-01-17,New York,Haute Fragrance,Silver,Paid Social,1,380,97,380,97,283,74.5
5003786,2023-01-17,Milan,Designer Handbags,Silver,Paid Social,1,3241,815,3241,815,2426,74.9
5001334,2023-01-17,Tokyo,Luxury Watches,Gold,Paid Social,2,14845,2421,29690,4842,24848,83.7
5006231,2023-01-17,New York,Designer Handbags,Gold,Organic Search,1,3235,1043,3235,1043,2192,67.8
5009658,2023-01-17,Tokyo,Designer Handbags,First-Time Buyer,Walk-in,1,3678,955,3678,955,2723,74.0
5007926,2023-01-17,Tokyo,Fine Jewelry,Silver,Walk-in,1,8998,2040,8998,2040,6958,77.3
5009934,2023-01-18,Tokyo,Designer Handbags,Gold,Walk-in,1,3414,840,3414,840,2574,75.4
5005768,2023-01-18,Paris,Luxury Watches,First-Time Buyer,Organic Search,1,12803,2087,12803,2087,10716,83.7
5008377,2023-01-18,Tokyo,Luxury Watches,Silver,Paid Social,1,12870,3606,12870,3606,9264,72.0
5001573,2023-01-18,Paris,Fine Jewelry,First-Time Buyer,Walk-in,1,8089,2779,8089,2779,5310,65.6
5007509,2023-01-18,Paris,Haute Fragrance,First-Time Buyer,Organic Search,1,405,140,405,140,265,65.4
5003426,2023-01-18,Dubai,Luxury Watches,First-Time Buyer,Organic Search,1,13085,4154,13085,4154,8931,68.3
5004715,2023-01-18,Milan,Luxury Watches,Silver,Exclusive Invite,1,14918,3289,14918,3289,11629,78.0
5004037,2023-01-18,Paris,Designer Handbags,Gold,Organic Search,1,3347,1052,3347,1052,2295,68.6
5006730,2023-01-18,Paris,Designer Handbags,Gold,Organic Search,1,3670,742,3670,742,2928,79.8
5001087,2023-01-18,Tokyo,Fine Jewelry,Gold,Organic Search,1,8870,2325,8870,2325,6545,73.8
5001668,2023-01-18,Dubai,Designer Handbags,First-Time Buyer,Organic Search,1,3188,585,3188,585,2603,81.6
5001886,2023-01-18,New York,Luxury Watches,First-Time Buyer,Organic Search,2,12100,3808,24200,7616,16584,68.5
5004731,2023-01-18,Tokyo,Luxury Watches,Silver,Walk-in,1,11349,2541,11349,2541,8808,77.6
5005061,2023-01-19,Paris,Designer Handbags,Gold,Paid Social,1,3080,583,3080,583,2497,81.1
5007975,2023-01-19,Tokyo,Designer Handbags,First-Time Buyer,Organic Search,3,3537,877,10611,2631,7980,75.2
5009840,2023-01-19,Dubai,Haute Fragrance,First-Time Buyer,Exclusive Invite,1,343,103,343,103,240,70.0
5002796,2023-01-19,New York,Luxury Watches,Platinum (VIP),Paid Social,3,13307,4656,39921,13968,25953,65.0
5007373,2023-01-19,Tokyo,Designer Handbags,First-Time Buyer,Paid Social,2,3010,621,6020,1242,4778,79.4
5006931,2023-01-19,Milan,Luxury Watches,First-Time Buyer,Walk-in,1,14958,3925,14958,3925,11033,73.8
5003063,2023-01-19,New York,Designer Handbags,First-Time Buyer,Walk-in,1,3004,460,3004,460,2544,84.7
5006755,2023-01-19,Milan,Fine Jewelry,First-Time Buyer,Organic Search,1,7784,1639,7784,1639,6145,78.9
5002221,2023-01-19,Tokyo,Fine Jewelry,First-Time Buyer,Organic Search,1,8658,2775,8658,2775,5883,67.9
5005016,2023-01-19,Milan,Designer Handbags,Silver,Organic Search,1,3633,1094,3633,1094,2539,69.9
5009165,2023-01-19,Tokyo,Designer Handbags,First-Time Buyer,Organic Search,2,3315,541,6630,1082,5548,83.7
5005605,2023-01-20,Milan,Luxury Watches,Silver,Paid Social,1,11499,1869,11499,1869,9630,83.7
5004120,2023-01-20,Paris,Luxury Watches,Platinum (VIP),Walk-in,1,13017,2321,13017,2321,10696,82.2
5004067,2023-01-20,Paris,Luxury Watches,Gold,Exclusive Invite,1,13685,2421,13685,2421,11264,82.3
5009273,2023-01-20,Dubai,Fine Jewelry,Gold,Organic Search,1,9654,3146,9654,3146,6508,67.4
5003311,2023-01-20,Dubai,Fine Jewelry,Gold,Walk-in,1,10049,3507,10049,3507,6542,65.1
5006711,2023-01-20,Tokyo,Designer Handbags,First-Time Buyer,Paid Social,1,3190,796,3190,796,2394,75.0
5007828,2023-01-20,New York,Designer Handbags,Silver,Organic Search,1,3485,627,3485,627,2858,82.0
5001583,2023-01-20,New York,Luxury Watches,First-Time Buyer,Exclusive Invite,1,14157,3123,14157,3123,11034,77.9
5008618,2023-01-20,Dubai,Fine Jewelry,First-Time Buyer,Exclusive Invite,2,10046,2731,20092,5462,14630,72.8
5000877,2023-01-20,New York,Fine Jewelry,Gold,Paid Social,1,7855,1300,7855,1300,6555,83.5
5001290,2023-01-20,Paris,Fine Jewelry,Silver,Organic Search,2,8164,1869,16328,3738,12590,77.1
5009987,2023-01-20,Paris,Designer Handbags,Silver,Paid Social,1,3175,800,3175,800,2375,74.8
5000701,2023-01-20,Tokyo,Fine Jewelry,First-Time Buyer,Organic Search,1,9467,2653,9467,2653,6814,72.0
5003828,2023-01-20,Paris,Designer Handbags,Silver,Walk-in,1,3020,552,3020,552,2468,81.7
5006944,2023-01-20,Paris,Designer Handbags,Platinum (VIP),Organic Search,1,3440,590,3440,590,2850,82.8
5007685,2023-01-20,Milan,Luxury Watches,Silver,Paid Social,1,14217,4861,14217,4861,9356,65.8
5004361,2023-01-21,Milan,Designer Handbags,Platinum (VIP),Walk-in,1,3521,582,3521,582,2939,83.5
5009024,2023-01-21,Paris,Luxury Watches,Silver,Organic Search,1,13705,2303,13705,2303,11402,83.2
5007611,2023-01-21,Tokyo,Designer Handbags,Platinum (VIP),Walk-in,1,3573,1050,3573,1050,2523,70.6
5003255,2023-01-21,New York,Haute Fragrance,First-Time Buyer,Walk-in,1,380,132,380,132,248,65.3
5009537,2023-01-21,Paris,Fine Jewelry,First-Time Buyer,Walk-in,1,7819,1884,7819,1884,5935,75.9
5008664,2023-01-21,Tokyo,Designer Handbags,Platinum (VIP),Walk-in,1,3680,595,3680,595,3085,83.8
5004141,2023-01-21,New York,Haute Fragrance,Silver,Organic Search,2,382,85,764,170,594,77.7
5007560,2023-01-21,Tokyo,Luxury Watches,Platinum (VIP),Organic Search,1,12653,3145,12653,3145,9508,75.1
5008570,2023-01-21,New York,Haute Fragrance,Platinum (VIP),Organic Search,1,387,66,387,66,321,82.9
5006898,2023-01-21,Paris,Designer Handbags,Gold,Organic Search,1,3035,756,3035,756,2279,75.1
5001498,2023-01-21,New York,Luxury Watches,First-Time Buyer,Walk-in,1,14207,3161,14207,3161,11046,77.8
5003780,2023-01-21,Paris,Designer Handbags,Silver,Paid Social,1,3513,1068,3513,1068,2445,69.6
5003778,2023-01-22,Paris,Designer Handbags,First-Time Buyer,Exclusive Invite,1,3513,956,3513,956,2557,72.8
5009742,2023-01-22,New York,Luxury Watches,Silver,Walk-in,1,14635,4335,14635,4335,10300,70.4
5006149,2023-01-22,Paris,Designer Handbags,Platinum (VIP),Organic Search,1,3228,517,3228,517,2711,84.0
5002373,2023-01-22,Paris,Designer Handbags,Silver,Walk-in,1,3828,1175,3828,1175,2653,69.3
5003346,2023-01-22,Dubai,Luxury Watches,First-Time Buyer,Organic Search,1,12258,4269,12258,4269,7989,65.2
5005167,2023-01-23,Dubai,Haute Fragrance,First-Time Buyer,Organic Search,2,346,106,692,212,480,69.4
5005785,2023-01-23,New York,Designer Handbags,Silver,Walk-in,1,2898,628,2898,628,2270,78.3
5003442,2023-01-23,New York,Luxury Watches,Silver,Walk-in,2,11905,3090,23810,6180,17630,74.0
5007944,2023-01-23,Tokyo,Luxury Watches,Gold,Walk-in,1,14710,4632,14710,4632,10078,68.5
5000804,2023-01-23,New York,Fine Jewelry,First-Time Buyer,Organic Search,1,9923,3426,9923,3426,6497,65.5
5000046,2023-01-23,Paris,Designer Handbags,First-Time Buyer,Walk-in,1,3305,657,3305,657,2648,80.1
5004210,2023-01-23,Dubai,Fine Jewelry,First-Time Buyer,Exclusive Invite,1,7836,1692,7836,1692,6144,78.4
5000270,2023-01-23,New York,Luxury Watches,Platinum (VIP),Organic Search,1,12068,3233,12068,3233,8835,73.2
5006670,2023-01-23,Milan,Designer Handbags,Gold,Paid Social,1,3218,508,3218,508,2710,84.2
5008285,2023-01-23,Tokyo,Designer Handbags,Silver,Walk-in,1,3009,701,3009,701,2308,76.7
5003155,2023-01-23,Milan,Designer Handbags,Gold,Exclusive Invite,2,2960,977,5920,1954,3966,67.0
5007292,2023-01-23,New York,Fine Jewelry,Gold,Organic Search,2,9870,2135,19740,4270,15470,78.4
5009644,2023-01-23,Milan,Fine Jewelry,First-Time Buyer,Organic Search,1,7661,1736,7661,1736,5925,77.3
5006803,2023-01-23,Tokyo,Haute Fragrance,First-Time Buyer,Paid Social,1,346,76,346,76,270,78.0
5002947,2023-01-23,New York,Designer Handbags,Platinum (VIP),Exclusive Invite,1,3418,936,3418,936,2482,72.6
5003662,2023-01-23,Paris,Designer Handbags,Platinum (VIP),Walk-in,1,2988,812,2988,812,2176,72.8
5004956,2023-01-23,Milan,Designer Handbags,Gold,Organic Search,1,3660,737,3660,737,2923,79.9
5001138,2023-01-24,Tokyo,Haute Fragrance,Silver,Paid Social,1,370,99,370,99,271,73.2
5007023,2023-01-24,Paris,Haute Fragrance,Silver,Walk-in,1,329,114,329,114,215,65.3
5003781,2023-01-24,Milan,Designer Handbags,First-Time Buyer,Paid Social,2,3182,517,6364,1034,5330,83.8
5006163,2023-01-24,New York,Designer Handbags,Silver,Paid Social,1,3701,619,3701,619,3082,83.3
5005162,2023-01-24,Dubai,Haute Fragrance,First-Time Buyer,Paid Social,2,370,80,740,160,580,78.4
5003907,2023-01-24,Dubai,Luxury Watches,First-Time Buyer,Organic Search,1,12900,2519,12900,2519,10381,80.5
5001286,2023-01-24,Milan,Luxury Watches,Gold,Organic Search,1,11938,2601,11938,2601,9337,78.2
5001560,2023-01-24,Milan,Designer Handbags,Platinum (VIP),Organic Search,1,3331,786,3331,786,2545,76.4
5005310,2023-01-24,New York,Designer Handbags,First-Time Buyer,Exclusive Invite,1,3000,502,3000,502,2498,83.3
5006369,2023-01-24,Milan,Luxury Watches,Gold,Exclusive Invite,1,12237,3285,12237,3285,8952,73.2
5009994,2023-01-24,Milan,Designer Handbags,First-Time Buyer,Walk-in,1,3803,1226,3803,1226,2577,67.8
5006593,2023-01-25,Dubai,Fine Jewelry,Silver,Walk-in,1,9747,1762,9747,1762,7985,81.9
5002250,2023-01-25,Milan,Fine Jewelry,First-Time Buyer,Paid Social,1,7814,1199,7814,1199,6615,84.7
5007261,2023-01-25,Paris,Fine Jewelry,First-Time Buyer,Organic Search,1,9402,2240,9402,2240,7162,76.2
5003958,2023-01-25,Paris,Designer Handbags,First-Time Buyer,Walk-in,2,2887,976,5774,1952,3822,66.2
5007751,2023-01-25,New York,Luxury Watches,First-Time Buyer,Paid Social,1,14471,4719,14471,4719,9752,67.4
5003784,2023-01-25,Dubai,Designer Handbags,First-Time Buyer,Paid Social,1,3784,659,3784,659,3125,82.6
5004806,2023-01-25,New York,Haute Fragrance,First-Time Buyer,Walk-in,1,409,97,409,97,312,76.3
5001291,2023-01-25,Milan,Luxury Watches,Silver,Paid Social,1,11926,2661,11926,2661,9265,77.7
5009885,2023-01-25,Dubai,Fine Jewelry,First-Time Buyer,Walk-in,1,7748,1405,7748,1405,6343,81.9
5006858,2023-01-25,Tokyo,Designer Handbags,Silver,Exclusive Invite,1,2991,1044,2991,1044,1947,65.1
5004132,2023-01-25,Dubai,Luxury Watches,First-Time Buyer,Walk-in,1,13485,2233,13485,2233,11252,83.4
5009416,2023-01-25,Paris,Haute Fragrance,First-Time Buyer,Exclusive Invite,3,379,74,1137,222,915,80.5
5007088,2023-01-25,Tokyo,Designer Handbags,Gold,Organic Search,1,3064,590,3064,590,2474,80.7
5001261,2023-01-25,Milan,Fine Jewelry,Silver,Exclusive Invite,1,8768,2654,8768,2654,6114,69.7
5007390,2023-01-25,Tokyo,Fine Jewelry,Silver,Organic Search,2,7693,1614,15386,3228,12158,79.0
5009409,2023-01-26,Tokyo,Fine Jewelry,First-Time Buyer,Exclusive Invite,2,8962,2186,17924,4372,13552,75.6
5004765,2023-01-26,Tokyo,Haute Fragrance,First-Time Buyer,Organic Search,2,353,114,706,228,478,67.7
5006727,2023-01-26,Paris,Fine Jewelry,First-Time Buyer,Paid Social,1,8382,1261,8382,1261,7121,85.0
5000486,2023-01-26,Paris,Designer Handbags,Silver,Paid Social,1,3171,870,3171,870,2301,72.6
5000902,2023-01-26,Paris,Designer Handbags,Silver,Organic Search,1,3669,1103,3669,1103,2566,69.9
5004384,2023-01-26,Paris,Designer Handbags,Gold,Organic Search,1,3155,491,3155,491,2664,84.4
5008387,2023-01-26,New York,Haute Fragrance,Silver,Paid Social,1,403,103,403,103,300,74.4
5000765,2023-01-26,New York,Haute Fragrance,First-Time Buyer,Organic Search,1,400,72,400,72,328,82.0
5003873,2023-01-26,New York,Luxury Watches,Gold,Walk-in,1,13279,3275,13279,3275,10004,75.3
5008252,2023-01-26,Paris,Designer Handbags,Silver,Paid Social,1,3341,561,3341,561,2780,83.2
5003764,2023-01-27,Tokyo,Fine Jewelry,First-Time Buyer,Organic Search,1,9861,3436,9861,3436,6425,65.2
5000344,2023-01-27,Tokyo,Designer Handbags,Silver,Exclusive Invite,1,3554,754,3554,754,2800,78.8
5008809,2023-01-27,Paris,Designer Handbags,Gold,Organic Search,1,3178,961,3178,961,2217,69.8
5002189,2023-01-27,Dubai,Designer Handbags,First-Time Buyer,Walk-in,1,3704,843,3704,843,2861,77.2
5000926,2023-01-27,Milan,Luxury Watches,First-Time Buyer,Paid Social,1,14448,3607,14448,3607,10841,75.0
5003004,2023-01-27,New York,Fine Jewelry,First-Time Buyer,Organic Search,2,8295,2356,16590,4712,11878,71.6
5003852,2023-01-27,New York,Designer Handbags,Silver,Organic Search,1,3502,965,3502,965,2537,72.4
5003599,2023-01-27,New York,Luxury Watches,Platinum (VIP),Walk-in,1,14089,3172,14089,3172,10917,77.5
5009612,2023-01-27,Milan,Fine Jewelry,Silver,Walk-in,1,9739,2395,9739,2395,7344,75.4
5000054,2023-01-27,Paris,Designer Handbags,Gold,Organic Search,1,3812,882,3812,882,2930,76.9
5009695,2023-01-27,Paris,Fine Jewelry,First-Time Buyer,Paid Social,1,8673,2348,8673,2348,6325,72.9
5004931,2023-01-27,Paris,Fine Jewelry,First-Time Buyer,Paid Social,1,9861,2186,9861,2186,7675,77.8
5004441,2023-01-28,Paris,Luxury Watches,First-Time Buyer,Organic Search,1,14473,2525,14473,2525,11948,82.6
5004349,2023-01-28,Paris,Luxury Watches,First-Time Buyer,Exclusive Invite,1,14121,4038,14121,4038,10083,71.4
5000799,2023-01-28,Paris,Luxury Watches,First-Time Buyer,Walk-in,1,13755,4387,13755,4387,9368,68.1
5000294,2023-01-28,New York,Fine Jewelry,Silver,Walk-in,1,9772,2632,9772,2632,7140,73.1
5009784,2023-01-28,Dubai,Luxury Watches,First-Time Buyer,Paid Social,2,14655,2744,29310,5488,23822,81.3
5001795,2023-01-28,Paris,Luxury Watches,Silver,Organic Search,1,11557,3139,11557,3139,8418,72.8
5009094,2023-01-28,Paris,Designer Handbags,Gold,Walk-in,1,3640,696,3640,696,2944,80.9
5002351,2023-01-28,New York,Luxury Watches,Gold,Organic Search,1,11809,2732,11809,2732,9077,76.9
5001309,2023-01-28,Tokyo,Designer Handbags,First-Time Buyer,Organic Search,1,3332,1149,3332,1149,2183,65.5
5001192,2023-01-28,Paris,Luxury Watches,Silver,Paid Social,1,14877,2773,14877,2773,12104,81.4
5001428,2023-01-28,Milan,Designer Handbags,Gold,Paid Social,1,3124,698,3124,698,2426,77.7
5000127,2023-01-29,New York,Designer Handbags,Silver,Exclusive Invite,1,3091,600,3091,600,2491,80.6
5008898,2023-01-29,Milan,Designer Handbags,Silver,Exclusive Invite,1,3612,681,3612,681,2931,81.1
5000238,2023-01-29,Dubai,Designer Handbags,Gold,Exclusive Invite,1,3684,837,3684,837,2847,77.3
5006714,2023-01-29,New York,Luxury Watches,First-Time Buyer,Organic Search,2,11838,2364,23676,4728,18948,80.0
5004738,2023-01-29,New York,Luxury Watches,First-Time Buyer,Organic Search,1,13922,3952,13922,3952,9970,71.6
5000830,2023-01-29,New York,Fine Jewelry,Silver,Paid Social,1,9727,1951,9727,1951,7776,79.9
5008316,2023-01-29,Tokyo,Designer Handbags,First-Time Buyer,Paid Social,1,3247,1083,3247,1083,2164,66.6
5008457,2023-01-29,New York,Designer Handbags,Gold,Organic Search,2,3700,641,7400,1282,6118,82.7
5004525,2023-01-29,Milan,Designer Handbags,Silver,Organic Search,1,3636,728,3636,728,2908,80.0
5002103,2023-01-29,Tokyo,Luxury Watches,First-Time Buyer,Walk-in,1,12374,3581,12374,3581,8793,71.1
5002388,2023-01-29,Milan,Designer Handbags,Silver,Exclusive Invite,1,3135,1084,3135,1084,2051,65.4
5007376,2023-01-30,Dubai,Fine Jewelry,First-Time Buyer,Organic Search,1,9558,2282,9558,2282,7276,76.1
5004325,2023-01-30,Tokyo,Designer Handbags,Silver,Organic Search,1,3252,861,3252,861,2391,73.5
5004943,2023-01-30,New York,Designer Handbags,Silver,Exclusive Invite,1,3414,815,3414,815,2599,76.1
5008631,2023-01-30,Paris,Luxury Watches,Gold,Organic Search,3,11397,3696,34191,11088,23103,67.6
5000162,2023-01-30,Tokyo,Designer Handbags,Silver,Walk-in,1,3630,954,3630,954,2676,73.7
5009938,2023-01-30,Milan,Haute Fragrance,First-Time Buyer,Paid Social,1,330,69,330,69,261,79.1
5007843,2023-01-30,Milan,Fine Jewelry,Silver,Exclusive Invite,3,9901,2292,29703,6876,22827,76.9
5000067,2023-01-30,Tokyo,Luxury Watches,Platinum (VIP),Organic Search,1,14603,3525,14603,3525,11078,75.9
5007866,2023-01-30,New York,Designer Handbags,Platinum (VIP),Exclusive Invite,1,3261,508,3261,508,2753,84.4
5005002,2023-01-30,Dubai,Designer Handbags,First-Time Buyer,Organic Search,1,3770,1113,3770,1113,2657,70.5
5005576,2023-01-30,Milan,Haute Fragrance,First-Time Buyer,Walk-in,1,404,129,404,129,275,68.1
5003347,2023-01-30,New York,Luxury Watches,First-Time Buyer,Exclusive Invite,1,12282,4098,12282,4098,8184,66.6
5001525,2023-01-30,Paris,Fine Jewelry,Silver,Walk-in,1,8870,1772,8870,1772,7098,80.0
5005822,2023-01-30,Tokyo,Haute Fragrance,Silver,Walk-in,1,386,72,386,72,314,81.3
5000048,2023-01-30,New York,Luxury Watches,First-Time Buyer,Walk-in,1,14516,3018,14516,3018,11498,79.2
5003012,2023-01-30,Tokyo,Designer Handbags,Platinum (VIP),Organic Search,1,2910,514,2910,514,2396,82.3
5006574,2023-01-30,Milan,Luxury Watches,Silver,Exclusive Invite,1,13410,3150,13410,3150,10260,76.5
5003494,2023-01-30,Paris,Fine Jewelry,Silver,Organic Search,1,8019,1270,8019,1270,6749,84.2
5003194,2023-01-30,New York,Luxury Watches,Platinum (VIP),Organic Search,1,12027,1894,12027,1894,10133,84.3
5006916,2023-01-30,New York,Designer Handbags,First-Time Buyer,Organic Search,1,3379,570,3379,570,2809,83.1
5008759,2023-01-31,Tokyo,Luxury Watches,First-Time Buyer,Organic Search,1,14898,3581,14898,3581,11317,76.0
5002048,2023-01-31,Milan,Luxury Watches,First-Time Buyer,Paid Social,1,11404,3096,11404,3096,8308,72.9
5002655,2023-01-31,Paris,Haute Fragrance,Silver,Exclusive Invite,1,326,96,326,96,230,70.6
5003016,2023-01-31,Dubai,Luxury Watches,Gold,Paid Social,1,14042,3826,14042,3826,10216,72.8
5008374,2023-01-31,Milan,Luxury Watches,First-Time Buyer,Organic Search,1,13280,4118,13280,4118,9162,69.0
5004929,2023-01-31,Tokyo,Designer Handbags,Silver,Exclusive Invite,1,3744,1107,3744,1107,2637,70.4
5005329,2023-01-31,Dubai,Haute Fragrance,Silver,Paid Social,1,331,60,331,60,271,81.9
5005759,2023-01-31,Tokyo,Designer Handbags,Gold,Organic Search,1,3590,786,3590,786,2804,78.1
5002580,2023-01-31,Dubai,Haute Fragrance,Gold,Paid Social,1,378,64,378,64,314,83.1
5000239,2023-01-31,New York,Designer Handbags,Silver,Organic Search,2,3005,692,6010,1384,4626,77.0
5006676,2023-01-31,Milan,Designer Handbags,Platinum (VIP),Organic Search,1,3318,769,3318,769,2549,76.8
5000438,2023-01-31,Paris,Luxury Watches,First-Time Buyer,Exclusive Invite,1,13292,3462,13292,3462,9830,74.0
5006994,2023-01-31,Tokyo,Designer Handbags,Gold,Organic Search,2,3812,688,7624,1376,6248,82.0
5007952,2023-01-31,Paris,Designer Handbags,Gold,Exclusive Invite,1,3349,730,3349,730,2619,78.2
5004741,2023-01-31,Dubai,Haute Fragrance,Gold,Organic Search,2,409,107,818,214,604,73.8
5009432,2023-01-31,Milan,Haute Fragrance,First-Time Buyer,Paid Social,2,362,125,724,250,474,65.5
5002871,2023-01-31,Paris,Haute Fragrance,Silver,Organic Search,1,406,96,406,96,310,76.4
5004579,2023-02-01,Paris,Luxury Watches,Gold,Paid Social,1,14793,2553,14793,2553,12240,82.7
5006286,2023-02-01,Dubai,Designer Handbags,First-Time Buyer,Walk-in,1,2906,998,2906,998,1908,65.7
5008345,2023-02-01,Paris,Luxury Watches,Gold,Walk-in,1,12051,3720,12051,3720,8331,69.1
5003500,2023-02-01,Milan,Fine Jewelry,Silver,Paid Social,1,7678,1178,7678,1178,6500,84.7
5007554,2023-02-01,New York,Fine Jewelry,First-Time Buyer,Exclusive Invite,1,9658,2341,9658,2341,7317,75.8
5006539,2023-02-01,New York,Luxury Watches,Platinum (VIP),Paid Social,1,14657,3503,14657,3503,11154,76.1
5001511,2023-02-01,Tokyo,Designer Handbags,Platinum (VIP),Paid Social,1,3825,832,3825,832,2993,78.2
5007924,2023-02-02,Paris,Designer Handbags,First-Time Buyer,Walk-in,1,3657,698,3657,698,2959,80.9
5006742,2023-02-02,Paris,Designer Handbags,Gold,Exclusive Invite,1,3140,979,3140,979,2161,68.8
5007625,2023-02-02,Milan,Designer Handbags,First-Time Buyer,Organic Search,1,3722,977,3722,977,2745,73.8
5003056,2023-02-02,Milan,Haute Fragrance,Silver,Walk-in,1,394,114,394,114,280,71.1
5004412,2023-02-02,Tokyo,Luxury Watches,Gold,Paid Social,1,14244,2803,14244,2803,11441,80.3
5003048,2023-02-02,Tokyo,Fine Jewelry,First-Time Buyer,Organic Search,1,7857,2687,7857,2687,5170,65.8
5001686,2023-02-02,Tokyo,Luxury Watches,First-Time Buyer,Organic Search,1,13567,4614,13567,4614,8953,66.0
5008256,2023-02-02,Tokyo,Luxury Watches,First-Time Buyer,Walk-in,1,14894,2986,14894,2986,11908,80.0
5004739,2023-02-02,Dubai,Designer Handbags,Platinum (VIP),Organic Search,1,3490,734,3490,734,2756,79.0
5008456,2023-02-02,New York,Fine Jewelry,First-Time Buyer,Paid Social,1,8427,2196,8427,2196,6231,73.9
5007232,2023-02-02,Paris,Luxury Watches,Silver,Exclusive Invite,1,14542,4021,14542,4021,10521,72.3
5005486,2023-02-02,New York,Haute Fragrance,Silver,Organic Search,1,398,62,398,62,336,84.4
5001145,2023-02-02,Tokyo,Haute Fragrance,First-Time Buyer,Walk-in,1,364,109,364,109,255,70.1
5008970,2023-02-02,Dubai,Haute Fragrance,Gold,Organic Search,1,406,90,406,90,316,77.8
5001115,2023-02-02,Dubai,Fine Jewelry,First-Time Buyer,Walk-in,1,7977,1715,7977,1715,6262,78.5
5006197,2023-02-02,Dubai,Designer Handbags,Silver,Paid Social,1,3834,1244,3834,1244,2590,67.6
5007219,2023-02-02,New York,Fine Jewelry,Silver,Exclusive Invite,1,8604,2884,8604,2884,5720,66.5
5008357,2023-02-03,Paris,Designer Handbags,Platinum (VIP),Organic Search,1,3691,759,3691,759,2932,79.4
5001209,2023-02-03,Dubai,Designer Handbags,Silver,Walk-in,1,3544,617,3544,617,2927,82.6
5006050,2023-02-03,Milan,Haute Fragrance,First-Time Buyer,Paid Social,1,395,75,395,75,320,81.0
5002011,2023-02-03,Tokyo,Luxury Watches,First-Time Buyer,Organic Search,1,13219,4559,13219,4559,8660,65.5
5009347,2023-02-03,Milan,Fine Jewelry,Silver,Organic Search,1,9995,3051,9995,3051,6944,69.5
5000084,2023-02-03,New York,Fine Jewelry,First-Time Buyer,Paid Social,1,9188,2266,9188,2266,6922,75.3
5007719,2023-02-03,New York,Designer Handbags,First-Time Buyer,Walk-in,1,3246,693,3246,693,2553,78.7
5001435,2023-02-03,Dubai,Luxury Watches,First-Time Buyer,Walk-in,1,13577,3977,13577,3977,9600,70.7
5003248,2023-02-03,Milan,Haute Fragrance,First-Time Buyer,Paid Social,1,386,129,386,129,257,66.6
5003053,2023-02-04,Tokyo,Luxury Watches,Silver,Walk-in,1,12979,2462,12979,2462,10517,81.0
5003331,2023-02-04,New York,Designer Handbags,Gold,Organic Search,2,3214,1067,6428,2134,4294,66.8
5008082,2023-02-04,Tokyo,Designer Handbags,First-Time Buyer,Organic Search,1,2897,887,2897,887,2010,69.4
5008259,2023-02-04,New York,Luxury Watches,Silver,Organic Search,1,13119,4059,13119,4059,9060,69.1
5009688,2023-02-04,Dubai,Haute Fragrance,Silver,Paid Social,1,410,93,410,93,317,77.3
5004809,2023-02-04,Tokyo,Haute Fragrance,First-Time Buyer,Organic Search,1,358,66,358,66,292,81.6
5002648,2023-02-04,Tokyo,Designer Handbags,First-Time Buyer,Walk-in,1,3309,965,3309,965,2344,70.8
5006334,2023-02-04,Tokyo,Designer Handbags,First-Time Buyer,Exclusive Invite,1,3222,1055,3222,1055,2167,67.3
5003625,2023-02-04,Tokyo,Haute Fragrance,First-Time Buyer,Organic Search,1,370,112,370,112,258,69.7
5008548,2023-02-04,Dubai,Luxury Watches,Silver,Organic Search,1,12963,3891,12963,3891,9072,70.0
5001132,2023-02-04,Tokyo,Designer Handbags,Gold,Organic Search,1,3616,1087,3616,1087,2529,69.9
5000153,2023-02-04,Tokyo,Fine Jewelry,First-Time Buyer,Exclusive Invite,1,9576,3222,9576,3222,6354,66.4
5003609,2023-02-04,New York,Designer Handbags,First-Time Buyer,Organic Search,1,3442,766,3442,766,2676,77.7
5005983,2023-02-04,Dubai,Luxury Watches,First-Time Buyer,Exclusive Invite,1,14819,5122,14819,5122,9697,65.4
5006360,2023-02-04,Dubai,Designer Handbags,Gold,Walk-in,1,3425,918,3425,918,2507,73.2
5003664,2023-02-04,Paris,Fine Jewelry,First-Time Buyer,Exclusive Invite,1,7976,2170,7976,2170,5806,72.8
5001534,2023-02-04,Tokyo,Fine Jewelry,Platinum (VIP),Walk-in,1,9794,2412,9794,2412,7382,75.4
5008533,2023-02-04,Milan,Designer Handbags,First-Time Buyer,Paid Social,3,3751,1095,11253,3285,7968,70.8
5003498,2023-02-04,Milan,Fine Jewelry,Silver,Walk-in,3,9156,2873,27468,8619,18849,68.6
5009830,2023-02-04,New York,Luxury Watches,Gold,Exclusive Invite,1,11433,2462,11433,2462,8971,78.5
5007393,2023-02-04,Paris,Haute Fragrance,Gold,Organic Search,1,382,123,382,123,259,67.8
5004781,2023-02-04,Tokyo,Luxury Watches,Gold,Paid Social,1,14031,3880,14031,3880,10151,72.3
5008844,2023-02-04,Paris,Haute Fragrance,First-Time Buyer,Organic Search,1,412,110,412,110,302,73.3
5002186,2023-02-05,Paris,Luxury Watches,Silver,Organic Search,1,14808,2672,14808,2672,12136,82.0
5004424,2023-02-05,Milan,Haute Fragrance,First-Time Buyer,Paid Social,1,374,89,374,89,285,76.2
5003570,2023-02-05,Tokyo,Luxury Watches,Silver,Walk-in,1,14258,3223,14258,3223,11035,77.4
5008493,2023-02-05,Tokyo,Fine Jewelry,First-Time Buyer,Organic Search,1,7963,2643,7963,2643,5320,66.8
5007727,2023-02-05,Paris,Designer Handbags,Gold,Organic Search,2,3508,1200,7016,2400,4616,65.8
5001483,2023-02-05,Paris,Designer Handbags,Silver,Exclusive Invite,2,3730,1117,7460,2234,5226,70.1
5003822,2023-02-05,New York,Luxury Watches,Silver,Walk-in,2,12643,3411,25286,6822,18464,73.0
5002839,2023-02-05,Tokyo,Fine Jewelry,Silver,Organic Search,1,8221,2703,8221,2703,5518,67.1
5000953,2023-02-05,Paris,Luxury Watches,First-Time Buyer,Paid Social,1,11885,4095,11885,4095,7790,65.5
5002393,2023-02-05,Dubai,Luxury Watches,Platinum (VIP),Walk-in,1,14613,4533,14613,4533,10080,69.0
5009309,2023-02-05,Milan,Haute Fragrance,Silver,Paid Social,1,327,72,327,72,255,78.0
5001324,2023-02-05,Paris,Fine Jewelry,First-Time Buyer,Organic Search,1,7714,1787,7714,1787,5927,76.8
5005060,2023-02-05,Dubai,Luxury Watches,First-Time Buyer,Organic Search,1,13187,4038,13187,4038,9149,69.4
5006067,2023-02-05,New York,Designer Handbags,Gold,Paid Social,2,3473,989,6946,1978,4968,71.5
5001003,2023-02-05,New York,Designer Handbags,First-Time Buyer,Exclusive Invite,1,3833,654,3833,654,3179,82.9
5002469,2023-02-05,Paris,Luxury Watches,Gold,Paid Social,1,12232,3966,12232,3966,8266,67.6
5004233,2023-02-06,Paris,Luxury Watches,Gold,Exclusive Invite,1,14272,3836,14272,3836,10436,73.1
5009952,2023-02-06,Tokyo,Fine Jewelry,Silver,Walk-in,1,7684,2557,7684,2557,5127,66.7
5002193,2023-02-06,Milan,Designer Handbags,Silver,Walk-in,1,3711,945,3711,945,2766,74.5
5004928,2023-02-06,Milan,Luxury Watches,Silver,Walk-in,1,14990,2447,14990,2447,12543,83.7
5006156,2023-02-06,Dubai,Luxury Watches,First-Time Buyer,Exclusive Invite,1,14178,3262,14178,3262,10916,77.0
5005250,2023-02-06,Paris,Fine Jewelry,Gold,Organic Search,1,10040,2190,10040,2190,7850,78.2
5007148,2023-02-06,Milan,Luxury Watches,Gold,Exclusive Invite,1,14068,2847,14068,2847,11221,79.8
5000899,2023-02-06,New York,Luxury Watches,Silver,Organic Search,1,12232,1886,12232,1886,10346,84.6
5005844,2023-02-06,Paris,Designer Handbags,Platinum (VIP),Organic Search,1,3022,566,3022,566,2456,81.3
5000174,2023-02-06,New York,Luxury Watches,Silver,Paid Social,1,12270,2710,12270,2710,9560,77.9
5008882,2023-02-07,Paris,Haute Fragrance,Silver,Paid Social,1,419,146,419,146,273,65.2
5009258,2023-02-07,New York,Designer Handbags,First-Time Buyer,Organic Search,1,2935,891,2935,891,2044,69.6
5006680,2023-02-07,New York,Designer Handbags,Silver,Organic Search,1,3672,1078,3672,1078,2594,70.6
5007986,2023-02-07,New York,Luxury Watches,First-Time Buyer,Walk-in,1,14338,4134,14338,4134,10204,71.2
5007863,2023-02-07,New York,Designer Handbags,Silver,Organic Search,1,3788,955,3788,955,2833,74.8
5006672,2023-02-07,Milan,Luxury Watches,First-Time Buyer,Paid Social,1,13902,4835,13902,4835,9067,65.2
5008829,2023-02-07,Paris,Designer Handbags,Silver,Paid Social,1,3641,1095,3641,1095,2546,69.9
5007049,2023-02-07,Tokyo,Fine Jewelry,First-Time Buyer,Organic Search,1,9297,2214,9297,2214,7083,76.2
5006521,2023-02-07,Paris,Fine Jewelry,Gold,Organic Search,1,9244,2221,9244,2221,7023,76.0
5007576,2023-02-07,New York,Luxury Watches,First-Time Buyer,Paid Social,1,11344,2937,11344,2937,8407,74.1
5009999,2023-02-07,Tokyo,Fine Jewelry,First-Time Buyer,Walk-in,1,8268,2041,8268,2041,6227,75.3
5000472,2023-02-07,New York,Haute Fragrance,First-Time Buyer,Walk-in,1,401,116,401,116,285,71.1
5001233,2023-02-08,Dubai,Haute Fragrance,First-Time Buyer,Walk-in,1,378,67,378,67,311,82.3
5003642,2023-02-08,Paris,Designer Handbags,Silver,Exclusive Invite,1,3647,1208,3647,1208,2439,66.9
5009230,2023-02-08,New York,Luxury Watches,First-Time Buyer,Organic Search,2,13139,2832,26278,5664,20614,78.4
5008892,2023-02-08,New York,Haute Fragrance,First-Time Buyer,Walk-in,1,354,113,354,113,241,68.1
5004560,2023-02-08,Tokyo,Luxury Watches,Gold,Paid Social,1,14060,4871,14060,4871,9189,65.4
5000986,2023-02-08,New York,Luxury Watches,Gold,Paid Social,1,11956,1979,11956,1979,9977,83.4
5005129,2023-02-08,Paris,Fine Jewelry,Gold,Organic Search,1,9564,3189,9564,3189,6375,66.7
5006620,2023-02-08,Dubai,Designer Handbags,Gold,Organic Search,1,3050,798,3050,798,2252,73.8
5000181,2023-02-08,Dubai,Designer Handbags,Silver,Organic Search,1,3631,852,3631,852,2779,76.5
5002239,2023-02-08,Paris,Haute Fragrance,Silver,Paid Social,1,329,49,329,49,280,85.1
5005680,2023-02-08,New York,Designer Handbags,First-Time Buyer,Paid Social,1,3077,856,3077,856,2221,72.2
5004919,2023-02-08,Paris,Fine Jewelry,First-Time Buyer,Paid Social,1,9093,2199,9093,2199,6894,75.8
5007237,2023-02-08,Milan,Luxury Watches,Silver,Organic Search,1,13169,4476,13169,4476,8693,66.0
5001574,2023-02-08,Dubai,Designer Handbags,Silver,Organic Search,1,2977,534,2977,534,2443,82.1
5004181,2023-02-08,New York,Designer Handbags,Gold,Walk-in,1,2907,871,2907,871,2036,70.0
5004218,2023-02-08,Tokyo,Designer Handbags,First-Time Buyer,Organic Search,1,3058,487,3058,487,2571,84.1
5004771,2023-02-08,Paris,Designer Handbags,Silver,Exclusive Invite,1,3108,694,3108,694,2414,77.7
5007417,2023-02-08,Dubai,Designer Handbags,Silver,Organic Search,1,2982,538,2982,538,2444,82.0
5009618,2023-02-09,Dubai,Designer Handbags,First-Time Buyer,Paid Social,1,3785,836,3785,836,2949,77.9
5006401,2023-02-09,Tokyo,Luxury Watches,Silver,Organic Search,1,13754,3752,13754,3752,10002,72.7
5005816,2023-02-09,Paris,Designer Handbags,First-Time Buyer,Organic Search,1,3005,540,3005,540,2465,82.0
5001381,2023-02-09,Paris,Luxury Watches,First-Time Buyer,Walk-in,1,12158,3402,12158,3402,8756,72.0
5001366,2023-02-09,Tokyo,Designer Handbags,Gold,Organic Search,1,3161,588,3161,588,2573,81.4
5009536,2023-02-09,New York,Designer Handbags,Platinum (VIP),Organic Search,1,3479,605,3479,605,2874,82.6
5004916,2023-02-09,Paris,Designer Handbags,Platinum (VIP),Organic Search,2,3817,856,7634,1712,5922,77.6
5004997,2023-02-09,New York,Designer Handbags,Gold,Paid Social,1,3771,1260,3771,1260,2511,66.6
5007374,2023-02-09,Dubai,Designer Handbags,Silver,Exclusive Invite,1,3767,1187,3767,1187,2580,68.5
5000667,2023-02-09,Tokyo,Haute Fragrance,First-Time Buyer,Exclusive Invite,1,330,63,330,63,267,80.9
5005954,2023-02-09,Milan,Haute Fragrance,Silver,Exclusive Invite,1,373,119,373,119,254,68.1
5000247,2023-02-09,Tokyo,Fine Jewelry,First-Time Buyer,Paid Social,1,8257,2222,8257,2222,6035,73.1
5000760,2023-02-09,Milan,Designer Handbags,Gold,Exclusive Invite,1,3673,1185,3673,1185,2488,67.7
5002479,2023-02-09,Paris,Designer Handbags,First-Time Buyer,Organic Search,1,3609,1221,3609,1221,2388,66.2
5007814,2023-02-09,Dubai,Fine Jewelry,First-Time Buyer,Walk-in,1,9149,1838,9149,1838,7311,79.9
5009917,2023-02-10,Paris,Designer Handbags,Silver,Walk-in,1,3414,601,3414,601,2813,82.4
5004309,2023-02-10,New York,Fine Jewelry,Platinum (VIP),Exclusive Invite,1,9124,2553,9124,2553,6571,72.0
5006379,2023-02-10,Paris,Designer Handbags,First-Time Buyer,Paid Social,1,3712,889,3712,889,2823,76.1
5007499,2023-02-10,Milan,Designer Handbags,Platinum (VIP),Walk-in,1,3264,666,3264,666,2598,79.6
5002802,2023-02-10,Paris,Luxury Watches,First-Time Buyer,Organic Search,1,14462,4346,14462,4346,10116,69.9
5006451,2023-02-10,Paris,Luxury Watches,First-Time Buyer,Paid Social,1,11500,3320,11500,3320,8180,71.1
5003220,2023-02-10,New York,Haute Fragrance,First-Time Buyer,Walk-in,1,335,105,335,105,230,68.7
5000524,2023-02-10,New York,Luxury Watches,Silver,Walk-in,2,14991,2955,29982,5910,24072,80.3
5007797,2023-02-10,New York,Designer Handbags,First-Time Buyer,Walk-in,1,3724,718,3724,718,3006,80.7
5000483,2023-02-10,Paris,Fine Jewelry,Gold,Walk-in,3,8740,1765,26220,5295,20925,79.8
5008113,2023-02-10,Dubai,Designer Handbags,First-Time Buyer,Walk-in,1,3744,1089,3744,1089,2655,70.9
5003814,2023-02-10,Tokyo,Designer Handbags,First-Time Buyer,Walk-in,1,3771,833,3771,833,2938,77.9
5008188,2023-02-10,New York,Haute Fragrance,First-Time Buyer,Organic Search,1,330,80,330,80,250,75.8
5003396,2023-02-10,New York,Luxury Watches,Silver,Paid Social,1,13514,4036,13514,4036,9478,70.1
5006978,2023-02-11,Milan,Luxury Watches,First-Time Buyer,Walk-in,1,14476,2436,14476,2436,12040,83.2
5002296,2023-02-11,Tokyo,Fine Jewelry,Silver,Organic Search,1,10175,3117,10175,3117,7058,69.4
5008767,2023-02-11,Dubai,Designer Handbags,First-Time Buyer,Organic Search,1,3066,1010,3066,1010,2056,67.1
5001540,2023-02-11,New York,Fine Jewelry,Gold,Walk-in,1,9214,1613,9214,1613,7601,82.5
5003791,2023-02-11,Paris,Designer Handbags,Silver,Walk-in,1,3538,1228,3538,1228,2310,65.3
5008446,2023-02-11,Dubai,Designer Handbags,First-Time Buyer,Walk-in,2,2919,871,5838,1742,4096,70.2
5009478,2023-02-11,Tokyo,Haute Fragrance,Gold,Paid Social,1,357,112,357,112,245,68.6
5002042,2023-02-11,New York,Luxury Watches,Silver,Paid Social,1,13313,2034,13313,2034,11279,84.7
5004021,2023-02-12,Milan,Fine Jewelry,Silver,Exclusive Invite,1,9029,1837,9029,1837,7192,79.7
5000409,2023-02-12,Paris,Designer Handbags,First-Time Buyer,Exclusive Invite,1,3441,908,3441,908,2533,73.6
5002031,2023-02-12,Milan,Luxury Watches,First-Time Buyer,Organic Search,1,11258,1905,11258,1905,9353,83.1
5003152,2023-02-12,Paris,Designer Handbags,First-Time Buyer,Exclusive Invite,1,3267,822,3267,822,2445,74.8
5008056,2023-02-12,Dubai,Luxury Watches,Silver,Organic Search,1,13551,4673,13551,4673,8878,65.5
5002271,2023-02-12,Tokyo,Luxury Watches,First-Time Buyer,Organic Search,1,12460,3679,12460,3679,8781,70.5
5003702,2023-02-12,Milan,Designer Handbags,Silver,Walk-in,2,3550,1158,7100,2316,4784,67.4
5005715,2023-02-12,Paris,Luxury Watches,Silver,Organic Search,1,11833,3294,11833,3294,8539,72.2
5004281,2023-02-12,Tokyo,Haute Fragrance,Platinum (VIP),Walk-in,1,328,64,328,64,264,80.5
5002288,2023-02-12,Milan,Fine Jewelry,Platinum (VIP),Exclusive Invite,2,8471,1940,16942,3880,13062,77.1
5004368,2023-02-12,New York,Luxury Watches,Gold,Exclusive Invite,1,13073,2453,13073,2453,10620,81.2
5002518,2023-02-12,Paris,Luxury Watches,First-Time Buyer,Walk-in,2,11957,2751,23914,5502,18412,77.0
5005034,2023-02-12,Tokyo,Fine Jewelry,First-Time Buyer,Paid Social,1,8151,2666,8151,2666,5485,67.3
5007031,2023-02-12,Dubai,Designer Handbags,First-Time Buyer,Exclusive Invite,1,3286,1025,3286,1025,2261,68.8
5000000,2023-02-12,Dubai,Luxury Watches,Silver,Paid Social,1,11625,2534,11625,2534,9091,78.2
5000768,2023-02-12,Dubai,Fine Jewelry,Platinum (VIP),Organic Search,1,9671,2618,9671,2618,7053,72.9
5009242,2023-02-12,Paris,Fine Jewelry,Silver,Paid Social,1,9327,2464,9327,2464,6863,73.6
5004409,2023-02-13,Paris,Fine Jewelry,First-Time Buyer,Organic Search,1,10023,2425,10023,2425,7598,75.8
5009271,2023-02-13,Paris,Designer Handbags,Silver,Paid Social,1,3159,653,3159,653,2506,79.3
5007795,2023-02-13,Tokyo,Haute Fragrance,First-Time Buyer,Exclusive Invite,2,394,114,788,228,560,71.1
5002724,2023-02-13,Milan,Designer Handbags,Gold,Walk-in,1,3478,966,3478,966,2512,72.2
5009760,2023-02-13,New York,Designer Handbags,First-Time Buyer,Organic Search,2,2997,531,5994,1062,4932,82.3
5006386,2023-02-13,Tokyo,Designer Handbags,Silver,Walk-in,1,3215,1003,3215,1003,2212,68.8
5006610,2023-02-13,Tokyo,Luxury Watches,Silver,Paid Social,1,12322,2549,12322,2549,9773,79.3
5009931,2023-02-13,Paris,Luxury Watches,Silver,Exclusive Invite,1,12938,4116,12938,4116,8822,68.2
5003796,2023-02-13,Milan,Haute Fragrance,First-Time Buyer,Organic Search,1,391,64,391,64,327,83.6
5006963,2023-02-13,Tokyo,Haute Fragrance,First-Time Buyer,Organic Search,1,407,88,407,88,319,78.4
5001765,2023-02-13,Milan,Designer Handbags,Silver,Walk-in,2,3269,1133,6538,2266,4272,65.3
5002039,2023-02-13,Tokyo,Fine Jewelry,Gold,Organic Search,1,9838,2900,9838,2900,6938,70.5
5000158,2023-02-13,Paris,Designer Handbags,Silver,Paid Social,3,3316,751,9948,2253,7695,77.4
5005565,2023-02-13,Paris,Luxury Watches,First-Time Buyer,Walk-in,3,11944,2841,35832,8523,27309,76.2
5004849,2023-02-13,New York,Luxury Watches,Silver,Organic Search,2,13840,4053,27680,8106,19574,70.7
5009492,2023-02-14,Milan,Luxury Watches,First-Time Buyer,Walk-in,1,14084,3318,14084,3318,10766,76.4
5000803,2023-02-14,Paris,Designer Handbags,First-Time Buyer,Organic Search,1,3571,1240,3571,1240,2331,65.3
5003263,2023-02-14,Tokyo,Designer Handbags,Silver,Walk-in,1,3278,701,3278,701,2577,78.6
5007362,2023-02-14,New York,Luxury Watches,First-Time Buyer,Exclusive Invite,1,13460,3520,13460,3520,9940,73.8
5000170,2023-02-14,Tokyo,Fine Jewelry,Silver,Paid Social,3,9105,2788,27315,8364,18951,69.4
5004478,2023-02-14,Paris,Luxury Watches,First-Time Buyer,Paid Social,1,12046,1807,12046,1807,10239,85.0
5007831,2023-02-14,Paris,Luxury Watches,Silver,Walk-in,3,13488,2286,40464,6858,33606,83.1
5008427,2023-02-14,New York,Designer Handbags,First-Time Buyer,Paid Social,1,3058,962,3058,962,2096,68.5
5005752,2023-02-14,Paris,Haute Fragrance,First-Time Buyer,Organic Search,1,351,91,351,91,260,74.1
5008038,2023-02-14,Paris,Haute Fragrance,First-Time Buyer,Walk-in,1,368,100,368,100,268,72.8
5009996,2023-02-14,New York,Luxury Watches,First-Time Buyer,Organic Search,3,12530,3920,37590,11760,25830,68.7
5001091,2023-02-14,New York,Luxury Watches,First-Time Buyer,Walk-in,1,14302,4269,14302,4269,10033,70.2
5004099,2023-02-14,Paris,Fine Jewelry,First-Time Buyer,Exclusive Invite,1,10071,3108,10071,3108,6963,69.1
5000838,2023-02-15,Tokyo,Fine Jewelry,First-Time Buyer,Organic Search,1,7927,2600,7927,2600,5327,67.2
5006486,2023-02-15,Tokyo,Designer Handbags,Gold,Paid Social,1,3140,695,3140,695,2445,77.9
5005946,2023-02-15,Milan,Luxury Watches,First-Time Buyer,Exclusive Invite,1,11310,2793,11310,2793,8517,75.3
5002520,2023-02-15,Dubai,Designer Handbags,Silver,Organic Search,2,3118,1002,6236,2004,4232,67.9
5006487,2023-02-15,Dubai,Fine Jewelry,First-Time Buyer,Exclusive Invite,1,9407,1820,9407,1820,7587,80.7
5001889,2023-02-15,New York,Designer Handbags,Gold,Paid Social,1,3804,1108,3804,1108,2696,70.9
5001857,2023-02-15,Paris,Fine Jewelry,Silver,Exclusive Invite,1,9769,2130,9769,2130,7639,78.2
5008172,2023-02-15,New York,Fine Jewelry,Silver,Organic Search,3,8982,1486,26946,4458,22488,83.5
5002018,2023-02-15,Dubai,Designer Handbags,Gold,Exclusive Invite,1,2899,625,2899,625,2274,78.4
5001347,2023-02-15,Paris,Designer Handbags,Gold,Organic Search,1,3837,886,3837,886,2951,76.9
5000577,2023-02-15,New York,Fine Jewelry,Silver,Organic Search,1,9324,1485,9324,1485,7839,84.1
5004817,2023-02-15,Paris,Designer Handbags,First-Time Buyer,Walk-in,1,2915,834,2915,834,2081,71.4
5007139,2023-02-15,Milan,Luxury Watches,Gold,Walk-in,1,13592,2468,13592,2468,11124,81.8
5000471,2023-02-15,Dubai,Luxury Watches,First-Time Buyer,Organic Search,1,14073,4241,14073,4241,9832,69.9
5001930,2023-02-15,New York,Designer Handbags,Silver,Paid Social,2,2955,447,5910,894,5016,84.9
5006202,2023-02-15,New York,Designer Handbags,Gold,Walk-in,1,3441,651,3441,651,2790,81.1
5006422,2023-02-15,Tokyo,Fine Jewelry,Gold,Organic Search,1,9289,2656,9289,2656,6633,71.4
5002464,2023-02-15,Milan,Designer Handbags,Platinum (VIP),Exclusive Invite,2,3835,912,7670,1824,5846,76.2
5008775,2023-02-16,Tokyo,Designer Handbags,Silver,Walk-in,1,3018,580,3018,580,2438,80.8
5005956,2023-02-16,Milan,Haute Fragrance,Silver,Organic Search,1,371,104,371,104,267,72.0
5008987,2023-02-16,Dubai,Designer Handbags,Silver,Organic Search,1,3690,598,3690,598,3092,83.8
5003962,2023-02-16,Paris,Haute Fragrance,Silver,Exclusive Invite,1,410,93,410,93,317,77.3
5004894,2023-02-16,Dubai,Luxury Watches,First-Time Buyer,Walk-in,1,13336,3639,13336,3639,9697,72.7
5006093,2023-02-16,New York,Haute Fragrance,Platinum (VIP),Paid Social,2,374,65,748,130,618,82.6
5006685,2023-02-16,New York,Designer Handbags,First-Time Buyer,Organic Search,1,3170,745,3170,745,2425,76.5
5000177,2023-02-16,Milan,Designer Handbags,First-Time Buyer,Walk-in,1,3200,875,3200,875,2325,72.7
5003840,2023-02-16,Paris,Designer Handbags,Silver,Walk-in,1,3216,597,3216,597,2619,81.4
5006816,2023-02-16,Milan,Fine Jewelry,First-Time Buyer,Exclusive Invite,1,8359,2375,8359,2375,5984,71.6
5009336,2023-02-16,New York,Designer Handbags,Platinum (VIP),Organic Search,1,3812,932,3812,932,2880,75.6
5002101,2023-02-17,New York,Designer Handbags,First-Time Buyer,Exclusive Invite,1,3571,1143,3571,1143,2428,68.0
5006205,2023-02-17,Tokyo,Designer Handbags,First-Time Buyer,Organic Search,1,3229,888,3229,888,2341,72.5
5004332,2023-02-17,Dubai,Fine Jewelry,First-Time Buyer,Organic Search,1,7784,1990,7784,1990,5794,74.4
5003187,2023-02-17,Dubai,Luxury Watches,Gold,Paid Social,1,12831,2507,12831,2507,10324,80.5
5005864,2023-02-17,Dubai,Designer Handbags,First-Time Buyer,Organic Search,3,3234,806,9702,2418,7284,75.1
5000292,2023-02-17,New York,Designer Handbags,Silver,Exclusive Invite,3,3203,1099,9609,3297,6312,65.7
5007573,2023-02-17,Paris,Designer Handbags,Platinum (VIP),Exclusive Invite,1,3406,1113,3406,1113,2293,67.3
5006500,2023-02-17,Paris,Fine Jewelry,Silver,Walk-in,1,8888,2971,8888,2971,5917,66.6
5002253,2023-02-18,New York,Fine Jewelry,First-Time Buyer,Paid Social,2,9686,1972,19372,3944,15428,79.6
5003804,2023-02-18,New York,Luxury Watches,Silver,Organic Search,2,12177,2578,24354,5156,19198,78.8
5005721,2023-02-18,New York,Luxury Watches,First-Time Buyer,Organic Search,2,13153,2975,26306,5950,20356,77.4
5006242,2023-02-18,Tokyo,Fine Jewelry,Platinum (VIP),Organic Search,1,8203,1300,8203,1300,6903,84.2
5005509,2023-02-18,Milan,Haute Fragrance,First-Time Buyer,Paid Social,1,332,95,332,95,237,71.4
5002794,2023-02-18,Tokyo,Haute Fragrance,First-Time Buyer,Paid Social,2,334,67,668,134,534,79.9
5003596,2023-02-18,New York,Luxury Watches,First-Time Buyer,Organic Search,1,13522,3606,13522,3606,9916,73.3
5005046,2023-02-18,Tokyo,Luxury Watches,Platinum (VIP),Organic Search,1,12797,2590,12797,2590,10207,79.8
5004188,2023-02-18,Tokyo,Designer Handbags,Platinum (VIP),Walk-in,1,3015,804,3015,804,2211,73.3
5009163,2023-02-18,Tokyo,Haute Fragrance,Gold,Paid Social,1,413,142,413,142,271,65.6
5006473,2023-02-18,Dubai,Luxury Watches,First-Time Buyer,Paid Social,1,14003,4711,14003,4711,9292,66.4
5004907,2023-02-18,Paris,Designer Handbags,Silver,Paid Social,1,3531,809,3531,809,2722,77.1
5001747,2023-02-18,Milan,Luxury Watches,First-Time Buyer,Paid Social,1,12787,4303,12787,4303,8484,66.3
5000769,2023-02-18,Milan,Luxury Watches,First-Time Buyer,Organic Search,1,13911,4350,13911,4350,9561,68.7
5003395,2023-02-18,New York,Luxury Watches,Silver,Organic Search,1,13842,3809,13842,3809,10033,72.5
5000382,2023-02-18,New York,Designer Handbags,Platinum (VIP),Paid Social,1,3390,869,3390,869,2521,74.4
5007950,2023-02-18,New York,Luxury Watches,Gold,Organic Search,1,14381,2805,14381,2805,11576,80.5
5002078,2023-02-19,Tokyo,Fine Jewelry,First-Time Buyer,Paid Social,1,9474,2761,9474,2761,6713,70.9
5007369,2023-02-19,Dubai,Fine Jewelry,Silver,Paid Social,1,8354,1985,8354,1985,6369,76.2
5009792,2023-02-19,Paris,Haute Fragrance,Silver,Organic Search,1,374,102,374,102,272,72.7
5000447,2023-02-19,New York,Luxury Watches,First-Time Buyer,Organic Search,1,13986,3462,13986,3462,10524,75.2
5002963,2023-02-19,Dubai,Designer Handbags,Silver,Paid Social,2,3583,632,7166,1264,5902,82.4
5003387,2023-02-19,New York,Designer Handbags,Silver,Walk-in,2,3617,766,7234,1532,5702,78.8
5003154,2023-02-19,New York,Fine Jewelry,Silver,Organic Search,1,8388,2237,8388,2237,6151,73.3
5002325,2023-02-19,Dubai,Designer Handbags,Gold,Organic Search,1,3152,668,3152,668,2484,78.8
5003527,2023-02-19,New York,Designer Handbags,First-Time Buyer,Exclusive Invite,1,3821,639,3821,639,3182,83.3
5004747,2023-02-19,Tokyo,Haute Fragrance,Gold,Organic Search,1,375,100,375,100,275,73.3
5003377,2023-02-19,Milan,Luxury Watches,Silver,Organic Search,1,14427,2447,14427,2447,11980,83.0
5007901,2023-02-19,Milan,Luxury Watches,Silver,Organic Search,1,12043,2614,12043,2614,9429,78.3
5003138,2023-02-19,New York,Luxury Watches,Silver,Organic Search,1,12686,2439,12686,2439,10247,80.8
5002474,2023-02-19,Paris,Fine Jewelry,Platinum (VIP),Paid Social,1,8329,1302,8329,1302,7027,84.4
5008423,2023-02-19,New York,Designer Handbags,First-Time Buyer,Organic Search,1,3425,1145,3425,1145,2280,66.6
5008801,2023-02-19,Tokyo,Luxury Watches,Platinum (VIP),Paid Social,1,11260,2701,11260,2701,8559,76.0
5004883,2023-02-19,New York,Luxury Watches,Gold,Walk-in,1,12229,2239,12229,2239,9990,81.7
5001351,2023-02-19,New York,Luxury Watches,Gold,Exclusive Invite,1,13456,2446,13456,2446,11010,81.8
5005564,2023-02-20,Dubai,Designer Handbags,Silver,Paid Social,3,3366,967,10098,2901,7197,71.3
5000205,2023-02-20,Paris,Designer Handbags,First-Time Buyer,Paid Social,1,3341,711,3341,711,2630,78.7
5000853,2023-02-20,New York,Designer Handbags,Silver,Organic Search,1,3007,691,3007,691,2316,77.0
5007244,2023-02-20,Tokyo,Luxury Watches,Gold,Exclusive Invite,1,13737,4089,13737,4089,9648,70.2
5009351,2023-02-20,New York,Designer Handbags,Silver,Organic Search,1,2997,606,2997,606,2391,79.8
5003995,2023-02-20,New York,Designer Handbags,First-Time Buyer,Exclusive Invite,1,3726,1180,3726,1180,2546,68.3
5005591,2023-02-20,Paris,Luxury Watches,First-Time Buyer,Organic Search,1,13171,4457,13171,4457,8714,66.2
5005138,2023-02-20,Tokyo,Designer Handbags,Platinum (VIP),Walk-in,1,3672,1041,3672,1041,2631,71.7
5002282,2023-02-20,Paris,Designer Handbags,Gold,Paid Social,1,3343,1059,3343,1059,2284,68.3
5007330,2023-02-20,Milan,Luxury Watches,Silver,Organic Search,1,12430,1994,12430,1994,10436,84.0
5009056,2023-02-20,Paris,Designer Handbags,Gold,Paid Social,2,3327,605,6654,1210,5444,81.8
5001799,2023-02-20,Dubai,Designer Handbags,First-Time Buyer,Exclusive Invite,2,3592,734,7184,1468,5716,79.6
5007920,2023-02-20,Paris,Luxury Watches,Platinum (VIP),Paid Social,2,13013,2300,26026,4600,21426,82.3
5008636,2023-02-20,Tokyo,Luxury Watches,First-Time Buyer,Organic Search,1,13128,2761,13128,2761,10367,79.0
5007372,2023-02-20,New York,Fine Jewelry,First-Time Buyer,Exclusive Invite,1,8168,2208,8168,2208,5960,73.0
5009500,2023-02-20,Tokyo,Luxury Watches,Platinum (VIP),Exclusive Invite,1,11273,2002,11273,2002,9271,82.2
5001524,2023-02-20,Paris,Luxury Watches,Silver,Walk-in,1,13948,3045,13948,3045,10903,78.2
5003530,2023-02-21,Paris,Designer Handbags,First-Time Buyer,Walk-in,1,3716,1111,3716,1111,2605,70.1
5007767,2023-02-21,Milan,Fine Jewelry,First-Time Buyer,Exclusive Invite,2,8089,2792,16178,5584,10594,65.5
5004840,2023-02-21,Paris,Luxury Watches,First-Time Buyer,Paid Social,1,11601,1913,11601,1913,9688,83.5
5004963,2023-02-21,New York,Designer Handbags,First-Time Buyer,Organic Search,1,3290,911,3290,911,2379,72.3
5005796,2023-02-21,Paris,Designer Handbags,Gold,Paid Social,1,3738,955,3738,955,2783,74.5
5008454,2023-02-21,Paris,Fine Jewelry,Platinum (VIP),Organic Search,1,8069,2753,8069,2753,5316,65.9
5001740,2023-02-21,Tokyo,Fine Jewelry,Gold,Organic Search,1,8422,1361,8422,1361,7061,83.8
5004979,2023-02-21,Tokyo,Haute Fragrance,First-Time Buyer,Organic Search,1,379,118,379,118,261,68.9
5002395,2023-02-21,Milan,Luxury Watches,First-Time Buyer,Paid Social,1,12931,3712,12931,3712,9219,71.3
5008175,2023-02-21,Dubai,Haute Fragrance,Gold,Walk-in,1,391,136,391,136,255,65.2
5004538,2023-02-21,Tokyo,Fine Jewelry,First-Time Buyer,Exclusive Invite,1,9334,2971,9334,2971,6363,68.2
5006750,2023-02-21,Milan,Fine Jewelry,First-Time Buyer,Organic Search,1,9296,2657,9296,2657,6639,71.4
5009386,2023-02-21,New York,Fine Jewelry,Gold,Organic Search,1,9160,2663,9160,2663,6497,70.9
5002194,2023-02-21,Paris,Designer Handbags,First-Time Buyer,Walk-in,3,3622,1059,10866,3177,7689,70.8
5000191,2023-02-21,Paris,Fine Jewelry,First-Time Buyer,Organic Search,1,8167,2076,8167,2076,6091,74.6
5008051,2023-02-21,New York,Haute Fragrance,First-Time Buyer,Exclusive Invite,1,319,91,319,91,228,71.5
5001402,2023-02-21,New York,Fine Jewelry,First-Time Buyer,Organic Search,1,9163,2214,9163,2214,6949,75.8
5007146,2023-02-21,New York,Haute Fragrance,Platinum (VIP),Walk-in,1,346,82,346,82,264,76.3
5009017,2023-02-21,Dubai,Fine Jewelry,Gold,Organic Search,1,7902,2700,7902,2700,5202,65.8
5007097,2023-02-22,Tokyo,Fine Jewelry,First-Time Buyer,Walk-in,3,7824,2267,23472,6801,16671,71.0
5004144,2023-02-22,New York,Haute Fragrance,Platinum (VIP),Paid Social,1,418,72,418,72,346,82.8
5004926,2023-02-22,New York,Luxury Watches,First-Time Buyer,Paid Social,1,14866,3010,14866,3010,11856,79.8
5001654,2023-02-22,New York,Designer Handbags,Silver,Organic Search,1,2930,960,2930,960,1970,67.2
5002606,2023-02-22,Paris,Designer Handbags,First-Time Buyer,Paid Social,1,3148,637,3148,637,2511,79.8
5006228,2023-02-22,New York,Haute Fragrance,Silver,Paid Social,1,394,74,394,74,320,81.2
5005597,2023-02-22,Milan,Designer Handbags,Silver,Exclusive Invite,1,2986,628,2986,628,2358,79.0
5003544,2023-02-22,Paris,Fine Jewelry,Silver,Walk-in,2,8605,2324,17210,4648,12562,73.0
5003316,2023-02-22,Dubai,Luxury Watches,Silver,Paid Social,1,14432,4234,14432,4234,10198,70.7
5004425,2023-02-22,Paris,Luxury Watches,Platinum (VIP),Organic Search,2,14043,3161,28086,6322,21764,77.5
5008140,2023-02-22,Paris,Designer Handbags,Gold,Organic Search,1,3552,1137,3552,1137,2415,68.0
5000689,2023-02-22,Paris,Haute Fragrance,Gold,Organic Search,1,362,124,362,124,238,65.7
5006374,2023-02-22,New York,Designer Handbags,First-Time Buyer,Walk-in,1,3129,560,3129,560,2569,82.1
5005736,2023-02-22,Paris,Haute Fragrance,Gold,Paid Social,1,350,108,350,108,242,69.1
5002687,2023-02-22,Tokyo,Luxury Watches,Silver,Organic Search,1,14981,3959,14981,3959,11022,73.6
5004515,2023-02-22,Milan,Luxury Watches,Gold,Paid Social,1,14160,3702,14160,3702,10458,73.9
5006217,2023-02-22,New York,Luxury Watches,Platinum (VIP),Organic Search,1,11453,2782,11453,2782,8671,75.7
5006150,2023-02-23,New York,Designer Handbags,Platinum (VIP),Paid Social,1,3720,1088,3720,1088,2632,70.8
5009961,2023-02-23,Tokyo,Designer Handbags,Platinum (VIP),Organic Search,1,3133,991,3133,991,2142,68.4
5000900,2023-02-23,Milan,Fine Jewelry,First-Time Buyer,Paid Social,1,8230,1236,8230,1236,6994,85.0
5009019,2023-02-23,Tokyo,Designer Handbags,Silver,Organic Search,1,3086,529,3086,529,2557,82.9
5003753,2023-02-23,Tokyo,Designer Handbags,Silver,Paid Social,1,3754,1017,3754,1017,2737,72.9
5001246,2023-02-23,Paris,Designer Handbags,Gold,Paid Social,1,3319,678,3319,678,2641,79.6
5004582,2023-02-23,Paris,Luxury Watches,First-Time Buyer,Organic Search,1,12192,4218,12192,4218,7974,65.4
5004743,2023-02-23,Tokyo,Designer Handbags,First-Time Buyer,Paid Social,1,3369,1006,3369,1006,2363,70.1
5002053,2023-02-23,New York,Fine Jewelry,Gold,Paid Social,1,10059,2574,10059,2574,7485,74.4
5006671,2023-02-23,Tokyo,Fine Jewelry,Silver,Walk-in,1,8480,1806,8480,1806,6674,78.7
5003192,2023-02-24,Milan,Luxury Watches,Silver,Walk-in,1,14206,3224,14206,3224,10982,77.3
5007168,2023-02-24,Tokyo,Haute Fragrance,First-Time Buyer,Organic Search,3,396,115,1188,345,843,71.0
5009516,2023-02-24,Tokyo,Luxury Watches,Silver,Organic Search,1,11543,2107,11543,2107,9436,81.7
5009143,2023-02-24,Paris,Fine Jewelry,First-Time Buyer,Walk-in,3,8015,1834,24045,5502,18543,77.1
5000234,2023-02-24,New York,Haute Fragrance,Silver,Walk-in,1,357,87,357,87,270,75.6
5008564,2023-02-24,Milan,Fine Jewelry,Gold,Paid Social,1,9385,1951,9385,1951,7434,79.2
5004557,2023-02-24,Paris,Designer Handbags,First-Time Buyer,Organic Search,1,3221,1034,3221,1034,2187,67.9
5003989,2023-02-24,Paris,Designer Handbags,First-Time Buyer,Organic Search,1,3152,979,3152,979,2173,68.9
5004989,2023-02-24,Tokyo,Designer Handbags,First-Time Buyer,Organic Search,1,3114,658,3114,658,2456,78.9
5001025,2023-02-25,Tokyo,Haute Fragrance,Gold,Organic Search,1,316,95,316,95,221,69.9
5008043,2023-02-25,Milan,Designer Handbags,First-Time Buyer,Walk-in,1,3078,991,3078,991,2087,67.8
5004636,2023-02-25,New York,Fine Jewelry,First-Time Buyer,Organic Search,1,8822,2039,8822,2039,6783,76.9
5008600,2023-02-25,Milan,Luxury Watches,First-Time Buyer,Walk-in,1,13898,3717,13898,3717,10181,73.3
5008111,2023-02-25,Tokyo,Fine Jewelry,First-Time Buyer,Walk-in,1,9825,1958,9825,1958,7867,80.1
5008969,2023-02-25,New York,Designer Handbags,First-Time Buyer,Paid Social,1,3453,726,3453,726,2727,79.0
5000020,2023-02-25,Milan,Luxury Watches,First-Time Buyer,Organic Search,1,11612,3637,11612,3637,7975,68.7
5004845,2023-02-25,New York,Luxury Watches,Gold,Exclusive Invite,1,11729,2090,11729,2090,9639,82.2
5003243,2023-02-25,Tokyo,Designer Handbags,First-Time Buyer,Paid Social,1,2928,966,2928,966,1962,67.0
5007543,2023-02-25,Paris,Luxury Watches,Gold,Organic Search,1,13214,3373,13214,3373,9841,74.5
5003972,2023-02-25,Dubai,Designer Handbags,First-Time Buyer,Walk-in,2,3659,1203,7318,2406,4912,67.1
5005011,2023-02-25,Milan,Luxury Watches,Silver,Exclusive Invite,1,14545,3161,14545,3161,11384,78.3
5000572,2023-02-25,Tokyo,Luxury Watches,Platinum (VIP),Walk-in,1,12592,3479,12592,3479,9113,72.4
5008891,2023-02-25,Dubai,Luxury Watches,First-Time Buyer,Walk-in,1,14898,3305,14898,3305,11593,77.8
5003040,2023-02-25,New York,Designer Handbags,First-Time Buyer,Walk-in,1,3256,583,3256,583,2673,82.1
5005755,2023-02-25,Dubai,Luxury Watches,First-Time Buyer,Organic Search,1,11487,2910,11487,2910,8577,74.7
5000674,2023-02-25,New York,Luxury Watches,Gold,Paid Social,1,13278,2039,13278,2039,11239,84.6
5008692,2023-02-25,Paris,Haute Fragrance,First-Time Buyer,Exclusive Invite,1,365,55,365,55,310,84.9
5000444,2023-02-26,New York,Designer Handbags,Silver,Paid Social,1,3110,923,3110,923,2187,70.3
5000575,2023-02-26,Dubai,Designer Handbags,Silver,Organic Search,1,2938,527,2938,527,2411,82.1
5006292,2023-02-26,New York,Fine Jewelry,First-Time Buyer,Organic Search,1,8890,2470,8890,2470,6420,72.2
5003621,2023-02-26,New York,Designer Handbags,Gold,Organic Search,1,3738,568,3738,568,3170,84.8
5006018,2023-02-26,Paris,Designer Handbags,First-Time Buyer,Organic Search,2,3189,861,6378,1722,4656,73.0
5008008,2023-02-26,Dubai,Luxury Watches,Silver,Walk-in,1,11645,3644,11645,3644,8001,68.7
5005001,2023-02-26,New York,Designer Handbags,First-Time Buyer,Walk-in,1,3722,759,3722,759,2963,79.6
5003966,2023-02-26,Tokyo,Luxury Watches,First-Time Buyer,Paid Social,3,14161,4276,42483,12828,29655,69.8
5009338,2023-02-26,Dubai,Haute Fragrance,First-Time Buyer,Paid Social,1,342,103,342,103,239,69.9
5000100,2023-02-26,Paris,Designer Handbags,First-Time Buyer,Walk-in,1,2905,968,2905,968,1937,66.7
5007882,2023-02-26,Tokyo,Luxury Watches,Gold,Paid Social,1,12480,3687,12480,3687,8793,70.5
5008465,2023-02-26,Milan,Luxury Watches,Silver,Walk-in,1,12124,2642,12124,2642,9482,78.2
5006363,2023-02-27,New York,Designer Handbags,Silver,Exclusive Invite,3,2926,550,8778,1650,7128,81.2
5003751,2023-02-27,Dubai,Designer Handbags,Gold,Organic Search,1,2980,641,2980,641,2339,78.5
5004510,2023-02-27,Tokyo,Luxury Watches,Silver,Organic Search,1,12695,4078,12695,4078,8617,67.9
5005943,2023-02-27,Milan,Fine Jewelry,First-Time Buyer,Organic Search,1,10008,2914,10008,2914,7094,70.9
5003438,2023-02-27,Milan,Luxury Watches,Silver,Paid Social,1,13185,2733,13185,2733,10452,79.3
5000093,2023-02-27,Tokyo,Luxury Watches,Silver,Organic Search,1,13141,2156,13141,2156,10985,83.6
5004545,2023-02-27,Paris,Luxury Watches,Platinum (VIP),Paid Social,2,11927,3534,23854,7068,16786,70.4
5006177,2023-02-27,New York,Luxury Watches,First-Time Buyer,Exclusive Invite,1,13140,2841,13140,2841,10299,78.4
5004117,2023-02-27,Dubai,Luxury Watches,Platinum (VIP),Exclusive Invite,2,12034,2693,24068,5386,18682,77.6
5004789,2023-02-27,Milan,Luxury Watches,Silver,Paid Social,2,13528,2937,27056,5874,21182,78.3
5003047,2023-02-27,New York,Designer Handbags,Platinum (VIP),Exclusive Invite,3,3767,656,11301,1968,9333,82.6
5007966,2023-02-27,Dubai,Luxury Watches,First-Time Buyer,Organic Search,1,11564,3730,11564,3730,7834,67.7
5008128,2023-02-27,New York,Designer Handbags,Silver,Paid Social,1,3491,576,3491,576,2915,83.5
5001940,2023-02-27,Paris,Fine Jewelry,First-Time Buyer,Paid Social,1,8724,1408,8724,1408,7316,83.9
5008288,2023-02-27,Dubai,Fine Jewelry,Silver,Organic Search,1,8169,1970,8169,1970,6199,75.9
5001645,2023-02-27,Milan,Fine Jewelry,First-Time Buyer,Paid Social,1,8912,1495,8912,1495,7417,83.2
5005276,2023-02-27,New York,Designer Handbags,First-Time Buyer,Paid Social,1,3475,902,3475,902,2573,74.0
5008720,2023-02-27,Paris,Designer Handbags,First-Time Buyer,Organic Search,1,3615,654,3615,654,2961,81.9
5007598,2023-02-27,Dubai,Luxury Watches,Gold,Walk-in,1,14913,5160,14913,5160,9753,65.4
5005091,2023-02-27,New York,Haute Fragrance,First-Time Buyer,Walk-in,1,323,96,323,96,227,70.3
5002906,2023-02-27,New York,Luxury Watches,Gold,Walk-in,1,13750,3025,13750,3025,10725,78.0
5000422,2023-02-27,Dubai,Haute Fragrance,First-Time Buyer,Organic Search,2,411,63,822,126,696,84.7
5000662,2023-02-27,Tokyo,Haute Fragrance,Gold,Walk-in,1,358,100,358,100,258,72.1
5000845,2023-02-27,Tokyo,Fine Jewelry,First-Time Buyer,Walk-in,1,10134,2474,10134,2474,7660,75.6
5009071,2023-02-27,Paris,Luxury Watches,First-Time Buyer,Paid Social,2,12051,3879,24102,7758,16344,67.8
5005176,2023-02-28,Dubai,Fine Jewelry,Gold,Organic Search,2,8152,1804,16304,3608,12696,77.9
5002249,2023-02-28,New York,Designer Handbags,First-Time Buyer,Walk-in,1,3618,830,3618,830,2788,77.1
5006777,2023-02-28,New York,Luxury Watches,First-Time Buyer,Paid Social,1,14695,3487,14695,3487,11208,76.3
5003862,2023-02-28,Paris,Fine Jewelry,Gold,Organic Search,1,9278,2124,9278,2124,7154,77.1
5000999,2023-02-28,Paris,Designer Handbags,Silver,Walk-in,1,3048,766,3048,766,2282,74.9
5004030,2023-02-28,Dubai,Haute Fragrance,First-Time Buyer,Organic Search,3,412,110,1236,330,906,73.3
5005074,2023-02-28,Tokyo,Luxury Watches,First-Time Buyer,Organic Search,1,14010,3233,14010,3233,10777,76.9
5002712,2023-02-28,New York,Luxury Watches,Silver,Exclusive Invite,1,12053,2172,12053,2172,9881,82.0
5009117,2023-02-28,New York,Luxury Watches,First-Time Buyer,Organic Search,2,12218,4191,24436,8382,16054,65.7
5006375,2023-02-28,Paris,Luxury Watches,Silver,Paid Social,2,11643,2096,23286,4192,19094,82.0
5006272,2023-02-28,Dubai,Fine Jewelry,Gold,Organic Search,1,10060,2722,10060,2722,7338,72.9
5008802,2023-02-28,New York,Fine Jewelry,Silver,Organic Search,2,8265,2370,16530,4740,11790,71.3
5001133,2023-02-28,New York,Designer Handbags,First-Time Buyer,Paid Social,3,3096,648,9288,1944,7344,79.1
5004129,2023-03-01,Paris,Fine Jewelry,First-Time Buyer,Organic Search,1,10037,2599,10037,2599,7438,74.1
5001057,2023-03-01,Tokyo,Luxury Watches,Platinum (VIP),Organic Search,1,14042,3897,14042,3897,10145,72.2
5000521,2023-03-01,Dubai,Luxury Watches,First-Time Buyer,Paid Social,1,13974,4558,13974,4558,9416,67.4
5000265,2023-03-01,Paris,Luxury Watches,Platinum (VIP),Walk-in,1,13064,2800,13064,2800,10264,78.6
5002260,2023-03-01,New York,Haute Fragrance,Silver,Organic Search,1,418,145,418,145,273,65.3
5001776,2023-03-01,Tokyo,Luxury Watches,Silver,Walk-in,1,14642,2286,14642,2286,12356,84.4
5004423,2023-03-01,New York,Haute Fragrance,Silver,Walk-in,2,395,73,790,146,644,81.5
5006025,2023-03-01,Milan,Luxury Watches,Gold,Organic Search,3,12207,4017,36621,12051,24570,67.1
5008745,2023-03-01,Paris,Designer Handbags,First-Time Buyer,Walk-in,1,3708,980,3708,980,2728,73.6
5002865,2023-03-01,Tokyo,Luxury Watches,First-Time Buyer,Organic Search,1,14395,2425,14395,2425,11970,83.2
5002043,2023-03-01,Dubai,Designer Handbags,Gold,Exclusive Invite,1,3766,947,3766,947,2819,74.9
5003480,2023-03-01,Paris,Designer Handbags,Silver,Paid Social,1,2922,632,2922,632,2290,78.4
5006986,2023-03-01,Paris,Haute Fragrance,Silver,Paid Social,2,409,89,818,178,640,78.2
5004764,2023-03-02,Dubai,Designer Handbags,First-Time Buyer,Organic Search,1,3460,594,3460,594,2866,82.8
5005155,2023-03-02,New York,Luxury Watches,Silver,Organic Search,1,14418,2944,14418,2944,11474,79.6
5009891,2023-03-02,New York,Designer Handbags,First-Time Buyer,Organic Search,1,3632,623,3632,623,3009,82.8
5008863,2023-03-02,Paris,Luxury Watches,Platinum (VIP),Organic Search,1,12845,2495,12845,2495,10350,80.6
5006626,2023-03-02,New York,Designer Handbags,Gold,Walk-in,1,3189,519,3189,519,2670,83.7
5001330,2023-03-02,Dubai,Designer Handbags,First-Time Buyer,Organic Search,1,3364,867,3364,867,2497,74.2
5005245,2023-03-02,Dubai,Designer Handbags,First-Time Buyer,Exclusive Invite,3,3447,1204,10341,3612,6729,65.1
5004071,2023-03-02,Paris,Haute Fragrance,First-Time Buyer,Walk-in,1,393,101,393,101,292,74.3
5008998,2023-03-02,New York,Designer Handbags,First-Time Buyer,Organic Search,1,3749,843,3749,843,2906,77.5
5001362,2023-03-02,Paris,Luxury Watches,First-Time Buyer,Walk-in,2,11846,2695,23692,5390,18302,77.2
5008748,2023-03-02,Paris,Fine Jewelry,First-Time Buyer,Walk-in,1,8360,1255,8360,1255,7105,85.0
5006412,2023-03-02,Milan,Luxury Watches,Gold,Walk-in,1,12235,3799,12235,3799,8436,68.9
5002799,2023-03-02,New York,Designer Handbags,First-Time Buyer,Organic Search,1,3422,687,3422,687,2735,79.9
5002847,2023-03-02,New York,Luxury Watches,First-Time Buyer,Organic Search,1,11444,2082,11444,2082,9362,81.8
5002590,2023-03-02,Paris,Luxury Watches,First-Time Buyer,Exclusive Invite,2,12663,2072,25326,4144,21182,83.6
5009758,2023-03-02,Paris,Fine Jewelry,Gold,Paid Social,1,8306,2151,8306,2151,6155,74.1
5002772,2023-03-02,Tokyo,Designer Handbags,First-Time Buyer,Walk-in,1,3430,1032,3430,1032,2398,69.9
5005837,2023-03-03,New York,Luxury Watches,Silver,Walk-in,1,12474,3441,12474,3441,9033,72.4
5002273,2023-03-03,Milan,Haute Fragrance,Gold,Organic Search,1,364,113,364,113,251,69.0
5004998,2023-03-03,Tokyo,Luxury Watches,Gold,Paid Social,1,11727,2899,11727,2899,8828,75.3
5001294,2023-03-03,New York,Haute Fragrance,Gold,Organic Search,1,327,89,327,89,238,72.8
5003339,2023-03-03,New York,Luxury Watches,Silver,Organic Search,1,12483,3339,12483,3339,9144,73.3
5001314,2023-03-03,Milan,Haute Fragrance,Silver,Paid Social,1,384,67,384,67,317,82.6
5004530,2023-03-03,Tokyo,Designer Handbags,Gold,Paid Social,1,3241,874,3241,874,2367,73.0
5001425,2023-03-03,Paris,Luxury Watches,Silver,Organic Search,1,11252,2281,11252,2281,8971,79.7
5008094,2023-03-03,Tokyo,Designer Handbags,Silver,Organic Search,1,3419,523,3419,523,2896,84.7
5005277,2023-03-03,New York,Luxury Watches,Gold,Exclusive Invite,1,14894,2236,14894,2236,12658,85.0
5004016,2023-03-03,New York,Haute Fragrance,First-Time Buyer,Walk-in,1,372,95,372,95,277,74.5
5000704,2023-03-03,Dubai,Luxury Watches,First-Time Buyer,Walk-in,1,14920,3166,14920,3166,11754,78.8
5007729,2023-03-03,Paris,Designer Handbags,Gold,Exclusive Invite,1,3218,886,3218,886,2332,72.5
5007321,2023-03-03,Dubai,Designer Handbags,First-Time Buyer,Organic Search,1,2967,735,2967,735,2232,75.2
5006244,2023-03-04,Paris,Fine Jewelry,Gold,Exclusive Invite,1,9539,2086,9539,2086,7453,78.1
5003654,2023-03-04,Dubai,Fine Jewelry,Silver,Organic Search,1,8123,2384,8123,2384,5739,70.7
5007205,2023-03-04,Milan,Luxury Watches,Silver,Exclusive Invite,1,13383,2009,13383,2009,11374,85.0
5005588,2023-03-04,Paris,Designer Handbags,First-Time Buyer,Organic Search,1,3695,955,3695,955,2740,74.2
5001796,2023-03-04,New York,Designer Handbags,First-Time Buyer,Organic Search,1,3005,679,3005,679,2326,77.4
5003607,2023-03-04,New York,Luxury Watches,Platinum (VIP),Paid Social,1,13678,3001,13678,3001,10677,78.1
5004239,2023-03-04,New York,Fine Jewelry,Platinum (VIP),Exclusive Invite,1,7864,2426,7864,2426,5438,69.2
5000257,2023-03-04,Dubai,Designer Handbags,First-Time Buyer,Walk-in,1,3314,1144,3314,1144,2170,65.5
5001094,2023-03-04,Dubai,Luxury Watches,First-Time Buyer,Organic Search,1,14664,4123,14664,4123,10541,71.9
5007041,2023-03-04,Dubai,Fine Jewelry,First-Time Buyer,Organic Search,2,7892,2258,15784,4516,11268,71.4
5000787,2023-03-04,Paris,Haute Fragrance,First-Time Buyer,Paid Social,1,376,63,376,63,313,83.2
5005646,2023-03-04,Tokyo,Luxury Watches,First-Time Buyer,Organic Search,2,13973,3400,27946,6800,21146,75.7
5006095,2023-03-04,Paris,Luxury Watches,First-Time Buyer,Paid Social,1,12567,4330,12567,4330,8237,65.5
5004338,2023-03-04,Milan,Luxury Watches,First-Time Buyer,Walk-in,1,13165,2673,13165,2673,10492,79.7
5002272,2023-03-04,New York,Luxury Watches,First-Time Buyer,Organic Search,1,13835,3638,13835,3638,10197,73.7
5007338,2023-03-04,Dubai,Designer Handbags,Gold,Exclusive Invite,1,3166,1098,3166,1098,2068,65.3
5002430,2023-03-05,Paris,Luxury Watches,Platinum (VIP),Paid Social,1,13734,2143,13734,2143,11591,84.4
5000681,2023-03-05,Paris,Haute Fragrance,Silver,Walk-in,1,342,97,342,97,245,71.6
5005840,2023-03-05,Tokyo,Designer Handbags,First-Time Buyer,Walk-in,1,3516,622,3516,622,2894,82.3
5003846,2023-03-05,Paris,Haute Fragrance,First-Time Buyer,Paid Social,1,322,92,322,92,230,71.4
5005403,2023-03-05,Tokyo,Luxury Watches,First-Time Buyer,Exclusive Invite,1,11849,3443,11849,3443,8406,70.9
5007698,2023-03-05,Paris,Designer Handbags,Silver,Organic Search,1,3648,885,3648,885,2763,75.7
5004042,2023-03-05,Tokyo,Fine Jewelry,Gold,Organic Search,1,8229,2174,8229,2174,6055,73.6
5007150,2023-03-05,New York,Fine Jewelry,First-Time Buyer,Organic Search,1,8351,1899,8351,1899,6452,77.3
5008507,2023-03-05,Tokyo,Fine Jewelry,Platinum (VIP),Walk-in,1,7982,2024,7982,2024,5958,74.6
5006509,2023-03-05,New York,Designer Handbags,Silver,Walk-in,1,3014,556,3014,556,2458,81.6
5001661,2023-03-05,Paris,Fine Jewelry,Silver,Paid Social,1,9956,3085,9956,3085,6871,69.0
5003448,2023-03-05,Tokyo,Luxury Watches,Platinum (VIP),Paid Social,1,14541,3731,14541,3731,10810,74.3
5003513,2023-03-05,New York,Fine Jewelry,Platinum (VIP),Organic Search,1,9688,2282,9688,2282,7406,76.4
5003532,2023-03-05,Milan,Designer Handbags,Silver,Walk-in,1,2945,517,2945,517,2428,82.4
5007083,2023-03-05,Paris,Fine Jewelry,Silver,Paid Social,1,9648,1785,9648,1785,7863,81.5
5000240,2023-03-05,New York,Designer Handbags,First-Time Buyer,Walk-in,1,3443,615,3443,615,2828,82.1
5000952,2023-03-05,Tokyo,Fine Jewelry,Platinum (VIP),Organic Search,3,8051,1398,24153,4194,19959,82.6
5009795,2023-03-05,New York,Haute Fragrance,First-Time Buyer,Exclusive Invite,3,330,54,990,162,828,83.6
5003141,2023-03-05,Tokyo,Designer Handbags,First-Time Buyer,Walk-in,1,3698,651,3698,651,3047,82.4
5008365,2023-03-06,Dubai,Designer Handbags,Platinum (VIP),Exclusive Invite,1,3244,738,3244,738,2506,77.3
5004310,2023-03-06,New York,Designer Handbags,First-Time Buyer,Paid Social,1,2916,764,2916,764,2152,73.8
5002879,2023-03-06,New York,Luxury Watches,Gold,Organic Search,1,13144,4234,13144,4234,8910,67.8
5001009,2023-03-06,Tokyo,Fine Jewelry,Silver,Walk-in,1,8974,2033,8974,2033,6941,77.3
5001283,2023-03-06,New York,Luxury Watches,Gold,Organic Search,1,13203,4282,13203,4282,8921,67.6
5003336,2023-03-06,Paris,Designer Handbags,Platinum (VIP),Walk-in,1,3351,746,3351,746,2605,77.7
5001537,2023-03-06,Dubai,Fine Jewelry,First-Time Buyer,Organic Search,1,9541,1587,9541,1587,7954,83.4
5005379,2023-03-06,Tokyo,Fine Jewelry,First-Time Buyer,Exclusive Invite,1,8584,2558,8584,2558,6026,70.2
5005706,2023-03-06,Milan,Luxury Watches,Gold,Paid Social,1,13069,4467,13069,4467,8602,65.8
5009765,2023-03-06,New York,Designer Handbags,Silver,Organic Search,1,3594,619,3594,619,2975,82.8
5000957,2023-03-06,Milan,Haute Fragrance,Gold,Paid Social,1,356,119,356,119,237,66.6
5001423,2023-03-06,Milan,Luxury Watches,First-Time Buyer,Walk-in,1,12541,2894,12541,2894,9647,76.9
5000195,2023-03-06,Paris,Luxury Watches,Gold,Walk-in,1,13018,3399,13018,3399,9619,73.9
5005200,2023-03-06,Tokyo,Designer Handbags,First-Time Buyer,Organic Search,1,3393,1158,3393,1158,2235,65.9
5005770,2023-03-06,New York,Fine Jewelry,Silver,Paid Social,1,8279,2889,8279,2889,5390,65.1
5006629,2023-03-06,Paris,Designer Handbags,First-Time Buyer,Paid Social,1,3604,640,3604,640,2964,82.2
5002235,2023-03-06,Milan,Fine Jewelry,Silver,Organic Search,1,8791,1361,8791,1361,7430,84.5
5001549,2023-03-07,Paris,Haute Fragrance,First-Time Buyer,Paid Social,2,388,87,776,174,602,77.6
5007695,2023-03-07,Tokyo,Fine Jewelry,First-Time Buyer,Paid Social,1,9201,3191,9201,3191,6010,65.3
5005202,2023-03-07,Paris,Designer Handbags,First-Time Buyer,Walk-in,1,3644,1211,3644,1211,2433,66.8
5005533,2023-03-07,Milan,Luxury Watches,First-Time Buyer,Organic Search,1,13030,3174,13030,3174,9856,75.6
5001472,2023-03-07,Paris,Luxury Watches,First-Time Buyer,Organic Search,3,14275,4140,42825,12420,30405,71.0
5007235,2023-03-07,Paris,Designer Handbags,First-Time Buyer,Paid Social,1,2973,478,2973,478,2495,83.9
5002075,2023-03-07,New York,Designer Handbags,Silver,Paid Social,1,3054,521,3054,521,2533,82.9
5007709,2023-03-07,Milan,Luxury Watches,Gold,Paid Social,1,12602,2714,12602,2714,9888,78.5
5004398,2023-03-07,Paris,Luxury Watches,Silver,Exclusive Invite,1,11596,2992,11596,2992,8604,74.2
5001182,2023-03-07,Milan,Luxury Watches,First-Time Buyer,Paid Social,2,11695,2910,23390,5820,17570,75.1
5000585,2023-03-07,Paris,Luxury Watches,First-Time Buyer,Walk-in,1,12377,3596,12377,3596,8781,70.9
5006120,2023-03-07,Tokyo,Haute Fragrance,Silver,Organic Search,1,412,107,412,107,305,74.0
5001984,2023-03-07,Paris,Fine Jewelry,Silver,Walk-in,3,8123,1537,24369,4611,19758,81.1
5000687,2023-03-07,Tokyo,Haute Fragrance,First-Time Buyer,Walk-in,1,342,116,342,116,226,66.1
5006906,2023-03-07,New York,Designer Handbags,Platinum (VIP),Organic Search,1,3405,1133,3405,1133,2272,66.7
5007740,2023-03-08,New York,Designer Handbags,First-Time Buyer,Organic Search,1,3451,991,3451,991,2460,71.3
5000530,2023-03-08,Dubai,Designer Handbags,Gold,Organic Search,3,2995,470,8985,1410,7575,84.3
5004993,2023-03-08,Dubai,Fine Jewelry,First-Time Buyer,Paid Social,1,10093,3339,10093,3339,6754,66.9
5006857,2023-03-08,New York,Designer Handbags,Platinum (VIP),Walk-in,1,3207,1087,3207,1087,2120,66.1
5008010,2023-03-08,Milan,Fine Jewelry,Silver,Paid Social,1,9914,3018,9914,3018,6896,69.6
5006419,2023-03-08,Paris,Designer Handbags,First-Time Buyer,Walk-in,1,3500,956,3500,956,2544,72.7
5005449,2023-03-08,Dubai,Luxury Watches,Silver,Walk-in,1,12275,2147,12275,2147,10128,82.5
5007078,2023-03-08,Paris,Luxury Watches,Silver,Organic Search,1,13312,3141,13312,3141,10171,76.4
5007533,2023-03-08,Paris,Haute Fragrance,First-Time Buyer,Walk-in,1,410,65,410,65,345,84.1
5007686,2023-03-08,Milan,Haute Fragrance,First-Time Buyer,Walk-in,1,335,111,335,111,224,66.9
5006594,2023-03-08,Milan,Fine Jewelry,First-Time Buyer,Organic Search,1,9532,2879,9532,2879,6653,69.8
5000454,2023-03-09,Milan,Luxury Watches,First-Time Buyer,Exclusive Invite,1,12436,2906,12436,2906,9530,76.6
5000351,2023-03-09,Milan,Designer Handbags,Silver,Organic Search,1,3628,680,3628,680,2948,81.3
5001737,2023-03-09,Paris,Fine Jewelry,Silver,Walk-in,1,9202,1772,9202,1772,7430,80.7
5006533,2023-03-09,Milan,Designer Handbags,First-Time Buyer,Paid Social,1,3321,1127,3321,1127,2194,66.1
5007653,2023-03-09,New York,Haute Fragrance,Platinum (VIP),Organic Search,1,382,76,382,76,306,80.1
5007343,2023-03-09,Paris,Designer Handbags,Silver,Organic Search,1,3139,538,3139,538,2601,82.9
5005165,2023-03-09,New York,Fine Jewelry,First-Time Buyer,Paid Social,1,10127,2575,10127,2575,7552,74.6
5009216,2023-03-09,Dubai,Luxury Watches,Silver,Organic Search,1,12572,2915,12572,2915,9657,76.8
5005804,2023-03-09,Paris,Designer Handbags,First-Time Buyer,Walk-in,3,3523,938,10569,2814,7755,73.4
5009397,2023-03-09,Milan,Designer Handbags,First-Time Buyer,Organic Search,1,3371,1134,3371,1134,2237,66.4
5003759,2023-03-09,Tokyo,Luxury Watches,Platinum (VIP),Organic Search,1,11978,2723,11978,2723,9255,77.3
5009701,2023-03-09,Tokyo,Fine Jewelry,Platinum (VIP),Paid Social,1,10053,1945,10053,1945,8108,80.7
5003769,2023-03-10,Milan,Designer Handbags,Silver,Organic Search,1,3317,798,3317,798,2519,75.9
5002037,2023-03-10,New York,Fine Jewelry,Silver,Walk-in,1,8443,2936,8443,2936,5507,65.2
5002002,2023-03-10,Dubai,Luxury Watches,Silver,Paid Social,1,11878,3096,11878,3096,8782,73.9
5008050,2023-03-10,New York,Fine Jewelry,Platinum (VIP),Organic Search,1,8500,2032,8500,2032,6468,76.1
5009633,2023-03-10,New York,Fine Jewelry,Silver,Organic Search,1,9969,3111,9969,3111,6858,68.8
5003588,2023-03-10,Paris,Luxury Watches,Silver,Paid Social,1,11524,2557,11524,2557,8967,77.8
5001779,2023-03-10,Paris,Haute Fragrance,Silver,Paid Social,1,322,60,322,60,262,81.4
5002593,2023-03-10,Tokyo,Fine Jewelry,Silver,Paid Social,3,9057,2304,27171,6912,20259,74.6
5004163,2023-03-10,Dubai,Haute Fragrance,Platinum (VIP),Paid Social,1,369,56,369,56,313,84.8
5005377,2023-03-11,Tokyo,Fine Jewelry,First-Time Buyer,Exclusive Invite,1,9193,1657,9193,1657,7536,82.0
5003580,2023-03-11,Paris,Designer Handbags,Platinum (VIP),Paid Social,1,3406,877,3406,877,2529,74.3
5008893,2023-03-11,Paris,Designer Handbags,First-Time Buyer,Walk-in,1,2962,637,2962,637,2325,78.5
5003350,2023-03-11,New York,Luxury Watches,Silver,Organic Search,1,14164,3143,14164,3143,11021,77.8
5006300,2023-03-11,New York,Designer Handbags,First-Time Buyer,Paid Social,1,3493,1193,3493,1193,2300,65.8
5000698,2023-03-11,Tokyo,Luxury Watches,First-Time Buyer,Organic Search,1,12500,2881,12500,2881,9619,77.0
5003523,2023-03-11,Paris,Designer Handbags,Silver,Organic Search,1,2989,948,2989,948,2041,68.3
5007934,2023-03-11,New York,Fine Jewelry,Silver,Organic Search,1,9928,1878,9928,1878,8050,81.1
5004445,2023-03-11,Dubai,Luxury Watches,Silver,Paid Social,1,12905,2056,12905,2056,10849,84.1
5004298,2023-03-11,Paris,Luxury Watches,First-Time Buyer,Organic Search,1,13698,4415,13698,4415,9283,67.8
5001623,2023-03-11,Paris,Fine Jewelry,First-Time Buyer,Paid Social,1,8269,2623,8269,2623,5646,68.3
5005289,2023-03-11,New York,Fine Jewelry,Silver,Walk-in,1,9233,2544,9233,2544,6689,72.4
5008602,2023-03-11,Paris,Designer Handbags,First-Time Buyer,Paid Social,1,3107,875,3107,875,2232,71.8
5001398,2023-03-11,Paris,Designer Handbags,Platinum (VIP),Paid Social,1,3000,885,3000,885,2115,70.5
5002127,2023-03-11,New York,Haute Fragrance,Silver,Walk-in,1,321,82,321,82,239,74.5
5006825,2023-03-12,Tokyo,Luxury Watches,Gold,Walk-in,1,14481,3748,14481,3748,10733,74.1
5006221,2023-03-12,New York,Designer Handbags,Gold,Walk-in,1,3719,648,3719,648,3071,82.6
5001080,2023-03-12,Paris,Designer Handbags,First-Time Buyer,Paid Social,2,3619,870,7238,1740,5498,76.0
5004278,2023-03-12,Dubai,Designer Handbags,First-Time Buyer,Organic Search,1,2993,857,2993,857,2136,71.4
5007842,2023-03-12,Dubai,Haute Fragrance,First-Time Buyer,Organic Search,1,394,92,394,92,302,76.6
5006532,2023-03-12,Tokyo,Luxury Watches,First-Time Buyer,Organic Search,1,14880,4490,14880,4490,10390,69.8
5009244,2023-03-12,Paris,Haute Fragrance,Platinum (VIP),Organic Search,3,415,110,1245,330,915,73.5
5007993,2023-03-13,Paris,Designer Handbags,First-Time Buyer,Organic Search,1,3741,1048,3741,1048,2693,72.0
5006466,2023-03-13,Tokyo,Designer Handbags,Platinum (VIP),Organic Search,1,2997,465,2997,465,2532,84.5
5009450,2023-03-13,Paris,Fine Jewelry,First-Time Buyer,Organic Search,1,8134,2389,8134,2389,5745,70.6
5003095,2023-03-13,Paris,Luxury Watches,First-Time Buyer,Paid Social,1,11911,2254,11911,2254,9657,81.1
5002423,2023-03-13,New York,Luxury Watches,Silver,Organic Search,2,13485,2404,26970,4808,22162,82.2
5002781,2023-03-13,Paris,Haute Fragrance,Gold,Exclusive Invite,1,413,129,413,129,284,68.8
5001738,2023-03-13,Paris,Designer Handbags,First-Time Buyer,Organic Search,2,3440,718,6880,1436,5444,79.1
5002248,2023-03-13,Paris,Luxury Watches,Gold,Organic Search,2,12095,3392,24190,6784,17406,72.0
5003190,2023-03-13,New York,Fine Jewelry,Silver,Paid Social,1,8925,2139,8925,2139,6786,76.0
5001212,2023-03-14,Milan,Fine Jewelry,Silver,Organic Search,1,7703,2142,7703,2142,5561,72.2
5008650,2023-03-14,Dubai,Designer Handbags,Gold,Walk-in,1,3732,1301,3732,1301,2431,65.1
5003002,2023-03-14,Paris,Designer Handbags,Silver,Walk-in,1,3626,556,3626,556,3070,84.7
5006285,2023-03-14,Dubai,Haute Fragrance,Silver,Organic Search,1,348,107,348,107,241,69.3
5000430,2023-03-14,Paris,Haute Fragrance,Silver,Paid Social,1,398,119,398,119,279,70.1
5001611,2023-03-14,Tokyo,Luxury Watches,Silver,Walk-in,2,11398,2271,22796,4542,18254,80.1
5005398,2023-03-14,Dubai,Designer Handbags,First-Time Buyer,Paid Social,1,3349,893,3349,893,2456,73.3
5001531,2023-03-14,New York,Designer Handbags,First-Time Buyer,Walk-in,1,3578,942,3578,942,2636,73.7
5008586,2023-03-14,Paris,Haute Fragrance,Platinum (VIP),Organic Search,1,369,122,369,122,247,66.9
5004921,2023-03-14,New York,Designer Handbags,Gold,Organic Search,3,3141,993,9423,2979,6444,68.4
5008322,2023-03-14,New York,Designer Handbags,Silver,Walk-in,1,3552,784,3552,784,2768,77.9
5003061,2023-03-14,New York,Luxury Watches,Silver,Exclusive Invite,1,11801,3828,11801,3828,7973,67.6
5008393,2023-03-14,New York,Fine Jewelry,Silver,Walk-in,1,9580,2410,9580,2410,7170,74.8
5006541,2023-03-14,New York,Fine Jewelry,Silver,Organic Search,2,9921,3058,19842,6116,13726,69.2
5000406,2023-03-15,Tokyo,Luxury Watches,Gold,Organic Search,1,14463,2782,14463,2782,11681,80.8
5009739,2023-03-15,New York,Designer Handbags,Silver,Organic Search,1,3646,673,3646,673,2973,81.5
5008858,2023-03-15,Dubai,Designer Handbags,Platinum (VIP),Organic Search,1,3018,825,3018,825,2193,72.7
5005647,2023-03-15,Milan,Designer Handbags,Silver,Paid Social,1,2922,878,2922,878,2044,70.0
5009807,2023-03-15,New York,Haute Fragrance,First-Time Buyer,Organic Search,1,357,119,357,119,238,66.7
5000058,2023-03-15,New York,Haute Fragrance,Silver,Exclusive Invite,1,398,130,398,130,268,67.3
5000870,2023-03-15,Tokyo,Haute Fragrance,First-Time Buyer,Organic Search,1,380,103,380,103,277,72.9
5009838,2023-03-15,New York,Designer Handbags,Silver,Paid Social,1,3446,1127,3446,1127,2319,67.3
5004064,2023-03-15,Paris,Luxury Watches,First-Time Buyer,Paid Social,1,14720,3498,14720,3498,11222,76.2
5006583,2023-03-15,Milan,Luxury Watches,Gold,Walk-in,1,12733,3286,12733,3286,9447,74.2
5004819,2023-03-15,Milan,Designer Handbags,First-Time Buyer,Exclusive Invite,1,3143,789,3143,789,2354,74.9
5008148,2023-03-15,Paris,Designer Handbags,First-Time Buyer,Organic Search,2,3149,948,6298,1896,4402,69.9
5007332,2023-03-15,Tokyo,Haute Fragrance,Platinum (VIP),Organic Search,2,322,62,644,124,520,80.7
5008932,2023-03-15,Dubai,Luxury Watches,Platinum (VIP),Organic Search,1,11867,4003,11867,4003,7864,66.3
5004772,2023-03-16,Milan,Haute Fragrance,Silver,Organic Search,1,357,80,357,80,277,77.6
5008476,2023-03-16,Paris,Designer Handbags,Gold,Paid Social,1,3656,551,3656,551,3105,84.9
5002506,2023-03-16,Milan,Luxury Watches,First-Time Buyer,Walk-in,1,14173,3727,14173,3727,10446,73.7
5005986,2023-03-16,Tokyo,Luxury Watches,Gold,Paid Social,1,13484,2954,13484,2954,10530,78.1
5007007,2023-03-16,New York,Designer Handbags,First-Time Buyer,Organic Search,1,3460,795,3460,795,2665,77.0
5003536,2023-03-16,Paris,Designer Handbags,First-Time Buyer,Paid Social,1,3395,836,3395,836,2559,75.4
5003819,2023-03-16,Dubai,Luxury Watches,First-Time Buyer,Paid Social,1,12650,2369,12650,2369,10281,81.3
5003660,2023-03-16,Paris,Fine Jewelry,First-Time Buyer,Organic Search,1,10149,2202,10149,2202,7947,78.3
5000921,2023-03-16,Paris,Luxury Watches,Silver,Paid Social,1,14104,3699,14104,3699,10405,73.8
5004687,2023-03-16,New York,Designer Handbags,Gold,Paid Social,1,3226,599,3226,599,2627,81.4
5000261,2023-03-16,Paris,Fine Jewelry,Gold,Exclusive Invite,2,10100,3060,20200,6120,14080,69.7
5007595,2023-03-16,New York,Designer Handbags,First-Time Buyer,Organic Search,1,3364,1089,3364,1089,2275,67.6
5001230,2023-03-16,Tokyo,Designer Handbags,First-Time Buyer,Organic Search,1,3806,758,3806,758,3048,80.1
5002987,2023-03-16,New York,Designer Handbags,Gold,Walk-in,1,3144,759,3144,759,2385,75.9
5000089,2023-03-16,Dubai,Luxury Watches,Silver,Walk-in,1,11539,2659,11539,2659,8880,77.0
5005604,2023-03-16,New York,Haute Fragrance,Gold,Walk-in,1,330,105,330,105,225,68.2
5005778,2023-03-16,New York,Designer Handbags,Silver,Paid Social,1,3788,860,3788,860,2928,77.3
5007032,2023-03-17,New York,Designer Handbags,Gold,Walk-in,1,3276,771,3276,771,2505,76.5
5002326,2023-03-17,Paris,Designer Handbags,Gold,Walk-in,1,3090,860,3090,860,2230,72.2
5000767,2023-03-17,Paris,Haute Fragrance,Gold,Exclusive Invite,1,414,120,414,120,294,71.0
5002093,2023-03-17,New York,Designer Handbags,First-Time Buyer,Organic Search,1,3200,871,3200,871,2329,72.8
5008853,2023-03-17,Paris,Fine Jewelry,First-Time Buyer,Exclusive Invite,1,8891,1669,8891,1669,7222,81.2
5005622,2023-03-17,Milan,Fine Jewelry,Platinum (VIP),Organic Search,2,8550,1851,17100,3702,13398,78.4
5001201,2023-03-17,New York,Designer Handbags,Gold,Exclusive Invite,2,3286,560,6572,1120,5452,83.0
5008961,2023-03-17,Tokyo,Designer Handbags,First-Time Buyer,Organic Search,1,3149,1086,3149,1086,2063,65.5
5002872,2023-03-17,Paris,Designer Handbags,Silver,Walk-in,1,3531,1183,3531,1183,2348,66.5
5006051,2023-03-17,Paris,Luxury Watches,First-Time Buyer,Organic Search,1,13069,2798,13069,2798,10271,78.6
5001018,2023-03-17,Paris,Designer Handbags,First-Time Buyer,Organic Search,1,3718,831,3718,831,2887,77.6
5007446,2023-03-17,New York,Designer Handbags,First-Time Buyer,Organic Search,1,3483,861,3483,861,2622,75.3
5003890,2023-03-18,Paris,Haute Fragrance,First-Time Buyer,Organic Search,2,390,91,780,182,598,76.7
5008297,2023-03-18,Dubai,Haute Fragrance,Silver,Organic Search,1,414,109,414,109,305,73.7
5005211,2023-03-18,Tokyo,Luxury Watches,Gold,Walk-in,1,13406,3221,13406,3221,10185,76.0
5001012,2023-03-18,Milan,Fine Jewelry,Silver,Walk-in,2,7846,2458,15692,4916,10776,68.7
5001205,2023-03-18,Tokyo,Designer Handbags,First-Time Buyer,Organic Search,2,3763,814,7526,1628,5898,78.4
5008193,2023-03-18,Dubai,Fine Jewelry,Silver,Exclusive Invite,1,7891,1949,7891,1949,5942,75.3
5008445,2023-03-18,Tokyo,Luxury Watches,Gold,Paid Social,3,11882,3408,35646,10224,25422,71.3
5007977,2023-03-18,Paris,Haute Fragrance,Silver,Walk-in,1,340,112,340,112,228,67.1
5006645,2023-03-19,Milan,Haute Fragrance,First-Time Buyer,Paid Social,1,327,84,327,84,243,74.3
5002880,2023-03-19,Paris,Luxury Watches,Silver,Organic Search,1,13291,2021,13291,2021,11270,84.8
5009605,2023-03-19,Tokyo,Designer Handbags,Silver,Organic Search,1,3688,797,3688,797,2891,78.4
5003608,2023-03-19,Dubai,Haute Fragrance,Platinum (VIP),Paid Social,1,372,122,372,122,250,67.2
5003258,2023-03-19,New York,Fine Jewelry,First-Time Buyer,Organic Search,1,8176,1496,8176,1496,6680,81.7
5003859,2023-03-19,New York,Designer Handbags,Gold,Walk-in,1,2944,663,2944,663,2281,77.5
5000869,2023-03-19,New York,Luxury Watches,First-Time Buyer,Walk-in,1,14590,4290,14590,4290,10300,70.6
5009461,2023-03-19,Dubai,Luxury Watches,Silver,Paid Social,1,12828,2820,12828,2820,10008,78.0
5005292,2023-03-19,Tokyo,Fine Jewelry,Gold,Walk-in,1,9873,3015,9873,3015,6858,69.5
5005601,2023-03-19,Tokyo,Luxury Watches,Gold,Walk-in,2,12796,3135,25592,6270,19322,75.5
5005884,2023-03-20,New York,Fine Jewelry,Gold,Paid Social,1,8499,1706,8499,1706,6793,79.9
5000835,2023-03-20,New York,Designer Handbags,Gold,Organic Search,1,3819,1292,3819,1292,2527,66.2
5009944,2023-03-20,Milan,Luxury Watches,First-Time Buyer,Walk-in,2,14532,2949,29064,5898,23166,79.7
5000881,2023-03-20,New York,Luxury Watches,Silver,Walk-in,3,13967,4307,41901,12921,28980,69.2
5006891,2023-03-20,Milan,Fine Jewelry,Silver,Organic Search,1,8235,2795,8235,2795,5440,66.1
5008162,2023-03-20,Tokyo,Designer Handbags,First-Time Buyer,Walk-in,1,3066,685,3066,685,2381,77.7
5009384,2023-03-20,Tokyo,Luxury Watches,Silver,Organic Search,1,11415,3463,11415,3463,7952,69.7
5005098,2023-03-20,Milan,Fine Jewelry,First-Time Buyer,Organic Search,1,9709,1998,9709,1998,7711,79.4
5005642,2023-03-20,Dubai,Haute Fragrance,Gold,Walk-in,1,316,82,316,82,234,74.1
5002132,2023-03-20,Paris,Haute Fragrance,First-Time Buyer,Paid Social,1,361,120,361,120,241,66.8
5006981,2023-03-20,New York,Designer Handbags,Gold,Organic Search,1,3802,581,3802,581,3221,84.7
5009370,2023-03-20,Paris,Luxury Watches,Silver,Organic Search,1,11875,2257,11875,2257,9618,81.0
5001789,2023-03-20,Paris,Luxury Watches,First-Time Buyer,Organic Search,1,13298,4300,13298,4300,8998,67.7
5002570,2023-03-21,Dubai,Fine Jewelry,First-Time Buyer,Paid Social,1,8162,2195,8162,2195,5967,73.1
5003378,2023-03-21,Tokyo,Designer Handbags,First-Time Buyer,Paid Social,1,3078,988,3078,988,2090,67.9
5005485,2023-03-21,New York,Fine Jewelry,Silver,Organic Search,1,8692,2362,8692,2362,6330,72.8
5000852,2023-03-21,Milan,Designer Handbags,First-Time Buyer,Paid Social,1,3370,752,3370,752,2618,77.7
5000098,2023-03-21,New York,Luxury Watches,Silver,Exclusive Invite,1,13538,3644,13538,3644,9894,73.1
5001360,2023-03-21,Paris,Fine Jewelry,Gold,Organic Search,1,9755,1566,9755,1566,8189,83.9
5003578,2023-03-21,Dubai,Fine Jewelry,Gold,Walk-in,1,9399,1666,9399,1666,7733,82.3
5006953,2023-03-21,Tokyo,Luxury Watches,First-Time Buyer,Walk-in,1,12856,2818,12856,2818,10038,78.1
5000296,2023-03-21,New York,Luxury Watches,First-Time Buyer,Paid Social,2,12076,2190,24152,4380,19772,81.9
5008150,2023-03-21,Milan,Fine Jewelry,Silver,Paid Social,1,9053,2126,9053,2126,6927,76.5
5008271,2023-03-21,Milan,Designer Handbags,First-Time Buyer,Paid Social,1,3810,1090,3810,1090,2720,71.4
5009033,2023-03-22,Paris,Designer Handbags,Gold,Walk-in,1,3735,1210,3735,1210,2525,67.6
5004887,2023-03-22,Tokyo,Designer Handbags,First-Time Buyer,Organic Search,1,3386,868,3386,868,2518,74.4
5000072,2023-03-22,Tokyo,Fine Jewelry,Gold,Walk-in,3,8718,2821,26154,8463,17691,67.6
5000576,2023-03-22,Paris,Designer Handbags,Gold,Walk-in,1,3571,1000,3571,1000,2571,72.0
5008217,2023-03-22,New York,Fine Jewelry,Platinum (VIP),Exclusive Invite,3,8884,2966,26652,8898,17754,66.6
5008239,2023-03-22,Paris,Designer Handbags,Silver,Organic Search,3,3545,1006,10635,3018,7617,71.6
5008682,2023-03-22,Milan,Designer Handbags,First-Time Buyer,Walk-in,1,3194,666,3194,666,2528,79.1
5005543,2023-03-22,Dubai,Designer Handbags,Gold,Walk-in,1,3095,688,3095,688,2407,77.8
5001897,2023-03-22,New York,Fine Jewelry,First-Time Buyer,Paid Social,1,8812,2246,8812,2246,6566,74.5
5007155,2023-03-22,Dubai,Haute Fragrance,First-Time Buyer,Walk-in,1,347,91,347,91,256,73.8
5002419,2023-03-22,Milan,Fine Jewelry,Silver,Walk-in,1,7661,1625,7661,1625,6036,78.8
5008158,2023-03-23,Tokyo,Haute Fragrance,Silver,Organic Search,1,356,71,356,71,285,80.1
5001152,2023-03-23,Dubai,Haute Fragrance,First-Time Buyer,Walk-in,1,354,107,354,107,247,69.8
5000123,2023-03-23,Tokyo,Designer Handbags,First-Time Buyer,Paid Social,1,3147,701,3147,701,2446,77.7
5007433,2023-03-23,New York,Haute Fragrance,First-Time Buyer,Organic Search,1,396,135,396,135,261,65.9
5006448,2023-03-23,Milan,Haute Fragrance,Gold,Exclusive Invite,1,376,112,376,112,264,70.2
5000023,2023-03-23,Tokyo,Luxury Watches,First-Time Buyer,Organic Search,1,13827,2697,13827,2697,11130,80.5
5001639,2023-03-23,Paris,Luxury Watches,Silver,Organic Search,1,11842,2766,11842,2766,9076,76.6
5000635,2023-03-23,Tokyo,Fine Jewelry,First-Time Buyer,Paid Social,3,8579,2622,25737,7866,17871,69.4
5000465,2023-03-23,Milan,Fine Jewelry,First-Time Buyer,Exclusive Invite,1,9818,1734,9818,1734,8084,82.3
5001964,2023-03-23,Paris,Designer Handbags,Silver,Organic Search,1,3453,792,3453,792,2661,77.1
5002915,2023-03-23,Tokyo,Fine Jewelry,First-Time Buyer,Walk-in,2,9182,2671,18364,5342,13022,70.9
5003628,2023-03-23,Dubai,Fine Jewelry,Gold,Walk-in,1,9567,2436,9567,2436,7131,74.5
5008601,2023-03-23,Tokyo,Luxury Watches,First-Time Buyer,Paid Social,1,11764,2690,11764,2690,9074,77.1
5002749,2023-03-23,Dubai,Fine Jewelry,First-Time Buyer,Organic Search,3,7875,2692,23625,8076,15549,65.8
5008460,2023-03-24,Dubai,Luxury Watches,Gold,Paid Social,1,13870,2553,13870,2553,11317,81.6
5002315,2023-03-24,Tokyo,Luxury Watches,First-Time Buyer,Organic Search,1,11885,2130,11885,2130,9755,82.1
5005349,2023-03-24,Tokyo,Luxury Watches,Gold,Organic Search,1,12425,2063,12425,2063,10362,83.4
5001081,2023-03-24,Paris,Designer Handbags,Gold,Organic Search,1,3455,1080,3455,1080,2375,68.7
5008027,2023-03-24,Tokyo,Designer Handbags,Silver,Organic Search,1,3699,1279,3699,1279,2420,65.4
5001188,2023-03-24,Tokyo,Haute Fragrance,Silver,Walk-in,1,360,90,360,90,270,75.0
5007730,2023-03-24,Tokyo,Haute Fragrance,First-Time Buyer,Organic Search,1,368,83,368,83,285,77.4
5002674,2023-03-24,New York,Designer Handbags,Silver,Exclusive Invite,1,2905,791,2905,791,2114,72.8
5007145,2023-03-24,Tokyo,Designer Handbags,Silver,Organic Search,2,3429,575,6858,1150,5708,83.2
5007912,2023-03-24,Milan,Luxury Watches,Gold,Organic Search,1,13089,3207,13089,3207,9882,75.5
5007810,2023-03-24,Dubai,Haute Fragrance,First-Time Buyer,Paid Social,1,338,85,338,85,253,74.9
5008803,2023-03-24,Paris,Luxury Watches,First-Time Buyer,Exclusive Invite,1,12814,2495,12814,2495,10319,80.5
5004149,2023-03-24,Milan,Haute Fragrance,First-Time Buyer,Walk-in,1,353,71,353,71,282,79.9
5006640,2023-03-24,Paris,Designer Handbags,Silver,Walk-in,1,3449,889,3449,889,2560,74.2
5008723,2023-03-24,Paris,Fine Jewelry,First-Time Buyer,Paid Social,1,9671,2118,9671,2118,7553,78.1
5004503,2023-03-24,Milan,Luxury Watches,First-Time Buyer,Organic Search,1,11847,1972,11847,1972,9875,83.4
5003275,2023-03-24,Milan,Designer Handbags,Platinum (VIP),Paid Social,2,3412,714,6824,1428,5396,79.1
5005919,2023-03-24,Paris,Fine Jewelry,First-Time Buyer,Exclusive Invite,2,9335,3129,18670,6258,12412,66.5
5001959,2023-03-24,Tokyo,Luxury Watches,Silver,Paid Social,1,12549,2424,12549,2424,10125,80.7
5006506,2023-03-24,Paris,Haute Fragrance,Gold,Walk-in,1,407,86,407,86,321,78.9
5008816,2023-03-24,Dubai,Designer Handbags,Gold,Organic Search,1,3235,736,3235,736,2499,77.2
5006562,2023-03-24,Dubai,Designer Handbags,Silver,Walk-in,1,3493,1168,3493,1168,2325,66.6
5006789,2023-03-24,New York,Haute Fragrance,Silver,Organic Search,2,417,89,834,178,656,78.7
5008835,2023-03-25,Paris,Designer Handbags,First-Time Buyer,Organic Search,1,3197,744,3197,744,2453,76.7
5000705,2023-03-25,Dubai,Haute Fragrance,First-Time Buyer,Organic Search,1,412,125,412,125,287,69.7
5001098,2023-03-25,Paris,Luxury Watches,Silver,Organic Search,1,14179,3431,14179,3431,10748,75.8
5004479,2023-03-25,Paris,Designer Handbags,First-Time Buyer,Organic Search,1,2973,559,2973,559,2414,81.2
5007849,2023-03-25,Paris,Luxury Watches,First-Time Buyer,Paid Social,1,12712,4063,12712,4063,8649,68.0
5007739,2023-03-25,New York,Luxury Watches,Silver,Organic Search,1,12413,2829,12413,2829,9584,77.2
5005733,2023-03-25,Paris,Designer Handbags,First-Time Buyer,Walk-in,1,3088,715,3088,715,2373,76.8
5005132,2023-03-25,New York,Designer Handbags,First-Time Buyer,Paid Social,1,3239,760,3239,760,2479,76.5
5002176,2023-03-25,Paris,Fine Jewelry,Gold,Paid Social,1,8939,3121,8939,3121,5818,65.1
5006475,2023-03-25,New York,Haute Fragrance,Silver,Walk-in,1,320,66,320,66,254,79.4
5001714,2023-03-25,Tokyo,Designer Handbags,Gold,Exclusive Invite,1,3699,1156,3699,1156,2543,68.7
5009623,2023-03-25,Milan,Luxury Watches,Gold,Organic Search,1,13607,3968,13607,3968,9639,70.8
5001185,2023-03-25,Paris,Designer Handbags,Silver,Organic Search,1,3053,623,3053,623,2430,79.6
5009197,2023-03-25,Paris,Luxury Watches,Gold,Paid Social,1,11944,4031,11944,4031,7913,66.3
5008292,2023-03-25,New York,Fine Jewelry,First-Time Buyer,Paid Social,1,9937,2209,9937,2209,7728,77.8
5002209,2023-03-26,Milan,Fine Jewelry,Silver,Organic Search,1,10169,2296,10169,2296,7873,77.4
5007702,2023-03-26,New York,Haute Fragrance,Silver,Walk-in,1,357,119,357,119,238,66.7
5007699,2023-03-26,Milan,Designer Handbags,First-Time Buyer,Walk-in,1,3725,922,3725,922,2803,75.2
5002452,2023-03-26,New York,Haute Fragrance,Gold,Organic Search,3,411,87,1233,261,972,78.8
5008753,2023-03-26,Paris,Luxury Watches,First-Time Buyer,Organic Search,1,12747,2736,12747,2736,10011,78.5
5007386,2023-03-26,Milan,Fine Jewelry,First-Time Buyer,Paid Social,1,8167,1577,8167,1577,6590,80.7
5009327,2023-03-26,Milan,Designer Handbags,First-Time Buyer,Organic Search,1,3638,1155,3638,1155,2483,68.3
5002784,2023-03-26,New York,Haute Fragrance,First-Time Buyer,Exclusive Invite,1,374,128,374,128,246,65.8
5002949,2023-03-26,Tokyo,Luxury Watches,First-Time Buyer,Paid Social,1,12685,4269,12685,4269,8416,66.3
5001891,2023-03-26,New York,Fine Jewelry,Silver,Organic Search,1,8422,2124,8422,2124,6298,74.8
5004421,2023-03-26,Dubai,Designer Handbags,First-Time Buyer,Paid Social,1,3641,950,3641,950,2691,73.9
5000826,2023-03-26,Tokyo,Designer Handbags,Silver,Organic Search,1,3503,576,3503,576,2927,83.6
5000326,2023-03-26,New York,Designer Handbags,First-Time Buyer,Paid Social,1,3383,1076,3383,1076,2307,68.2
5003646,2023-03-26,Milan,Designer Handbags,First-Time Buyer,Exclusive Invite,1,3812,859,3812,859,2953,77.5
5001641,2023-03-26,Milan,Designer Handbags,Platinum (VIP),Paid Social,1,3785,898,3785,898,2887,76.3
5008535,2023-03-26,Dubai,Designer Handbags,First-Time Buyer,Organic Search,1,3704,1058,3704,1058,2646,71.4
5007801,2023-03-27,Milan,Designer Handbags,Silver,Walk-in,1,2930,662,2930,662,2268,77.4
5000144,2023-03-27,Tokyo,Luxury Watches,First-Time Buyer,Walk-in,1,14449,3955,14449,3955,10494,72.6
5001470,2023-03-27,New York,Fine Jewelry,Gold,Organic Search,1,9981,2685,9981,2685,7296,73.1
5009448,2023-03-27,Tokyo,Designer Handbags,First-Time Buyer,Walk-in,1,2937,814,2937,814,2123,72.3
5003736,2023-03-27,New York,Designer Handbags,First-Time Buyer,Walk-in,1,3263,776,3263,776,2487,76.2
5009757,2023-03-27,Tokyo,Luxury Watches,First-Time Buyer,Paid Social,1,14732,2767,14732,2767,11965,81.2
5006623,2023-03-27,Tokyo,Fine Jewelry,First-Time Buyer,Organic Search,1,8343,1280,8343,1280,7063,84.7
5006684,2023-03-27,Tokyo,Designer Handbags,First-Time Buyer,Paid Social,1,3793,1067,3793,1067,2726,71.9
5007288,2023-03-27,Milan,Designer Handbags,First-Time Buyer,Walk-in,1,3371,1086,3371,1086,2285,67.8
5007056,2023-03-27,Dubai,Designer Handbags,Gold,Organic Search,1,3041,839,3041,839,2202,72.4
5009948,2023-03-27,Dubai,Designer Handbags,First-Time Buyer,Organic Search,1,3070,608,3070,608,2462,80.2
5006836,2023-03-27,Milan,Designer Handbags,First-Time Buyer,Paid Social,1,3364,632,3364,632,2732,81.2
5008839,2023-03-27,New York,Luxury Watches,Gold,Paid Social,2,12703,3109,25406,6218,19188,75.5
5008630,2023-03-27,New York,Designer Handbags,First-Time Buyer,Paid Social,2,3467,747,6934,1494,5440,78.5
5007845,2023-03-28,Paris,Designer Handbags,Gold,Exclusive Invite,1,3747,1116,3747,1116,2631,70.2
5007997,2023-03-28,Paris,Haute Fragrance,Gold,Organic Search,1,350,62,350,62,288,82.3
5005651,2023-03-28,Tokyo,Designer Handbags,Gold,Organic Search,1,3117,841,3117,841,2276,73.0
5002268,2023-03-28,Dubai,Luxury Watches,First-Time Buyer,Walk-in,1,14408,4869,14408,4869,9539,66.2
5006271,2023-03-28,Tokyo,Luxury Watches,Gold,Walk-in,1,12935,2571,12935,2571,10364,80.1
5003203,2023-03-28,Paris,Luxury Watches,Silver,Paid Social,1,14819,4112,14819,4112,10707,72.3
5004023,2023-03-28,New York,Designer Handbags,Gold,Walk-in,1,3278,812,3278,812,2466,75.2
5001664,2023-03-28,Milan,Luxury Watches,Silver,Walk-in,1,13819,3313,13819,3313,10506,76.0
5008300,2023-03-28,New York,Luxury Watches,Silver,Exclusive Invite,1,11793,2505,11793,2505,9288,78.8
5000467,2023-03-28,New York,Luxury Watches,Silver,Walk-in,2,12726,2788,25452,5576,19876,78.1
5003537,2023-03-28,Dubai,Fine Jewelry,First-Time Buyer,Walk-in,1,8292,2795,8292,2795,5497,66.3
5007222,2023-03-28,New York,Luxury Watches,Silver,Organic Search,1,11816,3182,11816,3182,8634,73.1
5007665,2023-03-28,Dubai,Haute Fragrance,Silver,Organic Search,1,341,87,341,87,254,74.5
5003752,2023-03-28,Milan,Fine Jewelry,Silver,Paid Social,1,9186,1597,9186,1597,7589,82.6
5000260,2023-03-28,Paris,Luxury Watches,Gold,Organic Search,1,14947,4407,14947,4407,10540,70.5
5004583,2023-03-28,Paris,Luxury Watches,Gold,Paid Social,1,14170,2606,14170,2606,11564,81.6
5007937,2023-03-29,Tokyo,Luxury Watches,Gold,Organic Search,1,12138,3313,12138,3313,8825,72.7
5009256,2023-03-29,New York,Fine Jewelry,Silver,Paid Social,2,9437,2905,18874,5810,13064,69.2
5000634,2023-03-29,Milan,Luxury Watches,First-Time Buyer,Exclusive Invite,1,13933,4760,13933,4760,9173,65.8
5000019,2023-03-29,Dubai,Fine Jewelry,First-Time Buyer,Paid Social,1,7938,1868,7938,1868,6070,76.5
5002257,2023-03-29,New York,Designer Handbags,Silver,Walk-in,1,3392,585,3392,585,2807,82.8
5006316,2023-03-29,Dubai,Fine Jewelry,Silver,Exclusive Invite,1,9842,1669,9842,1669,8173,83.0
5001605,2023-03-29,Paris,Haute Fragrance,Silver,Paid Social,1,393,112,393,112,281,71.5
5008571,2023-03-29,Tokyo,Designer Handbags,Silver,Exclusive Invite,1,3552,1047,3552,1047,2505,70.5
5004358,2023-03-29,Milan,Designer Handbags,First-Time Buyer,Paid Social,1,3087,613,3087,613,2474,80.1
5004209,2023-03-29,Milan,Luxury Watches,First-Time Buyer,Paid Social,1,11897,2506,11897,2506,9391,78.9
5003422,2023-03-29,Paris,Haute Fragrance,Silver,Paid Social,1,371,92,371,92,279,75.2
5006189,2023-03-29,New York,Designer Handbags,First-Time Buyer,Exclusive Invite,1,3711,1218,3711,1218,2493,67.2
5008494,2023-03-29,Milan,Designer Handbags,Silver,Walk-in,1,3128,541,3128,541,2587,82.7
5004645,2023-03-29,New York,Luxury Watches,First-Time Buyer,Organic Search,1,12852,2526,12852,2526,10326,80.3
5009206,2023-03-29,New York,Luxury Watches,First-Time Buyer,Paid Social,3,14614,3840,43842,11520,32322,73.7
5005876,2023-03-29,New York,Luxury Watches,First-Time Buyer,Organic Search,1,12019,3877,12019,3877,8142,67.7
5001150,2023-03-29,Milan,Fine Jewelry,Platinum (VIP),Organic Search,1,8185,2337,8185,2337,5848,71.4
5001214,2023-03-29,Tokyo,Fine Jewelry,Silver,Organic Search,1,8108,1678,8108,1678,6430,79.3
5008220,2023-03-30,New York,Designer Handbags,First-Time Buyer,Organic Search,1,3451,551,3451,551,2900,84.0
5008501,2023-03-30,Paris,Luxury Watches,Silver,Organic Search,1,11350,2448,11350,2448,8902,78.4
5009928,2023-03-30,Milan,Fine Jewelry,Silver,Paid Social,1,10139,2274,10139,2274,7865,77.6
5004523,2023-03-30,Paris,Luxury Watches,First-Time Buyer,Paid Social,1,14244,4056,14244,4056,10188,71.5
5009372,2023-03-30,Tokyo,Luxury Watches,Silver,Walk-in,1,12364,4137,12364,4137,8227,66.5
5001444,2023-03-30,Paris,Designer Handbags,First-Time Buyer,Exclusive Invite,1,3609,907,3609,907,2702,74.9
5003594,2023-03-30,Milan,Luxury Watches,First-Time Buyer,Organic Search,1,13561,2828,13561,2828,10733,79.1
5004605,2023-03-30,Dubai,Luxury Watches,Gold,Exclusive Invite,1,13576,3118,13576,3118,10458,77.0
5004964,2023-03-30,Tokyo,Fine Jewelry,Gold,Walk-in,1,8116,2558,8116,2558,5558,68.5
5006915,2023-03-30,Tokyo,Designer Handbags,Silver,Paid Social,1,3739,915,3739,915,2824,75.5
5009270,2023-03-30,Milan,Luxury Watches,First-Time Buyer,Walk-in,1,13871,4217,13871,4217,9654,69.6
5009364,2023-03-30,Tokyo,Haute Fragrance,Gold,Organic Search,1,361,69,361,69,292,80.9
5009836,2023-03-30,Tokyo,Luxury Watches,Gold,Organic Search,1,11943,2362,11943,2362,9581,80.2
5000033,2023-03-30,Paris,Luxury Watches,First-Time Buyer,Walk-in,1,13317,4472,13317,4472,8845,66.4
5008161,2023-03-30,Paris,Designer Handbags,Gold,Paid Social,1,2931,558,2931,558,2373,81.0
5007515,2023-03-30,New York,Haute Fragrance,Silver,Paid Social,1,401,61,401,61,340,84.8
5000710,2023-03-30,Dubai,Luxury Watches,First-Time Buyer,Paid Social,1,13456,2521,13456,2521,10935,81.3
5009214,2023-03-30,Dubai,Designer Handbags,First-Time Buyer,Organic Search,1,3340,938,3340,938,2402,71.9
5000173,2023-03-30,Paris,Fine Jewelry,Platinum (VIP),Organic Search,1,8206,2352,8206,2352,5854,71.3
5002777,2023-03-31,New York,Luxury Watches,First-Time Buyer,Walk-in,2,14922,2812,29844,5624,24220,81.2
5004654,2023-03-31,New York,Luxury Watches,First-Time Buyer,Organic Search,1,14248,3845,14248,3845,10403,73.0
5007679,2023-03-31,Paris,Luxury Watches,First-Time Buyer,Paid Social,1,14808,5144,14808,5144,9664,65.3
5007177,2023-03-31,Dubai,Haute Fragrance,Silver,Organic Search,2,370,63,740,126,614,83.0
5003682,2023-03-31,New York,Designer Handbags,Gold,Exclusive Invite,1,3229,941,3229,941,2288,70.9
5005676,2023-03-31,Dubai,Fine Jewelry,Gold,Exclusive Invite,1,9938,3345,9938,3345,6593,66.3
5005112,2023-03-31,Milan,Designer Handbags,Silver,Organic Search,1,2956,848,2956,848,2108,71.3
5004514,2023-03-31,Paris,Designer Handbags,First-Time Buyer,Organic Search,1,3135,906,3135,906,2229,71.1
5002564,2023-03-31,Tokyo,Designer Handbags,Silver,Walk-in,1,2933,529,2933,529,2404,82.0
5006468,2023-03-31,Paris,Designer Handbags,Silver,Walk-in,1,3089,471,3089,471,2618,84.8
5008944,2023-03-31,Paris,Luxury Watches,Silver,Organic Search,1,12788,3483,12788,3483,9305,72.8
5005797,2023-03-31,New York,Luxury Watches,Platinum (VIP),Organic Search,1,11582,2397,11582,2397,9185,79.3
5000498,2023-03-31,Paris,Luxury Watches,First-Time Buyer,Walk-in,1,12493,4085,12493,4085,8408,67.3
5001817,2023-04-01,Paris,Fine Jewelry,First-Time Buyer,Organic Search,1,8559,1367,8559,1367,7192,84.0
5005995,2023-04-01,Paris,Fine Jewelry,Silver,Walk-in,1,8600,2722,8600,2722,5878,68.3
5003078,2023-04-01,Tokyo,Luxury Watches,First-Time Buyer,Walk-in,1,12906,3820,12906,3820,9086,70.4
5006728,2023-04-01,Paris,Designer Handbags,Gold,Walk-in,1,3272,662,3272,662,2610,79.8
5005234,2023-04-01,Tokyo,Designer Handbags,First-Time Buyer,Walk-in,1,3489,561,3489,561,2928,83.9
5000300,2023-04-01,New York,Fine Jewelry,Platinum (VIP),Exclusive Invite,2,9226,2483,18452,4966,13486,73.1
5005728,2023-04-01,Paris,Haute Fragrance,Gold,Organic Search,1,343,55,343,55,288,84.0
5002993,2023-04-01,Dubai,Luxury Watches,Silver,Paid Social,1,12514,2356,12514,2356,10158,81.2
5005144,2023-04-01,Paris,Designer Handbags,First-Time Buyer,Organic Search,1,3111,824,3111,824,2287,73.5
5000797,2023-04-01,Paris,Designer Handbags,First-Time Buyer,Walk-in,2,3732,654,7464,1308,6156,82.5
5007068,2023-04-01,New York,Fine Jewelry,Silver,Exclusive Invite,1,7981,2426,7981,2426,5555,69.6
5005899,2023-04-01,Milan,Haute Fragrance,Silver,Walk-in,1,365,103,365,103,262,71.8
5000914,2023-04-01,New York,Luxury Watches,First-Time Buyer,Paid Social,1,12876,2474,12876,2474,10402,80.8
5003668,2023-04-01,Paris,Designer Handbags,First-Time Buyer,Walk-in,1,3262,673,3262,673,2589,79.4
5009638,2023-04-01,New York,Fine Jewelry,First-Time Buyer,Walk-in,2,7804,2142,15608,4284,11324,72.6
5007174,2023-04-01,Dubai,Luxury Watches,Silver,Organic Search,2,13667,4763,27334,9526,17808,65.1
5001911,2023-04-01,Tokyo,Luxury Watches,Gold,Organic Search,1,13996,3307,13996,3307,10689,76.4
5008924,2023-04-01,Paris,Designer Handbags,First-Time Buyer,Organic Search,1,3834,1162,3834,1162,2672,69.7
5007564,2023-04-02,New York,Fine Jewelry,First-Time Buyer,Organic Search,1,7827,2721,7827,2721,5106,65.2
5007225,2023-04-02,New York,Designer Handbags,First-Time Buyer,Walk-in,1,3462,790,3462,790,2672,77.2
5009263,2023-04-02,Milan,Haute Fragrance,First-Time Buyer,Walk-in,1,344,57,344,57,287,83.4
5003960,2023-04-02,New York,Fine Jewelry,Gold,Organic Search,3,7993,1716,23979,5148,18831,78.5
5007291,2023-04-02,Paris,Haute Fragrance,Platinum (VIP),Exclusive Invite,1,386,133,386,133,253,65.5
5004394,2023-04-02,New York,Designer Handbags,Silver,Organic Search,1,3001,773,3001,773,2228,74.2
5007955,2023-04-02,New York,Designer Handbags,Platinum (VIP),Walk-in,1,3058,798,3058,798,2260,73.9
5008629,2023-04-02,Milan,Luxury Watches,First-Time Buyer,Walk-in,1,13929,2750,13929,2750,11179,80.3
5002912,2023-04-02,Dubai,Luxury Watches,First-Time Buyer,Paid Social,1,14826,4769,14826,4769,10057,67.8
5004740,2023-04-02,Paris,Haute Fragrance,Platinum (VIP),Exclusive Invite,1,369,95,369,95,274,74.3
5000688,2023-04-02,New York,Luxury Watches,Gold,Walk-in,1,12932,4478,12932,4478,8454,65.4
5007324,2023-04-02,Dubai,Fine Jewelry,First-Time Buyer,Exclusive Invite,1,9594,2273,9594,2273,7321,76.3
5001421,2023-04-02,Dubai,Designer Handbags,Gold,Walk-in,3,3087,537,9261,1611,7650,82.6
5000987,2023-04-02,Milan,Luxury Watches,First-Time Buyer,Organic Search,1,11334,2591,11334,2591,8743,77.1
5000650,2023-04-02,New York,Designer Handbags,First-Time Buyer,Organic Search,1,3427,562,3427,562,2865,83.6
5001348,2023-04-03,Dubai,Haute Fragrance,Platinum (VIP),Organic Search,1,346,100,346,100,246,71.1
5000392,2023-04-03,New York,Haute Fragrance,First-Time Buyer,Paid Social,1,365,111,365,111,254,69.6
5006450,2023-04-03,Milan,Haute Fragrance,First-Time Buyer,Organic Search,1,392,122,392,122,270,68.9
5007787,2023-04-03,Tokyo,Luxury Watches,Gold,Paid Social,2,14591,3087,29182,6174,23008,78.8
5001958,2023-04-03,Paris,Designer Handbags,First-Time Buyer,Paid Social,1,3545,654,3545,654,2891,81.6
5001764,2023-04-03,Milan,Haute Fragrance,Gold,Organic Search,1,415,133,415,133,282,68.0
5007569,2023-04-03,Tokyo,Designer Handbags,First-Time Buyer,Paid Social,1,3177,1089,3177,1089,2088,65.7
5004507,2023-04-03,Paris,Haute Fragrance,Silver,Walk-in,2,389,60,778,120,658,84.6
5005326,2023-04-03,Dubai,Designer Handbags,First-Time Buyer,Exclusive Invite,1,3774,665,3774,665,3109,82.4
5005452,2023-04-04,Paris,Fine Jewelry,Silver,Organic Search,1,9401,1574,9401,1574,7827,83.3
5001836,2023-04-04,Tokyo,Designer Handbags,First-Time Buyer,Paid Social,1,3688,1186,3688,1186,2502,67.8
5001950,2023-04-04,Milan,Designer Handbags,Silver,Exclusive Invite,1,3118,802,3118,802,2316,74.3
5003770,2023-04-04,New York,Haute Fragrance,First-Time Buyer,Exclusive Invite,3,404,61,1212,183,1029,84.9
5005373,2023-04-04,Tokyo,Luxury Watches,Silver,Organic Search,1,13560,2269,13560,2269,11291,83.3
5007652,2023-04-04,New York,Designer Handbags,Silver,Walk-in,1,3344,873,3344,873,2471,73.9
5001298,2023-04-04,Dubai,Fine Jewelry,First-Time Buyer,Walk-in,2,9945,3434,19890,6868,13022,65.5
5009472,2023-04-04,Paris,Designer Handbags,First-Time Buyer,Organic Search,2,3093,591,6186,1182,5004,80.9
5005332,2023-04-04,Dubai,Fine Jewelry,First-Time Buyer,Organic Search,1,9159,2831,9159,2831,6328,69.1
5008390,2023-04-04,Paris,Fine Jewelry,First-Time Buyer,Paid Social,2,9951,2277,19902,4554,15348,77.1
5006010,2023-04-04,Tokyo,Designer Handbags,Gold,Paid Social,1,3027,976,3027,976,2051,67.8
5003027,2023-04-05,New York,Luxury Watches,Platinum (VIP),Organic Search,1,11731,2984,11731,2984,8747,74.6
5002903,2023-04-05,New York,Designer Handbags,Gold,Organic Search,1,3249,1116,3249,1116,2133,65.7
5003179,2023-04-05,Tokyo,Designer Handbags,First-Time Buyer,Paid Social,1,3418,841,3418,841,2577,75.4
5004944,2023-04-05,New York,Luxury Watches,Gold,Paid Social,1,11576,3656,11576,3656,7920,68.4
5005366,2023-04-05,Dubai,Designer Handbags,First-Time Buyer,Walk-in,1,3303,963,3303,963,2340,70.8
5001422,2023-04-05,Dubai,Designer Handbags,First-Time Buyer,Exclusive Invite,1,3770,589,3770,589,3181,84.4
5001694,2023-04-05,Dubai,Designer Handbags,Gold,Exclusive Invite,1,3650,1063,3650,1063,2587,70.9
5009280,2023-04-05,Paris,Designer Handbags,First-Time Buyer,Organic Search,1,3205,1061,3205,1061,2144,66.9
5004480,2023-04-05,Dubai,Haute Fragrance,First-Time Buyer,Exclusive Invite,1,397,121,397,121,276,69.5
5001723,2023-04-05,Paris,Luxury Watches,Silver,Paid Social,1,13127,3792,13127,3792,9335,71.1
5004299,2023-04-05,New York,Haute Fragrance,Silver,Exclusive Invite,1,315,58,315,58,257,81.6
5008228,2023-04-05,New York,Haute Fragrance,Gold,Organic Search,1,329,54,329,54,275,83.6
5007855,2023-04-05,Dubai,Luxury Watches,First-Time Buyer,Paid Social,1,14523,2928,14523,2928,11595,79.8
5003695,2023-04-05,Tokyo,Fine Jewelry,First-Time Buyer,Paid Social,1,8316,1551,8316,1551,6765,81.3
5009669,2023-04-05,Dubai,Designer Handbags,Silver,Walk-in,1,3828,666,3828,666,3162,82.6
5000204,2023-04-06,Dubai,Luxury Watches,Gold,Walk-in,1,11777,3522,11777,3522,8255,70.1
5001004,2023-04-06,Tokyo,Designer Handbags,Gold,Paid Social,1,3838,816,3838,816,3022,78.7
5002962,2023-04-06,Milan,Luxury Watches,Platinum (VIP),Walk-in,1,14243,2319,14243,2319,11924,83.7
5008813,2023-04-06,Dubai,Haute Fragrance,Gold,Walk-in,3,316,50,948,150,798,84.2
5004784,2023-04-06,Dubai,Haute Fragrance,Silver,Paid Social,1,350,106,350,106,244,69.7
5002298,2023-04-06,Tokyo,Luxury Watches,First-Time Buyer,Paid Social,1,11677,2807,11677,2807,8870,76.0
5004180,2023-04-06,New York,Designer Handbags,First-Time Buyer,Organic Search,1,3758,988,3758,988,2770,73.7
5002230,2023-04-06,Paris,Fine Jewelry,Silver,Paid Social,3,8194,1302,24582,3906,20676,84.1
5008768,2023-04-06,New York,Designer Handbags,Gold,Organic Search,1,3057,759,3057,759,2298,75.2
5002126,2023-04-06,Paris,Luxury Watches,Gold,Walk-in,1,12781,2039,12781,2039,10742,84.0
5008167,2023-04-06,Paris,Designer Handbags,Gold,Exclusive Invite,3,3223,493,9669,1479,8190,84.7
5000107,2023-04-06,Dubai,Luxury Watches,First-Time Buyer,Paid Social,1,11841,3997,11841,3997,7844,66.2
5004002,2023-04-06,Paris,Luxury Watches,First-Time Buyer,Organic Search,2,13476,3566,26952,7132,19820,73.5
5004748,2023-04-06,Dubai,Designer Handbags,Gold,Organic Search,1,3355,617,3355,617,2738,81.6
5005592,2023-04-06,Dubai,Luxury Watches,Silver,Walk-in,1,13300,3900,13300,3900,9400,70.7
5007690,2023-04-07,New York,Fine Jewelry,First-Time Buyer,Paid Social,1,8404,2696,8404,2696,5708,67.9
5007990,2023-04-07,Tokyo,Luxury Watches,Gold,Organic Search,1,14967,5203,14967,5203,9764,65.2
5007627,2023-04-07,Paris,Luxury Watches,First-Time Buyer,Walk-in,1,14411,3362,14411,3362,11049,76.7
5003180,2023-04-07,Dubai,Luxury Watches,Silver,Organic Search,1,11257,3372,11257,3372,7885,70.0
5000439,2023-04-07,Dubai,Luxury Watches,Silver,Paid Social,1,12871,1946,12871,1946,10925,84.9
5004335,2023-04-07,New York,Luxury Watches,Gold,Paid Social,2,13945,2113,27890,4226,23664,84.8
5002163,2023-04-07,New York,Designer Handbags,Silver,Walk-in,1,3410,548,3410,548,2862,83.9
5001956,2023-04-07,Paris,Luxury Watches,Silver,Walk-in,1,12417,3449,12417,3449,8968,72.2
5003299,2023-04-07,Milan,Fine Jewelry,First-Time Buyer,Paid Social,1,8836,1967,8836,1967,6869,77.7
5004270,2023-04-07,Tokyo,Luxury Watches,Gold,Exclusive Invite,1,12840,3683,12840,3683,9157,71.3
5006368,2023-04-07,Paris,Designer Handbags,First-Time Buyer,Walk-in,3,2999,578,8997,1734,7263,80.7
5004313,2023-04-07,New York,Luxury Watches,First-Time Buyer,Organic Search,1,11474,3691,11474,3691,7783,67.8
5002970,2023-04-07,Milan,Designer Handbags,First-Time Buyer,Exclusive Invite,1,3638,574,3638,574,3064,84.2
5000707,2023-04-07,Tokyo,Fine Jewelry,Silver,Exclusive Invite,1,8213,1889,8213,1889,6324,77.0
5009305,2023-04-07,Paris,Haute Fragrance,First-Time Buyer,Walk-in,1,407,103,407,103,304,74.7
5004648,2023-04-07,New York,Fine Jewelry,Platinum (VIP),Exclusive Invite,1,8602,1438,8602,1438,7164,83.3
5005786,2023-04-07,New York,Haute Fragrance,Silver,Exclusive Invite,1,343,88,343,88,255,74.3
5005336,2023-04-07,Paris,Fine Jewelry,Silver,Paid Social,1,9182,2916,9182,2916,6266,68.2
5000258,2023-04-07,Tokyo,Luxury Watches,Gold,Organic Search,1,12500,3144,12500,3144,9356,74.8
5008685,2023-04-07,Dubai,Fine Jewelry,First-Time Buyer,Walk-in,1,8856,1629,8856,1629,7227,81.6
5001075,2023-04-07,Dubai,Fine Jewelry,Silver,Organic Search,2,9008,2916,18016,5832,12184,67.6
5007072,2023-04-07,New York,Luxury Watches,First-Time Buyer,Organic Search,1,12102,2947,12102,2947,9155,75.6
5009798,2023-04-07,Dubai,Haute Fragrance,Platinum (VIP),Organic Search,1,356,102,356,102,254,71.3
5005243,2023-04-07,New York,Fine Jewelry,First-Time Buyer,Paid Social,3,8899,2850,26697,8550,18147,68.0
5005627,2023-04-08,Paris,Fine Jewelry,Gold,Paid Social,1,8195,2465,8195,2465,5730,69.9
5004573,2023-04-08,New York,Luxury Watches,Silver,Organic Search,1,11542,3440,11542,3440,8102,70.2
5008673,2023-04-08,New York,Haute Fragrance,First-Time Buyer,Paid Social,1,383,68,383,68,315,82.2
5001500,2023-04-08,Milan,Luxury Watches,Gold,Paid Social,1,13104,2693,13104,2693,10411,79.4
5007135,2023-04-08,Milan,Designer Handbags,Silver,Paid Social,2,2930,677,5860,1354,4506,76.9
5000210,2023-04-08,Dubai,Luxury Watches,Gold,Walk-in,1,12290,2821,12290,2821,9469,77.0
5008943,2023-04-09,Paris,Luxury Watches,First-Time Buyer,Walk-in,1,12789,3222,12789,3222,9567,74.8
5000628,2023-04-09,Paris,Luxury Watches,First-Time Buyer,Organic Search,1,12984,2612,12984,2612,10372,79.9
5003271,2023-04-09,New York,Haute Fragrance,Silver,Walk-in,1,373,117,373,117,256,68.6
5004259,2023-04-09,Dubai,Haute Fragrance,First-Time Buyer,Organic Search,1,322,71,322,71,251,78.0
5002959,2023-04-09,Paris,Haute Fragrance,First-Time Buyer,Organic Search,1,390,98,390,98,292,74.9
5004955,2023-04-09,Paris,Fine Jewelry,Silver,Paid Social,1,7718,1366,7718,1366,6352,82.3
5002115,2023-04-09,Tokyo,Designer Handbags,First-Time Buyer,Paid Social,1,3572,877,3572,877,2695,75.4
5009075,2023-04-09,New York,Designer Handbags,First-Time Buyer,Organic Search,3,3578,1154,10734,3462,7272,67.7
5005643,2023-04-10,Tokyo,Haute Fragrance,First-Time Buyer,Organic Search,1,365,57,365,57,308,84.4
5003484,2023-04-10,Tokyo,Fine Jewelry,First-Time Buyer,Paid Social,1,10185,2650,10185,2650,7535,74.0
5000955,2023-04-10,Milan,Designer Handbags,Silver,Exclusive Invite,1,3012,607,3012,607,2405,79.8
5007478,2023-04-10,Paris,Fine Jewelry,First-Time Buyer,Walk-in,1,9546,1514,9546,1514,8032,84.1
5001198,2023-04-10,Tokyo,Haute Fragrance,First-Time Buyer,Walk-in,2,316,66,632,132,500,79.1
5004564,2023-04-10,New York,Fine Jewelry,First-Time Buyer,Paid Social,2,10094,2559,20188,5118,15070,74.6
5009460,2023-04-10,Dubai,Designer Handbags,Silver,Paid Social,3,3679,830,11037,2490,8547,77.4
5004272,2023-04-10,Tokyo,Designer Handbags,First-Time Buyer,Walk-in,1,3089,706,3089,706,2383,77.1
5000691,2023-04-10,Paris,Fine Jewelry,Gold,Organic Search,1,8330,1888,8330,1888,6442,77.3
5001376,2023-04-10,Dubai,Luxury Watches,Silver,Walk-in,1,12866,2323,12866,2323,10543,81.9
5009768,2023-04-10,New York,Designer Handbags,Silver,Walk-in,1,3129,505,3129,505,2624,83.9
5006655,2023-04-10,New York,Designer Handbags,First-Time Buyer,Walk-in,1,3001,985,3001,985,2016,67.2
5007705,2023-04-10,New York,Designer Handbags,Gold,Exclusive Invite,2,3072,608,6144,1216,4928,80.2
5000600,2023-04-10,New York,Fine Jewelry,Silver,Organic Search,1,8266,1618,8266,1618,6648,80.4
5000041,2023-04-10,New York,Fine Jewelry,Gold,Walk-in,1,9513,2001,9513,2001,7512,79.0
5003482,2023-04-10,New York,Designer Handbags,Silver,Exclusive Invite,1,3135,1015,3135,1015,2120,67.6
5001397,2023-04-10,Tokyo,Designer Handbags,Gold,Exclusive Invite,1,3118,1027,3118,1027,2091,67.1
5004084,2023-04-10,Milan,Fine Jewelry,Silver,Walk-in,1,8753,1470,8753,1470,7283,83.2
5005174,2023-04-10,Paris,Luxury Watches,Silver,Walk-in,2,13504,2994,27008,5988,21020,77.8
5005055,2023-04-11,Dubai,Designer Handbags,Silver,Paid Social,1,3198,726,3198,726,2472,77.3
5008183,2023-04-11,Dubai,Fine Jewelry,Silver,Organic Search,1,8291,1462,8291,1462,6829,82.4
5002318,2023-04-11,Milan,Haute Fragrance,First-Time Buyer,Organic Search,1,327,84,327,84,243,74.3
5009546,2023-04-11,New York,Fine Jewelry,Gold,Walk-in,1,8208,2378,8208,2378,5830,71.0
5002185,2023-04-11,Paris,Fine Jewelry,First-Time Buyer,Walk-in,1,10090,1966,10090,1966,8124,80.5
5004261,2023-04-11,Dubai,Haute Fragrance,Silver,Paid Social,1,339,88,339,88,251,74.0
5009967,2023-04-11,Milan,Luxury Watches,Silver,Organic Search,1,11829,2030,11829,2030,9799,82.8
5008311,2023-04-11,Tokyo,Fine Jewelry,Silver,Organic Search,1,9658,2385,9658,2385,7273,75.3
5000627,2023-04-11,Tokyo,Designer Handbags,First-Time Buyer,Organic Search,1,2977,737,2977,737,2240,75.2
5001153,2023-04-11,New York,Haute Fragrance,Silver,Walk-in,2,419,70,838,140,698,83.3
5003055,2023-04-11,Paris,Designer Handbags,First-Time Buyer,Organic Search,1,2930,599,2930,599,2331,79.6
5007094,2023-04-12,Dubai,Designer Handbags,Silver,Organic Search,1,3110,948,3110,948,2162,69.5
5006059,2023-04-12,New York,Designer Handbags,Silver,Paid Social,1,3339,841,3339,841,2498,74.8
5006729,2023-04-12,Milan,Designer Handbags,Gold,Exclusive Invite,2,3643,805,7286,1610,5676,77.9
5009103,2023-04-12,Tokyo,Luxury Watches,Silver,Exclusive Invite,1,12683,2439,12683,2439,10244,80.8
5009558,2023-04-12,Dubai,Fine Jewelry,Silver,Walk-in,1,7684,2499,7684,2499,5185,67.5
5001587,2023-04-12,Dubai,Fine Jewelry,Gold,Organic Search,1,8916,1851,8916,1851,7065,79.2
5001819,2023-04-12,Paris,Designer Handbags,First-Time Buyer,Paid Social,1,3432,1018,3432,1018,2414,70.3
5002342,2023-04-12,Milan,Designer Handbags,Gold,Paid Social,1,3558,1143,3558,1143,2415,67.9
5008582,2023-04-12,Dubai,Luxury Watches,Silver,Organic Search,1,14414,2465,14414,2465,11949,82.9
5006117,2023-04-12,Tokyo,Luxury Watches,Platinum (VIP),Exclusive Invite,1,12222,2364,12222,2364,9858,80.7
5005951,2023-04-12,Dubai,Designer Handbags,Silver,Exclusive Invite,2,2988,798,5976,1596,4380,73.3
5000552,2023-04-12,Tokyo,Designer Handbags,Silver,Exclusive Invite,1,3424,1112,3424,1112,2312,67.5
5007002,2023-04-13,Dubai,Designer Handbags,Gold,Paid Social,1,3008,959,3008,959,2049,68.1
5008404,2023-04-13,New York,Designer Handbags,First-Time Buyer,Organic Search,1,3190,615,3190,615,2575,80.7
5008210,2023-04-13,Milan,Luxury Watches,Silver,Paid Social,2,13658,4720,27316,9440,17876,65.4
5009564,2023-04-13,Dubai,Luxury Watches,Silver,Exclusive Invite,1,14697,4339,14697,4339,10358,70.5
5009487,2023-04-13,New York,Fine Jewelry,Silver,Walk-in,1,7736,2055,7736,2055,5681,73.4
5009482,2023-04-13,Tokyo,Fine Jewelry,First-Time Buyer,Organic Search,1,7728,1365,7728,1365,6363,82.3
5003046,2023-04-13,Dubai,Fine Jewelry,Platinum (VIP),Paid Social,1,9431,2616,9431,2616,6815,72.3
5002017,2023-04-13,Tokyo,Luxury Watches,First-Time Buyer,Walk-in,1,12645,3134,12645,3134,9511,75.2
5006297,2023-04-13,Paris,Luxury Watches,First-Time Buyer,Paid Social,1,14241,4963,14241,4963,9278,65.1
5004091,2023-04-13,Paris,Luxury Watches,Platinum (VIP),Walk-in,1,12682,2097,12682,2097,10585,83.5
5005232,2023-04-13,Tokyo,Luxury Watches,Gold,Organic Search,1,13115,2941,13115,2941,10174,77.6
5009671,2023-04-14,New York,Haute Fragrance,Silver,Paid Social,1,369,129,369,129,240,65.0
5002380,2023-04-14,Tokyo,Designer Handbags,Gold,Exclusive Invite,1,3649,1195,3649,1195,2454,67.3
5009408,2023-04-14,Tokyo,Fine Jewelry,Gold,Organic Search,2,9061,1469,18122,2938,15184,83.8
5009341,2023-04-14,Dubai,Luxury Watches,First-Time Buyer,Organic Search,1,14110,4054,14110,4054,10056,71.3
5002107,2023-04-14,Paris,Haute Fragrance,Silver,Walk-in,2,347,118,694,236,458,66.0
5009412,2023-04-14,Tokyo,Luxury Watches,Silver,Organic Search,1,11971,2011,11971,2011,9960,83.2
5009407,2023-04-14,Milan,Haute Fragrance,Silver,Organic Search,1,337,110,337,110,227,67.4
5001352,2023-04-14,New York,Luxury Watches,Gold,Paid Social,1,14998,2343,14998,2343,12655,84.4
5005857,2023-04-14,Dubai,Designer Handbags,Gold,Paid Social,1,3296,900,3296,900,2396,72.7
5003572,2023-04-14,Paris,Fine Jewelry,Platinum (VIP),Walk-in,1,7948,2621,7948,2621,5327,67.0
5005238,2023-04-14,New York,Luxury Watches,Silver,Paid Social,1,12340,3416,12340,3416,8924,72.3
5001739,2023-04-14,New York,Haute Fragrance,First-Time Buyer,Walk-in,1,384,89,384,89,295,76.8
5000640,2023-04-14,Paris,Luxury Watches,Silver,Organic Search,1,11599,1943,11599,1943,9656,83.2
5009932,2023-04-14,Tokyo,Haute Fragrance,Silver,Organic Search,1,363,124,363,124,239,65.8
5009570,2023-04-15,New York,Haute Fragrance,First-Time Buyer,Exclusive Invite,1,350,113,350,113,237,67.7
5009426,2023-04-15,Paris,Designer Handbags,Gold,Organic Search,1,3686,763,3686,763,2923,79.3
5002717,2023-04-15,New York,Fine Jewelry,First-Time Buyer,Paid Social,1,8162,2348,8162,2348,5814,71.2
5009835,2023-04-15,Tokyo,Fine Jewelry,First-Time Buyer,Paid Social,1,8886,2112,8886,2112,6774,76.2
5005941,2023-04-15,Tokyo,Haute Fragrance,First-Time Buyer,Walk-in,1,416,127,416,127,289,69.5
5009444,2023-04-15,Paris,Luxury Watches,First-Time Buyer,Walk-in,1,13989,3103,13989,3103,10886,77.8
5001458,2023-04-15,New York,Designer Handbags,First-Time Buyer,Exclusive Invite,1,3200,853,3200,853,2347,73.3
5000934,2023-04-15,Paris,Luxury Watches,Silver,Walk-in,1,12735,4037,12735,4037,8698,68.3
5001069,2023-04-16,Paris,Luxury Watches,Gold,Organic Search,1,11756,3888,11756,3888,7868,66.9
5001395,2023-04-16,New York,Luxury Watches,First-Time Buyer,Walk-in,2,11910,1901,23820,3802,20018,84.0
5001744,2023-04-16,New York,Designer Handbags,Gold,Walk-in,1,3236,584,3236,584,2652,82.0
5003026,2023-04-16,Paris,Designer Handbags,First-Time Buyer,Exclusive Invite,1,3322,893,3322,893,2429,73.1
5003367,2023-04-16,Milan,Designer Handbags,First-Time Buyer,Organic Search,1,3112,729,3112,729,2383,76.6
5005116,2023-04-16,Dubai,Designer Handbags,First-Time Buyer,Walk-in,1,3701,1039,3701,1039,2662,71.9
5000894,2023-04-16,Dubai,Designer Handbags,Gold,Organic Search,1,3587,1089,3587,1089,2498,69.6
5002321,2023-04-16,Paris,Luxury Watches,First-Time Buyer,Organic Search,1,11688,2711,11688,2711,8977,76.8
5001245,2023-04-16,Paris,Fine Jewelry,First-Time Buyer,Organic Search,2,10199,1791,20398,3582,16816,82.4
5009866,2023-04-16,New York,Designer Handbags,First-Time Buyer,Walk-in,1,2990,643,2990,643,2347,78.5
5009245,2023-04-16,New York,Luxury Watches,First-Time Buyer,Walk-in,1,14221,3096,14221,3096,11125,78.2
5003439,2023-04-16,Dubai,Designer Handbags,First-Time Buyer,Exclusive Invite,1,3149,970,3149,970,2179,69.2
5001256,2023-04-16,New York,Fine Jewelry,First-Time Buyer,Organic Search,1,9773,3054,9773,3054,6719,68.8
5006353,2023-04-16,Milan,Luxury Watches,First-Time Buyer,Paid Social,2,12082,2671,24164,5342,18822,77.9
5005561,2023-04-16,Tokyo,Luxury Watches,Silver,Paid Social,1,11748,3948,11748,3948,7800,66.4
5006543,2023-04-16,Paris,Luxury Watches,First-Time Buyer,Paid Social,1,13623,2168,13623,2168,11455,84.1
5007224,2023-04-16,Paris,Luxury Watches,Platinum (VIP),Organic Search,3,13930,3198,41790,9594,32196,77.0
5003675,2023-04-16,Milan,Luxury Watches,Silver,Walk-in,1,13017,2181,13017,2181,10836,83.2
5002483,2023-04-17,Paris,Fine Jewelry,Gold,Organic Search,1,9470,2115,9470,2115,7355,77.7
5007047,2023-04-17,Tokyo,Luxury Watches,Silver,Organic Search,1,14863,4577,14863,4577,10286,69.2
5007093,2023-04-17,New York,Luxury Watches,First-Time Buyer,Paid Social,1,12025,2252,12025,2252,9773,81.3
5007738,2023-04-17,Milan,Designer Handbags,Silver,Walk-in,1,3318,905,3318,905,2413,72.7
5009128,2023-04-17,Tokyo,Designer Handbags,First-Time Buyer,Exclusive Invite,1,3470,770,3470,770,2700,77.8
5003076,2023-04-17,Paris,Designer Handbags,Silver,Organic Search,1,3236,760,3236,760,2476,76.5
5002616,2023-04-17,New York,Designer Handbags,Silver,Paid Social,1,3833,1111,3833,1111,2722,71.0
5005516,2023-04-17,Milan,Luxury Watches,Silver,Paid Social,1,12628,3285,12628,3285,9343,74.0
5006975,2023-04-17,New York,Luxury Watches,Gold,Organic Search,1,14864,2694,14864,2694,12170,81.9
5008681,2023-04-17,Tokyo,Luxury Watches,Silver,Walk-in,1,14676,2807,14676,2807,11869,80.9
5005150,2023-04-17,New York,Designer Handbags,First-Time Buyer,Organic Search,1,3263,932,3263,932,2331,71.4
5000278,2023-04-17,Tokyo,Fine Jewelry,First-Time Buyer,Exclusive Invite,1,7800,2429,7800,2429,5371,68.9
5000680,2023-04-17,New York,Designer Handbags,First-Time Buyer,Organic Search,1,2914,933,2914,933,1981,68.0
5002730,2023-04-17,Tokyo,Haute Fragrance,First-Time Buyer,Walk-in,1,393,77,393,77,316,80.4
5009992,2023-04-18,Paris,Haute Fragrance,Silver,Organic Search,1,405,137,405,137,268,66.2
5001690,2023-04-18,Paris,Luxury Watches,Silver,Paid Social,1,11342,2855,11342,2855,8487,74.8
5005069,2023-04-18,Tokyo,Haute Fragrance,Silver,Organic Search,1,373,106,373,106,267,71.6
5001184,2023-04-18,Paris,Luxury Watches,Silver,Paid Social,1,14939,4505,14939,4505,10434,69.8
5004404,2023-04-18,Tokyo,Luxury Watches,First-Time Buyer,Exclusive Invite,1,11532,3825,11532,3825,7707,66.8
5001873,2023-04-18,Milan,Luxury Watches,Silver,Paid Social,1,12727,3078,12727,3078,9649,75.8
5003352,2023-04-18,Paris,Fine Jewelry,First-Time Buyer,Organic Search,1,8031,1309,8031,1309,6722,83.7
5003911,2023-04-18,Tokyo,Luxury Watches,Gold,Walk-in,1,11865,2735,11865,2735,9130,76.9
5003927,2023-04-18,New York,Designer Handbags,First-Time Buyer,Walk-in,1,3070,870,3070,870,2200,71.7
5009727,2023-04-18,Milan,Fine Jewelry,Gold,Walk-in,3,9593,2204,28779,6612,22167,77.0
5006578,2023-04-18,Dubai,Haute Fragrance,Platinum (VIP),Exclusive Invite,1,406,100,406,100,306,75.4
5001995,2023-04-18,Tokyo,Fine Jewelry,Gold,Organic Search,1,10188,2440,10188,2440,7748,76.1
5000659,2023-04-19,New York,Luxury Watches,Silver,Organic Search,1,12908,2260,12908,2260,10648,82.5
5005143,2023-04-19,Paris,Designer Handbags,Silver,Organic Search,2,2921,682,5842,1364,4478,76.7
5008168,2023-04-19,Paris,Luxury Watches,Silver,Organic Search,1,14609,3782,14609,3782,10827,74.1
5007352,2023-04-19,New York,Luxury Watches,Gold,Exclusive Invite,2,13163,3392,26326,6784,19542,74.2
5004331,2023-04-19,Paris,Designer Handbags,Silver,Paid Social,1,3652,707,3652,707,2945,80.6
5007179,2023-04-19,Dubai,Designer Handbags,Gold,Organic Search,1,3412,1162,3412,1162,2250,65.9
5004783,2023-04-19,Paris,Luxury Watches,Gold,Walk-in,3,14138,4305,42414,12915,29499,69.6
5003885,2023-04-19,Tokyo,Fine Jewelry,Silver,Paid Social,2,8722,2180,17444,4360,13084,75.0
5008505,2023-04-19,New York,Luxury Watches,Silver,Walk-in,1,11672,2124,11672,2124,9548,81.8
5000931,2023-04-19,Dubai,Haute Fragrance,First-Time Buyer,Walk-in,1,414,112,414,112,302,72.9
5006393,2023-04-19,Paris,Designer Handbags,Silver,Exclusive Invite,1,2946,983,2946,983,1963,66.6
5008495,2023-04-19,Dubai,Designer Handbags,Silver,Organic Search,1,3399,555,3399,555,2844,83.7
5005228,2023-04-20,Tokyo,Fine Jewelry,Silver,Organic Search,2,7715,2237,15430,4474,10956,71.0
5005972,2023-04-20,Milan,Haute Fragrance,First-Time Buyer,Paid Social,2,394,82,788,164,624,79.2
5009842,2023-04-20,New York,Fine Jewelry,Silver,Paid Social,1,8530,1879,8530,1879,6651,78.0
5009859,2023-04-20,Milan,Haute Fragrance,First-Time Buyer,Organic Search,1,341,71,341,71,270,79.2
5003936,2023-04-20,New York,Haute Fragrance,Silver,Paid Social,1,328,112,328,112,216,65.9
5007505,2023-04-20,Milan,Luxury Watches,First-Time Buyer,Walk-in,1,14114,2452,14114,2452,11662,82.6
5006598,2023-04-20,New York,Fine Jewelry,Silver,Organic Search,1,9249,2837,9249,2837,6412,69.3
5001046,2023-04-20,New York,Haute Fragrance,Silver,Organic Search,1,344,54,344,54,290,84.3
5007635,2023-04-20,Paris,Luxury Watches,First-Time Buyer,Paid Social,1,12934,3066,12934,3066,9868,76.3
5007193,2023-04-20,New York,Haute Fragrance,First-Time Buyer,Organic Search,1,373,92,373,92,281,75.3
5006383,2023-04-20,Dubai,Designer Handbags,First-Time Buyer,Paid Social,1,3022,914,3022,914,2108,69.8
5002311,2023-04-20,Tokyo,Luxury Watches,Gold,Organic Search,1,13438,4389,13438,4389,9049,67.3
5000553,2023-04-20,New York,Luxury Watches,Silver,Organic Search,1,14896,4003,14896,4003,10893,73.1
5007256,2023-04-20,Milan,Luxury Watches,First-Time Buyer,Exclusive Invite,1,14715,4556,14715,4556,10159,69.0
5001512,2023-04-20,Dubai,Designer Handbags,Silver,Organic Search,2,3714,888,7428,1776,5652,76.1
5000658,2023-04-21,Tokyo,Luxury Watches,Gold,Organic Search,1,11918,2280,11918,2280,9638,80.9
5003973,2023-04-21,Paris,Luxury Watches,Silver,Paid Social,1,14544,4454,14544,4454,10090,69.4
5004369,2023-04-21,Dubai,Luxury Watches,Silver,Walk-in,1,12956,2008,12956,2008,10948,84.5
5000397,2023-04-21,Dubai,Designer Handbags,Silver,Walk-in,1,3673,1017,3673,1017,2656,72.3
5008872,2023-04-21,Paris,Luxury Watches,First-Time Buyer,Walk-in,1,14750,4070,14750,4070,10680,72.4
5002117,2023-04-21,Dubai,Luxury Watches,Silver,Organic Search,3,11963,3981,35889,11943,23946,66.7
5007175,2023-04-21,New York,Haute Fragrance,First-Time Buyer,Organic Search,1,388,116,388,116,272,70.1
5000028,2023-04-21,Milan,Fine Jewelry,Platinum (VIP),Organic Search,2,9266,2247,18532,4494,14038,75.8
5007354,2023-04-21,Paris,Fine Jewelry,First-Time Buyer,Exclusive Invite,1,9935,3048,9935,3048,6887,69.3
5003915,2023-04-21,Tokyo,Luxury Watches,Platinum (VIP),Organic Search,1,13286,2570,13286,2570,10716,80.7
5009748,2023-04-21,Tokyo,Haute Fragrance,Gold,Paid Social,2,371,115,742,230,512,69.0
5007453,2023-04-21,Dubai,Designer Handbags,First-Time Buyer,Exclusive Invite,1,2894,914,2894,914,1980,68.4
5008689,2023-04-21,Paris,Fine Jewelry,First-Time Buyer,Walk-in,1,9043,2436,9043,2436,6607,73.1
5008846,2023-04-21,Paris,Designer Handbags,Platinum (VIP),Organic Search,1,3088,1046,3088,1046,2042,66.1
5008783,2023-04-21,New York,Luxury Watches,First-Time Buyer,Exclusive Invite,1,14560,3314,14560,3314,11246,77.2
5000011,2023-04-21,Paris,Designer Handbags,Silver,Walk-in,1,3554,1084,3554,1084,2470,69.5
5008657,2023-04-21,Tokyo,Luxury Watches,First-Time Buyer,Exclusive Invite,2,14183,2919,28366,5838,22528,79.4
5009493,2023-04-21,Tokyo,Haute Fragrance,Silver,Walk-in,1,413,81,413,81,332,80.4
5000076,2023-04-21,Tokyo,Haute Fragrance,Silver,Paid Social,1,407,130,407,130,277,68.1
5006433,2023-04-21,New York,Haute Fragrance,Gold,Organic Search,1,405,64,405,64,341,84.2
5005185,2023-04-21,Tokyo,Fine Jewelry,First-Time Buyer,Walk-in,2,8853,2924,17706,5848,11858,67.0
5001968,2023-04-22,Dubai,Designer Handbags,Platinum (VIP),Walk-in,1,3223,1028,3223,1028,2195,68.1
5000542,2023-04-22,Tokyo,Designer Handbags,First-Time Buyer,Walk-in,1,3735,1041,3735,1041,2694,72.1
5008116,2023-04-22,Milan,Designer Handbags,First-Time Buyer,Walk-in,1,3049,461,3049,461,2588,84.9
5003449,2023-04-22,Paris,Haute Fragrance,Silver,Exclusive Invite,1,392,66,392,66,326,83.2
5001060,2023-04-22,Milan,Designer Handbags,First-Time Buyer,Exclusive Invite,2,2970,741,5940,1482,4458,75.1
5000590,2023-04-22,Tokyo,Designer Handbags,Silver,Organic Search,1,3836,760,3836,760,3076,80.2
5000583,2023-04-22,Paris,Haute Fragrance,Silver,Organic Search,1,391,82,391,82,309,79.0
5001496,2023-04-22,Tokyo,Designer Handbags,First-Time Buyer,Walk-in,1,3686,632,3686,632,3054,82.9
5001695,2023-04-22,Paris,Designer Handbags,First-Time Buyer,Organic Search,2,3421,1064,6842,2128,4714,68.9
5009814,2023-04-22,Milan,Fine Jewelry,Silver,Organic Search,1,9868,2827,9868,2827,7041,71.4
5002911,2023-04-22,Tokyo,Designer Handbags,Platinum (VIP),Organic Search,1,3498,799,3498,799,2699,77.2
5006501,2023-04-22,Tokyo,Designer Handbags,Gold,Walk-in,1,3384,888,3384,888,2496,73.8
5008693,2023-04-22,Milan,Fine Jewelry,First-Time Buyer,Organic Search,1,8440,1618,8440,1618,6822,80.8
5006699,2023-04-22,Tokyo,Designer Handbags,Silver,Paid Social,2,2966,604,5932,1208,4724,79.6
5001588,2023-04-22,Paris,Designer Handbags,Gold,Exclusive Invite,1,3513,1112,3513,1112,2401,68.3
5007720,2023-04-22,New York,Luxury Watches,Silver,Exclusive Invite,1,13761,2974,13761,2974,10787,78.4
5007939,2023-04-23,Dubai,Luxury Watches,Gold,Paid Social,1,14991,4272,14991,4272,10719,71.5
5001999,2023-04-23,Paris,Designer Handbags,Gold,Organic Search,1,2888,719,2888,719,2169,75.1
5002660,2023-04-23,Milan,Luxury Watches,Silver,Organic Search,1,11375,2001,11375,2001,9374,82.4
5005440,2023-04-23,Paris,Luxury Watches,Gold,Organic Search,1,13009,3055,13009,3055,9954,76.5
5004816,2023-04-23,New York,Designer Handbags,Silver,Organic Search,1,3589,1139,3589,1139,2450,68.3
5001680,2023-04-23,New York,Designer Handbags,Silver,Paid Social,1,3402,671,3402,671,2731,80.3
5008323,2023-04-23,Tokyo,Designer Handbags,Gold,Organic Search,1,3521,654,3521,654,2867,81.4
5004879,2023-04-23,Dubai,Designer Handbags,Gold,Exclusive Invite,3,3147,594,9441,1782,7659,81.1
5008584,2023-04-23,New York,Luxury Watches,Gold,Exclusive Invite,1,14899,4213,14899,4213,10686,71.7
5002125,2023-04-23,Paris,Designer Handbags,First-Time Buyer,Walk-in,1,3485,1180,3485,1180,2305,66.1
5009933,2023-04-23,Paris,Luxury Watches,Platinum (VIP),Paid Social,2,12535,2611,25070,5222,19848,79.2
5000342,2023-04-23,Paris,Designer Handbags,Silver,Walk-in,3,3180,618,9540,1854,7686,80.6
5009601,2023-04-23,Tokyo,Luxury Watches,Gold,Organic Search,1,13253,3906,13253,3906,9347,70.5
5003334,2023-04-24,Tokyo,Haute Fragrance,Gold,Walk-in,1,393,111,393,111,282,71.8
5008666,2023-04-24,Tokyo,Fine Jewelry,First-Time Buyer,Walk-in,1,7927,1896,7927,1896,6031,76.1
5009279,2023-04-24,New York,Luxury Watches,First-Time Buyer,Walk-in,1,11313,3204,11313,3204,8109,71.7
5005997,2023-04-24,New York,Haute Fragrance,First-Time Buyer,Paid Social,1,384,67,384,67,317,82.6
5004723,2023-04-24,New York,Luxury Watches,Gold,Organic Search,1,13317,2107,13317,2107,11210,84.2
5007356,2023-04-24,New York,Fine Jewelry,First-Time Buyer,Walk-in,3,7959,2001,23877,6003,17874,74.9
5006970,2023-04-24,Milan,Haute Fragrance,Silver,Paid Social,1,400,96,400,96,304,76.0
5009642,2023-04-24,New York,Designer Handbags,Silver,Exclusive Invite,1,3581,959,3581,959,2622,73.2
5002960,2023-04-25,Paris,Luxury Watches,Silver,Walk-in,1,11284,2458,11284,2458,8826,78.2
5002685,2023-04-25,Paris,Luxury Watches,Silver,Organic Search,1,14023,3700,14023,3700,10323,73.6
5009307,2023-04-25,New York,Fine Jewelry,Silver,Paid Social,2,8614,2085,17228,4170,13058,75.8
5005847,2023-04-25,Paris,Fine Jewelry,First-Time Buyer,Walk-in,1,7973,2316,7973,2316,5657,71.0
5007741,2023-04-25,Paris,Luxury Watches,First-Time Buyer,Paid Social,1,13817,2510,13817,2510,11307,81.8
5003816,2023-04-25,New York,Luxury Watches,First-Time Buyer,Exclusive Invite,1,14123,4455,14123,4455,9668,68.5
5005577,2023-04-25,Tokyo,Designer Handbags,Gold,Organic Search,1,3601,800,3601,800,2801,77.8
5007181,2023-04-25,Tokyo,Fine Jewelry,Gold,Exclusive Invite,1,9856,3323,9856,3323,6533,66.3
5006997,2023-04-25,Paris,Haute Fragrance,Silver,Paid Social,1,353,70,353,70,283,80.2
5009767,2023-04-25,New York,Luxury Watches,Platinum (VIP),Organic Search,1,14449,4902,14449,4902,9547,66.1
5001172,2023-04-25,Tokyo,Fine Jewelry,Silver,Walk-in,1,9193,2032,9193,2032,7161,77.9
5004679,2023-04-25,Paris,Designer Handbags,First-Time Buyer,Walk-in,1,2915,958,2915,958,1957,67.1
5004727,2023-04-25,Tokyo,Designer Handbags,First-Time Buyer,Walk-in,1,3445,1144,3445,1144,2301,66.8
5004498,2023-04-26,New York,Designer Handbags,Gold,Organic Search,1,3255,1078,3255,1078,2177,66.9
5002810,2023-04-26,Milan,Haute Fragrance,First-Time Buyer,Paid Social,1,335,64,335,64,271,80.9
5009076,2023-04-26,New York,Haute Fragrance,Gold,Organic Search,1,417,73,417,73,344,82.5
5002766,2023-04-26,Dubai,Designer Handbags,Platinum (VIP),Organic Search,2,3668,1244,7336,2488,4848,66.1
5008065,2023-04-26,Milan,Designer Handbags,Silver,Organic Search,1,3746,1265,3746,1265,2481,66.2
5001480,2023-04-26,Tokyo,Designer Handbags,First-Time Buyer,Organic Search,1,2994,866,2994,866,2128,71.1
5009661,2023-04-26,Paris,Designer Handbags,Silver,Organic Search,2,3134,898,6268,1796,4472,71.3
5009882,2023-04-26,Paris,Fine Jewelry,Silver,Walk-in,1,8992,2444,8992,2444,6548,72.8
5005975,2023-04-26,Milan,Fine Jewelry,Silver,Organic Search,3,8630,2748,25890,8244,17646,68.2
5006239,2023-04-26,Paris,Haute Fragrance,Platinum (VIP),Exclusive Invite,1,318,67,318,67,251,78.9
5004139,2023-04-26,Milan,Haute Fragrance,First-Time Buyer,Organic Search,1,384,84,384,84,300,78.1
5003059,2023-04-26,New York,Fine Jewelry,Gold,Exclusive Invite,1,9110,2851,9110,2851,6259,68.7
5002557,2023-04-26,Paris,Designer Handbags,Silver,Organic Search,1,3757,947,3757,947,2810,74.8
5002397,2023-04-26,Tokyo,Haute Fragrance,First-Time Buyer,Organic Search,3,346,85,1038,255,783,75.4
5005118,2023-04-26,Milan,Fine Jewelry,Platinum (VIP),Organic Search,3,9900,1837,29700,5511,24189,81.4
5007063,2023-04-26,New York,Haute Fragrance,Gold,Organic Search,3,400,130,1200,390,810,67.5
5007208,2023-04-26,New York,Luxury Watches,First-Time Buyer,Walk-in,1,12559,3271,12559,3271,9288,74.0
5004105,2023-04-27,Milan,Luxury Watches,Gold,Walk-in,2,13261,4318,26522,8636,17886,67.4
5003514,2023-04-27,Paris,Fine Jewelry,First-Time Buyer,Paid Social,1,9003,2056,9003,2056,6947,77.2
5005013,2023-04-27,Tokyo,Fine Jewelry,Silver,Organic Search,1,9939,1560,9939,1560,8379,84.3
5003433,2023-04-27,Tokyo,Luxury Watches,Silver,Walk-in,1,14727,2809,14727,2809,11918,80.9
5002727,2023-04-27,Tokyo,Luxury Watches,Gold,Exclusive Invite,1,14537,4030,14537,4030,10507,72.3
5003428,2023-04-27,Paris,Designer Handbags,First-Time Buyer,Exclusive Invite,1,3420,1060,3420,1060,2360,69.0
5005097,2023-04-27,Paris,Luxury Watches,Gold,Walk-in,1,13841,2704,13841,2704,11137,80.5
5001227,2023-04-27,Tokyo,Designer Handbags,Silver,Organic Search,3,3257,799,9771,2397,7374,75.5
5008516,2023-04-27,New York,Haute Fragrance,First-Time Buyer,Organic Search,1,327,91,327,91,236,72.2
5000424,2023-04-27,Paris,Fine Jewelry,Gold,Organic Search,1,9645,2652,9645,2652,6993,72.5
5002182,2023-04-27,Paris,Haute Fragrance,Platinum (VIP),Organic Search,3,419,119,1257,357,900,71.6
5008389,2023-04-27,New York,Designer Handbags,Gold,Paid Social,1,3419,597,3419,597,2822,82.5
5009312,2023-04-27,Paris,Luxury Watches,Silver,Paid Social,1,13101,3547,13101,3547,9554,72.9
5006071,2023-04-28,New York,Haute Fragrance,Silver,Organic Search,1,382,90,382,90,292,76.4
5005878,2023-04-28,Milan,Fine Jewelry,First-Time Buyer,Organic Search,1,8834,1544,8834,1544,7290,82.5
5000403,2023-04-28,New York,Designer Handbags,First-Time Buyer,Organic Search,1,3718,1081,3718,1081,2637,70.9
5007021,2023-04-28,Paris,Haute Fragrance,Gold,Organic Search,1,360,95,360,95,265,73.6
5001536,2023-04-28,Tokyo,Luxury Watches,Gold,Organic Search,1,13428,2235,13428,2235,11193,83.4
5004692,2023-04-28,Milan,Designer Handbags,Gold,Walk-in,1,3132,809,3132,809,2323,74.2
5000904,2023-04-28,Paris,Haute Fragrance,First-Time Buyer,Organic Search,1,376,97,376,97,279,74.2
5005262,2023-04-28,Milan,Luxury Watches,Platinum (VIP),Organic Search,1,14795,4839,14795,4839,9956,67.3
5008627,2023-04-28,Dubai,Fine Jewelry,First-Time Buyer,Organic Search,1,8867,1932,8867,1932,6935,78.2
5009015,2023-04-28,Tokyo,Luxury Watches,Silver,Organic Search,1,11985,2305,11985,2305,9680,80.8
5008352,2023-04-28,Paris,Fine Jewelry,Silver,Organic Search,2,8761,3030,17522,6060,11462,65.4
5009464,2023-04-28,Milan,Luxury Watches,Platinum (VIP),Paid Social,2,12712,2468,25424,4936,20488,80.6
5000936,2023-04-28,Tokyo,Designer Handbags,First-Time Buyer,Walk-in,1,3489,570,3489,570,2919,83.7
5008088,2023-04-28,New York,Fine Jewelry,Silver,Walk-in,1,9484,3258,9484,3258,6226,65.6
5000800,2023-04-28,New York,Fine Jewelry,Gold,Walk-in,1,9438,2503,9438,2503,6935,73.5
5001394,2023-04-28,Dubai,Fine Jewelry,First-Time Buyer,Paid Social,1,8769,1990,8769,1990,6779,77.3
5008965,2023-04-28,New York,Designer Handbags,First-Time Buyer,Walk-in,1,3578,642,3578,642,2936,82.1
5003493,2023-04-29,New York,Designer Handbags,Silver,Walk-in,1,3703,1185,3703,1185,2518,68.0
5005794,2023-04-29,Milan,Luxury Watches,First-Time Buyer,Paid Social,2,13875,2184,27750,4368,23382,84.3
5006914,2023-04-29,New York,Fine Jewelry,Platinum (VIP),Organic Search,2,9338,1922,18676,3844,14832,79.4
5000049,2023-04-29,Dubai,Designer Handbags,Platinum (VIP),Walk-in,1,3301,1134,3301,1134,2167,65.6
5000975,2023-04-29,Tokyo,Fine Jewelry,Silver,Organic Search,1,9964,3177,9964,3177,6787,68.1
5004451,2023-04-29,Dubai,Designer Handbags,First-Time Buyer,Organic Search,1,3440,818,3440,818,2622,76.2
5005184,2023-04-29,New York,Luxury Watches,Platinum (VIP),Walk-in,1,12173,3490,12173,3490,8683,71.3
5008742,2023-04-29,Dubai,Designer Handbags,Silver,Walk-in,1,3327,1084,3327,1084,2243,67.4
5000912,2023-04-29,Dubai,Designer Handbags,First-Time Buyer,Organic Search,1,3427,1099,3427,1099,2328,67.9
5000124,2023-04-29,Dubai,Fine Jewelry,First-Time Buyer,Organic Search,1,9895,2632,9895,2632,7263,73.4
5005542,2023-04-29,Tokyo,Designer Handbags,First-Time Buyer,Organic Search,1,2954,490,2954,490,2464,83.4
5004773,2023-04-29,Paris,Luxury Watches,First-Time Buyer,Organic Search,1,13151,3435,13151,3435,9716,73.9
5004860,2023-04-29,New York,Designer Handbags,Gold,Exclusive Invite,2,3585,843,7170,1686,5484,76.5
5008187,2023-04-29,Milan,Haute Fragrance,Silver,Organic Search,1,328,58,328,58,270,82.3
5007521,2023-04-29,Tokyo,Designer Handbags,First-Time Buyer,Organic Search,1,3493,670,3493,670,2823,80.8
5002300,2023-04-29,Dubai,Designer Handbags,Gold,Walk-in,1,3726,571,3726,571,3155,84.7
5008147,2023-04-29,Dubai,Designer Handbags,First-Time Buyer,Walk-in,1,3219,1089,3219,1089,2130,66.2
5000636,2023-04-29,New York,Haute Fragrance,Silver,Organic Search,1,368,71,368,71,297,80.7
5005344,2023-04-30,Tokyo,Luxury Watches,Silver,Paid Social,1,11471,1976,11471,1976,9495,82.8
5008824,2023-04-30,Dubai,Luxury Watches,First-Time Buyer,Walk-in,2,12389,2228,24778,4456,20322,82.0
5006320,2023-04-30,Paris,Designer Handbags,Silver,Organic Search,1,3792,1087,3792,1087,2705,71.3
5001922,2023-04-30,Paris,Fine Jewelry,First-Time Buyer,Walk-in,1,8170,2247,8170,2247,5923,72.5
5005583,2023-04-30,Paris,Fine Jewelry,Silver,Exclusive Invite,1,10100,3160,10100,3160,6940,68.7
5007136,2023-04-30,New York,Haute Fragrance,Platinum (VIP),Exclusive Invite,1,395,70,395,70,325,82.3
5004953,2023-04-30,Tokyo,Fine Jewelry,First-Time Buyer,Organic Search,1,8157,2409,8157,2409,5748,70.5
5007467,2023-04-30,Dubai,Luxury Watches,First-Time Buyer,Walk-in,2,13951,2630,27902,5260,22642,81.1
5007578,2023-04-30,Tokyo,Designer Handbags,Platinum (VIP),Paid Social,1,2992,736,2992,736,2256,75.4
5000565,2023-04-30,New York,Luxury Watches,Platinum (VIP),Organic Search,1,12969,3340,12969,3340,9629,74.2
5001190,2023-04-30,Milan,Luxury Watches,Gold,Paid Social,1,13411,3810,13411,3810,9601,71.6
5008211,2023-04-30,Paris,Luxury Watches,Gold,Organic Search,1,11326,3934,11326,3934,7392,65.3
5001122,2023-04-30,Tokyo,Haute Fragrance,First-Time Buyer,Organic Search,1,333,89,333,89,244,73.3
5000815,2023-04-30,Dubai,Designer Handbags,First-Time Buyer,Organic Search,1,3448,736,3448,736,2712,78.7
5004869,2023-05-01,Tokyo,Designer Handbags,Silver,Walk-in,1,3593,829,3593,829,2764,76.9
5003171,2023-05-01,Tokyo,Fine Jewelry,Gold,Organic Search,1,9688,3140,9688,3140,6548,67.6
5004248,2023-05-01,Dubai,Designer Handbags,First-Time Buyer,Organic Search,2,3789,1190,7578,2380,5198,68.6
5006634,2023-05-01,Paris,Designer Handbags,Silver,Organic Search,1,2912,449,2912,449,2463,84.6
5005325,2023-05-01,Milan,Luxury Watches,First-Time Buyer,Organic Search,1,12853,2158,12853,2158,10695,83.2
5003463,2023-05-01,Milan,Designer Handbags,First-Time Buyer,Organic Search,1,3094,1070,3094,1070,2024,65.4
5009677,2023-05-01,Paris,Designer Handbags,Gold,Organic Search,1,3363,881,3363,881,2482,73.8
5009192,2023-05-01,Milan,Fine Jewelry,First-Time Buyer,Paid Social,1,8668,2872,8668,2872,5796,66.9
5003358,2023-05-01,Paris,Designer Handbags,First-Time Buyer,Walk-in,2,3135,644,6270,1288,4982,79.5
5004922,2023-05-01,Paris,Fine Jewelry,Silver,Walk-in,1,9714,2359,9714,2359,7355,75.7
5006354,2023-05-01,Paris,Designer Handbags,First-Time Buyer,Exclusive Invite,1,3433,742,3433,742,2691,78.4
5003123,2023-05-02,Paris,Designer Handbags,Silver,Exclusive Invite,1,3550,683,3550,683,2867,80.8
5006776,2023-05-02,Dubai,Designer Handbags,First-Time Buyer,Paid Social,1,3214,661,3214,661,2553,79.4
5007117,2023-05-02,Paris,Fine Jewelry,First-Time Buyer,Organic Search,1,7958,2101,7958,2101,5857,73.6
5003499,2023-05-02,New York,Fine Jewelry,Gold,Paid Social,1,7958,1660,7958,1660,6298,79.1
5001197,2023-05-02,Paris,Luxury Watches,First-Time Buyer,Paid Social,1,14633,2263,14633,2263,12370,84.5
5008334,2023-05-02,Tokyo,Fine Jewelry,Silver,Walk-in,1,9778,2148,9778,2148,7630,78.0
5005505,2023-05-02,Tokyo,Designer Handbags,First-Time Buyer,Organic Search,1,3744,750,3744,750,2994,80.0
5006853,2023-05-02,New York,Designer Handbags,Silver,Organic Search,1,3724,599,3724,599,3125,83.9
5003103,2023-05-02,Milan,Haute Fragrance,Silver,Walk-in,2,358,101,716,202,514,71.8
5000156,2023-05-02,Dubai,Designer Handbags,First-Time Buyer,Walk-in,2,3487,1099,6974,2198,4776,68.5
5002191,2023-05-02,Tokyo,Designer Handbags,Silver,Walk-in,2,3029,910,6058,1820,4238,70.0
5008940,2023-05-03,Milan,Fine Jewelry,Gold,Paid Social,1,8362,1770,8362,1770,6592,78.8
5008353,2023-05-03,Milan,Designer Handbags,Gold,Walk-in,1,3655,772,3655,772,2883,78.9
5001601,2023-05-03,New York,Haute Fragrance,Silver,Walk-in,1,352,67,352,67,285,81.0
5006427,2023-05-03,Milan,Luxury Watches,First-Time Buyer,Organic Search,1,13337,4619,13337,4619,8718,65.4
5006195,2023-05-03,Dubai,Fine Jewelry,Silver,Organic Search,1,9199,2289,9199,2289,6910,75.1
5000094,2023-05-03,New York,Fine Jewelry,Gold,Exclusive Invite,2,8097,2202,16194,4404,11790,72.8
5004504,2023-05-03,New York,Luxury Watches,Silver,Organic Search,1,14044,2161,14044,2161,11883,84.6
5006924,2023-05-03,Milan,Designer Handbags,Silver,Walk-in,1,3797,634,3797,634,3163,83.3
5002067,2023-05-03,New York,Haute Fragrance,Gold,Exclusive Invite,1,337,115,337,115,222,65.9
5008804,2023-05-03,New York,Luxury Watches,First-Time Buyer,Organic Search,1,14420,3022,14420,3022,11398,79.0
5008506,2023-05-04,New York,Designer Handbags,First-Time Buyer,Organic Search,2,3131,644,6262,1288,4974,79.4
5009780,2023-05-04,New York,Luxury Watches,First-Time Buyer,Exclusive Invite,1,14737,4087,14737,4087,10650,72.3
5008497,2023-05-04,New York,Haute Fragrance,Silver,Paid Social,2,329,84,658,168,490,74.5
5005599,2023-05-04,Tokyo,Fine Jewelry,First-Time Buyer,Organic Search,1,8366,2748,8366,2748,5618,67.2
5006621,2023-05-04,New York,Fine Jewelry,Silver,Walk-in,1,7762,2212,7762,2212,5550,71.5
5008698,2023-05-04,Tokyo,Luxury Watches,First-Time Buyer,Organic Search,2,12772,4190,25544,8380,17164,67.2
5004130,2023-05-04,Tokyo,Luxury Watches,Silver,Paid Social,1,13652,2830,13652,2830,10822,79.3
5007802,2023-05-04,Tokyo,Luxury Watches,Silver,Walk-in,1,13639,2561,13639,2561,11078,81.2
5005083,2023-05-04,Dubai,Luxury Watches,First-Time Buyer,Walk-in,1,12573,1897,12573,1897,10676,84.9
5001090,2023-05-04,Tokyo,Fine Jewelry,Platinum (VIP),Paid Social,3,8148,2567,24444,7701,16743,68.5
5002846,2023-05-04,New York,Luxury Watches,Silver,Organic Search,1,14144,2524,14144,2524,11620,82.2
5009356,2023-05-04,New York,Designer Handbags,Gold,Paid Social,1,3787,1104,3787,1104,2683,70.8
5009264,2023-05-04,New York,Designer Handbags,Platinum (VIP),Exclusive Invite,1,3784,1320,3784,1320,2464,65.1
5001343,2023-05-05,Milan,Designer Handbags,First-Time Buyer,Organic Search,2,3218,1116,6436,2232,4204,65.3
5000873,2023-05-05,New York,Luxury Watches,First-Time Buyer,Organic Search,1,14250,4496,14250,4496,9754,68.4
5003665,2023-05-05,Paris,Haute Fragrance,Silver,Walk-in,1,415,144,415,144,271,65.3
5001311,2023-05-05,New York,Fine Jewelry,First-Time Buyer,Organic Search,1,8007,2238,8007,2238,5769,72.0
5000643,2023-05-05,Milan,Designer Handbags,Silver,Organic Search,1,2911,812,2911,812,2099,72.1
5001856,2023-05-05,Dubai,Fine Jewelry,Silver,Organic Search,1,7890,2388,7890,2388,5502,69.7
5005751,2023-05-05,Paris,Designer Handbags,First-Time Buyer,Organic Search,1,3128,837,3128,837,2291,73.2
5000212,2023-05-05,Dubai,Haute Fragrance,First-Time Buyer,Paid Social,1,346,97,346,97,249,72.0
5004346,2023-05-05,Paris,Designer Handbags,First-Time Buyer,Organic Search,1,3412,767,3412,767,2645,77.5
5005921,2023-05-05,New York,Luxury Watches,Silver,Walk-in,1,14960,3670,14960,3670,11290,75.5
5001947,2023-05-05,Tokyo,Haute Fragrance,First-Time Buyer,Exclusive Invite,1,335,90,335,90,245,73.1
5004271,2023-05-05,Milan,Luxury Watches,First-Time Buyer,Walk-in,1,11375,3796,11375,3796,7579,66.6
5005052,2023-05-05,New York,Designer Handbags,First-Time Buyer,Organic Search,2,3471,578,6942,1156,5786,83.3
5005531,2023-05-05,Milan,Luxury Watches,Gold,Organic Search,1,13715,2397,13715,2397,11318,82.5
5007895,2023-05-05,Paris,Designer Handbags,Gold,Walk-in,1,2911,909,2911,909,2002,68.8
5002996,2023-05-06,Dubai,Fine Jewelry,Gold,Walk-in,1,8612,2907,8612,2907,5705,66.2
5004050,2023-05-06,New York,Luxury Watches,First-Time Buyer,Organic Search,1,13895,2186,13895,2186,11709,84.3
5002769,2023-05-06,Milan,Fine Jewelry,First-Time Buyer,Walk-in,1,9110,2414,9110,2414,6696,73.5
5007426,2023-05-06,New York,Luxury Watches,Platinum (VIP),Paid Social,1,13911,3778,13911,3778,10133,72.8
5004793,2023-05-06,Dubai,Fine Jewelry,First-Time Buyer,Organic Search,1,8422,2254,8422,2254,6168,73.2
5005320,2023-05-06,Tokyo,Designer Handbags,Platinum (VIP),Organic Search,1,3190,502,3190,502,2688,84.3
5006928,2023-05-06,New York,Luxury Watches,First-Time Buyer,Walk-in,1,13129,2069,13129,2069,11060,84.2
5007334,2023-05-06,Dubai,Fine Jewelry,First-Time Buyer,Paid Social,1,8591,2907,8591,2907,5684,66.2
5001869,2023-05-06,Paris,Fine Jewelry,Silver,Paid Social,1,7754,2170,7754,2170,5584,72.0
5003147,2023-05-06,Milan,Designer Handbags,Gold,Walk-in,2,3094,883,6188,1766,4422,71.5
5000431,2023-05-06,Milan,Luxury Watches,Silver,Paid Social,1,11984,3134,11984,3134,8850,73.8
5002147,2023-05-06,New York,Designer Handbags,Gold,Organic Search,1,3205,578,3205,578,2627,82.0
5006347,2023-05-06,Paris,Luxury Watches,Silver,Organic Search,1,11508,1800,11508,1800,9708,84.4
5009211,2023-05-06,Tokyo,Designer Handbags,First-Time Buyer,Walk-in,1,3311,660,3311,660,2651,80.1
5003383,2023-05-06,Tokyo,Designer Handbags,Silver,Paid Social,1,3450,572,3450,572,2878,83.4
5005494,2023-05-07,Paris,Luxury Watches,First-Time Buyer,Walk-in,1,12149,3316,12149,3316,8833,72.7
5004683,2023-05-07,New York,Designer Handbags,First-Time Buyer,Exclusive Invite,1,3813,1086,3813,1086,2727,71.5
5005014,2023-05-07,New York,Fine Jewelry,Silver,Walk-in,1,9861,2200,9861,2200,7661,77.7
5009038,2023-05-07,Paris,Fine Jewelry,Silver,Exclusive Invite,2,9847,2425,19694,4850,14844,75.4
5007481,2023-05-07,Paris,Luxury Watches,First-Time Buyer,Exclusive Invite,1,11922,4060,11922,4060,7862,65.9
5006216,2023-05-07,Dubai,Designer Handbags,First-Time Buyer,Organic Search,1,3105,582,3105,582,2523,81.3
5006222,2023-05-07,Dubai,Haute Fragrance,Silver,Exclusive Invite,2,343,101,686,202,484,70.6
5003223,2023-05-07,New York,Luxury Watches,First-Time Buyer,Walk-in,1,14830,4170,14830,4170,10660,71.9
5002515,2023-05-07,Dubai,Luxury Watches,Silver,Organic Search,1,13648,2312,13648,2312,11336,83.1
5003031,2023-05-07,Paris,Designer Handbags,First-Time Buyer,Paid Social,1,3271,572,3271,572,2699,82.5
5004912,2023-05-07,Dubai,Designer Handbags,Gold,Walk-in,3,3261,934,9783,2802,6981,71.4
5001898,2023-05-07,New York,Haute Fragrance,Silver,Paid Social,1,347,71,347,71,276,79.5
5009977,2023-05-07,Paris,Designer Handbags,Silver,Exclusive Invite,1,3028,1001,3028,1001,2027,66.9
5007696,2023-05-07,Tokyo,Fine Jewelry,Platinum (VIP),Paid Social,1,8977,2517,8977,2517,6460,72.0
5005252,2023-05-07,Tokyo,Haute Fragrance,Silver,Paid Social,1,400,74,400,74,326,81.5
5003234,2023-05-08,New York,Designer Handbags,First-Time Buyer,Paid Social,1,3686,589,3686,589,3097,84.0
5003236,2023-05-08,Paris,Luxury Watches,Silver,Organic Search,1,12970,3773,12970,3773,9197,70.9
5007784,2023-05-08,Tokyo,Haute Fragrance,Silver,Paid Social,3,406,85,1218,255,963,79.1
5000380,2023-05-08,Milan,Luxury Watches,First-Time Buyer,Walk-in,1,11384,3699,11384,3699,7685,67.5
5004746,2023-05-08,Milan,Designer Handbags,Gold,Walk-in,1,3401,752,3401,752,2649,77.9
5001824,2023-05-08,Dubai,Luxury Watches,Gold,Organic Search,1,13296,2125,13296,2125,11171,84.0
5007120,2023-05-08,Milan,Haute Fragrance,Silver,Walk-in,1,370,107,370,107,263,71.1
5004992,2023-05-08,Milan,Luxury Watches,Gold,Paid Social,1,13334,3252,13334,3252,10082,75.6
5003729,2023-05-08,Tokyo,Luxury Watches,Silver,Exclusive Invite,1,14498,4359,14498,4359,10139,69.9
5007659,2023-05-08,Dubai,Designer Handbags,Silver,Paid Social,1,3459,1015,3459,1015,2444,70.7
5004851,2023-05-09,Dubai,Haute Fragrance,First-Time Buyer,Walk-in,1,354,81,354,81,273,77.1
5005183,2023-05-09,Paris,Designer Handbags,Gold,Organic Search,2,3495,647,6990,1294,5696,81.5
5005062,2023-05-09,New York,Haute Fragrance,Gold,Organic Search,2,352,122,704,244,460,65.3
5005051,2023-05-09,Dubai,Luxury Watches,Silver,Organic Search,1,11544,3652,11544,3652,7892,68.4
5006542,2023-05-09,Tokyo,Haute Fragrance,First-Time Buyer,Exclusive Invite,1,374,114,374,114,260,69.5
5004969,2023-05-09,Paris,Fine Jewelry,Gold,Paid Social,1,9185,2531,9185,2531,6654,72.4
5007322,2023-05-09,Paris,Luxury Watches,Gold,Organic Search,2,12526,2695,25052,5390,19662,78.5
5002005,2023-05-09,Paris,Haute Fragrance,Gold,Organic Search,1,390,99,390,99,291,74.6
5005970,2023-05-09,Milan,Designer Handbags,Platinum (VIP),Walk-in,1,2939,960,2939,960,1979,67.3
5004700,2023-05-09,Tokyo,Designer Handbags,Gold,Paid Social,1,3212,1050,3212,1050,2162,67.3
5004795,2023-05-09,Paris,Haute Fragrance,First-Time Buyer,Organic Search,1,400,101,400,101,299,74.8
5005525,2023-05-09,Paris,Fine Jewelry,First-Time Buyer,Organic Search,1,8386,2632,8386,2632,5754,68.6
5007612,2023-05-09,New York,Designer Handbags,First-Time Buyer,Organic Search,1,3340,826,3340,826,2514,75.3
5001254,2023-05-09,Dubai,Haute Fragrance,Silver,Exclusive Invite,1,342,105,342,105,237,69.3
5009064,2023-05-09,Paris,Designer Handbags,First-Time Buyer,Paid Social,1,3770,713,3770,713,3057,81.1
5005814,2023-05-10,Tokyo,Designer Handbags,Platinum (VIP),Organic Search,1,3526,902,3526,902,2624,74.4
5006493,2023-05-10,Paris,Designer Handbags,First-Time Buyer,Paid Social,1,2984,1040,2984,1040,1944,65.1
5006863,2023-05-10,Dubai,Fine Jewelry,Silver,Paid Social,1,9591,2728,9591,2728,6863,71.6
5004801,2023-05-10,Milan,Designer Handbags,First-Time Buyer,Organic Search,1,2972,703,2972,703,2269,76.3
5005805,2023-05-10,Milan,Luxury Watches,Gold,Walk-in,1,11320,3681,11320,3681,7639,67.5
5000399,2023-05-10,Paris,Luxury Watches,Silver,Walk-in,1,12508,2856,12508,2856,9652,77.2
5006890,2023-05-10,Tokyo,Luxury Watches,Gold,Organic Search,1,14036,3078,14036,3078,10958,78.1
5009750,2023-05-10,Milan,Designer Handbags,First-Time Buyer,Organic Search,1,3780,766,3780,766,3014,79.7
5006658,2023-05-10,Paris,Designer Handbags,Gold,Organic Search,1,3818,1207,3818,1207,2611,68.4
5007085,2023-05-10,Milan,Fine Jewelry,Gold,Organic Search,1,8475,2738,8475,2738,5737,67.7
5001195,2023-05-10,Milan,Designer Handbags,Gold,Exclusive Invite,1,3705,909,3705,909,2796,75.5
5007059,2023-05-10,Tokyo,Luxury Watches,Silver,Organic Search,1,13399,4449,13399,4449,8950,66.8
5008224,2023-05-10,New York,Designer Handbags,Platinum (VIP),Organic Search,1,3144,718,3144,718,2426,77.2
5000540,2023-05-10,New York,Designer Handbags,Silver,Paid Social,2,3607,656,7214,1312,5902,81.8
5000133,2023-05-10,New York,Designer Handbags,Silver,Walk-in,1,3006,518,3006,518,2488,82.8
5006212,2023-05-10,New York,Designer Handbags,Silver,Exclusive Invite,1,2911,645,2911,645,2266,77.8
5007053,2023-05-10,New York,Luxury Watches,Silver,Organic Search,1,11911,2573,11911,2573,9338,78.4
5002472,2023-05-11,Dubai,Designer Handbags,Silver,Organic Search,1,3678,791,3678,791,2887,78.5
5005811,2023-05-11,Milan,Designer Handbags,Silver,Paid Social,1,2903,580,2903,580,2323,80.0
5001729,2023-05-11,Dubai,Fine Jewelry,First-Time Buyer,Walk-in,2,7798,2061,15596,4122,11474,73.6
5005297,2023-05-11,Paris,Luxury Watches,Silver,Organic Search,1,12205,2266,12205,2266,9939,81.4
5003961,2023-05-11,Paris,Designer Handbags,Platinum (VIP),Organic Search,1,3423,753,3423,753,2670,78.0
5000318,2023-05-11,Paris,Luxury Watches,Silver,Exclusive Invite,3,11851,3408,35553,10224,25329,71.2
5001609,2023-05-12,Milan,Luxury Watches,First-Time Buyer,Walk-in,1,11266,2166,11266,2166,9100,80.8
5004550,2023-05-12,Tokyo,Luxury Watches,Gold,Paid Social,1,11796,2069,11796,2069,9727,82.5
5005100,2023-05-12,New York,Luxury Watches,Silver,Paid Social,1,14828,4185,14828,4185,10643,71.8
5006795,2023-05-12,Paris,Haute Fragrance,First-Time Buyer,Paid Social,3,410,122,1230,366,864,70.2
5005695,2023-05-12,Dubai,Luxury Watches,Platinum (VIP),Walk-in,1,14657,2394,14657,2394,12263,83.7
5009318,2023-05-12,New York,Fine Jewelry,First-Time Buyer,Organic Search,1,8582,1493,8582,1493,7089,82.6
5005687,2023-05-12,Tokyo,Fine Jewelry,Silver,Exclusive Invite,1,8677,2473,8677,2473,6204,71.5
5006758,2023-05-12,Dubai,Luxury Watches,Gold,Paid Social,2,11815,3121,23630,6242,17388,73.6
5008528,2023-05-12,Paris,Designer Handbags,Silver,Paid Social,1,3536,800,3536,800,2736,77.4
5003289,2023-05-12,New York,Fine Jewelry,First-Time Buyer,Walk-in,2,8181,2600,16362,5200,11162,68.2
5005334,2023-05-12,Dubai,Designer Handbags,First-Time Buyer,Paid Social,1,3073,985,3073,985,2088,67.9
5004330,2023-05-12,Dubai,Haute Fragrance,First-Time Buyer,Paid Social,1,329,69,329,69,260,79.0
5008921,2023-05-12,Milan,Fine Jewelry,Silver,Exclusive Invite,1,8259,1653,8259,1653,6606,80.0
5009548,2023-05-12,New York,Luxury Watches,Silver,Paid Social,1,11254,2855,11254,2855,8399,74.6
5000943,2023-05-12,Paris,Designer Handbags,Silver,Paid Social,1,3626,970,3626,970,2656,73.2
5003167,2023-05-13,Paris,Designer Handbags,Silver,Walk-in,1,3814,1044,3814,1044,2770,72.6
5008646,2023-05-13,Paris,Designer Handbags,Silver,Paid Social,1,3122,652,3122,652,2470,79.1
5001468,2023-05-13,Dubai,Haute Fragrance,Silver,Paid Social,1,406,66,406,66,340,83.7
5009381,2023-05-13,Tokyo,Luxury Watches,First-Time Buyer,Walk-in,1,11326,2748,11326,2748,8578,75.7
5000393,2023-05-13,Paris,Designer Handbags,Gold,Organic Search,1,2950,966,2950,966,1984,67.3
5008897,2023-05-13,Tokyo,Luxury Watches,First-Time Buyer,Walk-in,3,11411,1765,34233,5295,28938,84.5
5001281,2023-05-13,Milan,Haute Fragrance,Gold,Organic Search,3,407,130,1221,390,831,68.1
5000795,2023-05-13,Milan,Haute Fragrance,First-Time Buyer,Exclusive Invite,1,325,53,325,53,272,83.7
5009236,2023-05-13,New York,Fine Jewelry,Silver,Paid Social,1,9252,2461,9252,2461,6791,73.4
5007399,2023-05-13,Milan,Haute Fragrance,First-Time Buyer,Paid Social,2,354,113,708,226,482,68.1
5000985,2023-05-13,Paris,Haute Fragrance,Gold,Exclusive Invite,1,350,78,350,78,272,77.7
5005959,2023-05-13,New York,Luxury Watches,First-Time Buyer,Exclusive Invite,2,11651,3966,23302,7932,15370,66.0
5006198,2023-05-13,Dubai,Luxury Watches,First-Time Buyer,Organic Search,1,14078,3012,14078,3012,11066,78.6
5006410,2023-05-13,Paris,Luxury Watches,Gold,Exclusive Invite,1,14517,3308,14517,3308,11209,77.2
5006691,2023-05-13,Paris,Fine Jewelry,Silver,Organic Search,1,9516,3019,9516,3019,6497,68.3
5006159,2023-05-13,Dubai,Luxury Watches,Silver,Organic Search,2,13048,3335,26096,6670,19426,74.4
5000549,2023-05-14,Paris,Haute Fragrance,Gold,Paid Social,1,399,64,399,64,335,84.0
5007605,2023-05-14,Paris,Designer Handbags,Silver,Organic Search,2,3790,576,7580,1152,6428,84.8
5001304,2023-05-14,Dubai,Fine Jewelry,Silver,Exclusive Invite,1,8625,2315,8625,2315,6310,73.2
5008973,2023-05-14,New York,Haute Fragrance,First-Time Buyer,Paid Social,1,384,110,384,110,274,71.4
5005818,2023-05-14,Tokyo,Luxury Watches,Gold,Paid Social,2,13163,4542,26326,9084,17242,65.5
5001130,2023-05-14,New York,Designer Handbags,Platinum (VIP),Organic Search,1,2954,667,2954,667,2287,77.4
5003014,2023-05-14,Dubai,Fine Jewelry,Platinum (VIP),Walk-in,1,7797,1834,7797,1834,5963,76.5
5005314,2023-05-14,New York,Designer Handbags,Gold,Organic Search,1,3309,1102,3309,1102,2207,66.7
5009870,2023-05-14,New York,Designer Handbags,Silver,Organic Search,1,3222,822,3222,822,2400,74.5
5002155,2023-05-14,New York,Luxury Watches,First-Time Buyer,Organic Search,2,13278,4440,26556,8880,17676,66.6
5003425,2023-05-14,Tokyo,Luxury Watches,Platinum (VIP),Paid Social,1,12726,3501,12726,3501,9225,72.5
5001218,2023-05-15,New York,Designer Handbags,Platinum (VIP),Paid Social,1,3811,827,3811,827,2984,78.3
5002776,2023-05-15,Dubai,Luxury Watches,Silver,Paid Social,1,13326,2206,13326,2206,11120,83.4
5003552,2023-05-15,Dubai,Luxury Watches,First-Time Buyer,Walk-in,1,13205,2259,13205,2259,10946,82.9
5009454,2023-05-15,New York,Haute Fragrance,First-Time Buyer,Organic Search,1,351,97,351,97,254,72.4
5004461,2023-05-15,Milan,Haute Fragrance,Silver,Organic Search,1,371,75,371,75,296,79.8
5004587,2023-05-15,Paris,Luxury Watches,First-Time Buyer,Organic Search,1,11750,2565,11750,2565,9185,78.2
5006225,2023-05-15,Dubai,Haute Fragrance,Silver,Paid Social,1,339,63,339,63,276,81.4
5008066,2023-05-15,Paris,Fine Jewelry,Silver,Organic Search,1,7987,1362,7987,1362,6625,82.9
5004768,2023-05-15,Paris,Fine Jewelry,Silver,Walk-in,1,8823,2781,8823,2781,6042,68.5
5005723,2023-05-15,Milan,Luxury Watches,Gold,Walk-in,2,14847,4719,29694,9438,20256,68.2
5008014,2023-05-15,Paris,Designer Handbags,Silver,Exclusive Invite,1,3644,1031,3644,1031,2613,71.7
5002964,2023-05-15,New York,Haute Fragrance,Silver,Organic Search,1,343,63,343,63,280,81.6
5002418,2023-05-15,Paris,Fine Jewelry,First-Time Buyer,Paid Social,2,8134,2445,16268,4890,11378,69.9
5005152,2023-05-15,Tokyo,Designer Handbags,Silver,Walk-in,1,3694,556,3694,556,3138,84.9
5001368,2023-05-15,Milan,Designer Handbags,Silver,Organic Search,1,3648,624,3648,624,3024,82.9
5009797,2023-05-16,Tokyo,Designer Handbags,First-Time Buyer,Walk-in,1,3833,1333,3833,1333,2500,65.2
5009705,2023-05-16,Milan,Designer Handbags,Silver,Organic Search,1,2941,509,2941,509,2432,82.7
5001678,2023-05-16,New York,Luxury Watches,Gold,Exclusive Invite,1,13480,2606,13480,2606,10874,80.7
5002162,2023-05-16,Milan,Luxury Watches,Gold,Walk-in,2,12963,2677,25926,5354,20572,79.3
5003636,2023-05-16,Dubai,Fine Jewelry,Gold,Organic Search,1,8999,3028,8999,3028,5971,66.4
5005838,2023-05-16,New York,Luxury Watches,Platinum (VIP),Exclusive Invite,1,14447,3630,14447,3630,10817,74.9
5007409,2023-05-16,New York,Luxury Watches,Silver,Paid Social,1,14088,3828,14088,3828,10260,72.8
5007313,2023-05-17,Tokyo,Designer Handbags,Silver,Walk-in,1,3783,1230,3783,1230,2553,67.5
5000450,2023-05-17,Paris,Designer Handbags,Silver,Walk-in,1,3244,671,3244,671,2573,79.3
5006829,2023-05-17,Dubai,Haute Fragrance,Gold,Organic Search,1,403,127,403,127,276,68.5
5007809,2023-05-17,New York,Haute Fragrance,Silver,Paid Social,2,383,89,766,178,588,76.8
5002536,2023-05-17,New York,Designer Handbags,First-Time Buyer,Paid Social,1,3419,1134,3419,1134,2285,66.8
5007008,2023-05-17,Dubai,Luxury Watches,First-Time Buyer,Paid Social,1,14770,2774,14770,2774,11996,81.2
5002827,2023-05-17,Tokyo,Fine Jewelry,Gold,Organic Search,1,9252,2214,9252,2214,7038,76.1
5007494,2023-05-17,New York,Fine Jewelry,First-Time Buyer,Walk-in,1,9351,1658,9351,1658,7693,82.3
5006558,2023-05-17,New York,Designer Handbags,Gold,Exclusive Invite,1,3347,970,3347,970,2377,71.0
5007474,2023-05-17,Tokyo,Designer Handbags,First-Time Buyer,Organic Search,1,3723,1154,3723,1154,2569,69.0
5005092,2023-05-17,Paris,Designer Handbags,Gold,Walk-in,1,3066,737,3066,737,2329,76.0
5005088,2023-05-17,Tokyo,Fine Jewelry,Gold,Exclusive Invite,3,7666,2343,22998,7029,15969,69.4
5009713,2023-05-17,Paris,Haute Fragrance,Platinum (VIP),Exclusive Invite,1,347,80,347,80,267,76.9
5009578,2023-05-17,Tokyo,Fine Jewelry,First-Time Buyer,Organic Search,2,9977,2816,19954,5632,14322,71.8
5009565,2023-05-18,Dubai,Haute Fragrance,First-Time Buyer,Paid Social,1,374,122,374,122,252,67.4
5009113,2023-05-18,Paris,Fine Jewelry,Silver,Exclusive Invite,1,8246,1696,8246,1696,6550,79.4
5006063,2023-05-18,Milan,Luxury Watches,Gold,Organic Search,1,12769,2611,12769,2611,10158,79.6
5003825,2023-05-18,Paris,Haute Fragrance,First-Time Buyer,Exclusive Invite,1,375,73,375,73,302,80.5
5000052,2023-05-18,Dubai,Designer Handbags,Silver,Organic Search,1,3611,642,3611,642,2969,82.2
5009858,2023-05-18,New York,Haute Fragrance,First-Time Buyer,Walk-in,1,391,130,391,130,261,66.8
5006250,2023-05-18,Paris,Designer Handbags,First-Time Buyer,Organic Search,2,3654,863,7308,1726,5582,76.4
5009590,2023-05-18,New York,Haute Fragrance,Silver,Organic Search,1,405,105,405,105,300,74.1
5000458,2023-05-18,Paris,Designer Handbags,First-Time Buyer,Organic Search,1,3539,920,3539,920,2619,74.0
5007046,2023-05-19,Tokyo,Haute Fragrance,Gold,Exclusive Invite,1,319,95,319,95,224,70.2
5003650,2023-05-19,Milan,Designer Handbags,Platinum (VIP),Exclusive Invite,1,3450,625,3450,625,2825,81.9
5009067,2023-05-19,Dubai,Designer Handbags,Silver,Organic Search,1,3441,1175,3441,1175,2266,65.9
5003555,2023-05-19,Tokyo,Designer Handbags,First-Time Buyer,Organic Search,1,3501,1190,3501,1190,2311,66.0
5004567,2023-05-19,Tokyo,Luxury Watches,First-Time Buyer,Paid Social,2,13017,3210,26034,6420,19614,75.3
5008362,2023-05-19,Dubai,Fine Jewelry,Platinum (VIP),Exclusive Invite,1,7921,1679,7921,1679,6242,78.8
5006704,2023-05-19,New York,Luxury Watches,First-Time Buyer,Organic Search,1,14874,2235,14874,2235,12639,85.0
5007010,2023-05-19,Paris,Designer Handbags,First-Time Buyer,Paid Social,1,3008,522,3008,522,2486,82.6
5002998,2023-05-19,Milan,Designer Handbags,Silver,Organic Search,1,3458,691,3458,691,2767,80.0
5007294,2023-05-19,Paris,Designer Handbags,Gold,Paid Social,1,3529,814,3529,814,2715,76.9
5003251,2023-05-19,New York,Luxury Watches,Silver,Walk-in,1,12525,3590,12525,3590,8935,71.3
5002706,2023-05-19,Paris,Luxury Watches,Silver,Organic Search,1,14367,3382,14367,3382,10985,76.5
5000365,2023-05-19,Paris,Designer Handbags,First-Time Buyer,Organic Search,1,2926,784,2926,784,2142,73.2
5007412,2023-05-20,Dubai,Haute Fragrance,Gold,Exclusive Invite,1,410,98,410,98,312,76.1
5001637,2023-05-20,Paris,Fine Jewelry,Silver,Paid Social,1,9695,2090,9695,2090,7605,78.4
5002062,2023-05-20,Milan,Luxury Watches,First-Time Buyer,Exclusive Invite,1,11967,4109,11967,4109,7858,65.7
5001305,2023-05-20,New York,Luxury Watches,Platinum (VIP),Walk-in,1,11753,1832,11753,1832,9921,84.4
5006748,2023-05-20,Paris,Haute Fragrance,Gold,Paid Social,1,319,53,319,53,266,83.4
5000354,2023-05-20,New York,Haute Fragrance,First-Time Buyer,Paid Social,1,405,116,405,116,289,71.4
5008792,2023-05-20,New York,Fine Jewelry,First-Time Buyer,Organic Search,1,9405,2389,9405,2389,7016,74.6
5003460,2023-05-20,New York,Fine Jewelry,First-Time Buyer,Walk-in,1,8632,2892,8632,2892,5740,66.5
5009443,2023-05-20,Tokyo,Luxury Watches,Silver,Organic Search,1,12641,2686,12641,2686,9955,78.8
5008378,2023-05-21,Dubai,Luxury Watches,Silver,Walk-in,1,11891,2567,11891,2567,9324,78.4
5008534,2023-05-21,Paris,Designer Handbags,Silver,Walk-in,1,3350,700,3350,700,2650,79.1
5001648,2023-05-21,New York,Luxury Watches,Gold,Organic Search,1,12655,3292,12655,3292,9363,74.0
5007165,2023-05-21,Dubai,Luxury Watches,First-Time Buyer,Paid Social,1,12599,2437,12599,2437,10162,80.7
5004595,2023-05-21,Paris,Luxury Watches,Silver,Exclusive Invite,1,14752,4969,14752,4969,9783,66.3
5003285,2023-05-21,Milan,Fine Jewelry,First-Time Buyer,Paid Social,1,9480,1814,9480,1814,7666,80.9
5005807,2023-05-21,New York,Fine Jewelry,First-Time Buyer,Organic Search,1,8425,2723,8425,2723,5702,67.7
5005890,2023-05-21,Dubai,Designer Handbags,First-Time Buyer,Paid Social,1,3545,815,3545,815,2730,77.0
5000310,2023-05-21,Dubai,Designer Handbags,Platinum (VIP),Paid Social,3,3588,985,10764,2955,7809,72.5
5007906,2023-05-21,Paris,Luxury Watches,Gold,Organic Search,1,14320,3140,14320,3140,11180,78.1
5006584,2023-05-21,Paris,Fine Jewelry,First-Time Buyer,Organic Search,1,9146,2932,9146,2932,6214,67.9
5004462,2023-05-21,Paris,Luxury Watches,Silver,Walk-in,1,13031,3985,13031,3985,9046,69.4
5003612,2023-05-21,Tokyo,Designer Handbags,Gold,Paid Social,1,3294,1088,3294,1088,2206,67.0
5009151,2023-05-21,Milan,Designer Handbags,First-Time Buyer,Walk-in,1,3146,616,3146,616,2530,80.4
5003312,2023-05-22,Paris,Designer Handbags,Silver,Walk-in,2,3409,1023,6818,2046,4772,70.0
5008837,2023-05-22,New York,Fine Jewelry,Gold,Exclusive Invite,3,8167,1383,24501,4149,20352,83.1
5002595,2023-05-22,Milan,Luxury Watches,First-Time Buyer,Paid Social,1,14225,2270,14225,2270,11955,84.0
5004457,2023-05-22,Dubai,Luxury Watches,Platinum (VIP),Exclusive Invite,1,12790,2353,12790,2353,10437,81.6
5006081,2023-05-22,Dubai,Fine Jewelry,Gold,Paid Social,3,8618,2075,25854,6225,19629,75.9
5009048,2023-05-22,New York,Haute Fragrance,First-Time Buyer,Exclusive Invite,1,321,92,321,92,229,71.3
5006407,2023-05-22,Tokyo,Luxury Watches,Gold,Paid Social,1,14496,2753,14496,2753,11743,81.0
5001735,2023-05-22,Tokyo,Designer Handbags,First-Time Buyer,Exclusive Invite,1,3626,546,3626,546,3080,84.9
5008669,2023-05-22,New York,Designer Handbags,Silver,Organic Search,1,3667,710,3667,710,2957,80.6
5009988,2023-05-23,Tokyo,Designer Handbags,First-Time Buyer,Walk-in,1,3218,987,3218,987,2231,69.3
5009841,2023-05-23,New York,Designer Handbags,Silver,Organic Search,2,3467,791,6934,1582,5352,77.2
5001335,2023-05-23,Milan,Luxury Watches,First-Time Buyer,Paid Social,1,14456,3934,14456,3934,10522,72.8
5001564,2023-05-23,Milan,Fine Jewelry,First-Time Buyer,Organic Search,1,9960,3259,9960,3259,6701,67.3
5003001,2023-05-23,Dubai,Haute Fragrance,First-Time Buyer,Organic Search,1,398,81,398,81,317,79.6
5004257,2023-05-23,Paris,Designer Handbags,First-Time Buyer,Organic Search,1,2886,460,2886,460,2426,84.1
5001712,2023-05-23,Tokyo,Designer Handbags,Gold,Walk-in,1,3804,1155,3804,1155,2649,69.6
5004244,2023-05-23,Paris,Designer Handbags,Silver,Organic Search,1,3623,1160,3623,1160,2463,68.0
5008016,2023-05-23,Paris,Designer Handbags,Gold,Walk-in,2,3830,1311,7660,2622,5038,65.8
5000432,2023-05-23,Dubai,Designer Handbags,First-Time Buyer,Organic Search,1,3718,1065,3718,1065,2653,71.4
5000607,2023-05-23,Milan,Haute Fragrance,Gold,Organic Search,1,323,110,323,110,213,65.9
5001052,2023-05-23,New York,Luxury Watches,First-Time Buyer,Organic Search,1,12393,3047,12393,3047,9346,75.4
5001850,2023-05-23,Tokyo,Haute Fragrance,Silver,Exclusive Invite,1,376,84,376,84,292,77.7
5000189,2023-05-23,New York,Fine Jewelry,Silver,Paid Social,1,7865,2339,7865,2339,5526,70.3
5007298,2023-05-24,Dubai,Haute Fragrance,Gold,Paid Social,1,381,66,381,66,315,82.7
5006765,2023-05-24,Paris,Designer Handbags,Silver,Paid Social,1,3249,581,3249,581,2668,82.1
5003577,2023-05-24,Milan,Haute Fragrance,Gold,Organic Search,1,324,92,324,92,232,71.6
5004657,2023-05-24,Dubai,Designer Handbags,First-Time Buyer,Paid Social,1,3590,1238,3590,1238,2352,65.5
5008233,2023-05-24,New York,Designer Handbags,First-Time Buyer,Walk-in,2,3161,674,6322,1348,4974,78.7
5009875,2023-05-24,Tokyo,Fine Jewelry,First-Time Buyer,Organic Search,1,10057,2938,10057,2938,7119,70.8
5006314,2023-05-24,Milan,Designer Handbags,First-Time Buyer,Organic Search,1,3442,776,3442,776,2666,77.5
5002180,2023-05-24,New York,Designer Handbags,First-Time Buyer,Walk-in,1,3767,644,3767,644,3123,82.9
5006734,2023-05-24,Paris,Fine Jewelry,Silver,Organic Search,2,8227,2721,16454,5442,11012,66.9
5003337,2023-05-24,Dubai,Luxury Watches,First-Time Buyer,Exclusive Invite,3,14834,4398,44502,13194,31308,70.4
5006121,2023-05-24,Tokyo,Luxury Watches,First-Time Buyer,Exclusive Invite,2,11814,2810,23628,5620,18008,76.2
5009819,2023-05-24,Paris,Fine Jewelry,Platinum (VIP),Walk-in,1,8920,2026,8920,2026,6894,77.3
5008312,2023-05-24,Tokyo,Fine Jewelry,First-Time Buyer,Paid Social,1,9399,2676,9399,2676,6723,71.5
5004035,2023-05-24,Paris,Fine Jewelry,First-Time Buyer,Exclusive Invite,1,10123,1862,10123,1862,8261,81.6
5003947,2023-05-25,New York,Luxury Watches,Silver,Walk-in,1,14970,3658,14970,3658,11312,75.6
5001490,2023-05-25,Paris,Luxury Watches,Silver,Paid Social,1,13211,3252,13211,3252,9959,75.4
5004932,2023-05-25,New York,Fine Jewelry,First-Time Buyer,Exclusive Invite,2,8452,2368,16904,4736,12168,72.0
5003118,2023-05-25,Paris,Luxury Watches,Gold,Exclusive Invite,1,14198,2444,14198,2444,11754,82.8
5000044,2023-05-25,Paris,Designer Handbags,First-Time Buyer,Paid Social,1,3638,562,3638,562,3076,84.6
5004871,2023-05-25,New York,Designer Handbags,Gold,Walk-in,1,3427,1007,3427,1007,2420,70.6
5008416,2023-05-25,Tokyo,Designer Handbags,First-Time Buyer,Walk-in,1,3690,685,3690,685,3005,81.4
5009647,2023-05-25,Milan,Luxury Watches,Silver,Paid Social,1,11305,3212,11305,3212,8093,71.6
5006281,2023-05-25,Tokyo,Luxury Watches,Silver,Paid Social,1,12075,2558,12075,2558,9517,78.8
5007005,2023-05-25,Paris,Designer Handbags,Silver,Exclusive Invite,1,3079,905,3079,905,2174,70.6
5005774,2023-05-25,New York,Haute Fragrance,First-Time Buyer,Organic Search,1,322,88,322,88,234,72.7
5004459,2023-05-25,Tokyo,Designer Handbags,First-Time Buyer,Paid Social,1,2954,1006,2954,1006,1948,65.9
5008468,2023-05-25,Dubai,Haute Fragrance,First-Time Buyer,Paid Social,1,400,92,400,92,308,77.0
5005850,2023-05-25,Tokyo,Designer Handbags,Gold,Walk-in,1,3401,1015,3401,1015,2386,70.2
5000660,2023-05-25,Milan,Luxury Watches,First-Time Buyer,Organic Search,1,11714,3772,11714,3772,7942,67.8
5005322,2023-05-25,Paris,Designer Handbags,First-Time Buyer,Organic Search,1,2959,974,2959,974,1985,67.1
5006078,2023-05-25,Dubai,Designer Handbags,Gold,Exclusive Invite,1,3510,776,3510,776,2734,77.9
5006016,2023-05-25,Tokyo,Luxury Watches,Gold,Paid Social,1,11919,2125,11919,2125,9794,82.2
5009203,2023-05-25,Tokyo,Designer Handbags,First-Time Buyer,Walk-in,1,3542,798,3542,798,2744,77.5
5005341,2023-05-25,Tokyo,Fine Jewelry,First-Time Buyer,Organic Search,1,8782,1440,8782,1440,7342,83.6
5006023,2023-05-26,Milan,Fine Jewelry,Gold,Walk-in,1,8529,2103,8529,2103,6426,75.3
5004625,2023-05-26,New York,Haute Fragrance,Gold,Paid Social,1,363,90,363,90,273,75.2
5001853,2023-05-26,Milan,Luxury Watches,First-Time Buyer,Organic Search,1,12067,2797,12067,2797,9270,76.8
5002774,2023-05-26,New York,Luxury Watches,First-Time Buyer,Organic Search,1,12364,3503,12364,3503,8861,71.7
5005222,2023-05-26,Dubai,Luxury Watches,Silver,Exclusive Invite,3,13552,3619,40656,10857,29799,73.3
5000360,2023-05-26,Dubai,Designer Handbags,Silver,Walk-in,1,3587,1077,3587,1077,2510,70.0
5009583,2023-05-26,Milan,Designer Handbags,Silver,Paid Social,1,3754,629,3754,629,3125,83.2
5001630,2023-05-26,Paris,Luxury Watches,First-Time Buyer,Organic Search,1,13868,2465,13868,2465,11403,82.2
5008155,2023-05-26,Paris,Luxury Watches,Platinum (VIP),Paid Social,1,12455,2680,12455,2680,9775,78.5
5003010,2023-05-26,Tokyo,Luxury Watches,First-Time Buyer,Exclusive Invite,1,12010,4036,12010,4036,7974,66.4
5005521,2023-05-26,Paris,Designer Handbags,Silver,Organic Search,1,3010,855,3010,855,2155,71.6
5008409,2023-05-26,New York,Designer Handbags,Silver,Organic Search,3,3441,871,10323,2613,7710,74.7
5005530,2023-05-26,Milan,Designer Handbags,Silver,Walk-in,1,3732,699,3732,699,3033,81.3
5005007,2023-05-26,Milan,Haute Fragrance,First-Time Buyer,Walk-in,1,411,139,411,139,272,66.2
5002594,2023-05-26,Tokyo,Designer Handbags,First-Time Buyer,Paid Social,1,3126,920,3126,920,2206,70.6
5005982,2023-05-26,New York,Designer Handbags,First-Time Buyer,Organic Search,1,3334,612,3334,612,2722,81.6
5000709,2023-05-26,Tokyo,Designer Handbags,First-Time Buyer,Paid Social,1,3836,898,3836,898,2938,76.6
5005470,2023-05-27,Paris,Designer Handbags,Gold,Walk-in,1,3139,1024,3139,1024,2115,67.4
5000862,2023-05-27,New York,Designer Handbags,Platinum (VIP),Walk-in,1,3774,1130,3774,1130,2644,70.1
5005263,2023-05-27,Paris,Designer Handbags,First-Time Buyer,Paid Social,3,2936,671,8808,2013,6795,77.1
5009591,2023-05-27,Dubai,Fine Jewelry,First-Time Buyer,Walk-in,2,8703,2460,17406,4920,12486,71.7
5004389,2023-05-27,New York,Luxury Watches,First-Time Buyer,Paid Social,1,12648,4190,12648,4190,8458,66.9
5007065,2023-05-27,New York,Designer Handbags,Silver,Walk-in,1,3624,836,3624,836,2788,76.9
5002785,2023-05-27,Tokyo,Fine Jewelry,Gold,Organic Search,1,9559,2349,9559,2349,7210,75.4
5006635,2023-05-27,Milan,Designer Handbags,Platinum (VIP),Walk-in,3,2910,556,8730,1668,7062,80.9
5003017,2023-05-27,New York,Designer Handbags,First-Time Buyer,Paid Social,1,3427,623,3427,623,2804,81.8
5006474,2023-05-27,Milan,Fine Jewelry,First-Time Buyer,Paid Social,1,7775,2595,7775,2595,5180,66.6
5009818,2023-05-27,Tokyo,Designer Handbags,Silver,Walk-in,1,3201,746,3201,746,2455,76.7
5007902,2023-05-28,Tokyo,Designer Handbags,First-Time Buyer,Organic Search,1,2930,516,2930,516,2414,82.4
5006666,2023-05-28,Milan,Luxury Watches,Silver,Organic Search,2,14828,4539,29656,9078,20578,69.4
5009486,2023-05-28,Tokyo,Luxury Watches,Silver,Walk-in,1,11792,3699,11792,3699,8093,68.6
5008573,2023-05-28,Tokyo,Designer Handbags,First-Time Buyer,Organic Search,2,3306,964,6612,1928,4684,70.8
5000255,2023-05-28,Paris,Fine Jewelry,First-Time Buyer,Walk-in,2,8725,2769,17450,5538,11912,68.3
5003728,2023-05-28,New York,Designer Handbags,Gold,Organic Search,1,3060,766,3060,766,2294,75.0
5006127,2023-05-28,New York,Fine Jewelry,Gold,Paid Social,2,8038,2385,16076,4770,11306,70.3
5004711,2023-05-28,Paris,Fine Jewelry,Gold,Walk-in,3,9645,2477,28935,7431,21504,74.3
5002507,2023-05-28,New York,Designer Handbags,First-Time Buyer,Paid Social,3,3792,934,11376,2802,8574,75.4
5005475,2023-05-28,Paris,Luxury Watches,Gold,Walk-in,1,14414,2509,14414,2509,11905,82.6
5004857,2023-05-28,Milan,Fine Jewelry,First-Time Buyer,Paid Social,1,7825,1877,7825,1877,5948,76.0
5007796,2023-05-29,Tokyo,Designer Handbags,First-Time Buyer,Organic Search,1,2964,957,2964,957,2007,67.7
5008403,2023-05-29,Dubai,Fine Jewelry,Silver,Organic Search,1,7766,1534,7766,1534,6232,80.2
5006134,2023-05-29,Dubai,Designer Handbags,Silver,Exclusive Invite,3,3263,562,9789,1686,8103,82.8
5009026,2023-05-29,Dubai,Fine Jewelry,Silver,Paid Social,1,8439,1558,8439,1558,6881,81.5
5000050,2023-05-29,Milan,Luxury Watches,Silver,Paid Social,2,12765,2680,25530,5360,20170,79.0
5001794,2023-05-29,New York,Fine Jewelry,First-Time Buyer,Organic Search,1,9419,1433,9419,1433,7986,84.8
5003766,2023-05-29,Paris,Designer Handbags,Platinum (VIP),Paid Social,1,3078,621,3078,621,2457,79.8
5002297,2023-05-29,Paris,Designer Handbags,First-Time Buyer,Organic Search,1,3386,580,3386,580,2806,82.9
5007315,2023-05-29,Dubai,Luxury Watches,Silver,Paid Social,1,13335,3057,13335,3057,10278,77.1
5008578,2023-05-29,Milan,Fine Jewelry,Platinum (VIP),Paid Social,1,10122,2775,10122,2775,7347,72.6
5000603,2023-05-29,Milan,Fine Jewelry,Silver,Organic Search,1,8767,2209,8767,2209,6558,74.8
5002283,2023-05-29,New York,Designer Handbags,First-Time Buyer,Organic Search,1,3152,790,3152,790,2362,74.9
5000733,2023-05-29,New York,Designer Handbags,Silver,Walk-in,2,3362,1135,6724,2270,4454,66.2
5007450,2023-05-30,Dubai,Fine Jewelry,Silver,Organic Search,2,8480,2863,16960,5726,11234,66.2
5000775,2023-05-30,New York,Designer Handbags,Silver,Walk-in,1,3725,756,3725,756,2969,79.7
5001430,2023-05-30,Dubai,Designer Handbags,First-Time Buyer,Paid Social,1,3108,623,3108,623,2485,80.0
5002704,2023-05-30,New York,Haute Fragrance,Gold,Organic Search,1,339,61,339,61,278,82.0
5002929,2023-05-30,Paris,Designer Handbags,Silver,Organic Search,1,3445,678,3445,678,2767,80.3
5004056,2023-05-30,Milan,Luxury Watches,First-Time Buyer,Organic Search,1,13353,2171,13353,2171,11182,83.7
5001578,2023-05-30,Dubai,Luxury Watches,First-Time Buyer,Organic Search,1,12136,2924,12136,2924,9212,75.9
5002027,2023-05-30,New York,Fine Jewelry,First-Time Buyer,Paid Social,1,8192,1331,8192,1331,6861,83.8
5008001,2023-05-30,Tokyo,Haute Fragrance,First-Time Buyer,Organic Search,1,317,87,317,87,230,72.6
5006595,2023-05-30,New York,Haute Fragrance,First-Time Buyer,Paid Social,1,370,127,370,127,243,65.7
5000506,2023-05-30,New York,Luxury Watches,Gold,Paid Social,3,12139,3531,36417,10593,25824,70.9
5008795,2023-05-30,New York,Haute Fragrance,Silver,Walk-in,1,350,67,350,67,283,80.9
5000277,2023-05-30,Paris,Haute Fragrance,Gold,Paid Social,1,400,120,400,120,280,70.0
5009691,2023-05-30,Tokyo,Fine Jewelry,First-Time Buyer,Organic Search,1,7759,2366,7759,2366,5393,69.5
5004344,2023-05-30,Dubai,Luxury Watches,Platinum (VIP),Organic Search,1,12587,4057,12587,4057,8530,67.8
5000693,2023-05-30,Tokyo,Designer Handbags,Silver,Walk-in,1,2927,858,2927,858,2069,70.7
5001626,2023-05-30,Tokyo,Luxury Watches,First-Time Buyer,Exclusive Invite,2,12059,2422,24118,4844,19274,79.9
5008348,2023-05-30,New York,Designer Handbags,First-Time Buyer,Organic Search,1,3212,960,3212,960,2252,70.1
5008294,2023-05-30,Tokyo,Fine Jewelry,Silver,Walk-in,2,7694,1488,15388,2976,12412,80.7
5005219,2023-05-30,Dubai,Fine Jewelry,Silver,Organic Search,1,9584,2301,9584,2301,7283,76.0
5003198,2023-05-31,Paris,Luxury Watches,First-Time Buyer,Walk-in,1,13224,2671,13224,2671,10553,79.8
5006971,2023-05-31,Tokyo,Luxury Watches,Gold,Walk-in,1,13145,2013,13145,2013,11132,84.7
5001616,2023-05-31,Dubai,Fine Jewelry,Silver,Paid Social,1,9933,1648,9933,1648,8285,83.4
5009247,2023-05-31,Paris,Designer Handbags,Gold,Walk-in,3,2891,464,8673,1392,7281,84.0
5008875,2023-05-31,New York,Haute Fragrance,Platinum (VIP),Organic Search,1,377,100,377,100,277,73.5
5009209,2023-05-31,New York,Haute Fragrance,Platinum (VIP),Organic Search,1,362,106,362,106,256,70.7
5002566,2023-06-01,Milan,Luxury Watches,First-Time Buyer,Exclusive Invite,1,12023,1854,12023,1854,10169,84.6
5008134,2023-06-01,Tokyo,Designer Handbags,Silver,Exclusive Invite,1,3315,1022,3315,1022,2293,69.2
5004665,2023-06-01,Milan,Haute Fragrance,First-Time Buyer,Paid Social,2,412,65,824,130,694,84.2
5002446,2023-06-01,Paris,Designer Handbags,First-Time Buyer,Paid Social,1,3255,1007,3255,1007,2248,69.1
5004200,2023-06-01,Milan,Designer Handbags,Gold,Paid Social,1,3228,829,3228,829,2399,74.3
5002385,2023-06-01,New York,Designer Handbags,First-Time Buyer,Walk-in,1,3551,941,3551,941,2610,73.5
5008474,2023-06-01,Paris,Fine Jewelry,Gold,Organic Search,3,8982,2195,26946,6585,20361,75.6
5007549,2023-06-01,Paris,Designer Handbags,First-Time Buyer,Walk-in,2,3626,911,7252,1822,5430,74.9
5004456,2023-06-01,Tokyo,Fine Jewelry,Silver,Paid Social,1,9261,1922,9261,1922,7339,79.2
5005727,2023-06-01,Paris,Fine Jewelry,Silver,Paid Social,1,8908,2986,8908,2986,5922,66.5
5003946,2023-06-02,Paris,Haute Fragrance,Silver,Organic Search,2,342,78,684,156,528,77.2
5008583,2023-06-02,Paris,Designer Handbags,Gold,Paid Social,1,3739,835,3739,835,2904,77.7
5004569,2023-06-02,Dubai,Fine Jewelry,First-Time Buyer,Organic Search,1,8844,1916,8844,1916,6928,78.3
5008255,2023-06-02,Tokyo,Fine Jewelry,First-Time Buyer,Paid Social,1,9089,2074,9089,2074,7015,77.2
5003054,2023-06-02,Paris,Designer Handbags,Gold,Organic Search,2,3352,1090,6704,2180,4524,67.5
5005640,2023-06-02,Paris,Fine Jewelry,First-Time Buyer,Exclusive Invite,1,8950,3082,8950,3082,5868,65.6
5009773,2023-06-02,New York,Fine Jewelry,Silver,Paid Social,1,9580,2769,9580,2769,6811,71.1
5007638,2023-06-02,Tokyo,Luxury Watches,Gold,Paid Social,1,14680,2944,14680,2944,11736,79.9
5009483,2023-06-02,Dubai,Designer Handbags,First-Time Buyer,Organic Search,2,2972,447,5944,894,5050,85.0
5005831,2023-06-02,Tokyo,Fine Jewelry,Gold,Paid Social,1,8580,2593,8580,2593,5987,69.8
5004399,2023-06-02,Tokyo,Luxury Watches,First-Time Buyer,Organic Search,1,14559,3249,14559,3249,11310,77.7
5001689,2023-06-02,Dubai,Fine Jewelry,First-Time Buyer,Exclusive Invite,1,8232,1801,8232,1801,6431,78.1
5008769,2023-06-03,New York,Fine Jewelry,First-Time Buyer,Organic Search,1,8944,1435,8944,1435,7509,84.0
5005594,2023-06-03,Tokyo,Designer Handbags,First-Time Buyer,Organic Search,1,2904,1014,2904,1014,1890,65.1
5003977,2023-06-03,Tokyo,Haute Fragrance,First-Time Buyer,Organic Search,1,334,74,334,74,260,77.8
5002246,2023-06-03,Milan,Designer Handbags,First-Time Buyer,Paid Social,2,3708,919,7416,1838,5578,75.2
5006049,2023-06-03,Tokyo,Haute Fragrance,Silver,Paid Social,1,357,123,357,123,234,65.5
5008749,2023-06-03,New York,Luxury Watches,First-Time Buyer,Organic Search,1,12836,3684,12836,3684,9152,71.3
5005821,2023-06-03,Dubai,Designer Handbags,First-Time Buyer,Exclusive Invite,1,3760,1314,3760,1314,2446,65.1
5005427,2023-06-03,Tokyo,Luxury Watches,First-Time Buyer,Walk-in,1,14755,3026,14755,3026,11729,79.5
5000829,2023-06-03,Paris,Designer Handbags,Silver,Organic Search,2,3018,470,6036,940,5096,84.4
5007282,2023-06-03,Tokyo,Designer Handbags,Platinum (VIP),Organic Search,1,3446,1151,3446,1151,2295,66.6
5000836,2023-06-03,Tokyo,Haute Fragrance,First-Time Buyer,Organic Search,1,394,76,394,76,318,80.7
5002581,2023-06-03,Tokyo,Fine Jewelry,Silver,Paid Social,1,7811,1278,7811,1278,6533,83.6
5006146,2023-06-03,Tokyo,Haute Fragrance,Silver,Organic Search,1,388,90,388,90,298,76.8
5007737,2023-06-03,Tokyo,Luxury Watches,First-Time Buyer,Exclusive Invite,1,12170,3548,12170,3548,8622,70.8
5005656,2023-06-03,New York,Haute Fragrance,Platinum (VIP),Paid Social,1,356,97,356,97,259,72.8
5000898,2023-06-03,Tokyo,Designer Handbags,First-Time Buyer,Organic Search,3,3218,934,9654,2802,6852,71.0
5002682,2023-06-03,Milan,Luxury Watches,Platinum (VIP),Exclusive Invite,1,12654,4198,12654,4198,8456,66.8
5007108,2023-06-03,Paris,Designer Handbags,Silver,Walk-in,1,3535,729,3535,729,2806,79.4
5006295,2023-06-03,Milan,Fine Jewelry,Silver,Walk-in,1,8041,1573,8041,1573,6468,80.4
5005342,2023-06-03,New York,Haute Fragrance,Gold,Walk-in,1,395,84,395,84,311,78.7
5005256,2023-06-03,Paris,Fine Jewelry,Platinum (VIP),Paid Social,1,8330,1995,8330,1995,6335,76.1
5006296,2023-06-03,Milan,Designer Handbags,First-Time Buyer,Paid Social,1,3256,971,3256,971,2285,70.2
5002338,2023-06-03,Paris,Haute Fragrance,First-Time Buyer,Walk-in,1,409,98,409,98,311,76.0
5005037,2023-06-03,Dubai,Fine Jewelry,Gold,Paid Social,1,9327,1671,9327,1671,7656,82.1
5006649,2023-06-03,Paris,Luxury Watches,First-Time Buyer,Organic Search,1,14150,2979,14150,2979,11171,78.9
5002504,2023-06-04,Tokyo,Fine Jewelry,Gold,Walk-in,1,10057,1950,10057,1950,8107,80.6
5009837,2023-06-04,Paris,Designer Handbags,First-Time Buyer,Walk-in,1,2969,550,2969,550,2419,81.5
5001068,2023-06-04,New York,Designer Handbags,First-Time Buyer,Paid Social,1,3109,491,3109,491,2618,84.2
5006106,2023-06-04,New York,Luxury Watches,Gold,Organic Search,1,11544,2695,11544,2695,8849,76.7
5009484,2023-06-04,Paris,Luxury Watches,First-Time Buyer,Exclusive Invite,1,12969,2976,12969,2976,9993,77.1
5004752,2023-06-04,New York,Fine Jewelry,Silver,Paid Social,1,8991,2022,8991,2022,6969,77.5
5007498,2023-06-04,Dubai,Haute Fragrance,First-Time Buyer,Organic Search,3,404,83,1212,249,963,79.5
5005852,2023-06-04,New York,Designer Handbags,First-Time Buyer,Walk-in,1,2935,522,2935,522,2413,82.2
5008159,2023-06-04,Paris,Haute Fragrance,First-Time Buyer,Walk-in,1,325,61,325,61,264,81.2
5004814,2023-06-04,New York,Luxury Watches,First-Time Buyer,Organic Search,2,14379,4596,28758,9192,19566,68.0
5006274,2023-06-04,Paris,Haute Fragrance,First-Time Buyer,Paid Social,1,403,86,403,86,317,78.7
5000384,2023-06-05,Paris,Designer Handbags,First-Time Buyer,Organic Search,1,3525,757,3525,757,2768,78.5
5004726,2023-06-05,Paris,Fine Jewelry,Gold,Exclusive Invite,1,8981,2481,8981,2481,6500,72.4
5000731,2023-06-05,New York,Luxury Watches,Gold,Organic Search,1,12990,3593,12990,3593,9397,72.3
5003756,2023-06-05,Tokyo,Haute Fragrance,Silver,Organic Search,3,397,69,1191,207,984,82.6
5007749,2023-06-05,Tokyo,Haute Fragrance,Gold,Paid Social,1,325,84,325,84,241,74.2
5003019,2023-06-05,Tokyo,Luxury Watches,Silver,Exclusive Invite,1,14554,4931,14554,4931,9623,66.1
5004696,2023-06-05,New York,Designer Handbags,Silver,Walk-in,1,2906,866,2906,866,2040,70.2
5001434,2023-06-05,Milan,Fine Jewelry,Silver,Paid Social,1,8948,2416,8948,2416,6532,73.0
5003669,2023-06-05,Paris,Haute Fragrance,Platinum (VIP),Organic Search,1,395,131,395,131,264,66.8
5008287,2023-06-05,New York,Designer Handbags,Silver,Walk-in,1,3813,1165,3813,1165,2648,69.4
5001840,2023-06-05,Milan,Haute Fragrance,Silver,Paid Social,1,331,101,331,101,230,69.5
5001977,2023-06-05,New York,Haute Fragrance,First-Time Buyer,Organic Search,1,332,55,332,55,277,83.4
5001699,2023-06-05,Tokyo,Luxury Watches,First-Time Buyer,Exclusive Invite,1,14095,2494,14095,2494,11601,82.3
5004486,2023-06-05,Tokyo,Haute Fragrance,First-Time Buyer,Paid Social,1,400,127,400,127,273,68.2
5009550,2023-06-05,Paris,Fine Jewelry,Platinum (VIP),Organic Search,3,8909,2295,26727,6885,19842,74.2
5008355,2023-06-05,Paris,Designer Handbags,Gold,Walk-in,1,3165,1065,3165,1065,2100,66.4
5009621,2023-06-06,Tokyo,Luxury Watches,Silver,Paid Social,1,11389,3071,11389,3071,8318,73.0
5009925,2023-06-06,Paris,Haute Fragrance,First-Time Buyer,Paid Social,1,356,100,356,100,256,71.9
5008615,2023-06-06,Tokyo,Designer Handbags,First-Time Buyer,Paid Social,1,3685,742,3685,742,2943,79.9
5003091,2023-06-06,Dubai,Designer Handbags,First-Time Buyer,Organic Search,2,3472,623,6944,1246,5698,82.1
5007346,2023-06-06,Paris,Fine Jewelry,Platinum (VIP),Organic Search,2,9907,2560,19814,5120,14694,74.2
5008448,2023-06-06,Dubai,Designer Handbags,First-Time Buyer,Walk-in,1,2949,657,2949,657,2292,77.7
5004830,2023-06-06,Paris,Haute Fragrance,First-Time Buyer,Paid Social,1,346,101,346,101,245,70.8
5009467,2023-06-06,Paris,Designer Handbags,First-Time Buyer,Walk-in,1,3036,802,3036,802,2234,73.6
5005677,2023-06-06,New York,Luxury Watches,Gold,Organic Search,1,13890,3145,13890,3145,10745,77.4
5004008,2023-06-06,New York,Luxury Watches,Platinum (VIP),Walk-in,1,13419,3111,13419,3111,10308,76.8
5004756,2023-06-06,Tokyo,Fine Jewelry,Gold,Organic Search,1,8725,2392,8725,2392,6333,72.6
5003704,2023-06-06,Dubai,Designer Handbags,Gold,Paid Social,1,2968,861,2968,861,2107,71.0
5003244,2023-06-06,Tokyo,Haute Fragrance,Gold,Walk-in,3,411,118,1233,354,879,71.3
5008760,2023-06-06,Dubai,Designer Handbags,Gold,Paid Social,1,3096,1060,3096,1060,2036,65.8
5002122,2023-06-06,Tokyo,Luxury Watches,Platinum (VIP),Walk-in,1,13258,3541,13258,3541,9717,73.3
5008787,2023-06-07,Paris,Luxury Watches,First-Time Buyer,Walk-in,1,14491,3683,14491,3683,10808,74.6
5002212,2023-06-07,Dubai,Luxury Watches,First-Time Buyer,Walk-in,1,11890,2632,11890,2632,9258,77.9
5009137,2023-06-07,New York,Luxury Watches,Gold,Paid Social,1,12668,3052,12668,3052,9616,75.9
5005990,2023-06-07,Dubai,Haute Fragrance,First-Time Buyer,Walk-in,1,354,102,354,102,252,71.2
5001838,2023-06-07,Dubai,Designer Handbags,First-Time Buyer,Exclusive Invite,1,3711,1019,3711,1019,2692,72.5
5001157,2023-06-07,Tokyo,Haute Fragrance,Silver,Paid Social,1,399,104,399,104,295,73.9
5002118,2023-06-07,Paris,Designer Handbags,Platinum (VIP),Walk-in,1,3259,727,3259,727,2532,77.7
5007162,2023-06-07,Dubai,Designer Handbags,Gold,Organic Search,1,3372,672,3372,672,2700,80.1
5008954,2023-06-07,Tokyo,Fine Jewelry,First-Time Buyer,Organic Search,1,9757,2594,9757,2594,7163,73.4
5002731,2023-06-07,Paris,Luxury Watches,Silver,Organic Search,2,12159,2725,24318,5450,18868,77.6
5004151,2023-06-07,New York,Luxury Watches,Silver,Exclusive Invite,1,14646,3295,14646,3295,11351,77.5
5009339,2023-06-07,Milan,Designer Handbags,Silver,Walk-in,1,3364,874,3364,874,2490,74.0
5003086,2023-06-07,New York,Designer Handbags,Platinum (VIP),Walk-in,1,3573,805,3573,805,2768,77.5
5001787,2023-06-07,Tokyo,Haute Fragrance,Gold,Organic Search,1,409,97,409,97,312,76.3
5001154,2023-06-07,Paris,Haute Fragrance,First-Time Buyer,Paid Social,1,325,74,325,74,251,77.2
5005918,2023-06-08,Milan,Designer Handbags,Silver,Exclusive Invite,1,3746,1308,3746,1308,2438,65.1
5003269,2023-06-08,Paris,Luxury Watches,Silver,Paid Social,1,13035,3185,13035,3185,9850,75.6
5003321,2023-06-08,New York,Fine Jewelry,Silver,Walk-in,1,10169,1605,10169,1605,8564,84.2
5003663,2023-06-08,Tokyo,Designer Handbags,Gold,Organic Search,2,3146,770,6292,1540,4752,75.5
5001558,2023-06-08,Dubai,Fine Jewelry,Platinum (VIP),Walk-in,1,9129,2118,9129,2118,7011,76.8
5005260,2023-06-08,Dubai,Designer Handbags,First-Time Buyer,Organic Search,1,2987,539,2987,539,2448,82.0
5007538,2023-06-08,Tokyo,Luxury Watches,Gold,Organic Search,1,14323,2693,14323,2693,11630,81.2
5004866,2023-06-08,Tokyo,Fine Jewelry,Silver,Organic Search,1,9071,1811,9071,1811,7260,80.0
5000893,2023-06-08,Dubai,Luxury Watches,Silver,Organic Search,1,13053,3595,13053,3595,9458,72.5
5000663,2023-06-08,Paris,Luxury Watches,First-Time Buyer,Organic Search,1,12505,2184,12505,2184,10321,82.5
5005473,2023-06-08,Dubai,Haute Fragrance,First-Time Buyer,Paid Social,1,352,93,352,93,259,73.6
5000433,2023-06-08,Tokyo,Designer Handbags,Silver,Walk-in,1,3735,981,3735,981,2754,73.7
5000329,2023-06-08,New York,Luxury Watches,Platinum (VIP),Walk-in,1,12905,3061,12905,3061,9844,76.3
5002179,2023-06-08,Tokyo,Fine Jewelry,First-Time Buyer,Exclusive Invite,1,8183,1504,8183,1504,6679,81.6
5004647,2023-06-09,Milan,Luxury Watches,Silver,Organic Search,1,12960,3884,12960,3884,9076,70.0
5008373,2023-06-09,New York,Fine Jewelry,First-Time Buyer,Walk-in,1,9623,2608,9623,2608,7015,72.9
5005080,2023-06-09,Paris,Luxury Watches,First-Time Buyer,Paid Social,1,14415,3086,14415,3086,11329,78.6
5002577,2023-06-09,Paris,Designer Handbags,Silver,Paid Social,1,3560,537,3560,537,3023,84.9
5002175,2023-06-09,Dubai,Luxury Watches,Gold,Walk-in,1,14536,4679,14536,4679,9857,67.8
5000074,2023-06-09,New York,Luxury Watches,Gold,Organic Search,1,14277,4706,14277,4706,9571,67.0
5000525,2023-06-09,New York,Designer Handbags,Gold,Organic Search,2,3115,846,6230,1692,4538,72.8
5007713,2023-06-09,Tokyo,Haute Fragrance,Platinum (VIP),Paid Social,1,344,73,344,73,271,78.8
5003221,2023-06-09,Tokyo,Designer Handbags,Gold,Paid Social,1,2927,669,2927,669,2258,77.1
5001670,2023-06-09,New York,Fine Jewelry,First-Time Buyer,Walk-in,1,8390,1852,8390,1852,6538,77.9
5002639,2023-06-09,Tokyo,Designer Handbags,Platinum (VIP),Exclusive Invite,1,3219,1055,3219,1055,2164,67.2
5004881,2023-06-09,Tokyo,Designer Handbags,First-Time Buyer,Walk-in,1,3491,674,3491,674,2817,80.7
5008182,2023-06-09,New York,Designer Handbags,Gold,Paid Social,1,3207,946,3207,946,2261,70.5
5003146,2023-06-09,Milan,Designer Handbags,First-Time Buyer,Walk-in,1,3664,571,3664,571,3093,84.4
5001667,2023-06-09,Dubai,Designer Handbags,First-Time Buyer,Organic Search,3,3508,642,10524,1926,8598,81.7
5000047,2023-06-09,Paris,Designer Handbags,First-Time Buyer,Organic Search,1,3502,797,3502,797,2705,77.2
5001028,2023-06-09,Tokyo,Designer Handbags,Platinum (VIP),Organic Search,1,2924,572,2924,572,2352,80.4
5002292,2023-06-09,Paris,Fine Jewelry,Silver,Paid Social,1,9038,2459,9038,2459,6579,72.8
5002950,2023-06-09,Milan,Designer Handbags,First-Time Buyer,Walk-in,1,3654,1006,3654,1006,2648,72.5
5007488,2023-06-09,Paris,Luxury Watches,Platinum (VIP),Organic Search,2,14922,4494,29844,8988,20856,69.9
5009781,2023-06-09,Tokyo,Luxury Watches,Silver,Paid Social,1,12130,1896,12130,1896,10234,84.4
5008521,2023-06-10,New York,Fine Jewelry,First-Time Buyer,Walk-in,1,7913,1333,7913,1333,6580,83.2
5002109,2023-06-10,Paris,Fine Jewelry,Gold,Paid Social,1,8389,2555,8389,2555,5834,69.5
5003790,2023-06-10,Paris,Luxury Watches,Platinum (VIP),Exclusive Invite,1,14424,4100,14424,4100,10324,71.6
5000601,2023-06-10,Dubai,Luxury Watches,First-Time Buyer,Walk-in,3,14924,3095,44772,9285,35487,79.3
5008529,2023-06-10,Paris,Designer Handbags,Silver,Organic Search,3,3423,819,10269,2457,7812,76.1
5008638,2023-06-10,New York,Haute Fragrance,Silver,Organic Search,1,413,126,413,126,287,69.5
5002617,2023-06-10,Dubai,Fine Jewelry,Platinum (VIP),Organic Search,1,9832,1582,9832,1582,8250,83.9
5004703,2023-06-10,Dubai,Designer Handbags,Silver,Paid Social,1,3294,519,3294,519,2775,84.2
5003437,2023-06-10,Tokyo,Luxury Watches,Gold,Paid Social,1,12970,2155,12970,2155,10815,83.4
5006408,2023-06-10,Dubai,Luxury Watches,Gold,Organic Search,1,12366,4037,12366,4037,8329,67.4
5001082,2023-06-10,Tokyo,Haute Fragrance,Platinum (VIP),Organic Search,1,397,69,397,69,328,82.6
5006945,2023-06-10,Tokyo,Designer Handbags,Silver,Organic Search,1,3687,894,3687,894,2793,75.8
5005140,2023-06-10,Tokyo,Fine Jewelry,First-Time Buyer,Walk-in,1,9327,2781,9327,2781,6546,70.2
5005780,2023-06-10,Tokyo,Fine Jewelry,First-Time Buyer,Organic Search,1,7677,2016,7677,2016,5661,73.7
5002131,2023-06-11,Paris,Luxury Watches,First-Time Buyer,Walk-in,3,11743,3429,35229,10287,24942,70.8
5002953,2023-06-11,New York,Fine Jewelry,Silver,Exclusive Invite,1,7706,2052,7706,2052,5654,73.4
5008112,2023-06-11,Paris,Designer Handbags,First-Time Buyer,Exclusive Invite,1,3159,982,3159,982,2177,68.9
5003470,2023-06-11,New York,Luxury Watches,Platinum (VIP),Walk-in,1,12533,4120,12533,4120,8413,67.1
5007347,2023-06-11,Tokyo,Designer Handbags,First-Time Buyer,Paid Social,1,3392,563,3392,563,2829,83.4
5006665,2023-06-11,Tokyo,Fine Jewelry,First-Time Buyer,Walk-in,1,9604,1733,9604,1733,7871,82.0
5000106,2023-06-11,Tokyo,Haute Fragrance,Silver,Walk-in,1,410,75,410,75,335,81.7
5008695,2023-06-11,Paris,Designer Handbags,Silver,Paid Social,1,3497,768,3497,768,2729,78.0
5008356,2023-06-11,Milan,Haute Fragrance,First-Time Buyer,Walk-in,1,412,141,412,141,271,65.8
5000739,2023-06-11,Dubai,Designer Handbags,First-Time Buyer,Exclusive Invite,1,3603,1076,3603,1076,2527,70.1
5005593,2023-06-11,Dubai,Luxury Watches,Gold,Organic Search,1,12032,3824,12032,3824,8208,68.2
5007599,2023-06-11,Dubai,Fine Jewelry,Gold,Organic Search,2,9287,3230,18574,6460,12114,65.2
5007124,2023-06-12,Milan,Fine Jewelry,Silver,Organic Search,2,8357,1953,16714,3906,12808,76.6
5002261,2023-06-12,Dubai,Designer Handbags,Platinum (VIP),Walk-in,1,3299,1086,3299,1086,2213,67.1
5009217,2023-06-12,New York,Luxury Watches,First-Time Buyer,Paid Social,1,12843,2103,12843,2103,10740,83.6
5000129,2023-06-12,New York,Fine Jewelry,Gold,Walk-in,1,9749,1758,9749,1758,7991,82.0
5000613,2023-06-12,New York,Fine Jewelry,Gold,Walk-in,1,9150,3187,9150,3187,5963,65.2
5001029,2023-06-12,Tokyo,Fine Jewelry,Silver,Paid Social,1,8272,1868,8272,1868,6404,77.4
5003908,2023-06-12,New York,Designer Handbags,Silver,Walk-in,1,3219,632,3219,632,2587,80.4
5001530,2023-06-12,Dubai,Designer Handbags,Silver,Paid Social,1,3406,649,3406,649,2757,80.9
5001545,2023-06-13,Paris,Luxury Watches,First-Time Buyer,Exclusive Invite,1,13867,3769,13867,3769,10098,72.8
5007510,2023-06-13,Paris,Designer Handbags,First-Time Buyer,Paid Social,1,3081,514,3081,514,2567,83.3
5008899,2023-06-13,Tokyo,Designer Handbags,First-Time Buyer,Organic Search,1,3183,647,3183,647,2536,79.7
5002985,2023-06-13,Tokyo,Designer Handbags,Gold,Paid Social,1,3631,1235,3631,1235,2396,66.0
5003015,2023-06-13,Dubai,Fine Jewelry,Silver,Paid Social,1,8765,1816,8765,1816,6949,79.3
5008856,2023-06-13,Paris,Fine Jewelry,First-Time Buyer,Paid Social,1,7953,1914,7953,1914,6039,75.9
5007158,2023-06-13,New York,Designer Handbags,Silver,Walk-in,1,3317,1033,3317,1033,2284,68.9
5000065,2023-06-13,Milan,Luxury Watches,First-Time Buyer,Walk-in,1,14812,4458,14812,4458,10354,69.9
5003712,2023-06-13,Paris,Haute Fragrance,Silver,Paid Social,1,315,100,315,100,215,68.3
5001697,2023-06-13,New York,Luxury Watches,First-Time Buyer,Organic Search,1,13087,4110,13087,4110,8977,68.6
5006054,2023-06-13,Milan,Designer Handbags,First-Time Buyer,Exclusive Invite,2,2977,1017,5954,2034,3920,65.8
5009052,2023-06-13,Milan,Fine Jewelry,Silver,Walk-in,1,9012,2599,9012,2599,6413,71.2
5005766,2023-06-14,Milan,Designer Handbags,Gold,Walk-in,1,3577,552,3577,552,3025,84.6
5008231,2023-06-14,Tokyo,Luxury Watches,Platinum (VIP),Organic Search,1,14301,4583,14301,4583,9718,68.0
5003300,2023-06-14,New York,Designer Handbags,First-Time Buyer,Walk-in,1,3218,781,3218,781,2437,75.7
5001622,2023-06-14,Paris,Luxury Watches,Gold,Organic Search,1,14557,5018,14557,5018,9539,65.5
5001640,2023-06-14,Paris,Luxury Watches,Platinum (VIP),Exclusive Invite,1,12316,3453,12316,3453,8863,72.0
5005436,2023-06-14,Tokyo,Luxury Watches,First-Time Buyer,Exclusive Invite,1,14145,2902,14145,2902,11243,79.5
5005012,2023-06-14,Tokyo,Fine Jewelry,First-Time Buyer,Organic Search,1,8164,1312,8164,1312,6852,83.9
5009878,2023-06-14,New York,Fine Jewelry,Platinum (VIP),Organic Search,2,8859,2553,17718,5106,12612,71.2
5005465,2023-06-14,Paris,Designer Handbags,Gold,Organic Search,1,3039,504,3039,504,2535,83.4
5009942,2023-06-14,Paris,Luxury Watches,First-Time Buyer,Exclusive Invite,1,12541,3558,12541,3558,8983,71.6
5008026,2023-06-14,New York,Designer Handbags,First-Time Buyer,Paid Social,1,3671,1277,3671,1277,2394,65.2
5006000,2023-06-14,Paris,Luxury Watches,Silver,Exclusive Invite,1,12531,2791,12531,2791,9740,77.7
5005153,2023-06-14,Paris,Haute Fragrance,Gold,Organic Search,1,389,126,389,126,263,67.6
5004018,2023-06-14,New York,Luxury Watches,First-Time Buyer,Organic Search,1,11772,1815,11772,1815,9957,84.6
5005709,2023-06-14,Tokyo,Designer Handbags,First-Time Buyer,Walk-in,1,3339,910,3339,910,2429,72.7
5006767,2023-06-15,Dubai,Fine Jewelry,First-Time Buyer,Organic Search,1,8431,2369,8431,2369,6062,71.9
5004256,2023-06-15,Tokyo,Haute Fragrance,Gold,Walk-in,1,419,85,419,85,334,79.7
5006232,2023-06-15,Paris,Designer Handbags,First-Time Buyer,Walk-in,1,3754,671,3754,671,3083,82.1
5001625,2023-06-15,Milan,Fine Jewelry,Gold,Organic Search,1,8613,1474,8613,1474,7139,82.9
5006679,2023-06-15,Tokyo,Designer Handbags,Platinum (VIP),Walk-in,1,3554,1194,3554,1194,2360,66.4
5003688,2023-06-15,Milan,Luxury Watches,Gold,Organic Search,1,11560,1937,11560,1937,9623,83.2
5009874,2023-06-15,Paris,Designer Handbags,Platinum (VIP),Organic Search,1,3639,876,3639,876,2763,75.9
5008160,2023-06-15,Tokyo,Designer Handbags,First-Time Buyer,Walk-in,1,3545,635,3545,635,2910,82.1
5009171,2023-06-15,Milan,Fine Jewelry,Gold,Walk-in,1,10038,2072,10038,2072,7966,79.4
5002793,2023-06-16,Dubai,Designer Handbags,Platinum (VIP),Organic Search,1,3150,1100,3150,1100,2050,65.1
5006628,2023-06-16,Milan,Fine Jewelry,First-Time Buyer,Exclusive Invite,2,8209,2014,16418,4028,12390,75.5
5008062,2023-06-16,Milan,Haute Fragrance,First-Time Buyer,Organic Search,1,337,92,337,92,245,72.7
5000192,2023-06-16,New York,Designer Handbags,Gold,Exclusive Invite,1,3498,1047,3498,1047,2451,70.1
5000887,2023-06-16,Paris,Luxury Watches,Gold,Organic Search,1,11462,2525,11462,2525,8937,78.0
5006181,2023-06-16,Dubai,Haute Fragrance,Gold,Paid Social,2,388,122,776,244,532,68.6
5006985,2023-06-16,New York,Luxury Watches,First-Time Buyer,Walk-in,1,11375,2330,11375,2330,9045,79.5
5005235,2023-06-16,Milan,Luxury Watches,Silver,Organic Search,1,13688,4087,13688,4087,9601,70.1
5000481,2023-06-16,Dubai,Luxury Watches,First-Time Buyer,Paid Social,1,11576,2427,11576,2427,9149,79.0
5007889,2023-06-16,Paris,Luxury Watches,First-Time Buyer,Organic Search,1,13442,4429,13442,4429,9013,67.1
5000090,2023-06-16,Paris,Designer Handbags,First-Time Buyer,Walk-in,1,3830,693,3830,693,3137,81.9
5007336,2023-06-16,Dubai,Luxury Watches,Platinum (VIP),Organic Search,1,14814,3075,14814,3075,11739,79.2
5009124,2023-06-16,Milan,Haute Fragrance,First-Time Buyer,Walk-in,2,372,96,744,192,552,74.2
5005747,2023-06-16,Tokyo,Luxury Watches,Gold,Exclusive Invite,1,12892,4361,12892,4361,8531,66.2
5008671,2023-06-17,Paris,Haute Fragrance,First-Time Buyer,Organic Search,1,319,78,319,78,241,75.5
5001505,2023-06-17,Paris,Luxury Watches,First-Time Buyer,Paid Social,1,13256,4160,13256,4160,9096,68.6
5006703,2023-06-17,New York,Designer Handbags,First-Time Buyer,Paid Social,1,3663,1166,3663,1166,2497,68.2
5006809,2023-06-17,Milan,Designer Handbags,Silver,Exclusive Invite,1,3803,778,3803,778,3025,79.5
5007114,2023-06-17,Tokyo,Fine Jewelry,Gold,Organic Search,2,8761,2340,17522,4680,12842,73.3
5001431,2023-06-17,Paris,Luxury Watches,First-Time Buyer,Exclusive Invite,1,12272,2285,12272,2285,9987,81.4
5008101,2023-06-17,Dubai,Luxury Watches,Platinum (VIP),Walk-in,1,11758,3437,11758,3437,8321,70.8
5000349,2023-06-17,Tokyo,Haute Fragrance,Silver,Walk-in,1,343,53,343,53,290,84.5
5003142,2023-06-17,Milan,Designer Handbags,First-Time Buyer,Walk-in,1,3709,989,3709,989,2720,73.3
5000544,2023-06-17,Dubai,Designer Handbags,Gold,Organic Search,2,3672,1105,7344,2210,5134,69.9
5008677,2023-06-17,New York,Fine Jewelry,First-Time Buyer,Organic Search,1,9540,2027,9540,2027,7513,78.8
5006904,2023-06-17,Paris,Designer Handbags,Silver,Organic Search,1,3153,945,3153,945,2208,70.0
5007383,2023-06-18,Tokyo,Designer Handbags,First-Time Buyer,Walk-in,1,3435,867,3435,867,2568,74.8
5007339,2023-06-18,Paris,Luxury Watches,Gold,Walk-in,1,13353,2400,13353,2400,10953,82.0
5008133,2023-06-18,Paris,Designer Handbags,First-Time Buyer,Organic Search,1,3527,795,3527,795,2732,77.5
5002077,2023-06-18,New York,Designer Handbags,Silver,Organic Search,3,3276,1100,9828,3300,6528,66.4
5001551,2023-06-18,New York,Fine Jewelry,First-Time Buyer,Paid Social,1,8776,2870,8776,2870,5906,67.3
5008054,2023-06-18,Milan,Fine Jewelry,First-Time Buyer,Exclusive Invite,1,10065,3167,10065,3167,6898,68.5
5002238,2023-06-18,Dubai,Designer Handbags,Gold,Walk-in,1,2953,992,2953,992,1961,66.4
5007706,2023-06-18,New York,Haute Fragrance,First-Time Buyer,Organic Search,1,401,84,401,84,317,79.1
5009494,2023-06-18,Paris,Luxury Watches,Gold,Organic Search,1,12479,2862,12479,2862,9617,77.1
5005645,2023-06-18,New York,Designer Handbags,First-Time Buyer,Organic Search,1,3547,1156,3547,1156,2391,67.4
5006887,2023-06-18,Dubai,Haute Fragrance,Platinum (VIP),Walk-in,1,401,107,401,107,294,73.3
5005225,2023-06-18,Paris,Designer Handbags,Silver,Organic Search,1,3350,751,3350,751,2599,77.6
5009556,2023-06-19,Milan,Luxury Watches,Platinum (VIP),Walk-in,1,13458,3661,13458,3661,9797,72.8
5006648,2023-06-19,Paris,Designer Handbags,First-Time Buyer,Paid Social,1,3396,591,3396,591,2805,82.6
5001790,2023-06-19,Paris,Fine Jewelry,First-Time Buyer,Organic Search,1,8924,2801,8924,2801,6123,68.6
5005439,2023-06-19,Milan,Designer Handbags,Silver,Walk-in,1,2922,608,2922,608,2314,79.2
5006925,2023-06-19,Tokyo,Fine Jewelry,First-Time Buyer,Organic Search,2,9033,2518,18066,5036,13030,72.1
5002867,2023-06-19,Paris,Fine Jewelry,Gold,Exclusive Invite,1,9161,2625,9161,2625,6536,71.3
5000832,2023-06-19,Tokyo,Designer Handbags,Silver,Organic Search,1,3362,854,3362,854,2508,74.6
5008030,2023-06-19,Dubai,Luxury Watches,First-Time Buyer,Exclusive Invite,1,12450,2458,12450,2458,9992,80.3
5004217,2023-06-19,Paris,Luxury Watches,Silver,Organic Search,1,14852,2604,14852,2604,12248,82.5
5007451,2023-06-19,Dubai,Designer Handbags,Platinum (VIP),Walk-in,1,3427,873,3427,873,2554,74.5
5000721,2023-06-19,Paris,Designer Handbags,Platinum (VIP),Exclusive Invite,1,3634,954,3634,954,2680,73.7
5009462,2023-06-19,New York,Luxury Watches,Gold,Organic Search,1,13146,3509,13146,3509,9637,73.3
5009729,2023-06-19,Dubai,Fine Jewelry,Gold,Walk-in,1,8676,1560,8676,1560,7116,82.0
5004356,2023-06-20,New York,Fine Jewelry,Silver,Paid Social,1,9051,2161,9051,2161,6890,76.1
5003193,2023-06-20,New York,Designer Handbags,Silver,Paid Social,1,3521,897,3521,897,2624,74.5
5009045,2023-06-20,Milan,Haute Fragrance,Gold,Organic Search,3,320,60,960,180,780,81.2
5009221,2023-06-20,Paris,Luxury Watches,First-Time Buyer,Organic Search,1,12453,3599,12453,3599,8854,71.1
5007710,2023-06-20,Tokyo,Designer Handbags,Silver,Exclusive Invite,1,3382,578,3382,578,2804,82.9
5008758,2023-06-20,Milan,Designer Handbags,First-Time Buyer,Organic Search,1,2916,609,2916,609,2307,79.1
5002517,2023-06-20,Paris,Luxury Watches,Platinum (VIP),Organic Search,1,12385,3689,12385,3689,8696,70.2
5009597,2023-06-20,Tokyo,Luxury Watches,Gold,Organic Search,1,11557,2311,11557,2311,9246,80.0
5003166,2023-06-21,Tokyo,Designer Handbags,First-Time Buyer,Organic Search,1,3645,667,3645,667,2978,81.7
5002677,2023-06-21,Milan,Designer Handbags,First-Time Buyer,Walk-in,1,3137,740,3137,740,2397,76.4
5002234,2023-06-21,New York,Fine Jewelry,Silver,Paid Social,1,7670,1676,7670,1676,5994,78.1
5008740,2023-06-21,Tokyo,Fine Jewelry,First-Time Buyer,Organic Search,3,9900,2840,29700,8520,21180,71.3
5004799,2023-06-21,Tokyo,Designer Handbags,Gold,Paid Social,1,3030,814,3030,814,2216,73.1
5007864,2023-06-21,Milan,Designer Handbags,Gold,Organic Search,1,3244,487,3244,487,2757,85.0
5001296,2023-06-21,New York,Haute Fragrance,Gold,Paid Social,1,394,71,394,71,323,82.0
5001627,2023-06-21,Paris,Fine Jewelry,First-Time Buyer,Paid Social,3,9903,2347,29709,7041,22668,76.3
5000040,2023-06-21,New York,Luxury Watches,First-Time Buyer,Exclusive Invite,1,14264,3113,14264,3113,11151,78.2
5005830,2023-06-21,Paris,Fine Jewelry,Silver,Organic Search,2,9068,2499,18136,4998,13138,72.4
5003595,2023-06-21,New York,Fine Jewelry,First-Time Buyer,Paid Social,1,7798,2380,7798,2380,5418,69.5
5006737,2023-06-21,Paris,Designer Handbags,Silver,Organic Search,1,3811,1150,3811,1150,2661,69.8
5003231,2023-06-21,Tokyo,Designer Handbags,First-Time Buyer,Walk-in,1,3737,985,3737,985,2752,73.6
5006793,2023-06-21,Tokyo,Fine Jewelry,Silver,Exclusive Invite,1,7854,2721,7854,2721,5133,65.4
5009140,2023-06-22,Paris,Luxury Watches,First-Time Buyer,Paid Social,1,14017,3331,14017,3331,10686,76.2
5007904,2023-06-22,New York,Luxury Watches,Silver,Walk-in,2,13948,4530,27896,9060,18836,67.5
5009466,2023-06-22,Dubai,Haute Fragrance,Gold,Walk-in,1,339,70,339,70,269,79.4
5001861,2023-06-22,Dubai,Haute Fragrance,Gold,Organic Search,1,416,114,416,114,302,72.6
5008644,2023-06-22,Paris,Designer Handbags,Silver,Walk-in,1,3646,679,3646,679,2967,81.4
5000222,2023-06-22,New York,Designer Handbags,First-Time Buyer,Walk-in,2,3252,578,6504,1156,5348,82.2
5003461,2023-06-22,New York,Luxury Watches,Platinum (VIP),Exclusive Invite,1,12040,3721,12040,3721,8319,69.1
5004260,2023-06-22,Paris,Luxury Watches,First-Time Buyer,Paid Social,3,12678,2901,38034,8703,29331,77.1
5005793,2023-06-22,Tokyo,Luxury Watches,Gold,Paid Social,1,13417,3165,13417,3165,10252,76.4
5003036,2023-06-22,Paris,Designer Handbags,Silver,Walk-in,2,3764,725,7528,1450,6078,80.7
5007384,2023-06-22,Dubai,Luxury Watches,Gold,Organic Search,1,11750,2700,11750,2700,9050,77.0
5004073,2023-06-22,Paris,Luxury Watches,Gold,Organic Search,1,13759,2460,13759,2460,11299,82.1
5000747,2023-06-22,Paris,Luxury Watches,Silver,Exclusive Invite,1,12112,2421,12112,2421,9691,80.0
5000416,2023-06-23,Tokyo,Luxury Watches,First-Time Buyer,Walk-in,1,14155,4682,14155,4682,9473,66.9
5007407,2023-06-23,Dubai,Fine Jewelry,First-Time Buyer,Paid Social,1,9542,3277,9542,3277,6265,65.7
5001433,2023-06-23,New York,Designer Handbags,First-Time Buyer,Organic Search,1,3473,1070,3473,1070,2403,69.2
5008455,2023-06-23,Dubai,Luxury Watches,Silver,Walk-in,1,14803,4101,14803,4101,10702,72.3
5002063,2023-06-23,Tokyo,Luxury Watches,First-Time Buyer,Organic Search,1,12455,4349,12455,4349,8106,65.1
5006787,2023-06-23,New York,Luxury Watches,Silver,Organic Search,1,13785,2130,13785,2130,11655,84.5
5003969,2023-06-23,Milan,Designer Handbags,Gold,Organic Search,1,3763,723,3763,723,3040,80.8
5003639,2023-06-23,New York,Haute Fragrance,Silver,Walk-in,1,389,85,389,85,304,78.1
5006526,2023-06-23,Paris,Luxury Watches,Gold,Paid Social,1,14756,4272,14756,4272,10484,71.0
5002045,2023-06-23,New York,Haute Fragrance,Silver,Exclusive Invite,1,371,112,371,112,259,69.8
5002562,2023-06-23,Tokyo,Haute Fragrance,Silver,Walk-in,1,350,93,350,93,257,73.4
5009157,2023-06-23,Paris,Luxury Watches,Silver,Walk-in,1,12129,3656,12129,3656,8473,69.9
5008318,2023-06-23,Dubai,Luxury Watches,Gold,Paid Social,1,13142,3742,13142,3742,9400,71.5
5004102,2023-06-23,Dubai,Designer Handbags,Silver,Paid Social,1,2904,450,2904,450,2454,84.5
5006866,2023-06-23,Tokyo,Designer Handbags,First-Time Buyer,Paid Social,1,3674,951,3674,951,2723,74.1
5003308,2023-06-24,Tokyo,Luxury Watches,First-Time Buyer,Walk-in,1,11631,3784,11631,3784,7847,67.5
5003139,2023-06-24,Paris,Luxury Watches,Silver,Walk-in,1,14355,3391,14355,3391,10964,76.4
5007311,2023-06-24,New York,Designer Handbags,Platinum (VIP),Paid Social,1,2927,904,2927,904,2023,69.1
5009915,2023-06-24,New York,Fine Jewelry,Silver,Exclusive Invite,1,9788,2620,9788,2620,7168,73.2
5004466,2023-06-24,Dubai,Luxury Watches,Silver,Walk-in,1,13574,4203,13574,4203,9371,69.0
5002072,2023-06-24,New York,Designer Handbags,Silver,Paid Social,1,3709,1089,3709,1089,2620,70.6
5000006,2023-06-24,New York,Designer Handbags,Gold,Exclusive Invite,1,3452,635,3452,635,2817,81.6
5006019,2023-06-24,Dubai,Luxury Watches,Gold,Walk-in,1,12059,2749,12059,2749,9310,77.2
5000243,2023-06-25,Milan,Fine Jewelry,Silver,Exclusive Invite,2,7778,1847,15556,3694,11862,76.3
5001103,2023-06-25,Tokyo,Designer Handbags,Silver,Walk-in,1,3148,1098,3148,1098,2050,65.1
5004835,2023-06-25,Dubai,Designer Handbags,First-Time Buyer,Organic Search,1,3650,1129,3650,1129,2521,69.1
5005738,2023-06-25,Tokyo,Designer Handbags,First-Time Buyer,Paid Social,1,3622,1020,3622,1020,2602,71.8
5006234,2023-06-25,Paris,Designer Handbags,First-Time Buyer,Paid Social,2,2977,552,5954,1104,4850,81.5
5004474,2023-06-25,Paris,Haute Fragrance,Silver,Exclusive Invite,1,400,118,400,118,282,70.5
5000042,2023-06-25,Milan,Luxury Watches,First-Time Buyer,Walk-in,2,12960,4384,25920,8768,17152,66.2
5003189,2023-06-25,Milan,Haute Fragrance,Silver,Paid Social,3,389,100,1167,300,867,74.3
5000443,2023-06-25,Paris,Designer Handbags,First-Time Buyer,Walk-in,1,3334,878,3334,878,2456,73.7
5002907,2023-06-25,Paris,Luxury Watches,Gold,Walk-in,1,12585,2073,12585,2073,10512,83.5
5003970,2023-06-25,Dubai,Fine Jewelry,Gold,Paid Social,1,7745,1526,7745,1526,6219,80.3
5008514,2023-06-25,New York,Designer Handbags,Silver,Walk-in,1,3233,721,3233,721,2512,77.7
5004493,2023-06-25,Dubai,Designer Handbags,Platinum (VIP),Paid Social,1,3214,515,3214,515,2699,84.0
5009718,2023-06-25,New York,Luxury Watches,Gold,Paid Social,1,12121,2726,12121,2726,9395,77.5
5005086,2023-06-25,Tokyo,Fine Jewelry,First-Time Buyer,Organic Search,2,7690,1159,15380,2318,13062,84.9
5009126,2023-06-25,New York,Haute Fragrance,Gold,Paid Social,3,394,130,1182,390,792,67.0
5002339,2023-06-25,Tokyo,Designer Handbags,First-Time Buyer,Organic Search,1,3449,971,3449,971,2478,71.8
5004092,2023-06-25,Paris,Luxury Watches,Silver,Organic Search,1,13567,2991,13567,2991,10576,78.0
5006072,2023-06-25,Milan,Luxury Watches,First-Time Buyer,Exclusive Invite,1,12211,3912,12211,3912,8299,68.0
5001674,2023-06-26,Tokyo,Designer Handbags,First-Time Buyer,Walk-in,1,3546,1024,3546,1024,2522,71.1
5000588,2023-06-26,New York,Designer Handbags,Silver,Organic Search,1,3045,955,3045,955,2090,68.6
5001963,2023-06-26,Dubai,Fine Jewelry,First-Time Buyer,Organic Search,1,8526,1284,8526,1284,7242,84.9
5008567,2023-06-26,Paris,Fine Jewelry,First-Time Buyer,Exclusive Invite,1,8474,2429,8474,2429,6045,71.3
5007209,2023-06-26,Paris,Designer Handbags,Silver,Paid Social,1,3112,793,3112,793,2319,74.5
5007593,2023-06-26,Paris,Fine Jewelry,First-Time Buyer,Walk-in,1,9887,2171,9887,2171,7716,78.0
5000142,2023-06-26,Paris,Fine Jewelry,Silver,Organic Search,1,10060,3003,10060,3003,7057,70.1
5000596,2023-06-26,Tokyo,Fine Jewelry,First-Time Buyer,Paid Social,1,8945,2372,8945,2372,6573,73.5
5006459,2023-06-26,Paris,Haute Fragrance,First-Time Buyer,Walk-in,1,398,61,398,61,337,84.7
5000157,2023-06-26,Tokyo,Haute Fragrance,First-Time Buyer,Organic Search,1,379,124,379,124,255,67.3
5006414,2023-06-26,Paris,Fine Jewelry,Silver,Organic Search,1,8801,2379,8801,2379,6422,73.0
5000615,2023-06-26,Tokyo,Haute Fragrance,Silver,Walk-in,1,370,74,370,74,296,80.0
5006489,2023-06-26,Tokyo,Fine Jewelry,Silver,Exclusive Invite,1,10019,1682,10019,1682,8337,83.2
5007689,2023-06-27,Paris,Designer Handbags,First-Time Buyer,Walk-in,1,3047,954,3047,954,2093,68.7
5003981,2023-06-27,Dubai,Haute Fragrance,First-Time Buyer,Walk-in,1,412,88,412,88,324,78.6
5008327,2023-06-27,Dubai,Luxury Watches,First-Time Buyer,Organic Search,1,12604,4344,12604,4344,8260,65.5
5004186,2023-06-27,Paris,Haute Fragrance,Silver,Walk-in,1,379,121,379,121,258,68.1
5008272,2023-06-27,Tokyo,Designer Handbags,Silver,Organic Search,1,2935,553,2935,553,2382,81.2
5005746,2023-06-27,Milan,Designer Handbags,Gold,Paid Social,2,3719,974,7438,1948,5490,73.8
5003711,2023-06-27,New York,Luxury Watches,Platinum (VIP),Paid Social,1,12005,3886,12005,3886,8119,67.6
5009636,2023-06-27,Milan,Fine Jewelry,Silver,Organic Search,1,8210,2743,8210,2743,5467,66.6
5007429,2023-06-27,Dubai,Designer Handbags,First-Time Buyer,Walk-in,1,3290,508,3290,508,2782,84.6
5002061,2023-06-28,New York,Designer Handbags,First-Time Buyer,Organic Search,2,3420,774,6840,1548,5292,77.4
5004095,2023-06-28,Paris,Luxury Watches,Gold,Paid Social,1,13307,4311,13307,4311,8996,67.6
5001486,2023-06-28,Milan,Haute Fragrance,Silver,Walk-in,3,394,83,1182,249,933,78.9
5008604,2023-06-28,Paris,Fine Jewelry,Platinum (VIP),Walk-in,1,9468,2108,9468,2108,7360,77.7
5006186,2023-06-28,Paris,Designer Handbags,First-Time Buyer,Walk-in,2,2965,813,5930,1626,4304,72.6
5005218,2023-06-28,Tokyo,Luxury Watches,First-Time Buyer,Organic Search,1,13309,2085,13309,2085,11224,84.3
5009508,2023-06-28,New York,Luxury Watches,Gold,Walk-in,1,11888,2494,11888,2494,9394,79.0
5006042,2023-06-28,New York,Haute Fragrance,Silver,Walk-in,1,369,106,369,106,263,71.3
5009135,2023-06-28,Dubai,Luxury Watches,Silver,Organic Search,1,11490,2509,11490,2509,8981,78.2
5009852,2023-06-28,Paris,Fine Jewelry,Silver,Exclusive Invite,1,9744,2577,9744,2577,7167,73.6
5002040,2023-06-28,New York,Fine Jewelry,Platinum (VIP),Paid Social,2,7747,2181,15494,4362,11132,71.8
5007894,2023-06-28,Milan,Luxury Watches,First-Time Buyer,Walk-in,1,13736,3148,13736,3148,10588,77.1
5006624,2023-06-28,New York,Fine Jewelry,Gold,Organic Search,1,10031,2191,10031,2191,7840,78.2
5000288,2023-06-28,Paris,Haute Fragrance,Silver,Organic Search,1,399,108,399,108,291,72.9
5005613,2023-06-28,New York,Designer Handbags,Silver,Walk-in,2,3643,627,7286,1254,6032,82.8
5007194,2023-06-29,Milan,Haute Fragrance,Gold,Organic Search,1,316,50,316,50,266,84.2
5001220,2023-06-29,New York,Haute Fragrance,First-Time Buyer,Exclusive Invite,1,378,68,378,68,310,82.0
5001935,2023-06-29,New York,Fine Jewelry,First-Time Buyer,Organic Search,1,10011,2935,10011,2935,7076,70.7
5004119,2023-06-29,Paris,Luxury Watches,First-Time Buyer,Paid Social,1,14752,3136,14752,3136,11616,78.7
5008136,2023-06-29,New York,Luxury Watches,Gold,Walk-in,1,14911,2417,14911,2417,12494,83.8
5006786,2023-06-29,Dubai,Haute Fragrance,Gold,Paid Social,1,385,102,385,102,283,73.5
5009011,2023-06-29,Paris,Fine Jewelry,First-Time Buyer,Paid Social,2,9055,2323,18110,4646,13464,74.3
5002114,2023-06-29,Milan,Luxury Watches,First-Time Buyer,Exclusive Invite,3,14390,3152,43170,9456,33714,78.1
5003174,2023-06-29,Tokyo,Luxury Watches,Silver,Organic Search,1,11580,1873,11580,1873,9707,83.8
5009895,2023-06-30,Dubai,Haute Fragrance,First-Time Buyer,Paid Social,1,380,113,380,113,267,70.3
5002465,2023-06-30,Tokyo,Designer Handbags,First-Time Buyer,Organic Search,1,3368,630,3368,630,2738,81.3
5002087,2023-06-30,Milan,Haute Fragrance,First-Time Buyer,Exclusive Invite,1,375,129,375,129,246,65.6
5009685,2023-06-30,New York,Luxury Watches,Platinum (VIP),Paid Social,1,12588,3242,12588,3242,9346,74.2
5004702,2023-06-30,Dubai,Designer Handbags,Platinum (VIP),Walk-in,1,3507,976,3507,976,2531,72.2
5004088,2023-06-30,Dubai,Fine Jewelry,Gold,Paid Social,1,9615,1780,9615,1780,7835,81.5
5005710,2023-06-30,Tokyo,Fine Jewelry,First-Time Buyer,Exclusive Invite,1,10101,2837,10101,2837,7264,71.9
5002443,2023-06-30,Tokyo,Luxury Watches,Silver,Organic Search,1,13914,4546,13914,4546,9368,67.3
5008606,2023-06-30,Tokyo,Designer Handbags,Platinum (VIP),Walk-in,1,3816,771,3816,771,3045,79.8
5003023,2023-06-30,Paris,Fine Jewelry,First-Time Buyer,Paid Social,1,8334,1857,8334,1857,6477,77.7
5001065,2023-06-30,Paris,Fine Jewelry,First-Time Buyer,Walk-in,1,8677,1539,8677,1539,7138,82.3
5003228,2023-06-30,Tokyo,Luxury Watches,First-Time Buyer,Organic Search,1,12912,3732,12912,3732,9180,71.1
5006403,2023-06-30,New York,Fine Jewelry,Silver,Organic Search,1,10163,2680,10163,2680,7483,73.6
5007604,2023-06-30,New York,Haute Fragrance,First-Time Buyer,Walk-in,1,320,58,320,58,262,81.9
5004558,2023-06-30,New York,Designer Handbags,Platinum (VIP),Organic Search,1,3610,1080,3610,1080,2530,70.1
5007126,2023-06-30,Tokyo,Luxury Watches,First-Time Buyer,Exclusive Invite,3,13949,2433,41847,7299,34548,82.6
5006123,2023-06-30,New York,Fine Jewelry,First-Time Buyer,Walk-in,1,9439,2308,9439,2308,7131,75.5
5003635,2023-06-30,New York,Fine Jewelry,First-Time Buyer,Walk-in,1,7744,2637,7744,2637,5107,65.9
5004168,2023-06-30,Tokyo,Luxury Watches,Platinum (VIP),Paid Social,1,13881,4399,13881,4399,9482,68.3
5003443,2023-07-01,New York,Luxury Watches,Silver,Walk-in,1,13555,3497,13555,3497,10058,74.2
5003945,2023-07-01,New York,Designer Handbags,Platinum (VIP),Organic Search,1,3074,557,3074,557,2517,81.9
5004915,2023-07-01,Paris,Designer Handbags,Silver,Paid Social,1,3515,597,3515,597,2918,83.0
5006921,2023-07-01,Paris,Fine Jewelry,Platinum (VIP),Organic Search,1,8418,1417,8418,1417,7001,83.2
5000331,2023-07-01,Paris,Designer Handbags,Silver,Paid Social,1,3817,644,3817,644,3173,83.1
5003341,2023-07-01,Paris,Haute Fragrance,First-Time Buyer,Organic Search,1,337,80,337,80,257,76.3
5009734,2023-07-01,Milan,Designer Handbags,Silver,Walk-in,1,3721,969,3721,969,2752,74.0
5000668,2023-07-01,Dubai,Designer Handbags,Silver,Exclusive Invite,1,3480,638,3480,638,2842,81.7
5007309,2023-07-01,Milan,Luxury Watches,First-Time Buyer,Paid Social,1,13695,2369,13695,2369,11326,82.7
5002475,2023-07-01,Dubai,Designer Handbags,Platinum (VIP),Walk-in,1,3307,954,3307,954,2353,71.2
5006278,2023-07-01,Paris,Haute Fragrance,Silver,Paid Social,1,321,73,321,73,248,77.3
5004062,2023-07-01,Paris,Haute Fragrance,Gold,Exclusive Invite,1,351,55,351,55,296,84.3
5003246,2023-07-01,Tokyo,Luxury Watches,Platinum (VIP),Exclusive Invite,1,12976,3243,12976,3243,9733,75.0
5005879,2023-07-01,New York,Designer Handbags,First-Time Buyer,Organic Search,1,2886,497,2886,497,2389,82.8
5000598,2023-07-01,Paris,Fine Jewelry,Platinum (VIP),Paid Social,1,7717,1919,7717,1919,5798,75.1
5004712,2023-07-02,New York,Luxury Watches,Platinum (VIP),Paid Social,1,12795,3063,12795,3063,9732,76.1
5003758,2023-07-02,New York,Designer Handbags,First-Time Buyer,Paid Social,1,3787,1043,3787,1043,2744,72.5
5002952,2023-07-02,Paris,Haute Fragrance,First-Time Buyer,Walk-in,1,338,81,338,81,257,76.0
5006886,2023-07-02,New York,Fine Jewelry,Gold,Paid Social,1,7729,1608,7729,1608,6121,79.2
5004797,2023-07-02,Tokyo,Luxury Watches,Silver,Organic Search,1,13530,2786,13530,2786,10744,79.4
5005976,2023-07-02,Tokyo,Designer Handbags,Silver,Paid Social,1,3783,707,3783,707,3076,81.3
5006069,2023-07-02,Paris,Designer Handbags,Platinum (VIP),Exclusive Invite,1,3395,871,3395,871,2524,74.3
5008296,2023-07-02,New York,Luxury Watches,Silver,Organic Search,3,14179,3530,42537,10590,31947,75.1
5006772,2023-07-02,New York,Haute Fragrance,First-Time Buyer,Organic Search,1,415,70,415,70,345,83.1
5000538,2023-07-02,Milan,Designer Handbags,Silver,Exclusive Invite,1,3029,726,3029,726,2303,76.0
5005800,2023-07-02,New York,Luxury Watches,First-Time Buyer,Walk-in,1,13098,2138,13098,2138,10960,83.7
5002806,2023-07-02,Milan,Luxury Watches,Platinum (VIP),Paid Social,1,11684,3472,11684,3472,8212,70.3
5006951,2023-07-02,Paris,Designer Handbags,Silver,Paid Social,1,3474,1112,3474,1112,2362,68.0
5009726,2023-07-02,New York,Haute Fragrance,First-Time Buyer,Paid Social,1,362,85,362,85,277,76.5
5005993,2023-07-02,Milan,Haute Fragrance,First-Time Buyer,Organic Search,3,315,47,945,141,804,85.1
5006597,2023-07-03,New York,Luxury Watches,Silver,Walk-in,1,11755,2304,11755,2304,9451,80.4
5009132,2023-07-03,Dubai,Fine Jewelry,First-Time Buyer,Walk-in,1,9290,1409,9290,1409,7881,84.8
5006367,2023-07-03,Tokyo,Fine Jewelry,First-Time Buyer,Paid Social,1,9005,1761,9005,1761,7244,80.4
5005285,2023-07-03,Paris,Designer Handbags,First-Time Buyer,Paid Social,1,3824,1298,3824,1298,2526,66.1
5003065,2023-07-03,New York,Designer Handbags,Silver,Walk-in,1,3235,1044,3235,1044,2191,67.7
5003259,2023-07-03,Tokyo,Designer Handbags,Gold,Organic Search,1,3380,1022,3380,1022,2358,69.8
5004671,2023-07-03,Paris,Designer Handbags,First-Time Buyer,Organic Search,3,3168,516,9504,1548,7956,83.7
5001054,2023-07-03,New York,Haute Fragrance,Gold,Organic Search,1,409,107,409,107,302,73.8
5005665,2023-07-03,New York,Designer Handbags,Silver,Exclusive Invite,1,3348,1058,3348,1058,2290,68.4
5001685,2023-07-03,Milan,Luxury Watches,Gold,Exclusive Invite,1,11822,3225,11822,3225,8597,72.7
5009604,2023-07-03,New York,Luxury Watches,First-Time Buyer,Organic Search,1,11556,2680,11556,2680,8876,76.8
5004572,2023-07-03,Paris,Luxury Watches,First-Time Buyer,Organic Search,1,13134,2209,13134,2209,10925,83.2
5006322,2023-07-04,Milan,Fine Jewelry,First-Time Buyer,Paid Social,1,8002,1202,8002,1202,6800,85.0
5002852,2023-07-04,New York,Luxury Watches,Platinum (VIP),Walk-in,1,12948,2566,12948,2566,10382,80.2
5005949,2023-07-04,Tokyo,Luxury Watches,Gold,Paid Social,1,11730,2147,11730,2147,9583,81.7
5004791,2023-07-04,Dubai,Luxury Watches,Gold,Paid Social,1,14333,3470,14333,3470,10863,75.8
5002659,2023-07-04,New York,Designer Handbags,First-Time Buyer,Walk-in,1,3322,965,3322,965,2357,71.0
5007109,2023-07-04,Milan,Luxury Watches,First-Time Buyer,Walk-in,1,14614,3701,14614,3701,10913,74.7
5008095,2023-07-04,Tokyo,Fine Jewelry,First-Time Buyer,Walk-in,2,8798,1864,17596,3728,13868,78.8
5004205,2023-07-04,Paris,Designer Handbags,First-Time Buyer,Walk-in,1,2968,462,2968,462,2506,84.4
5003121,2023-07-04,Tokyo,Luxury Watches,First-Time Buyer,Organic Search,1,13531,2656,13531,2656,10875,80.4
5001038,2023-07-04,Paris,Luxury Watches,Gold,Organic Search,1,14269,3595,14269,3595,10674,74.8
5000305,2023-07-04,Paris,Fine Jewelry,Silver,Organic Search,1,9376,1688,9376,1688,7688,82.0
5003128,2023-07-04,Tokyo,Haute Fragrance,First-Time Buyer,Walk-in,3,404,114,1212,342,870,71.8
5008215,2023-07-05,Paris,Designer Handbags,First-Time Buyer,Exclusive Invite,2,3339,833,6678,1666,5012,75.1
5001037,2023-07-05,New York,Designer Handbags,Silver,Organic Search,1,3551,701,3551,701,2850,80.3
5006125,2023-07-05,New York,Designer Handbags,First-Time Buyer,Paid Social,1,3648,1010,3648,1010,2638,72.3
5004385,2023-07-05,Tokyo,Haute Fragrance,Silver,Organic Search,1,327,50,327,50,277,84.7
5006548,2023-07-05,Tokyo,Fine Jewelry,First-Time Buyer,Paid Social,1,9709,1881,9709,1881,7828,80.6
5007513,2023-07-05,Paris,Designer Handbags,Silver,Paid Social,1,3769,701,3769,701,3068,81.4
5001988,2023-07-05,Tokyo,Fine Jewelry,Silver,Walk-in,1,7847,2307,7847,2307,5540,70.6
5006505,2023-07-05,New York,Luxury Watches,Silver,Walk-in,1,13213,4620,13213,4620,8593,65.0
5002130,2023-07-05,Dubai,Luxury Watches,Silver,Walk-in,1,14176,4691,14176,4691,9485,66.9
5009277,2023-07-05,Tokyo,Designer Handbags,Silver,Exclusive Invite,1,3293,931,3293,931,2362,71.7
5006780,2023-07-05,Dubai,Haute Fragrance,First-Time Buyer,Exclusive Invite,1,398,70,398,70,328,82.4
5007610,2023-07-05,Paris,Designer Handbags,Gold,Paid Social,1,3174,1029,3174,1029,2145,67.6
5007480,2023-07-06,New York,Haute Fragrance,First-Time Buyer,Exclusive Invite,1,407,109,407,109,298,73.2
5005000,2023-07-06,New York,Luxury Watches,Platinum (VIP),Organic Search,1,12508,2171,12508,2171,10337,82.6
5006512,2023-07-06,Dubai,Haute Fragrance,Gold,Organic Search,2,394,130,788,260,528,67.0
5007645,2023-07-06,Paris,Designer Handbags,Silver,Paid Social,3,3045,852,9135,2556,6579,72.0
5001620,2023-07-06,Paris,Haute Fragrance,Silver,Organic Search,1,418,134,418,134,284,67.9
5001523,2023-07-06,New York,Luxury Watches,First-Time Buyer,Organic Search,1,13811,3222,13811,3222,10589,76.7
5002377,2023-07-06,Milan,Fine Jewelry,Silver,Organic Search,3,8402,1689,25206,5067,20139,79.9
5000543,2023-07-06,New York,Luxury Watches,Gold,Organic Search,2,13094,3018,26188,6036,20152,77.0
5001234,2023-07-06,Dubai,Luxury Watches,First-Time Buyer,Paid Social,1,13887,3192,13887,3192,10695,77.0
5006736,2023-07-06,Paris,Designer Handbags,Silver,Organic Search,1,3751,758,3751,758,2993,79.8
5008827,2023-07-06,Dubai,Luxury Watches,First-Time Buyer,Organic Search,2,13423,4174,26846,8348,18498,68.9
5000514,2023-07-06,Paris,Haute Fragrance,Silver,Organic Search,1,368,57,368,57,311,84.5
5008045,2023-07-06,Dubai,Fine Jewelry,First-Time Buyer,Organic Search,1,8076,2025,8076,2025,6051,74.9
5009540,2023-07-06,New York,Luxury Watches,Silver,Exclusive Invite,1,13086,2851,13086,2851,10235,78.2
5006318,2023-07-06,Tokyo,Fine Jewelry,First-Time Buyer,Walk-in,1,8761,2672,8761,2672,6089,69.5
5008488,2023-07-06,Tokyo,Designer Handbags,Silver,Paid Social,2,3121,491,6242,982,5260,84.3
5004575,2023-07-06,Paris,Designer Handbags,Gold,Walk-in,1,3113,763,3113,763,2350,75.5
5004215,2023-07-06,New York,Designer Handbags,First-Time Buyer,Exclusive Invite,1,3476,554,3476,554,2922,84.1
5002649,2023-07-06,Milan,Fine Jewelry,Gold,Walk-in,2,8831,2382,17662,4764,12898,73.0
5004311,2023-07-06,Dubai,Luxury Watches,Silver,Paid Social,1,14034,2151,14034,2151,11883,84.7
5008589,2023-07-07,New York,Luxury Watches,Gold,Walk-in,1,13806,2081,13806,2081,11725,84.9
5004638,2023-07-07,Dubai,Luxury Watches,Silver,Organic Search,1,13969,4343,13969,4343,9626,68.9
5002812,2023-07-07,Milan,Fine Jewelry,First-Time Buyer,Organic Search,1,10075,3189,10075,3189,6886,68.3
5004267,2023-07-07,Tokyo,Luxury Watches,First-Time Buyer,Organic Search,1,14397,3574,14397,3574,10823,75.2
5009680,2023-07-07,New York,Luxury Watches,Gold,Organic Search,1,14621,3614,14621,3614,11007,75.3
5001846,2023-07-07,Paris,Luxury Watches,First-Time Buyer,Walk-in,1,12806,4202,12806,4202,8604,67.2
5001882,2023-07-07,New York,Luxury Watches,Silver,Exclusive Invite,1,13792,2108,13792,2108,11684,84.7
5007671,2023-07-07,New York,Fine Jewelry,First-Time Buyer,Organic Search,1,9421,2516,9421,2516,6905,73.3
5002314,2023-07-07,New York,Luxury Watches,Silver,Organic Search,1,12686,3086,12686,3086,9600,75.7
5005556,2023-07-07,Paris,Designer Handbags,Silver,Paid Social,1,3205,1016,3205,1016,2189,68.3
5004847,2023-07-07,New York,Luxury Watches,Silver,Paid Social,1,13942,4393,13942,4393,9549,68.5
5002024,2023-07-07,Dubai,Haute Fragrance,Platinum (VIP),Walk-in,1,357,71,357,71,286,80.1
5006738,2023-07-07,Paris,Luxury Watches,Silver,Exclusive Invite,1,12213,3144,12213,3144,9069,74.3
5009709,2023-07-08,Dubai,Designer Handbags,First-Time Buyer,Walk-in,1,2972,562,2972,562,2410,81.1
5007886,2023-07-08,Tokyo,Haute Fragrance,First-Time Buyer,Exclusive Invite,1,412,125,412,125,287,69.7
5000686,2023-07-08,Dubai,Luxury Watches,Platinum (VIP),Organic Search,1,11266,3508,11266,3508,7758,68.9
5009304,2023-07-08,Tokyo,Designer Handbags,Silver,Walk-in,1,2944,690,2944,690,2254,76.6
5004162,2023-07-08,Tokyo,Designer Handbags,First-Time Buyer,Walk-in,1,3502,915,3502,915,2587,73.9
5002313,2023-07-08,Milan,Designer Handbags,Platinum (VIP),Organic Search,1,2972,1033,2972,1033,1939,65.2
5003126,2023-07-08,Dubai,Luxury Watches,First-Time Buyer,Organic Search,1,11291,2618,11291,2618,8673,76.8
5001651,2023-07-08,Dubai,Designer Handbags,Gold,Organic Search,2,3209,872,6418,1744,4674,72.8
5009860,2023-07-08,Tokyo,Luxury Watches,Gold,Organic Search,2,11324,3229,22648,6458,16190,71.5
5007468,2023-07-08,New York,Designer Handbags,First-Time Buyer,Organic Search,1,3745,662,3745,662,3083,82.3
5001745,2023-07-08,Milan,Luxury Watches,First-Time Buyer,Walk-in,2,14389,4026,28778,8052,20726,72.0
5003541,2023-07-08,Milan,Haute Fragrance,Silver,Organic Search,1,356,121,356,121,235,66.0
5006842,2023-07-08,Dubai,Designer Handbags,Platinum (VIP),Walk-in,1,3184,807,3184,807,2377,74.7
5005337,2023-07-08,New York,Designer Handbags,Silver,Walk-in,1,3175,784,3175,784,2391,75.3
5009630,2023-07-09,Paris,Fine Jewelry,Platinum (VIP),Organic Search,1,7960,1945,7960,1945,6015,75.6
5002362,2023-07-09,Milan,Designer Handbags,First-Time Buyer,Walk-in,1,3671,1104,3671,1104,2567,69.9
5004012,2023-07-09,New York,Luxury Watches,First-Time Buyer,Walk-in,1,13454,3687,13454,3687,9767,72.6
5003949,2023-07-09,New York,Fine Jewelry,First-Time Buyer,Walk-in,1,8009,1950,8009,1950,6059,75.7
5003163,2023-07-09,Paris,Designer Handbags,First-Time Buyer,Paid Social,1,3517,1082,3517,1082,2435,69.2
5008931,2023-07-09,Paris,Haute Fragrance,Silver,Organic Search,3,350,64,1050,192,858,81.7
5008665,2023-07-09,Dubai,Designer Handbags,Platinum (VIP),Walk-in,1,3150,778,3150,778,2372,75.3
5005948,2023-07-09,New York,Luxury Watches,Platinum (VIP),Organic Search,1,12208,3144,12208,3144,9064,74.2
5001203,2023-07-09,New York,Designer Handbags,Gold,Exclusive Invite,1,2903,915,2903,915,1988,68.5
5003181,2023-07-09,Dubai,Designer Handbags,Silver,Organic Search,2,3027,523,6054,1046,5008,82.7
5001656,2023-07-09,Paris,Fine Jewelry,Gold,Exclusive Invite,2,8024,1231,16048,2462,13586,84.7
5006424,2023-07-09,Dubai,Luxury Watches,Gold,Walk-in,1,14101,3696,14101,3696,10405,73.8
5001854,2023-07-09,New York,Designer Handbags,Platinum (VIP),Organic Search,1,3763,725,3763,725,3038,80.7
5001859,2023-07-09,Milan,Luxury Watches,First-Time Buyer,Organic Search,2,11561,3868,23122,7736,15386,66.5
5002814,2023-07-10,Milan,Haute Fragrance,First-Time Buyer,Organic Search,1,334,108,334,108,226,67.7
5001462,2023-07-10,Tokyo,Fine Jewelry,Silver,Walk-in,1,8859,1757,8859,1757,7102,80.2
5007540,2023-07-10,Dubai,Luxury Watches,Platinum (VIP),Organic Search,1,11847,3323,11847,3323,8524,72.0
5007363,2023-07-10,Paris,Haute Fragrance,First-Time Buyer,Organic Search,3,349,72,1047,216,831,79.4
5006084,2023-07-10,Tokyo,Haute Fragrance,First-Time Buyer,Paid Social,1,396,136,396,136,260,65.7
5005432,2023-07-10,Tokyo,Luxury Watches,Gold,Exclusive Invite,1,11951,2683,11951,2683,9268,77.5
5004010,2023-07-10,Paris,Designer Handbags,First-Time Buyer,Walk-in,1,3808,590,3808,590,3218,84.5
5009086,2023-07-10,Milan,Luxury Watches,Platinum (VIP),Organic Search,1,11474,2575,11474,2575,8899,77.6
5005541,2023-07-10,Tokyo,Fine Jewelry,First-Time Buyer,Paid Social,1,9441,3156,9441,3156,6285,66.6
5008190,2023-07-10,Milan,Designer Handbags,Gold,Paid Social,1,3295,1049,3295,1049,2246,68.2
5001337,2023-07-10,New York,Designer Handbags,Silver,Walk-in,1,3456,877,3456,877,2579,74.6
5005859,2023-07-10,New York,Designer Handbags,First-Time Buyer,Paid Social,2,3085,791,6170,1582,4588,74.4
5009732,2023-07-10,Tokyo,Fine Jewelry,Gold,Paid Social,1,9487,2012,9487,2012,7475,78.8
5001576,2023-07-11,Tokyo,Designer Handbags,Platinum (VIP),Walk-in,1,3628,1095,3628,1095,2533,69.8
5000814,2023-07-11,Tokyo,Luxury Watches,Silver,Paid Social,1,12942,3891,12942,3891,9051,69.9
5009716,2023-07-11,Paris,Fine Jewelry,Gold,Organic Search,1,9065,2327,9065,2327,6738,74.3
5007643,2023-07-11,Milan,Luxury Watches,Gold,Exclusive Invite,1,13294,3301,13294,3301,9993,75.2
5008102,2023-07-11,New York,Fine Jewelry,First-Time Buyer,Paid Social,1,7914,2570,7914,2570,5344,67.5
5003343,2023-07-11,Tokyo,Designer Handbags,Silver,Organic Search,1,3441,1183,3441,1183,2258,65.6
5006573,2023-07-11,Dubai,Fine Jewelry,Silver,Paid Social,1,8441,2285,8441,2285,6156,72.9
5000951,2023-07-11,New York,Haute Fragrance,Silver,Walk-in,1,410,103,410,103,307,74.9
5007312,2023-07-11,Paris,Luxury Watches,Platinum (VIP),Organic Search,1,12717,2293,12717,2293,10424,82.0
5002900,2023-07-11,Dubai,Fine Jewelry,Gold,Walk-in,1,7833,1845,7833,1845,5988,76.4
5003467,2023-07-11,Milan,Luxury Watches,First-Time Buyer,Organic Search,2,12392,3383,24784,6766,18018,72.7
5005705,2023-07-12,Tokyo,Designer Handbags,Silver,Organic Search,1,3743,1094,3743,1094,2649,70.8
5006055,2023-07-12,Paris,Designer Handbags,Silver,Organic Search,3,3691,917,11073,2751,8322,75.2
5003538,2023-07-12,Tokyo,Haute Fragrance,Gold,Organic Search,1,325,59,325,59,266,81.8
5006074,2023-07-12,Tokyo,Designer Handbags,Platinum (VIP),Paid Social,1,3637,956,3637,956,2681,73.7
5009791,2023-07-12,Milan,Designer Handbags,First-Time Buyer,Paid Social,1,2965,875,2965,875,2090,70.5
5002723,2023-07-12,Paris,Haute Fragrance,Silver,Organic Search,1,418,87,418,87,331,79.2
5001541,2023-07-12,Tokyo,Haute Fragrance,Silver,Walk-in,2,405,100,810,200,610,75.3
5007847,2023-07-12,Milan,Designer Handbags,Platinum (VIP),Walk-in,1,3339,699,3339,699,2640,79.1
5006399,2023-07-12,Milan,Fine Jewelry,Gold,Organic Search,1,9898,2180,9898,2180,7718,78.0
5000178,2023-07-13,Tokyo,Luxury Watches,First-Time Buyer,Walk-in,1,13707,3604,13707,3604,10103,73.7
5002006,2023-07-13,New York,Fine Jewelry,Gold,Walk-in,1,9900,2066,9900,2066,7834,79.1
5007631,2023-07-13,Paris,Luxury Watches,Platinum (VIP),Walk-in,1,12703,4248,12703,4248,8455,66.6
5002710,2023-07-13,New York,Haute Fragrance,First-Time Buyer,Walk-in,2,355,53,710,106,604,85.1
5002129,2023-07-13,New York,Luxury Watches,First-Time Buyer,Walk-in,1,14708,4022,14708,4022,10686,72.7
5004717,2023-07-13,Tokyo,Designer Handbags,First-Time Buyer,Exclusive Invite,1,3684,1250,3684,1250,2434,66.1
5001709,2023-07-13,Tokyo,Haute Fragrance,First-Time Buyer,Organic Search,1,351,111,351,111,240,68.4
5004526,2023-07-13,Tokyo,Designer Handbags,Platinum (VIP),Exclusive Invite,1,3256,669,3256,669,2587,79.5
5008033,2023-07-13,Tokyo,Luxury Watches,Gold,Organic Search,1,13382,3241,13382,3241,10141,75.8
5005885,2023-07-13,New York,Designer Handbags,First-Time Buyer,Organic Search,1,3183,537,3183,537,2646,83.1
5007486,2023-07-13,Milan,Haute Fragrance,Gold,Organic Search,1,376,87,376,87,289,76.9
5002337,2023-07-13,Paris,Fine Jewelry,Silver,Paid Social,1,10148,2203,10148,2203,7945,78.3
5003349,2023-07-13,Paris,Fine Jewelry,First-Time Buyer,Paid Social,1,9642,2578,9642,2578,7064,73.3
5004127,2023-07-13,Milan,Designer Handbags,Gold,Exclusive Invite,1,3389,728,3389,728,2661,78.5
5000790,2023-07-13,New York,Haute Fragrance,Gold,Paid Social,1,317,56,317,56,261,82.3
5007270,2023-07-13,Milan,Fine Jewelry,Silver,Paid Social,1,9094,3149,9094,3149,5945,65.4
5000720,2023-07-14,Tokyo,Fine Jewelry,First-Time Buyer,Organic Search,1,8149,1622,8149,1622,6527,80.1
5005882,2023-07-14,Paris,Fine Jewelry,Silver,Exclusive Invite,2,7879,2159,15758,4318,11440,72.6
5004652,2023-07-14,New York,Designer Handbags,Silver,Walk-in,1,3161,555,3161,555,2606,82.4
5003510,2023-07-14,Tokyo,Luxury Watches,First-Time Buyer,Walk-in,1,14495,3670,14495,3670,10825,74.7
5008449,2023-07-14,Paris,Designer Handbags,Gold,Walk-in,1,3039,678,3039,678,2361,77.7
5002086,2023-07-14,Paris,Designer Handbags,Platinum (VIP),Paid Social,1,3636,583,3636,583,3053,84.0
5000320,2023-07-14,New York,Designer Handbags,Silver,Organic Search,1,3194,628,3194,628,2566,80.3
5009545,2023-07-14,Paris,Fine Jewelry,First-Time Buyer,Walk-in,1,9830,3215,9830,3215,6615,67.3
5009012,2023-07-14,Paris,Designer Handbags,Gold,Walk-in,1,3171,865,3171,865,2306,72.7
5000319,2023-07-14,Paris,Fine Jewelry,Silver,Walk-in,1,8918,2040,8918,2040,6878,77.1
5007532,2023-07-14,Paris,Luxury Watches,Silver,Paid Social,1,11386,1932,11386,1932,9454,83.0
5005286,2023-07-14,Paris,Designer Handbags,First-Time Buyer,Walk-in,1,3320,1141,3320,1141,2179,65.6
5005823,2023-07-15,Tokyo,Luxury Watches,Silver,Walk-in,1,14075,3692,14075,3692,10383,73.8
5005421,2023-07-15,New York,Designer Handbags,Gold,Walk-in,1,3476,849,3476,849,2627,75.6
5003509,2023-07-15,Dubai,Haute Fragrance,First-Time Buyer,Walk-in,1,343,85,343,85,258,75.2
5005699,2023-07-15,Paris,Fine Jewelry,First-Time Buyer,Organic Search,1,9315,3020,9315,3020,6295,67.6
5005547,2023-07-15,Milan,Designer Handbags,First-Time Buyer,Paid Social,1,3237,971,3237,971,2266,70.0
5006009,2023-07-15,Milan,Luxury Watches,Silver,Walk-in,1,12808,2419,12808,2419,10389,81.1
5006881,2023-07-15,Milan,Haute Fragrance,First-Time Buyer,Walk-in,1,355,104,355,104,251,70.7
5002937,2023-07-15,Dubai,Designer Handbags,First-Time Buyer,Walk-in,1,3512,584,3512,584,2928,83.4
5007545,2023-07-15,Milan,Fine Jewelry,Silver,Organic Search,1,7828,2106,7828,2106,5722,73.1
5008542,2023-07-15,Milan,Fine Jewelry,First-Time Buyer,Exclusive Invite,1,8784,1614,8784,1614,7170,81.6
5007632,2023-07-15,Paris,Luxury Watches,Gold,Exclusive Invite,1,11815,3825,11815,3825,7990,67.6
5000568,2023-07-16,Dubai,Luxury Watches,Gold,Organic Search,1,12200,4181,12200,4181,8019,65.7
5008978,2023-07-16,Dubai,Luxury Watches,Platinum (VIP),Walk-in,1,13432,4371,13432,4371,9061,67.5
5005590,2023-07-16,Dubai,Designer Handbags,First-Time Buyer,Paid Social,1,3668,1042,3668,1042,2626,71.6
5002359,2023-07-16,Paris,Luxury Watches,Platinum (VIP),Paid Social,1,13252,4286,13252,4286,8966,67.7
5007660,2023-07-16,New York,Luxury Watches,Gold,Exclusive Invite,1,13193,2164,13193,2164,11029,83.6
5006647,2023-07-16,Paris,Designer Handbags,Silver,Organic Search,1,3808,604,3808,604,3204,84.1
5006082,2023-07-16,Milan,Designer Handbags,First-Time Buyer,Organic Search,1,3431,560,3431,560,2871,83.7
5006725,2023-07-16,Milan,Luxury Watches,First-Time Buyer,Walk-in,1,12079,2249,12079,2249,9830,81.4
5009458,2023-07-16,New York,Luxury Watches,Gold,Exclusive Invite,2,12533,2471,25066,4942,20124,80.3
5008063,2023-07-16,Dubai,Designer Handbags,Silver,Paid Social,1,3579,1186,3579,1186,2393,66.9
5005396,2023-07-17,New York,Fine Jewelry,Silver,Paid Social,1,9494,2829,9494,2829,6665,70.2
5004761,2023-07-17,Paris,Designer Handbags,Silver,Walk-in,1,3034,470,3034,470,2564,84.5
5001181,2023-07-17,Paris,Designer Handbags,First-Time Buyer,Organic Search,1,3727,961,3727,961,2766,74.2
5000669,2023-07-17,Tokyo,Designer Handbags,Silver,Organic Search,1,3545,862,3545,862,2683,75.7
5000937,2023-07-17,Paris,Fine Jewelry,Silver,Exclusive Invite,1,7681,1490,7681,1490,6191,80.6
5006638,2023-07-17,Dubai,Haute Fragrance,Gold,Walk-in,1,362,98,362,98,264,72.9
5005471,2023-07-17,New York,Luxury Watches,Gold,Walk-in,1,14336,4835,14336,4835,9501,66.3
5002598,2023-07-17,Milan,Fine Jewelry,First-Time Buyer,Organic Search,1,8391,1811,8391,1811,6580,78.4
5003252,2023-07-17,New York,Fine Jewelry,Silver,Organic Search,1,7851,1777,7851,1777,6074,77.4
5008923,2023-07-17,Milan,Haute Fragrance,Silver,Organic Search,1,402,109,402,109,293,72.9
5004237,2023-07-17,New York,Haute Fragrance,First-Time Buyer,Exclusive Invite,1,352,89,352,89,263,74.7
5002946,2023-07-17,Paris,Luxury Watches,First-Time Buyer,Exclusive Invite,1,11810,3160,11810,3160,8650,73.2
5003994,2023-07-17,Paris,Luxury Watches,Gold,Walk-in,1,13636,4670,13636,4670,8966,65.8
5009130,2023-07-18,Tokyo,Fine Jewelry,First-Time Buyer,Organic Search,2,8665,2984,17330,5968,11362,65.6
5008569,2023-07-18,New York,Designer Handbags,Silver,Exclusive Invite,1,3001,628,3001,628,2373,79.1
5002512,2023-07-18,Tokyo,Designer Handbags,First-Time Buyer,Organic Search,2,3172,620,6344,1240,5104,80.5
5002275,2023-07-18,Tokyo,Designer Handbags,Silver,Exclusive Invite,1,3171,1033,3171,1033,2138,67.4
5003361,2023-07-18,Milan,Designer Handbags,First-Time Buyer,Exclusive Invite,1,3105,847,3105,847,2258,72.7
5006496,2023-07-18,Dubai,Luxury Watches,Gold,Organic Search,1,13485,4098,13485,4098,9387,69.6
5008637,2023-07-18,Tokyo,Luxury Watches,Silver,Walk-in,1,14700,3873,14700,3873,10827,73.7
5009355,2023-07-18,Milan,Designer Handbags,Silver,Walk-in,1,3411,829,3411,829,2582,75.7
5007009,2023-07-19,New York,Luxury Watches,First-Time Buyer,Paid Social,1,14596,4825,14596,4825,9771,66.9
5003709,2023-07-19,Tokyo,Designer Handbags,Silver,Organic Search,1,3497,797,3497,797,2700,77.2
5004108,2023-07-19,Tokyo,Luxury Watches,Platinum (VIP),Walk-in,2,13020,4166,26040,8332,17708,68.0
5001849,2023-07-19,New York,Fine Jewelry,Silver,Paid Social,1,8370,2681,8370,2681,5689,68.0
5003009,2023-07-19,Milan,Luxury Watches,Gold,Exclusive Invite,1,12992,2638,12992,2638,10354,79.7
5005249,2023-07-19,New York,Fine Jewelry,Silver,Paid Social,1,9536,3009,9536,3009,6527,68.4
5004873,2023-07-19,New York,Haute Fragrance,Silver,Paid Social,1,377,60,377,60,317,84.1
5005789,2023-07-19,New York,Fine Jewelry,Silver,Paid Social,1,8096,1846,8096,1846,6250,77.2
5004145,2023-07-19,New York,Haute Fragrance,First-Time Buyer,Exclusive Invite,1,338,110,338,110,228,67.5
5000231,2023-07-20,Paris,Fine Jewelry,Gold,Exclusive Invite,1,7919,1848,7919,1848,6071,76.7
5008572,2023-07-20,New York,Haute Fragrance,First-Time Buyer,Exclusive Invite,1,359,82,359,82,277,77.2
5002516,2023-07-20,Paris,Luxury Watches,Gold,Exclusive Invite,1,14084,3773,14084,3773,10311,73.2
5005960,2023-07-20,Paris,Fine Jewelry,Silver,Paid Social,1,8225,1304,8225,1304,6921,84.1
5003984,2023-07-20,New York,Luxury Watches,First-Time Buyer,Organic Search,1,12351,2314,12351,2314,10037,81.3
5006821,2023-07-20,Paris,Luxury Watches,First-Time Buyer,Exclusive Invite,1,12517,4152,12517,4152,8365,66.8
5006437,2023-07-20,Paris,Fine Jewelry,First-Time Buyer,Paid Social,1,8462,1678,8462,1678,6784,80.2
5006356,2023-07-20,Milan,Designer Handbags,Silver,Paid Social,1,2887,999,2887,999,1888,65.4
5004150,2023-07-20,Dubai,Fine Jewelry,First-Time Buyer,Walk-in,1,8972,2830,8972,2830,6142,68.5
5001339,2023-07-20,Tokyo,Luxury Watches,Gold,Organic Search,1,11467,2386,11467,2386,9081,79.2
5007790,2023-07-20,Milan,Luxury Watches,First-Time Buyer,Organic Search,1,13083,3597,13083,3597,9486,72.5
5003535,2023-07-20,New York,Luxury Watches,Gold,Exclusive Invite,1,14788,3124,14788,3124,11664,78.9
5008890,2023-07-20,Milan,Fine Jewelry,Silver,Organic Search,1,9656,1477,9656,1477,8179,84.7
5009824,2023-07-20,Tokyo,Luxury Watches,Silver,Walk-in,2,12234,3802,24468,7604,16864,68.9
5001939,2023-07-20,New York,Designer Handbags,First-Time Buyer,Walk-in,1,2937,1006,2937,1006,1931,65.7
5006637,2023-07-20,New York,Luxury Watches,Platinum (VIP),Walk-in,2,11778,1985,23556,3970,19586,83.1
5005093,2023-07-20,Dubai,Fine Jewelry,Platinum (VIP),Organic Search,1,9360,2836,9360,2836,6524,69.7
5004706,2023-07-20,Dubai,Haute Fragrance,Gold,Paid Social,1,385,111,385,111,274,71.2
5009829,2023-07-20,New York,Designer Handbags,Gold,Paid Social,1,3015,612,3015,612,2403,79.7
5000633,2023-07-20,New York,Fine Jewelry,Platinum (VIP),Exclusive Invite,1,8912,2212,8912,2212,6700,75.2
5001062,2023-07-20,Paris,Designer Handbags,Silver,Walk-in,1,3800,1014,3800,1014,2786,73.3
5000478,2023-07-21,Dubai,Luxury Watches,First-Time Buyer,Exclusive Invite,1,13572,3255,13572,3255,10317,76.0
5003408,2023-07-21,Dubai,Luxury Watches,Silver,Walk-in,1,11919,1953,11919,1953,9966,83.6
5001107,2023-07-21,New York,Luxury Watches,First-Time Buyer,Organic Search,1,11846,2536,11846,2536,9310,78.6
5009154,2023-07-21,New York,Luxury Watches,Silver,Exclusive Invite,1,12966,3450,12966,3450,9516,73.4
5007941,2023-07-21,Milan,Fine Jewelry,Silver,Organic Search,2,8766,1866,17532,3732,13800,78.7
5007594,2023-07-21,Tokyo,Designer Handbags,Gold,Exclusive Invite,1,3767,920,3767,920,2847,75.6
5009699,2023-07-21,Dubai,Designer Handbags,Gold,Paid Social,1,2903,467,2903,467,2436,83.9
5002343,2023-07-21,Milan,Luxury Watches,First-Time Buyer,Organic Search,1,13222,2735,13222,2735,10487,79.3
5004303,2023-07-21,Paris,Fine Jewelry,Silver,Organic Search,1,9376,2581,9376,2581,6795,72.5
5000593,2023-07-21,New York,Designer Handbags,Platinum (VIP),Exclusive Invite,1,3448,894,3448,894,2554,74.1
5007960,2023-07-22,Tokyo,Luxury Watches,First-Time Buyer,Organic Search,1,14836,2534,14836,2534,12302,82.9
5005712,2023-07-22,Tokyo,Designer Handbags,Silver,Exclusive Invite,1,3637,982,3637,982,2655,73.0
5008728,2023-07-22,New York,Luxury Watches,Silver,Paid Social,1,14472,3634,14472,3634,10838,74.9
5000798,2023-07-22,New York,Designer Handbags,Gold,Organic Search,1,3662,686,3662,686,2976,81.3
5005977,2023-07-22,Paris,Fine Jewelry,Platinum (VIP),Exclusive Invite,2,8813,1392,17626,2784,14842,84.2
5000064,2023-07-22,New York,Luxury Watches,Gold,Walk-in,1,12621,4271,12621,4271,8350,66.2
5007015,2023-07-22,Paris,Luxury Watches,First-Time Buyer,Organic Search,1,14940,4335,14940,4335,10605,71.0
5006783,2023-07-22,Paris,Designer Handbags,First-Time Buyer,Organic Search,3,3642,1251,10926,3753,7173,65.7
5002251,2023-07-22,New York,Fine Jewelry,Silver,Paid Social,1,9393,2984,9393,2984,6409,68.2
5004020,2023-07-22,Milan,Luxury Watches,Platinum (VIP),Organic Search,1,14222,2153,14222,2153,12069,84.9
5000683,2023-07-22,Dubai,Haute Fragrance,First-Time Buyer,Paid Social,1,412,142,412,142,270,65.5
5005724,2023-07-22,Paris,Luxury Watches,Gold,Paid Social,1,11275,2710,11275,2710,8565,76.0
5005076,2023-07-22,New York,Haute Fragrance,Gold,Paid Social,1,330,81,330,81,249,75.5
5000802,2023-07-23,Tokyo,Fine Jewelry,Silver,Paid Social,2,9987,2634,19974,5268,14706,73.6
5002412,2023-07-23,Dubai,Designer Handbags,First-Time Buyer,Walk-in,1,3695,1101,3695,1101,2594,70.2
5000960,2023-07-23,New York,Designer Handbags,First-Time Buyer,Organic Search,1,3357,981,3357,981,2376,70.8
5007799,2023-07-23,New York,Fine Jewelry,Gold,Organic Search,3,8937,3018,26811,9054,17757,66.2
5000557,2023-07-23,Tokyo,Designer Handbags,First-Time Buyer,Walk-in,1,3273,846,3273,846,2427,74.2
5000112,2023-07-23,Dubai,Fine Jewelry,Silver,Paid Social,3,9572,2100,28716,6300,22416,78.1
5001013,2023-07-23,New York,Haute Fragrance,Gold,Organic Search,1,332,72,332,72,260,78.3
5000665,2023-07-23,Milan,Designer Handbags,Silver,Organic Search,1,3300,898,3300,898,2402,72.8
5006607,2023-07-23,Milan,Designer Handbags,First-Time Buyer,Walk-in,1,3504,844,3504,844,2660,75.9
5001657,2023-07-23,Paris,Fine Jewelry,Platinum (VIP),Walk-in,1,9545,3253,9545,3253,6292,65.9
5000455,2023-07-23,Paris,Haute Fragrance,Silver,Walk-in,1,319,60,319,60,259,81.2
5005872,2023-07-23,Milan,Luxury Watches,Silver,Walk-in,1,14881,3776,14881,3776,11105,74.6
5009650,2023-07-23,New York,Fine Jewelry,First-Time Buyer,Paid Social,1,8843,2787,8843,2787,6056,68.5
5009223,2023-07-23,New York,Luxury Watches,Silver,Organic Search,1,12324,3575,12324,3575,8749,71.0
5002883,2023-07-23,Paris,Luxury Watches,Silver,Organic Search,1,13092,3729,13092,3729,9363,71.5
5002348,2023-07-24,New York,Luxury Watches,First-Time Buyer,Walk-in,1,13202,1997,13202,1997,11205,84.9
5004699,2023-07-24,Tokyo,Haute Fragrance,First-Time Buyer,Paid Social,1,319,83,319,83,236,74.0
5002136,2023-07-24,Paris,Haute Fragrance,First-Time Buyer,Organic Search,1,414,112,414,112,302,72.9
5006794,2023-07-24,Milan,Fine Jewelry,Gold,Exclusive Invite,1,10110,2943,10110,2943,7167,70.9
5001923,2023-07-24,Tokyo,Designer Handbags,First-Time Buyer,Paid Social,1,3082,788,3082,788,2294,74.4
5009907,2023-07-24,Paris,Fine Jewelry,First-Time Buyer,Organic Search,1,9478,1469,9478,1469,8009,84.5
5000692,2023-07-24,Milan,Designer Handbags,Silver,Walk-in,1,3286,788,3286,788,2498,76.0
5009147,2023-07-24,Milan,Luxury Watches,Gold,Exclusive Invite,1,11915,2334,11915,2334,9581,80.4
5000697,2023-07-24,Paris,Designer Handbags,Gold,Exclusive Invite,3,3197,1017,9591,3051,6540,68.2
5001598,2023-07-24,Paris,Fine Jewelry,Silver,Organic Search,1,10179,3114,10179,3114,7065,69.4
5001547,2023-07-24,Paris,Designer Handbags,First-Time Buyer,Organic Search,2,2965,613,5930,1226,4704,79.3
5005573,2023-07-24,New York,Designer Handbags,Gold,Organic Search,1,3538,1092,3538,1092,2446,69.1
5004954,2023-07-24,Milan,Haute Fragrance,Silver,Exclusive Invite,1,333,103,333,103,230,69.1
5005096,2023-07-24,Paris,Haute Fragrance,Silver,Walk-in,1,375,75,375,75,300,80.0
5004994,2023-07-24,Paris,Haute Fragrance,First-Time Buyer,Walk-in,1,360,116,360,116,244,67.8
5002596,2023-07-25,Tokyo,Fine Jewelry,First-Time Buyer,Exclusive Invite,2,9403,2478,18806,4956,13850,73.6
5008257,2023-07-25,Dubai,Designer Handbags,Gold,Walk-in,1,3290,957,3290,957,2333,70.9
5004160,2023-07-25,New York,Luxury Watches,Platinum (VIP),Paid Social,1,11365,2134,11365,2134,9231,81.2
5008556,2023-07-25,New York,Designer Handbags,First-Time Buyer,Exclusive Invite,1,3152,640,3152,640,2512,79.7
5008496,2023-07-25,New York,Fine Jewelry,First-Time Buyer,Walk-in,1,9290,2587,9290,2587,6703,72.2
5001957,2023-07-25,Tokyo,Designer Handbags,Silver,Walk-in,1,3011,843,3011,843,2168,72.0
5009442,2023-07-25,Paris,Designer Handbags,Gold,Organic Search,1,3204,888,3204,888,2316,72.3
5009083,2023-07-25,Tokyo,Fine Jewelry,Gold,Organic Search,1,8414,2376,8414,2376,6038,71.8
5003982,2023-07-25,Dubai,Fine Jewelry,First-Time Buyer,Walk-in,1,8816,3010,8816,3010,5806,65.9
5005684,2023-07-25,Dubai,Fine Jewelry,Platinum (VIP),Organic Search,1,8725,1614,8725,1614,7111,81.5
5004880,2023-07-25,New York,Designer Handbags,Gold,Paid Social,1,3150,869,3150,869,2281,72.4
5006631,2023-07-25,Milan,Designer Handbags,Gold,Organic Search,1,3218,825,3218,825,2393,74.4
5007830,2023-07-26,Paris,Designer Handbags,First-Time Buyer,Walk-in,2,3458,747,6916,1494,5422,78.4
5005781,2023-07-26,New York,Haute Fragrance,Silver,Walk-in,1,342,65,342,65,277,81.0
5001508,2023-07-26,Milan,Fine Jewelry,Silver,Walk-in,1,8757,1847,8757,1847,6910,78.9
5004562,2023-07-26,Milan,Designer Handbags,Silver,Walk-in,1,2921,952,2921,952,1969,67.4
5000562,2023-07-26,Tokyo,Luxury Watches,Platinum (VIP),Paid Social,1,11599,2670,11599,2670,8929,77.0
5005108,2023-07-26,New York,Designer Handbags,Silver,Organic Search,1,3579,610,3579,610,2969,83.0
5002229,2023-07-26,Dubai,Designer Handbags,Gold,Organic Search,1,3077,778,3077,778,2299,74.7
5005339,2023-07-26,Dubai,Luxury Watches,Platinum (VIP),Organic Search,1,13489,3527,13489,3527,9962,73.9
5005450,2023-07-26,Tokyo,Designer Handbags,First-Time Buyer,Exclusive Invite,1,2897,525,2897,525,2372,81.9
5005826,2023-07-27,Tokyo,Fine Jewelry,Gold,Organic Search,1,9613,3036,9613,3036,6577,68.4
5000118,2023-07-27,New York,Luxury Watches,First-Time Buyer,Paid Social,1,13038,4015,13038,4015,9023,69.2
5002841,2023-07-27,New York,Designer Handbags,Silver,Organic Search,1,3394,749,3394,749,2645,77.9
5007458,2023-07-27,Dubai,Haute Fragrance,First-Time Buyer,Walk-in,3,408,125,1224,375,849,69.4
5004231,2023-07-27,Tokyo,Designer Handbags,Gold,Paid Social,1,3272,596,3272,596,2676,81.8
5008877,2023-07-27,New York,Designer Handbags,Platinum (VIP),Paid Social,1,3529,585,3529,585,2944,83.4
5002143,2023-07-27,Dubai,Haute Fragrance,Silver,Paid Social,1,334,116,334,116,218,65.3
5007434,2023-07-27,Dubai,Luxury Watches,Gold,Walk-in,1,14382,4171,14382,4171,10211,71.0
5006449,2023-07-27,Tokyo,Designer Handbags,Gold,Paid Social,1,3059,720,3059,720,2339,76.5
5000840,2023-07-27,New York,Designer Handbags,First-Time Buyer,Exclusive Invite,1,2922,593,2922,593,2329,79.7
5004618,2023-07-27,Milan,Haute Fragrance,Silver,Paid Social,1,383,115,383,115,268,70.0
5007307,2023-07-27,New York,Luxury Watches,Platinum (VIP),Paid Social,1,12496,3347,12496,3347,9149,73.2
5004497,2023-07-27,Dubai,Luxury Watches,Gold,Walk-in,1,14757,3959,14757,3959,10798,73.2
5008855,2023-07-27,Tokyo,Haute Fragrance,Gold,Exclusive Invite,1,363,108,363,108,255,70.2
5003398,2023-07-28,Paris,Fine Jewelry,Gold,Walk-in,1,9233,2296,9233,2296,6937,75.1
5003038,2023-07-28,Dubai,Fine Jewelry,Gold,Organic Search,1,9969,2921,9969,2921,7048,70.7
5001599,2023-07-28,New York,Luxury Watches,First-Time Buyer,Paid Social,1,12772,3684,12772,3684,9088,71.2
5008611,2023-07-28,Paris,Haute Fragrance,First-Time Buyer,Organic Search,1,362,101,362,101,261,72.1
5003967,2023-07-28,Paris,Designer Handbags,First-Time Buyer,Paid Social,1,3752,997,3752,997,2755,73.4
5007463,2023-07-28,Milan,Fine Jewelry,First-Time Buyer,Walk-in,1,10194,2827,10194,2827,7367,72.3
5003144,2023-07-28,Milan,Fine Jewelry,Silver,Organic Search,1,9778,2356,9778,2356,7422,75.9
5003207,2023-07-28,Tokyo,Fine Jewelry,Silver,Exclusive Invite,1,8554,1389,8554,1389,7165,83.8
5008359,2023-07-28,Tokyo,Luxury Watches,Gold,Walk-in,1,14919,4133,14919,4133,10786,72.3
5006868,2023-07-28,New York,Luxury Watches,First-Time Buyer,Exclusive Invite,1,13864,4346,13864,4346,9518,68.7
5006132,2023-07-28,New York,Designer Handbags,Platinum (VIP),Organic Search,1,3198,736,3198,736,2462,77.0
5000570,2023-07-28,Milan,Designer Handbags,Silver,Organic Search,1,3439,1138,3439,1138,2301,66.9
5005894,2023-07-28,Tokyo,Designer Handbags,Silver,Walk-in,3,3730,1049,11190,3147,8043,71.9
5002376,2023-07-28,Paris,Luxury Watches,Silver,Paid Social,1,12454,2611,12454,2611,9843,79.0
5004343,2023-07-28,Dubai,Fine Jewelry,First-Time Buyer,Exclusive Invite,1,7745,2019,7745,2019,5726,73.9
5004884,2023-07-28,Paris,Fine Jewelry,Gold,Organic Search,1,9842,3145,9842,3145,6697,68.0
5004763,2023-07-29,Paris,Designer Handbags,First-Time Buyer,Paid Social,1,3096,645,3096,645,2451,79.2
5000345,2023-07-29,New York,Designer Handbags,Platinum (VIP),Exclusive Invite,1,3564,1102,3564,1102,2462,69.1
5001595,2023-07-29,Milan,Luxury Watches,First-Time Buyer,Organic Search,1,13978,4579,13978,4579,9399,67.2
5008868,2023-07-29,Tokyo,Luxury Watches,Gold,Paid Social,1,13241,2904,13241,2904,10337,78.1
5006364,2023-07-29,New York,Designer Handbags,First-Time Buyer,Exclusive Invite,1,3036,835,3036,835,2201,72.5
5009406,2023-07-29,New York,Fine Jewelry,First-Time Buyer,Walk-in,1,8692,2918,8692,2918,5774,66.4
5009310,2023-07-29,Dubai,Fine Jewelry,Silver,Walk-in,1,7655,1922,7655,1922,5733,74.9
5003077,2023-07-29,Paris,Haute Fragrance,First-Time Buyer,Walk-in,1,362,89,362,89,273,75.4
5001088,2023-07-29,Milan,Designer Handbags,Gold,Organic Search,1,2919,467,2919,467,2452,84.0
5003229,2023-07-29,New York,Designer Handbags,First-Time Buyer,Walk-in,1,3291,852,3291,852,2439,74.1
5008822,2023-07-29,Tokyo,Luxury Watches,First-Time Buyer,Walk-in,1,12661,3383,12661,3383,9278,73.3
5000846,2023-07-29,New York,Fine Jewelry,Platinum (VIP),Walk-in,1,8761,2623,8761,2623,6138,70.1
5002863,2023-07-30,Milan,Designer Handbags,Gold,Organic Search,1,3024,742,3024,742,2282,75.5
5008084,2023-07-30,Milan,Designer Handbags,Silver,Walk-in,1,3258,980,3258,980,2278,69.9
5006949,2023-07-30,Dubai,Luxury Watches,Gold,Organic Search,2,12138,2506,24276,5012,19264,79.4
5008305,2023-07-30,New York,Designer Handbags,Gold,Organic Search,1,2908,578,2908,578,2330,80.1
5004574,2023-07-30,Dubai,Haute Fragrance,Silver,Organic Search,1,338,66,338,66,272,80.5
5005067,2023-07-30,Tokyo,Designer Handbags,Silver,Paid Social,1,3500,1097,3500,1097,2403,68.7
5009849,2023-07-30,New York,Haute Fragrance,Gold,Organic Search,1,322,76,322,76,246,76.4
5009941,2023-07-30,Paris,Luxury Watches,Silver,Exclusive Invite,1,12178,3971,12178,3971,8207,67.4
5006457,2023-07-30,New York,Designer Handbags,Gold,Organic Search,2,3149,802,6298,1604,4694,74.5
5001767,2023-07-30,Milan,Haute Fragrance,Silver,Walk-in,3,326,52,978,156,822,84.0
5008245,2023-07-31,Tokyo,Haute Fragrance,First-Time Buyer,Organic Search,1,387,121,387,121,266,68.7
5009185,2023-07-31,Milan,Designer Handbags,Gold,Paid Social,3,3575,746,10725,2238,8487,79.1
5001991,2023-07-31,New York,Luxury Watches,Silver,Paid Social,2,11551,1931,23102,3862,19240,83.3
5006226,2023-07-31,New York,Designer Handbags,Gold,Exclusive Invite,1,3791,660,3791,660,3131,82.6
5001328,2023-07-31,Milan,Luxury Watches,First-Time Buyer,Paid Social,1,13226,4540,13226,4540,8686,65.7
5005106,2023-07-31,Tokyo,Fine Jewelry,Silver,Paid Social,1,10069,2342,10069,2342,7727,76.7
5000874,2023-07-31,New York,Designer Handbags,Gold,Paid Social,1,3016,462,3016,462,2554,84.7
5009371,2023-07-31,Milan,Luxury Watches,Platinum (VIP),Exclusive Invite,1,14501,4549,14501,4549,9952,68.6
5003404,2023-07-31,Milan,Fine Jewelry,Platinum (VIP),Walk-in,1,7877,1745,7877,1745,6132,77.8
5008724,2023-07-31,New York,Fine Jewelry,First-Time Buyer,Exclusive Invite,1,8897,1475,8897,1475,7422,83.4
5001810,2023-07-31,New York,Fine Jewelry,Gold,Exclusive Invite,1,8532,1773,8532,1773,6759,79.2
5001278,2023-07-31,Paris,Designer Handbags,Gold,Walk-in,3,3508,1042,10524,3126,7398,70.3
5001240,2023-07-31,New York,Designer Handbags,First-Time Buyer,Paid Social,2,2959,501,5918,1002,4916,83.1
5008886,2023-07-31,New York,Designer Handbags,First-Time Buyer,Paid Social,1,3283,1033,3283,1033,2250,68.5
5002157,2023-07-31,New York,Fine Jewelry,First-Time Buyer,Organic Search,2,7666,2102,15332,4204,11128,72.6
5000143,2023-07-31,New York,Fine Jewelry,Platinum (VIP),Walk-in,3,9630,3026,28890,9078,19812,68.6
5004966,2023-07-31,Milan,Designer Handbags,Silver,Paid Social,1,2988,891,2988,891,2097,70.2
5009951,2023-07-31,Milan,Fine Jewelry,Gold,Organic Search,1,9878,3130,9878,3130,6748,68.3
5002310,2023-07-31,Paris,Luxury Watches,Gold,Organic Search,1,12870,2179,12870,2179,10691,83.1
5008212,2023-08-01,New York,Designer Handbags,First-Time Buyer,Organic Search,1,3784,581,3784,581,3203,84.6
5008152,2023-08-01,Tokyo,Fine Jewelry,Silver,Paid Social,1,8749,2342,8749,2342,6407,73.2
5008663,2023-08-01,Milan,Designer Handbags,First-Time Buyer,Exclusive Invite,2,3016,1024,6032,2048,3984,66.0
5009173,2023-08-01,Milan,Designer Handbags,Silver,Paid Social,1,3469,730,3469,730,2739,79.0
5003186,2023-08-01,Paris,Luxury Watches,First-Time Buyer,Paid Social,1,12996,4105,12996,4105,8891,68.4
5000531,2023-08-01,New York,Luxury Watches,First-Time Buyer,Walk-in,1,12420,3733,12420,3733,8687,69.9
5006917,2023-08-01,Milan,Designer Handbags,First-Time Buyer,Paid Social,1,3443,572,3443,572,2871,83.4
5003472,2023-08-01,New York,Designer Handbags,Silver,Exclusive Invite,1,3570,1049,3570,1049,2521,70.6
5007601,2023-08-01,New York,Designer Handbags,Silver,Organic Search,1,3278,910,3278,910,2368,72.2
5009720,2023-08-01,Tokyo,Designer Handbags,Gold,Organic Search,3,3199,975,9597,2925,6672,69.5
5006701,2023-08-01,Paris,Luxury Watches,Gold,Paid Social,1,14896,2792,14896,2792,12104,81.3
5008309,2023-08-01,Tokyo,Designer Handbags,Gold,Walk-in,1,2980,957,2980,957,2023,67.9
5004315,2023-08-01,Dubai,Luxury Watches,Silver,Walk-in,1,13923,3701,13923,3701,10222,73.4
5008469,2023-08-01,Tokyo,Designer Handbags,First-Time Buyer,Paid Social,1,3070,745,3070,745,2325,75.7
5001143,2023-08-02,Paris,Fine Jewelry,Silver,Paid Social,1,9294,3247,9294,3247,6047,65.1
5006391,2023-08-02,New York,Designer Handbags,Platinum (VIP),Exclusive Invite,2,3673,1189,7346,2378,4968,67.6
5004192,2023-08-02,Paris,Fine Jewelry,Silver,Exclusive Invite,3,9250,1945,27750,5835,21915,79.0
5003749,2023-08-02,Paris,Fine Jewelry,Silver,Paid Social,1,7746,2489,7746,2489,5257,67.9
5003306,2023-08-02,Dubai,Luxury Watches,First-Time Buyer,Paid Social,1,14413,2843,14413,2843,11570,80.3
5001002,2023-08-02,Tokyo,Designer Handbags,Gold,Organic Search,2,3451,852,6902,1704,5198,75.3
5006371,2023-08-02,Dubai,Fine Jewelry,Silver,Exclusive Invite,1,9695,2341,9695,2341,7354,75.9
5008191,2023-08-02,New York,Designer Handbags,Silver,Organic Search,1,3550,1227,3550,1227,2323,65.4
5003450,2023-08-02,Tokyo,Designer Handbags,Silver,Exclusive Invite,1,3254,783,3254,783,2471,75.9
5007250,2023-08-02,Milan,Luxury Watches,First-Time Buyer,Paid Social,1,11401,2481,11401,2481,8920,78.2
5001954,2023-08-03,Paris,Fine Jewelry,First-Time Buyer,Organic Search,1,8600,1509,8600,1509,7091,82.5
5003512,2023-08-03,Paris,Fine Jewelry,Platinum (VIP),Paid Social,1,9390,2322,9390,2322,7068,75.3
5000778,2023-08-03,Dubai,Luxury Watches,First-Time Buyer,Exclusive Invite,1,14175,4566,14175,4566,9609,67.8
5007755,2023-08-03,New York,Haute Fragrance,Gold,Paid Social,1,362,64,362,64,298,82.3
5003104,2023-08-03,New York,Luxury Watches,Silver,Exclusive Invite,3,14913,5025,44739,15075,29664,66.3
5009290,2023-08-03,Paris,Luxury Watches,First-Time Buyer,Organic Search,2,12554,3309,25108,6618,18490,73.6
5003919,2023-08-03,Milan,Luxury Watches,First-Time Buyer,Organic Search,1,12531,3804,12531,3804,8727,69.6
5001655,2023-08-03,Paris,Haute Fragrance,First-Time Buyer,Walk-in,2,331,89,662,178,484,73.1
5008512,2023-08-03,Tokyo,Designer Handbags,First-Time Buyer,Organic Search,1,3583,935,3583,935,2648,73.9
5007455,2023-08-03,Milan,Luxury Watches,First-Time Buyer,Walk-in,1,11671,3320,11671,3320,8351,71.6
5006103,2023-08-03,Paris,Fine Jewelry,Silver,Walk-in,1,8855,1574,8855,1574,7281,82.2
5003254,2023-08-03,New York,Luxury Watches,First-Time Buyer,Organic Search,1,13682,4478,13682,4478,9204,67.3
5001543,2023-08-03,Milan,Fine Jewelry,First-Time Buyer,Walk-in,1,8260,1927,8260,1927,6333,76.7
5004827,2023-08-03,Milan,Luxury Watches,First-Time Buyer,Organic Search,1,14464,3479,14464,3479,10985,75.9
5009672,2023-08-03,New York,Fine Jewelry,Silver,Exclusive Invite,1,8146,1335,8146,1335,6811,83.6
5002227,2023-08-03,New York,Luxury Watches,First-Time Buyer,Exclusive Invite,1,14117,2889,14117,2889,11228,79.5
5007361,2023-08-03,Dubai,Fine Jewelry,Silver,Exclusive Invite,1,9318,1764,9318,1764,7554,81.1
5000230,2023-08-04,Dubai,Luxury Watches,Gold,Organic Search,1,14982,4091,14982,4091,10891,72.7
5004649,2023-08-04,Paris,Designer Handbags,Gold,Organic Search,1,3568,623,3568,623,2945,82.5
5000641,2023-08-04,New York,Fine Jewelry,Platinum (VIP),Paid Social,1,7910,1635,7910,1635,6275,79.3
5006373,2023-08-04,New York,Luxury Watches,First-Time Buyer,Organic Search,1,11311,3069,11311,3069,8242,72.9
5003457,2023-08-04,Paris,Designer Handbags,First-Time Buyer,Organic Search,1,3485,854,3485,854,2631,75.5
5009499,2023-08-04,Milan,Haute Fragrance,Silver,Exclusive Invite,1,415,63,415,63,352,84.8
5007492,2023-08-04,Milan,Haute Fragrance,Silver,Paid Social,3,344,92,1032,276,756,73.3
5008417,2023-08-04,New York,Fine Jewelry,Silver,Organic Search,1,8357,2207,8357,2207,6150,73.6
5009810,2023-08-04,Tokyo,Fine Jewelry,Platinum (VIP),Organic Search,1,7877,1869,7877,1869,6008,76.3
5004794,2023-08-04,Milan,Fine Jewelry,First-Time Buyer,Organic Search,1,9075,1904,9075,1904,7171,79.0
5006405,2023-08-04,New York,Haute Fragrance,First-Time Buyer,Organic Search,1,374,128,374,128,246,65.8
5005275,2023-08-04,Tokyo,Fine Jewelry,Silver,Organic Search,1,9663,3228,9663,3228,6435,66.6
5001420,2023-08-04,Tokyo,Designer Handbags,Silver,Walk-in,1,2935,1001,2935,1001,1934,65.9
5006615,2023-08-04,New York,Haute Fragrance,First-Time Buyer,Walk-in,1,318,58,318,58,260,81.8
5007443,2023-08-04,Paris,Designer Handbags,Gold,Organic Search,1,3266,628,3266,628,2638,80.8
5004003,2023-08-05,New York,Designer Handbags,First-Time Buyer,Organic Search,1,2942,749,2942,749,2193,74.5
5002763,2023-08-05,New York,Haute Fragrance,Silver,Organic Search,1,366,62,366,62,304,83.1
5000752,2023-08-05,Paris,Haute Fragrance,Platinum (VIP),Exclusive Invite,1,331,71,331,71,260,78.5
5001955,2023-08-05,New York,Haute Fragrance,Silver,Exclusive Invite,1,319,85,319,85,234,73.4
5000394,2023-08-05,Tokyo,Haute Fragrance,Gold,Walk-in,1,406,95,406,95,311,76.6
5002765,2023-08-05,New York,Designer Handbags,Silver,Organic Search,1,3445,944,3445,944,2501,72.6
5006678,2023-08-05,Paris,Haute Fragrance,First-Time Buyer,Paid Social,1,363,63,363,63,300,82.6
5009034,2023-08-06,New York,Designer Handbags,First-Time Buyer,Exclusive Invite,1,3243,822,3243,822,2421,74.7
5003238,2023-08-06,Paris,Luxury Watches,Silver,Paid Social,1,11633,2080,11633,2080,9553,82.1
5006839,2023-08-06,Paris,Designer Handbags,Gold,Organic Search,1,3349,690,3349,690,2659,79.4
5001451,2023-08-06,Tokyo,Designer Handbags,First-Time Buyer,Organic Search,1,3382,994,3382,994,2388,70.6
5005453,2023-08-06,Dubai,Fine Jewelry,First-Time Buyer,Paid Social,1,8450,1415,8450,1415,7035,83.3
5002192,2023-08-06,Tokyo,Fine Jewelry,Silver,Walk-in,1,9420,2038,9420,2038,7382,78.4
5001833,2023-08-06,New York,Luxury Watches,First-Time Buyer,Walk-in,1,14178,2641,14178,2641,11537,81.4
5004666,2023-08-06,New York,Luxury Watches,First-Time Buyer,Organic Search,1,13033,4507,13033,4507,8526,65.4
5009877,2023-08-06,Paris,Luxury Watches,Gold,Paid Social,2,13606,4436,27212,8872,18340,67.4
5004987,2023-08-06,Paris,Designer Handbags,Gold,Organic Search,1,3416,605,3416,605,2811,82.3
5004588,2023-08-06,New York,Fine Jewelry,Gold,Organic Search,1,8087,1283,8087,1283,6804,84.1
5006423,2023-08-06,Dubai,Luxury Watches,First-Time Buyer,Organic Search,1,13389,2517,13389,2517,10872,81.2
5002345,2023-08-06,Milan,Luxury Watches,Silver,Organic Search,1,13604,2782,13604,2782,10822,79.6
5008216,2023-08-06,Paris,Designer Handbags,Gold,Exclusive Invite,1,3621,573,3621,573,3048,84.2
5003042,2023-08-06,Paris,Fine Jewelry,Silver,Walk-in,1,8066,2727,8066,2727,5339,66.2
5006194,2023-08-07,Tokyo,Designer Handbags,Gold,Organic Search,1,3760,1012,3760,1012,2748,73.1
5006697,2023-08-07,Milan,Designer Handbags,Gold,Paid Social,1,3342,924,3342,924,2418,72.4
5003697,2023-08-07,Dubai,Fine Jewelry,Gold,Paid Social,1,7942,1829,7942,1829,6113,77.0
5006942,2023-08-07,Tokyo,Haute Fragrance,First-Time Buyer,Exclusive Invite,1,354,77,354,77,277,78.2
5005188,2023-08-07,Milan,Luxury Watches,Silver,Exclusive Invite,1,13463,3812,13463,3812,9651,71.7
5002085,2023-08-07,Milan,Luxury Watches,Silver,Organic Search,1,13916,4458,13916,4458,9458,68.0
5007905,2023-08-07,Dubai,Luxury Watches,First-Time Buyer,Walk-in,1,12390,3801,12390,3801,8589,69.3
5004664,2023-08-07,Dubai,Haute Fragrance,Gold,Organic Search,2,319,84,638,168,470,73.7
5007885,2023-08-07,Paris,Designer Handbags,Platinum (VIP),Paid Social,1,3637,795,3637,795,2842,78.1
5001049,2023-08-07,Paris,Fine Jewelry,Silver,Paid Social,2,9170,1816,18340,3632,14708,80.2
5007650,2023-08-07,Tokyo,Haute Fragrance,Silver,Organic Search,1,345,83,345,83,262,75.9
5000387,2023-08-07,Paris,Designer Handbags,First-Time Buyer,Paid Social,1,3780,773,3780,773,3007,79.6
5001174,2023-08-08,New York,Fine Jewelry,Gold,Paid Social,1,9489,1697,9489,1697,7792,82.1
5009749,2023-08-08,Milan,Designer Handbags,First-Time Buyer,Walk-in,1,3737,780,3737,780,2957,79.1
5000079,2023-08-08,Paris,Luxury Watches,First-Time Buyer,Organic Search,1,12327,2967,12327,2967,9360,75.9
5008350,2023-08-08,Dubai,Haute Fragrance,Gold,Organic Search,1,336,65,336,65,271,80.7
5007299,2023-08-08,Milan,Fine Jewelry,Gold,Walk-in,1,8017,1369,8017,1369,6648,82.9
5000091,2023-08-08,New York,Fine Jewelry,Silver,Paid Social,3,9512,2352,28536,7056,21480,75.3
5001096,2023-08-08,New York,Fine Jewelry,Silver,Exclusive Invite,1,7741,2537,7741,2537,5204,67.2
5003823,2023-08-09,Tokyo,Fine Jewelry,First-Time Buyer,Organic Search,1,9816,2932,9816,2932,6884,70.1
5008878,2023-08-09,New York,Designer Handbags,First-Time Buyer,Walk-in,1,3807,1045,3807,1045,2762,72.6
5009295,2023-08-09,Dubai,Fine Jewelry,Silver,Walk-in,1,9503,2638,9503,2638,6865,72.2
5003489,2023-08-09,Milan,Designer Handbags,First-Time Buyer,Paid Social,1,3025,609,3025,609,2416,79.9
5008545,2023-08-09,Dubai,Designer Handbags,First-Time Buyer,Paid Social,2,3283,985,6566,1970,4596,70.0
5004340,2023-08-09,New York,Luxury Watches,First-Time Buyer,Organic Search,1,11526,3922,11526,3922,7604,66.0
5007105,2023-08-09,New York,Haute Fragrance,Platinum (VIP),Paid Social,1,396,92,396,92,304,76.8
5006039,2023-08-09,Dubai,Designer Handbags,Gold,Exclusive Invite,1,3442,854,3442,854,2588,75.2
5001774,2023-08-09,New York,Designer Handbags,First-Time Buyer,Exclusive Invite,1,3260,998,3260,998,2262,69.4
5001371,2023-08-10,Milan,Fine Jewelry,Platinum (VIP),Walk-in,1,8729,2824,8729,2824,5905,67.6
5008975,2023-08-10,Tokyo,Fine Jewelry,Silver,Paid Social,1,9029,2558,9029,2558,6471,71.7
5005987,2023-08-10,Paris,Fine Jewelry,Silver,Paid Social,1,8556,2267,8556,2267,6289,73.5
5002756,2023-08-10,Milan,Luxury Watches,Platinum (VIP),Walk-in,1,14637,3193,14637,3193,11444,78.2
5008499,2023-08-10,Tokyo,Designer Handbags,Gold,Paid Social,1,3332,1091,3332,1091,2241,67.3
5009663,2023-08-10,Milan,Fine Jewelry,Gold,Exclusive Invite,1,7667,2387,7667,2387,5280,68.9
5005365,2023-08-10,New York,Luxury Watches,Gold,Organic Search,1,13048,4402,13048,4402,8646,66.3
5003748,2023-08-10,New York,Luxury Watches,Gold,Organic Search,1,11484,2597,11484,2597,8887,77.4
5009535,2023-08-10,Paris,Haute Fragrance,Silver,Walk-in,1,317,64,317,64,253,79.8
5009582,2023-08-10,Paris,Luxury Watches,Silver,Walk-in,1,14787,3023,14787,3023,11764,79.6
5000652,2023-08-10,Dubai,Luxury Watches,First-Time Buyer,Exclusive Invite,2,12781,3390,25562,6780,18782,73.5
5007522,2023-08-10,New York,Fine Jewelry,Silver,Walk-in,1,10190,3385,10190,3385,6805,66.8
5003101,2023-08-10,Paris,Designer Handbags,First-Time Buyer,Organic Search,1,3775,1027,3775,1027,2748,72.8
5009531,2023-08-10,Dubai,Luxury Watches,Silver,Organic Search,1,13139,2224,13139,2224,10915,83.1
5001818,2023-08-11,New York,Luxury Watches,Silver,Organic Search,1,11263,2223,11263,2223,9040,80.3
5005467,2023-08-11,New York,Fine Jewelry,First-Time Buyer,Organic Search,1,9630,2444,9630,2444,7186,74.6
5005295,2023-08-11,Milan,Luxury Watches,Platinum (VIP),Walk-in,1,12287,3257,12287,3257,9030,73.5
5009956,2023-08-11,Tokyo,Designer Handbags,First-Time Buyer,Organic Search,1,3362,853,3362,853,2509,74.6
5003713,2023-08-11,Milan,Designer Handbags,Silver,Paid Social,1,3697,563,3697,563,3134,84.8
5009989,2023-08-11,Dubai,Haute Fragrance,Gold,Paid Social,3,414,85,1242,255,987,79.5
5008603,2023-08-11,Dubai,Fine Jewelry,Gold,Walk-in,1,8948,2083,8948,2083,6865,76.7
5006052,2023-08-11,Milan,Designer Handbags,Silver,Exclusive Invite,1,3287,975,3287,975,2312,70.3
5006130,2023-08-11,Paris,Fine Jewelry,Gold,Organic Search,1,8027,1603,8027,1603,6424,80.0
5001901,2023-08-11,Paris,Fine Jewelry,Gold,Walk-in,2,9742,2469,19484,4938,14546,74.7
5007608,2023-08-11,Paris,Designer Handbags,Silver,Paid Social,1,3183,617,3183,617,2566,80.6
5008251,2023-08-11,Dubai,Luxury Watches,Silver,Paid Social,1,14878,2649,14878,2649,12229,82.2
5004427,2023-08-11,Paris,Luxury Watches,First-Time Buyer,Walk-in,1,12378,4066,12378,4066,8312,67.2
5007562,2023-08-11,Tokyo,Luxury Watches,First-Time Buyer,Paid Social,1,13358,2389,13358,2389,10969,82.1
5004333,2023-08-11,New York,Haute Fragrance,Silver,Paid Social,1,374,89,374,89,285,76.2
5005323,2023-08-11,Tokyo,Fine Jewelry,First-Time Buyer,Exclusive Invite,1,7949,2335,7949,2335,5614,70.6
5008796,2023-08-12,Paris,Haute Fragrance,Silver,Organic Search,1,416,82,416,82,334,80.3
5009551,2023-08-12,Tokyo,Haute Fragrance,Gold,Walk-in,1,339,63,339,63,276,81.4
5004044,2023-08-12,Paris,Fine Jewelry,Gold,Organic Search,1,8816,1392,8816,1392,7424,84.2
5007550,2023-08-12,Dubai,Haute Fragrance,First-Time Buyer,Walk-in,1,329,84,329,84,245,74.5
5006611,2023-08-12,Milan,Fine Jewelry,First-Time Buyer,Organic Search,1,9507,2427,9507,2427,7080,74.5
5009533,2023-08-12,Tokyo,Luxury Watches,First-Time Buyer,Paid Social,1,11254,3540,11254,3540,7714,68.5
5006627,2023-08-12,New York,Fine Jewelry,Gold,Walk-in,1,7770,1615,7770,1615,6155,79.2
5001888,2023-08-12,Paris,Fine Jewelry,Gold,Organic Search,3,8472,1745,25416,5235,20181,79.4
5003565,2023-08-12,Milan,Luxury Watches,First-Time Buyer,Organic Search,1,11667,3374,11667,3374,8293,71.1
5005848,2023-08-12,Milan,Designer Handbags,Silver,Organic Search,1,3311,1157,3311,1157,2154,65.1
5003871,2023-08-12,New York,Luxury Watches,First-Time Buyer,Paid Social,1,12689,2009,12689,2009,10680,84.2
5005846,2023-08-12,Dubai,Fine Jewelry,Gold,Exclusive Invite,1,9763,3140,9763,3140,6623,67.8
5007278,2023-08-12,Tokyo,Designer Handbags,First-Time Buyer,Paid Social,1,3632,931,3632,931,2701,74.4
5002651,2023-08-12,New York,Haute Fragrance,Silver,Paid Social,1,360,73,360,73,287,79.7
5005554,2023-08-12,New York,Designer Handbags,First-Time Buyer,Organic Search,2,3064,706,6128,1412,4716,77.0
5005578,2023-08-13,Paris,Designer Handbags,Silver,Organic Search,3,3524,762,10572,2286,8286,78.4
5009598,2023-08-13,Tokyo,Haute Fragrance,First-Time Buyer,Exclusive Invite,1,363,98,363,98,265,73.0
5000605,2023-08-13,Dubai,Haute Fragrance,First-Time Buyer,Organic Search,1,384,68,384,68,316,82.3
5006716,2023-08-13,Tokyo,Designer Handbags,Silver,Organic Search,1,3198,570,3198,570,2628,82.2
5007766,2023-08-13,Paris,Designer Handbags,First-Time Buyer,Exclusive Invite,1,3218,1065,3218,1065,2153,66.9
5005053,2023-08-13,Paris,Luxury Watches,Gold,Walk-in,1,12612,3939,12612,3939,8673,68.8
5006287,2023-08-13,Tokyo,Fine Jewelry,Silver,Organic Search,1,9155,1436,9155,1436,7719,84.3
5005612,2023-08-13,Dubai,Designer Handbags,Silver,Organic Search,1,3609,595,3609,595,3014,83.5
5009525,2023-08-13,New York,Designer Handbags,Silver,Organic Search,1,3088,805,3088,805,2283,73.9
5000470,2023-08-13,Milan,Designer Handbags,First-Time Buyer,Paid Social,2,2970,674,5940,1348,4592,77.3
5008908,2023-08-13,Paris,Luxury Watches,Gold,Exclusive Invite,1,11665,3368,11665,3368,8297,71.1
5008917,2023-08-13,Paris,Designer Handbags,Silver,Organic Search,1,3090,585,3090,585,2505,81.1
5007440,2023-08-13,New York,Fine Jewelry,Platinum (VIP),Paid Social,1,8632,1776,8632,1776,6856,79.4
5005241,2023-08-13,New York,Haute Fragrance,Silver,Walk-in,1,360,82,360,82,278,77.2
5009439,2023-08-13,Milan,Luxury Watches,Platinum (VIP),Walk-in,2,11556,2963,23112,5926,17186,74.4
5005207,2023-08-13,Paris,Designer Handbags,First-Time Buyer,Walk-in,1,3795,1119,3795,1119,2676,70.5
5001883,2023-08-13,Paris,Luxury Watches,First-Time Buyer,Walk-in,2,13814,4758,27628,9516,18112,65.6
5005655,2023-08-13,New York,Haute Fragrance,First-Time Buyer,Organic Search,1,328,70,328,70,258,78.7
5000159,2023-08-14,New York,Designer Handbags,Silver,Organic Search,1,3807,1070,3807,1070,2737,71.9
5006203,2023-08-14,Dubai,Luxury Watches,First-Time Buyer,Paid Social,1,12106,2389,12106,2389,9717,80.3
5009089,2023-08-14,Dubai,Luxury Watches,Silver,Walk-in,1,12835,2044,12835,2044,10791,84.1
5009833,2023-08-14,New York,Haute Fragrance,Silver,Paid Social,1,332,63,332,63,269,81.0
5001073,2023-08-14,Dubai,Designer Handbags,Gold,Organic Search,1,3198,838,3198,838,2360,73.8
5003112,2023-08-14,New York,Haute Fragrance,Gold,Walk-in,1,363,116,363,116,247,68.0
5006047,2023-08-14,Paris,Haute Fragrance,First-Time Buyer,Exclusive Invite,3,329,66,987,198,789,79.9
5000950,2023-08-14,New York,Luxury Watches,Silver,Paid Social,2,13266,3103,26532,6206,20326,76.6
5001453,2023-08-14,Tokyo,Luxury Watches,First-Time Buyer,Organic Search,1,14496,3294,14496,3294,11202,77.3
5001034,2023-08-14,New York,Designer Handbags,First-Time Buyer,Exclusive Invite,1,2953,654,2953,654,2299,77.9
5000699,2023-08-14,New York,Designer Handbags,Gold,Exclusive Invite,1,3749,1038,3749,1038,2711,72.3
5003708,2023-08-14,New York,Luxury Watches,Silver,Exclusive Invite,1,14310,3309,14310,3309,11001,76.9
5003768,2023-08-14,Paris,Luxury Watches,First-Time Buyer,Organic Search,1,12404,3873,12404,3873,8531,68.8
5002503,2023-08-15,Paris,Designer Handbags,First-Time Buyer,Walk-in,1,3414,1050,3414,1050,2364,69.2
5002918,2023-08-15,Paris,Designer Handbags,First-Time Buyer,Walk-in,1,3116,943,3116,943,2173,69.7
5007781,2023-08-15,New York,Designer Handbags,Silver,Organic Search,1,3643,1141,3643,1141,2502,68.7
5009702,2023-08-15,New York,Luxury Watches,Platinum (VIP),Walk-in,1,14878,2953,14878,2953,11925,80.2
5001933,2023-08-15,Milan,Luxury Watches,First-Time Buyer,Paid Social,2,13101,2680,26202,5360,20842,79.5
5001906,2023-08-15,New York,Designer Handbags,Silver,Organic Search,1,3063,778,3063,778,2285,74.6
5009901,2023-08-15,Dubai,Designer Handbags,First-Time Buyer,Organic Search,1,3625,650,3625,650,2975,82.1
5004191,2023-08-15,Paris,Luxury Watches,First-Time Buyer,Paid Social,1,12410,3462,12410,3462,8948,72.1
5006382,2023-08-15,Tokyo,Haute Fragrance,Gold,Walk-in,1,361,55,361,55,306,84.8
5006745,2023-08-15,New York,Fine Jewelry,First-Time Buyer,Walk-in,1,9747,1621,9747,1621,8126,83.4
5005175,2023-08-15,New York,Fine Jewelry,Silver,Walk-in,2,10016,3141,20032,6282,13750,68.6
5001409,2023-08-15,Tokyo,Luxury Watches,Silver,Organic Search,1,14359,4841,14359,4841,9518,66.3
5005952,2023-08-15,Dubai,Fine Jewelry,First-Time Buyer,Walk-in,1,8893,2266,8893,2266,6627,74.5
5002537,2023-08-15,New York,Designer Handbags,Gold,Walk-in,1,3402,761,3402,761,2641,77.6
5003615,2023-08-15,New York,Luxury Watches,Gold,Organic Search,1,14734,4569,14734,4569,10165,69.0
5001039,2023-08-15,Tokyo,Luxury Watches,Platinum (VIP),Walk-in,1,11607,3308,11607,3308,8299,71.5
5008592,2023-08-15,Milan,Designer Handbags,First-Time Buyer,Walk-in,1,3206,828,3206,828,2378,74.2
5006381,2023-08-15,Milan,Designer Handbags,Platinum (VIP),Walk-in,1,3185,527,3185,527,2658,83.5
5008466,2023-08-15,New York,Fine Jewelry,Silver,Paid Social,1,10002,2938,10002,2938,7064,70.6
5005741,2023-08-16,New York,Fine Jewelry,Silver,Walk-in,1,8330,2755,8330,2755,5575,66.9
5009243,2023-08-16,New York,Fine Jewelry,Silver,Organic Search,1,9963,1751,9963,1751,8212,82.4
5009414,2023-08-16,Milan,Designer Handbags,First-Time Buyer,Organic Search,1,3471,972,3471,972,2499,72.0
5009530,2023-08-16,Paris,Haute Fragrance,First-Time Buyer,Paid Social,1,320,79,320,79,241,75.3
5007822,2023-08-16,New York,Designer Handbags,Silver,Paid Social,1,3275,656,3275,656,2619,80.0
5007130,2023-08-16,Tokyo,Luxury Watches,First-Time Buyer,Exclusive Invite,1,11383,2770,11383,2770,8613,75.7
5006774,2023-08-16,Paris,Luxury Watches,Silver,Organic Search,1,14687,4943,14687,4943,9744,66.3
5004971,2023-08-16,Tokyo,Fine Jewelry,First-Time Buyer,Walk-in,1,8785,1465,8785,1465,7320,83.3
5000863,2023-08-16,New York,Haute Fragrance,First-Time Buyer,Organic Search,2,334,100,668,200,468,70.1
5001677,2023-08-16,New York,Designer Handbags,Platinum (VIP),Walk-in,1,3537,802,3537,802,2735,77.3
5009252,2023-08-16,Dubai,Designer Handbags,Silver,Walk-in,1,3837,1216,3837,1216,2621,68.3
5001722,2023-08-16,Dubai,Designer Handbags,Silver,Exclusive Invite,1,3279,790,3279,790,2489,75.9
5009093,2023-08-17,Tokyo,Designer Handbags,First-Time Buyer,Organic Search,1,3451,956,3451,956,2495,72.3
5009816,2023-08-17,New York,Fine Jewelry,Platinum (VIP),Paid Social,1,9964,2468,9964,2468,7496,75.2
5005353,2023-08-17,Paris,Designer Handbags,First-Time Buyer,Paid Social,1,2927,717,2927,717,2210,75.5
5002233,2023-08-17,Tokyo,Luxury Watches,Platinum (VIP),Walk-in,1,13473,4304,13473,4304,9169,68.1
5000821,2023-08-17,Milan,Designer Handbags,First-Time Buyer,Paid Social,1,3115,525,3115,525,2590,83.1
5001243,2023-08-17,Dubai,Designer Handbags,First-Time Buyer,Paid Social,1,3292,1069,3292,1069,2223,67.5
5008841,2023-08-17,Milan,Luxury Watches,First-Time Buyer,Walk-in,1,11628,1763,11628,1763,9865,84.8
5001608,2023-08-17,Paris,Haute Fragrance,First-Time Buyer,Organic Search,1,324,94,324,94,230,71.0
5008945,2023-08-17,Paris,Designer Handbags,Gold,Organic Search,2,2991,573,5982,1146,4836,80.8
5000194,2023-08-17,Paris,Designer Handbags,First-Time Buyer,Walk-in,1,3027,501,3027,501,2526,83.4
5005720,2023-08-17,Milan,Designer Handbags,Silver,Paid Social,1,3522,1080,3522,1080,2442,69.3
5008726,2023-08-17,Dubai,Haute Fragrance,First-Time Buyer,Paid Social,1,380,96,380,96,284,74.7
5009872,2023-08-17,New York,Luxury Watches,Silver,Paid Social,1,11915,3346,11915,3346,8569,71.9
5002049,2023-08-18,Paris,Luxury Watches,First-Time Buyer,Walk-in,1,12385,3722,12385,3722,8663,69.9
5008559,2023-08-18,Dubai,Fine Jewelry,Silver,Organic Search,1,9105,2414,9105,2414,6691,73.5
5006248,2023-08-18,Dubai,Luxury Watches,Gold,Walk-in,2,14371,3772,28742,7544,21198,73.8
5007341,2023-08-18,New York,Designer Handbags,First-Time Buyer,Walk-in,1,3063,737,3063,737,2326,75.9
5005192,2023-08-18,Milan,Luxury Watches,Platinum (VIP),Organic Search,2,13389,2528,26778,5056,21722,81.1
5000301,2023-08-18,Paris,Fine Jewelry,First-Time Buyer,Paid Social,1,9952,2507,9952,2507,7445,74.8
5008614,2023-08-18,Tokyo,Fine Jewelry,First-Time Buyer,Organic Search,1,9224,2131,9224,2131,7093,76.9
5002820,2023-08-18,Paris,Luxury Watches,Silver,Organic Search,1,11410,2136,11410,2136,9274,81.3
5004458,2023-08-18,Dubai,Luxury Watches,First-Time Buyer,Walk-in,1,14641,4715,14641,4715,9926,67.8
5008206,2023-08-18,Tokyo,Luxury Watches,Gold,Paid Social,2,12283,2979,24566,5958,18608,75.7
5003168,2023-08-18,Tokyo,Designer Handbags,Silver,Organic Search,1,3435,1122,3435,1122,2313,67.3
5008913,2023-08-18,Dubai,Luxury Watches,Gold,Walk-in,1,13118,3080,13118,3080,10038,76.5
5002050,2023-08-18,Tokyo,Designer Handbags,Silver,Walk-in,1,3763,802,3763,802,2961,78.7
5000622,2023-08-18,New York,Designer Handbags,Silver,Organic Search,1,3310,954,3310,954,2356,71.2
5005246,2023-08-18,New York,Fine Jewelry,Gold,Organic Search,1,9418,2781,9418,2781,6637,70.5
5001552,2023-08-18,Milan,Haute Fragrance,First-Time Buyer,Walk-in,1,388,130,388,130,258,66.5
5003968,2023-08-18,Milan,Luxury Watches,Gold,Paid Social,1,11450,3154,11450,3154,8296,72.5
5001349,2023-08-18,New York,Haute Fragrance,Silver,Paid Social,1,383,74,383,74,309,80.7
5005608,2023-08-18,Tokyo,Haute Fragrance,Silver,Walk-in,1,335,66,335,66,269,80.3
5005035,2023-08-18,Dubai,Fine Jewelry,Silver,Paid Social,1,7957,2753,7957,2753,5204,65.4
5004022,2023-08-18,Paris,Designer Handbags,Silver,Paid Social,1,3699,1209,3699,1209,2490,67.3
5001842,2023-08-19,Tokyo,Luxury Watches,First-Time Buyer,Organic Search,1,11286,3469,11286,3469,7817,69.3
5008244,2023-08-19,Milan,Fine Jewelry,Gold,Paid Social,1,9294,2361,9294,2361,6933,74.6
5000532,2023-08-19,Paris,Designer Handbags,First-Time Buyer,Walk-in,1,3216,1124,3216,1124,2092,65.0
5008984,2023-08-19,New York,Luxury Watches,First-Time Buyer,Walk-in,1,11519,3069,11519,3069,8450,73.4
5006227,2023-08-19,Dubai,Designer Handbags,Gold,Walk-in,1,3558,1161,3558,1161,2397,67.4
5005278,2023-08-19,New York,Luxury Watches,Silver,Walk-in,1,12238,2890,12238,2890,9348,76.4
5003406,2023-08-19,Paris,Fine Jewelry,Silver,Paid Social,1,8006,2284,8006,2284,5722,71.5
5000328,2023-08-19,Dubai,Haute Fragrance,First-Time Buyer,Paid Social,1,383,111,383,111,272,71.0
5006172,2023-08-19,Paris,Haute Fragrance,Silver,Walk-in,1,323,90,323,90,233,72.1
5000755,2023-08-19,Milan,Fine Jewelry,Silver,Paid Social,2,8434,2443,16868,4886,11982,71.0
5006582,2023-08-19,Milan,Designer Handbags,Gold,Exclusive Invite,1,3684,1271,3684,1271,2413,65.5
5007754,2023-08-19,New York,Fine Jewelry,Gold,Walk-in,1,9238,1883,9238,1883,7355,79.6
5003930,2023-08-19,Dubai,Luxury Watches,First-Time Buyer,Paid Social,1,12473,2075,12473,2075,10398,83.4
5007580,2023-08-20,Tokyo,Fine Jewelry,Silver,Paid Social,1,8792,1579,8792,1579,7213,82.0
5007314,2023-08-20,New York,Designer Handbags,First-Time Buyer,Walk-in,1,3811,622,3811,622,3189,83.7
5008281,2023-08-20,Dubai,Luxury Watches,Platinum (VIP),Organic Search,1,13367,2727,13367,2727,10640,79.6
5003941,2023-08-20,Tokyo,Luxury Watches,Platinum (VIP),Paid Social,1,12737,2201,12737,2201,10536,82.7
5006700,2023-08-20,Tokyo,Designer Handbags,Silver,Paid Social,1,3829,900,3829,900,2929,76.5
5003403,2023-08-20,Tokyo,Fine Jewelry,First-Time Buyer,Organic Search,1,10117,3164,10117,3164,6953,68.7
5000944,2023-08-20,Milan,Designer Handbags,Silver,Organic Search,1,3160,967,3160,967,2193,69.4
5002559,2023-08-20,Dubai,Luxury Watches,Silver,Paid Social,2,11527,3828,23054,7656,15398,66.8
5001646,2023-08-20,Tokyo,Designer Handbags,Silver,Walk-in,1,3661,718,3661,718,2943,80.4
5002029,2023-08-20,Tokyo,Luxury Watches,Silver,Walk-in,1,13463,3501,13463,3501,9962,74.0
5001504,2023-08-20,Paris,Fine Jewelry,Gold,Organic Search,1,10139,3415,10139,3415,6724,66.3
5006326,2023-08-20,Tokyo,Luxury Watches,Gold,Organic Search,1,12926,2812,12926,2812,10114,78.2
5003528,2023-08-21,New York,Designer Handbags,First-Time Buyer,Exclusive Invite,1,3421,763,3421,763,2658,77.7
5008968,2023-08-21,Milan,Luxury Watches,Platinum (VIP),Paid Social,3,12729,2716,38187,8148,30039,78.7
5008013,2023-08-21,Milan,Luxury Watches,Silver,Organic Search,2,14378,3373,28756,6746,22010,76.5
5003505,2023-08-21,Tokyo,Designer Handbags,First-Time Buyer,Paid Social,1,2965,651,2965,651,2314,78.0
5009595,2023-08-21,Milan,Luxury Watches,First-Time Buyer,Organic Search,1,12608,3139,12608,3139,9469,75.1
5005050,2023-08-21,New York,Designer Handbags,First-Time Buyer,Walk-in,3,3293,518,9879,1554,8325,84.3
5004207,2023-08-21,Dubai,Designer Handbags,Silver,Organic Search,1,3157,836,3157,836,2321,73.5
5006878,2023-08-21,Milan,Luxury Watches,Silver,Walk-in,1,13957,3695,13957,3695,10262,73.5
5008192,2023-08-21,Tokyo,Designer Handbags,Gold,Organic Search,1,3670,730,3670,730,2940,80.1
5002438,2023-08-21,Tokyo,Designer Handbags,Platinum (VIP),Walk-in,1,3143,607,3143,607,2536,80.7
5002533,2023-08-21,Dubai,Designer Handbags,First-Time Buyer,Paid Social,1,3470,704,3470,704,2766,79.7
5001513,2023-08-21,New York,Fine Jewelry,Gold,Paid Social,1,8016,1596,8016,1596,6420,80.1
5009014,2023-08-21,Milan,Designer Handbags,Platinum (VIP),Paid Social,1,2988,673,2988,673,2315,77.5
5006191,2023-08-21,Dubai,Luxury Watches,Silver,Organic Search,1,13101,3700,13101,3700,9401,71.8
5007357,2023-08-21,Paris,Luxury Watches,First-Time Buyer,Organic Search,1,13972,4197,13972,4197,9775,70.0
5009186,2023-08-22,New York,Fine Jewelry,First-Time Buyer,Paid Social,1,8054,1973,8054,1973,6081,75.5
5008117,2023-08-22,Milan,Designer Handbags,Platinum (VIP),Walk-in,3,3777,1107,11331,3321,8010,70.7
5004312,2023-08-22,New York,Luxury Watches,First-Time Buyer,Exclusive Invite,3,12197,3597,36591,10791,25800,70.5
5002383,2023-08-22,Tokyo,Luxury Watches,Silver,Paid Social,1,13680,2310,13680,2310,11370,83.1
5004843,2023-08-22,Milan,Luxury Watches,Platinum (VIP),Exclusive Invite,1,11886,2816,11886,2816,9070,76.3
5003314,2023-08-22,Paris,Luxury Watches,First-Time Buyer,Paid Social,1,14911,4394,14911,4394,10517,70.5
5001783,2023-08-22,New York,Haute Fragrance,Silver,Paid Social,1,386,84,386,84,302,78.2
5000992,2023-08-22,Tokyo,Fine Jewelry,First-Time Buyer,Walk-in,1,8802,1490,8802,1490,7312,83.1
5000371,2023-08-22,Paris,Luxury Watches,Gold,Walk-in,1,14834,5169,14834,5169,9665,65.2
5003540,2023-08-22,New York,Designer Handbags,Silver,Walk-in,1,3627,553,3627,553,3074,84.8
5004533,2023-08-22,New York,Fine Jewelry,First-Time Buyer,Exclusive Invite,1,8903,1909,8903,1909,6994,78.6
5008035,2023-08-22,Dubai,Haute Fragrance,First-Time Buyer,Walk-in,2,373,115,746,230,516,69.2
5007900,2023-08-22,New York,Designer Handbags,Silver,Walk-in,1,3514,1162,3514,1162,2352,66.9
5005754,2023-08-22,New York,Luxury Watches,Gold,Walk-in,1,12837,3483,12837,3483,9354,72.9
5002914,2023-08-23,Paris,Designer Handbags,First-Time Buyer,Paid Social,1,2915,728,2915,728,2187,75.0
5002499,2023-08-23,Tokyo,Luxury Watches,Platinum (VIP),Paid Social,1,12621,3991,12621,3991,8630,68.4
5001806,2023-08-23,Tokyo,Haute Fragrance,Silver,Walk-in,1,413,78,413,78,335,81.1
5008773,2023-08-23,Paris,Fine Jewelry,Silver,Paid Social,1,9019,1575,9019,1575,7444,82.5
5003696,2023-08-23,New York,Luxury Watches,First-Time Buyer,Organic Search,1,12533,2626,12533,2626,9907,79.0
5004362,2023-08-23,New York,Luxury Watches,Silver,Exclusive Invite,1,14368,4918,14368,4918,9450,65.8
5008696,2023-08-23,New York,Luxury Watches,Silver,Paid Social,1,13990,2905,13990,2905,11085,79.2
5003401,2023-08-23,Dubai,Designer Handbags,Silver,Organic Search,1,3721,1040,3721,1040,2681,72.1
5005390,2023-08-23,Milan,Fine Jewelry,Silver,Exclusive Invite,3,9004,1501,27012,4503,22509,83.3
5006342,2023-08-23,New York,Designer Handbags,First-Time Buyer,Walk-in,1,3430,1195,3430,1195,2235,65.2
5007172,2023-08-23,Paris,Designer Handbags,First-Time Buyer,Organic Search,1,2882,437,2882,437,2445,84.8
5005429,2023-08-23,Milan,Haute Fragrance,Silver,Exclusive Invite,1,372,56,372,56,316,84.9
5008282,2023-08-23,Paris,Fine Jewelry,First-Time Buyer,Exclusive Invite,1,9864,2827,9864,2827,7037,71.3
5003567,2023-08-23,Milan,Designer Handbags,Gold,Organic Search,1,3778,576,3778,576,3202,84.8
5005082,2023-08-23,Milan,Designer Handbags,First-Time Buyer,Organic Search,2,3566,943,7132,1886,5246,73.6
5002582,2023-08-23,New York,Designer Handbags,First-Time Buyer,Organic Search,1,3441,914,3441,914,2527,73.4
5009544,2023-08-23,New York,Fine Jewelry,Platinum (VIP),Organic Search,1,9521,1821,9521,1821,7700,80.9
5008919,2023-08-23,Paris,Designer Handbags,Silver,Organic Search,1,3263,1071,3263,1071,2192,67.2
5009539,2023-08-24,Tokyo,Designer Handbags,Platinum (VIP),Exclusive Invite,1,3178,736,3178,736,2442,76.8
5006429,2023-08-24,Tokyo,Luxury Watches,Platinum (VIP),Organic Search,1,12307,2858,12307,2858,9449,76.8
5002697,2023-08-24,Dubai,Designer Handbags,Silver,Organic Search,2,3628,834,7256,1668,5588,77.0
5009542,2023-08-24,Tokyo,Designer Handbags,Gold,Organic Search,1,2956,522,2956,522,2434,82.3
5009410,2023-08-24,New York,Fine Jewelry,First-Time Buyer,Organic Search,1,8753,1640,8753,1640,7113,81.3
5005039,2023-08-24,Paris,Designer Handbags,Gold,Paid Social,1,3289,503,3289,503,2786,84.7
5001791,2023-08-24,Paris,Designer Handbags,First-Time Buyer,Paid Social,1,2930,749,2930,749,2181,74.4
5007574,2023-08-24,Dubai,Luxury Watches,First-Time Buyer,Organic Search,1,11970,3217,11970,3217,8753,73.1
5001341,2023-08-24,Milan,Designer Handbags,First-Time Buyer,Organic Search,1,2918,763,2918,763,2155,73.9
5004494,2023-08-24,Milan,Luxury Watches,First-Time Buyer,Paid Social,1,11668,1989,11668,1989,9679,83.0
5008762,2023-08-24,Dubai,Fine Jewelry,Silver,Paid Social,1,10186,1539,10186,1539,8647,84.9
5006933,2023-08-24,Tokyo,Fine Jewelry,Gold,Organic Search,1,7744,1949,7744,1949,5795,74.8
5004898,2023-08-24,Paris,Designer Handbags,Silver,Paid Social,1,3772,597,3772,597,3175,84.2
5006698,2023-08-24,Tokyo,Luxury Watches,Platinum (VIP),Paid Social,1,14487,3719,14487,3719,10768,74.3
5005445,2023-08-24,Dubai,Designer Handbags,First-Time Buyer,Paid Social,2,3009,1042,6018,2084,3934,65.4
5004988,2023-08-24,Milan,Designer Handbags,Gold,Organic Search,1,3194,1038,3194,1038,2156,67.5
5001101,2023-08-25,Dubai,Luxury Watches,First-Time Buyer,Organic Search,1,13797,4063,13797,4063,9734,70.6
5008266,2023-08-25,Milan,Designer Handbags,Silver,Exclusive Invite,1,3463,807,3463,807,2656,76.7
5003622,2023-08-25,Paris,Luxury Watches,Silver,Organic Search,1,11452,3472,11452,3472,7980,69.7
5002105,2023-08-25,Paris,Designer Handbags,First-Time Buyer,Paid Social,1,3538,666,3538,666,2872,81.2
5007609,2023-08-25,Milan,Luxury Watches,Platinum (VIP),Walk-in,1,14502,3272,14502,3272,11230,77.4
5004197,2023-08-25,New York,Luxury Watches,Silver,Paid Social,1,14068,3957,14068,3957,10111,71.9
5008421,2023-08-25,Paris,Designer Handbags,Silver,Walk-in,1,3016,1031,3016,1031,1985,65.8
5001830,2023-08-25,Milan,Fine Jewelry,First-Time Buyer,Walk-in,1,9110,2125,9110,2125,6985,76.7
5002982,2023-08-25,Tokyo,Designer Handbags,Gold,Organic Search,1,3242,610,3242,610,2632,81.2
5002514,2023-08-25,New York,Fine Jewelry,Gold,Exclusive Invite,1,8813,1860,8813,1860,6953,78.9
5000682,2023-08-25,Tokyo,Designer Handbags,Silver,Organic Search,1,3698,1167,3698,1167,2531,68.4
5007964,2023-08-26,Tokyo,Designer Handbags,Gold,Walk-in,1,3741,561,3741,561,3180,85.0
5005681,2023-08-26,New York,Designer Handbags,First-Time Buyer,Walk-in,1,3326,1004,3326,1004,2322,69.8
5007682,2023-08-26,Tokyo,Designer Handbags,Silver,Paid Social,1,3309,1031,3309,1031,2278,68.8
5003808,2023-08-26,New York,Luxury Watches,Platinum (VIP),Organic Search,1,12710,2234,12710,2234,10476,82.4
5005625,2023-08-26,New York,Designer Handbags,Silver,Organic Search,1,3710,1034,3710,1034,2676,72.1
5007269,2023-08-26,Paris,Fine Jewelry,First-Time Buyer,Organic Search,2,8565,2071,17130,4142,12988,75.8
5003807,2023-08-26,Tokyo,Luxury Watches,Silver,Exclusive Invite,1,12334,2415,12334,2415,9919,80.4
5002549,2023-08-26,Dubai,Luxury Watches,Silver,Organic Search,1,12659,2074,12659,2074,10585,83.6
5007067,2023-08-26,New York,Luxury Watches,Silver,Paid Social,1,14611,4168,14611,4168,10443,71.5
5003303,2023-08-26,Dubai,Luxury Watches,First-Time Buyer,Exclusive Invite,1,14562,4949,14562,4949,9613,66.0
5008732,2023-08-26,Tokyo,Luxury Watches,Silver,Walk-in,1,13095,3603,13095,3603,9492,72.5
5009855,2023-08-26,Milan,Luxury Watches,Silver,Organic Search,1,14052,4662,14052,4662,9390,66.8
5006724,2023-08-26,Paris,Designer Handbags,Platinum (VIP),Organic Search,1,3384,867,3384,867,2517,74.4
5009653,2023-08-26,New York,Haute Fragrance,Silver,Walk-in,1,401,105,401,105,296,73.8
5002379,2023-08-27,New York,Haute Fragrance,Platinum (VIP),Paid Social,1,411,67,411,67,344,83.7
5003296,2023-08-27,New York,Designer Handbags,Silver,Walk-in,1,3405,1062,3405,1062,2343,68.8
5008178,2023-08-27,Milan,Luxury Watches,First-Time Buyer,Paid Social,1,12492,2395,12492,2395,10097,80.8
5001226,2023-08-27,New York,Designer Handbags,First-Time Buyer,Organic Search,1,3152,617,3152,617,2535,80.4
5008679,2023-08-27,Dubai,Designer Handbags,First-Time Buyer,Paid Social,1,3652,712,3652,712,2940,80.5
5007484,2023-08-27,Milan,Luxury Watches,First-Time Buyer,Paid Social,1,14924,2300,14924,2300,12624,84.6
5008634,2023-08-27,Dubai,Luxury Watches,Silver,Paid Social,1,12737,1946,12737,1946,10791,84.7
5004001,2023-08-27,Dubai,Luxury Watches,Gold,Exclusive Invite,1,14150,2693,14150,2693,11457,81.0
5004487,2023-08-27,Paris,Luxury Watches,First-Time Buyer,Organic Search,2,13120,4255,26240,8510,17730,67.6
5007333,2023-08-27,Paris,Fine Jewelry,Platinum (VIP),Organic Search,1,7965,2267,7965,2267,5698,71.5
5001629,2023-08-27,Paris,Luxury Watches,Gold,Paid Social,2,13012,3108,26024,6216,19808,76.1
5007030,2023-08-27,New York,Fine Jewelry,Gold,Organic Search,1,9682,2372,9682,2372,7310,75.5
5000462,2023-08-27,New York,Designer Handbags,First-Time Buyer,Organic Search,1,3095,624,3095,624,2471,79.8
5002896,2023-08-27,Dubai,Designer Handbags,First-Time Buyer,Organic Search,1,3645,558,3645,558,3087,84.7
5001832,2023-08-27,Tokyo,Luxury Watches,Gold,Organic Search,1,12003,3242,12003,3242,8761,73.0
5007957,2023-08-27,New York,Fine Jewelry,First-Time Buyer,Paid Social,1,7944,1244,7944,1244,6700,84.3
5004841,2023-08-27,Tokyo,Luxury Watches,Gold,Paid Social,1,12055,3362,12055,3362,8693,72.1
5003562,2023-08-27,Tokyo,Luxury Watches,First-Time Buyer,Paid Social,1,14605,3258,14605,3258,11347,77.7
5004293,2023-08-28,Milan,Luxury Watches,Platinum (VIP),Organic Search,2,12014,2752,24028,5504,18524,77.1
5003799,2023-08-28,Paris,Designer Handbags,First-Time Buyer,Organic Search,1,2886,532,2886,532,2354,81.6
5005003,2023-08-28,New York,Designer Handbags,Silver,Exclusive Invite,1,3638,1185,3638,1185,2453,67.4
5000903,2023-08-28,Dubai,Luxury Watches,Platinum (VIP),Walk-in,1,12089,4167,12089,4167,7922,65.5
5005761,2023-08-28,New York,Designer Handbags,Platinum (VIP),Exclusive Invite,1,2911,819,2911,819,2092,71.9
5000788,2023-08-28,Paris,Designer Handbags,Silver,Walk-in,1,2950,788,2950,788,2162,73.3
5003370,2023-08-28,Paris,Designer Handbags,First-Time Buyer,Walk-in,1,3629,1176,3629,1176,2453,67.6
5005105,2023-08-28,Milan,Fine Jewelry,Silver,Paid Social,1,10003,1812,10003,1812,8191,81.9
5006029,2023-08-28,Tokyo,Designer Handbags,First-Time Buyer,Walk-in,2,3833,1301,7666,2602,5064,66.1
5005905,2023-08-28,Dubai,Fine Jewelry,First-Time Buyer,Paid Social,1,8628,1548,8628,1548,7080,82.1
5009060,2023-08-28,Paris,Fine Jewelry,Platinum (VIP),Walk-in,1,8094,2454,8094,2454,5640,69.7
5008766,2023-08-29,Dubai,Designer Handbags,Gold,Walk-in,1,3360,510,3360,510,2850,84.8
5005201,2023-08-29,Tokyo,Designer Handbags,Gold,Organic Search,1,3508,1190,3508,1190,2318,66.1
5003526,2023-08-29,New York,Haute Fragrance,First-Time Buyer,Paid Social,1,397,134,397,134,263,66.2
5002943,2023-08-29,New York,Designer Handbags,Gold,Paid Social,1,3451,547,3451,547,2904,84.1
5009639,2023-08-29,Milan,Luxury Watches,First-Time Buyer,Organic Search,1,11957,3205,11957,3205,8752,73.2
5008910,2023-08-29,New York,Luxury Watches,Silver,Organic Search,1,13570,3961,13570,3961,9609,70.8
5009375,2023-08-29,New York,Luxury Watches,Gold,Organic Search,1,12510,3144,12510,3144,9366,74.9
5006591,2023-08-29,New York,Luxury Watches,Gold,Organic Search,1,13329,2154,13329,2154,11175,83.8
5008524,2023-08-29,Tokyo,Luxury Watches,Silver,Walk-in,1,13200,2119,13200,2119,11081,83.9
5007838,2023-08-29,Tokyo,Luxury Watches,First-Time Buyer,Paid Social,1,14598,4517,14598,4517,10081,69.1
5009457,2023-08-29,Milan,Haute Fragrance,Silver,Walk-in,1,416,78,416,78,338,81.2
5002994,2023-08-30,New York,Luxury Watches,Silver,Organic Search,1,12453,3299,12453,3299,9154,73.5
5005996,2023-08-30,Milan,Fine Jewelry,First-Time Buyer,Walk-in,1,8669,2390,8669,2390,6279,72.4
5002901,2023-08-30,Dubai,Haute Fragrance,Platinum (VIP),Paid Social,1,346,58,346,58,288,83.2
5008963,2023-08-30,Milan,Designer Handbags,First-Time Buyer,Walk-in,1,3793,886,3793,886,2907,76.6
5005142,2023-08-30,Paris,Designer Handbags,Silver,Paid Social,1,2968,622,2968,622,2346,79.0
5007301,2023-08-30,Milan,Luxury Watches,Silver,Walk-in,1,14316,3604,14316,3604,10712,74.8
5007663,2023-08-30,Paris,Luxury Watches,Gold,Organic Search,1,14111,2567,14111,2567,11544,81.8
5006938,2023-08-30,Dubai,Designer Handbags,Platinum (VIP),Exclusive Invite,3,3341,1124,10023,3372,6651,66.4
5009239,2023-08-30,Paris,Designer Handbags,Silver,Organic Search,1,3516,837,3516,837,2679,76.2
5009398,2023-08-30,New York,Fine Jewelry,First-Time Buyer,Exclusive Invite,1,9796,3030,9796,3030,6766,69.1
5008894,2023-08-30,Dubai,Designer Handbags,First-Time Buyer,Walk-in,2,3746,990,7492,1980,5512,73.6
5006941,2023-08-30,Milan,Luxury Watches,Gold,Paid Social,1,14103,3230,14103,3230,10873,77.1
5009222,2023-08-30,Milan,Designer Handbags,Platinum (VIP),Organic Search,1,3669,1263,3669,1263,2406,65.6
5000672,2023-08-30,Tokyo,Designer Handbags,Gold,Organic Search,2,3734,1281,7468,2562,4906,65.7
5003323,2023-08-30,Paris,Designer Handbags,First-Time Buyer,Exclusive Invite,1,3057,622,3057,622,2435,79.7
5005634,2023-08-30,Paris,Designer Handbags,First-Time Buyer,Organic Search,2,3819,1176,7638,2352,5286,69.2
5009593,2023-08-31,New York,Luxury Watches,Silver,Exclusive Invite,1,12505,4068,12505,4068,8437,67.5
5008871,2023-08-31,New York,Fine Jewelry,Silver,Organic Search,1,8967,2481,8967,2481,6486,72.3
5008946,2023-08-31,Tokyo,Haute Fragrance,First-Time Buyer,Exclusive Invite,1,419,99,419,99,320,76.4
5002718,2023-08-31,Milan,Haute Fragrance,Gold,Organic Search,1,350,56,350,56,294,84.0
5007111,2023-08-31,Tokyo,Designer Handbags,Platinum (VIP),Organic Search,1,3247,1036,3247,1036,2211,68.1
5008443,2023-08-31,New York,Haute Fragrance,Silver,Paid Social,2,380,106,760,212,548,72.1
5001589,2023-08-31,Paris,Haute Fragrance,First-Time Buyer,Walk-in,1,388,62,388,62,326,84.0
5005579,2023-08-31,Paris,Designer Handbags,Silver,Paid Social,1,3462,911,3462,911,2551,73.7
5003037,2023-08-31,Tokyo,Designer Handbags,First-Time Buyer,Walk-in,1,3130,682,3130,682,2448,78.2
5006560,2023-08-31,Dubai,Luxury Watches,Silver,Walk-in,1,14578,2712,14578,2712,11866,81.4
5001168,2023-08-31,Milan,Designer Handbags,First-Time Buyer,Walk-in,1,3070,661,3070,661,2409,78.5
5008430,2023-09-01,New York,Fine Jewelry,First-Time Buyer,Paid Social,1,10156,1974,10156,1974,8182,80.6
5005493,2023-09-01,New York,Fine Jewelry,Gold,Organic Search,1,8121,2670,8121,2670,5451,67.1
5003860,2023-09-01,Paris,Designer Handbags,First-Time Buyer,Walk-in,1,3346,509,3346,509,2837,84.8
5007708,2023-09-01,Milan,Fine Jewelry,First-Time Buyer,Paid Social,1,9559,3095,9559,3095,6464,67.6
5005758,2023-09-01,Paris,Luxury Watches,Gold,Organic Search,1,11884,3989,11884,3989,7895,66.4
5006554,2023-09-01,Milan,Designer Handbags,First-Time Buyer,Exclusive Invite,1,2953,656,2953,656,2297,77.8
5006024,2023-09-01,Milan,Fine Jewelry,First-Time Buyer,Exclusive Invite,1,9999,2721,9999,2721,7278,72.8
5002855,2023-09-01,Tokyo,Designer Handbags,Silver,Paid Social,1,3421,664,3421,664,2757,80.6
5002051,2023-09-01,New York,Luxury Watches,First-Time Buyer,Paid Social,1,12059,2106,12059,2106,9953,82.5
5002079,2023-09-01,Tokyo,Luxury Watches,Silver,Paid Social,1,14526,4339,14526,4339,10187,70.1
5004174,2023-09-02,New York,Fine Jewelry,First-Time Buyer,Walk-in,3,7969,2134,23907,6402,17505,73.2
5008911,2023-09-02,Milan,Luxury Watches,Platinum (VIP),Organic Search,2,13434,4348,26868,8696,18172,67.6
5006385,2023-09-02,Milan,Designer Handbags,Silver,Walk-in,1,3106,599,3106,599,2507,80.7
5001369,2023-09-02,Paris,Designer Handbags,First-Time Buyer,Organic Search,1,3201,614,3201,614,2587,80.8
5005769,2023-09-02,Paris,Designer Handbags,First-Time Buyer,Organic Search,1,3287,520,3287,520,2767,84.2
5004238,2023-09-02,New York,Luxury Watches,Silver,Paid Social,1,13699,3990,13699,3990,9709,70.9
5008519,2023-09-02,Milan,Designer Handbags,Silver,Paid Social,1,3823,583,3823,583,3240,84.8
5006257,2023-09-02,Tokyo,Designer Handbags,Platinum (VIP),Walk-in,1,3575,850,3575,850,2725,76.2
5005569,2023-09-03,New York,Designer Handbags,Silver,Walk-in,1,3238,634,3238,634,2604,80.4
5009559,2023-09-03,Dubai,Fine Jewelry,First-Time Buyer,Exclusive Invite,2,7815,2636,15630,5272,10358,66.3
5004446,2023-09-03,Paris,Designer Handbags,Silver,Organic Search,1,3405,1076,3405,1076,2329,68.4
5006834,2023-09-03,Tokyo,Luxury Watches,Gold,Exclusive Invite,1,13172,2613,13172,2613,10559,80.2
5008341,2023-09-03,Paris,Haute Fragrance,First-Time Buyer,Organic Search,1,379,88,379,88,291,76.8
5007091,2023-09-03,Paris,Designer Handbags,Gold,Exclusive Invite,1,3164,1040,3164,1040,2124,67.1
5009004,2023-09-03,Paris,Designer Handbags,First-Time Buyer,Organic Search,1,3799,579,3799,579,3220,84.8
5004640,2023-09-03,Tokyo,Fine Jewelry,Silver,Exclusive Invite,1,8936,2836,8936,2836,6100,68.3
5005868,2023-09-03,Paris,Designer Handbags,Platinum (VIP),Organic Search,1,2952,764,2952,764,2188,74.1
5001614,2023-09-03,New York,Haute Fragrance,First-Time Buyer,Organic Search,1,379,121,379,121,258,68.1
5000475,2023-09-03,Milan,Haute Fragrance,First-Time Buyer,Walk-in,1,354,78,354,78,276,78.0
5002528,2023-09-03,New York,Designer Handbags,First-Time Buyer,Exclusive Invite,1,3659,846,3659,846,2813,76.9
5006899,2023-09-03,New York,Designer Handbags,Silver,Organic Search,1,3570,1046,3570,1046,2524,70.7
5005973,2023-09-03,Paris,Luxury Watches,First-Time Buyer,Organic Search,1,13336,4289,13336,4289,9047,67.8
5001270,2023-09-04,Tokyo,Fine Jewelry,First-Time Buyer,Paid Social,1,8296,2573,8296,2573,5723,69.0
5008060,2023-09-04,Milan,Fine Jewelry,Silver,Paid Social,1,10065,3181,10065,3181,6884,68.4
5007271,2023-09-04,New York,Luxury Watches,Silver,Walk-in,2,11916,1981,23832,3962,19870,83.4
5001585,2023-09-04,Paris,Designer Handbags,First-Time Buyer,Organic Search,1,3654,614,3654,614,3040,83.2
5006775,2023-09-04,Paris,Fine Jewelry,First-Time Buyer,Paid Social,1,9253,1664,9253,1664,7589,82.0
5007897,2023-09-04,New York,Designer Handbags,Silver,Organic Search,1,3460,844,3460,844,2616,75.6
5003623,2023-09-04,Paris,Fine Jewelry,Gold,Organic Search,1,9677,1984,9677,1984,7693,79.5
5004430,2023-09-04,Tokyo,Luxury Watches,First-Time Buyer,Paid Social,1,14930,2902,14930,2902,12028,80.6
5003400,2023-09-04,New York,Designer Handbags,First-Time Buyer,Organic Search,1,3648,766,3648,766,2882,79.0
5003399,2023-09-04,Paris,Designer Handbags,First-Time Buyer,Exclusive Invite,3,3046,728,9138,2184,6954,76.1
5003653,2023-09-04,Paris,Luxury Watches,Gold,Organic Search,1,14521,4835,14521,4835,9686,66.7
5003926,2023-09-04,Tokyo,Fine Jewelry,Silver,Walk-in,1,8797,1692,8797,1692,7105,80.8
5005434,2023-09-04,Paris,Luxury Watches,First-Time Buyer,Walk-in,2,14878,3171,29756,6342,23414,78.7
5000979,2023-09-04,New York,Luxury Watches,Silver,Exclusive Invite,2,14601,3409,29202,6818,22384,76.7
5002657,2023-09-04,Paris,Haute Fragrance,First-Time Buyer,Organic Search,1,374,106,374,106,268,71.7
5002693,2023-09-04,Dubai,Luxury Watches,Platinum (VIP),Organic Search,1,13960,3880,13960,3880,10080,72.2
5004804,2023-09-04,Dubai,Haute Fragrance,Silver,Walk-in,1,363,75,363,75,288,79.3
5001788,2023-09-04,Milan,Designer Handbags,Silver,Paid Social,1,3491,918,3491,918,2573,73.7
5007452,2023-09-04,New York,Luxury Watches,First-Time Buyer,Organic Search,1,13150,3199,13150,3199,9951,75.7
5005717,2023-09-04,New York,Luxury Watches,First-Time Buyer,Organic Search,1,11597,1875,11597,1875,9722,83.8
5008036,2023-09-05,New York,Haute Fragrance,Gold,Paid Social,1,410,82,410,82,328,80.0
5001448,2023-09-05,Tokyo,Fine Jewelry,First-Time Buyer,Paid Social,1,9772,3336,9772,3336,6436,65.9
5002084,2023-09-05,Dubai,Designer Handbags,Platinum (VIP),Organic Search,2,3785,1319,7570,2638,4932,65.2
5007163,2023-09-05,Tokyo,Fine Jewelry,First-Time Buyer,Paid Social,1,9190,1639,9190,1639,7551,82.2
5009711,2023-09-05,Paris,Luxury Watches,Gold,Exclusive Invite,1,11614,3485,11614,3485,8129,70.0
5007628,2023-09-05,Milan,Luxury Watches,First-Time Buyer,Paid Social,1,14087,4881,14087,4881,9206,65.4
5006344,2023-09-05,Paris,Designer Handbags,First-Time Buyer,Paid Social,3,3499,1197,10497,3591,6906,65.8
5001047,2023-09-05,New York,Designer Handbags,Silver,Paid Social,1,2892,524,2892,524,2368,81.9
5001063,2023-09-05,Dubai,Designer Handbags,Silver,Organic Search,2,3537,1090,7074,2180,4894,69.2
5002816,2023-09-05,Tokyo,Fine Jewelry,First-Time Buyer,Walk-in,1,8701,1983,8701,1983,6718,77.2
5007284,2023-09-05,New York,Haute Fragrance,Gold,Paid Social,1,321,71,321,71,250,77.9
5002134,2023-09-05,New York,Luxury Watches,First-Time Buyer,Exclusive Invite,2,12289,3763,24578,7526,17052,69.4
5006739,2023-09-05,Paris,Fine Jewelry,First-Time Buyer,Walk-in,1,9656,2830,9656,2830,6826,70.7
5002958,2023-09-05,Dubai,Designer Handbags,First-Time Buyer,Organic Search,1,3421,1136,3421,1136,2285,66.8
5007359,2023-09-05,New York,Fine Jewelry,Silver,Paid Social,1,8218,2072,8218,2072,6146,74.8
5000646,2023-09-06,Dubai,Designer Handbags,Silver,Organic Search,1,3484,984,3484,984,2500,71.8
5004758,2023-09-06,New York,Designer Handbags,Platinum (VIP),Organic Search,1,3821,1305,3821,1305,2516,65.8
5006263,2023-09-06,Dubai,Designer Handbags,Silver,Organic Search,2,3794,830,7588,1660,5928,78.1
5000180,2023-09-06,Tokyo,Luxury Watches,First-Time Buyer,Walk-in,1,14747,2630,14747,2630,12117,82.2
5002392,2023-09-06,Milan,Luxury Watches,First-Time Buyer,Organic Search,1,13299,3363,13299,3363,9936,74.7
5002535,2023-09-06,New York,Designer Handbags,First-Time Buyer,Paid Social,1,3521,866,3521,866,2655,75.4
5005045,2023-09-06,Paris,Luxury Watches,Silver,Walk-in,3,12007,3116,36021,9348,26673,74.0
5007861,2023-09-06,Paris,Fine Jewelry,Gold,Walk-in,1,9991,1612,9991,1612,8379,83.9
5006660,2023-09-06,New York,Designer Handbags,Silver,Paid Social,1,3607,1149,3607,1149,2458,68.1
5007335,2023-09-06,Milan,Haute Fragrance,Gold,Paid Social,1,402,135,402,135,267,66.4
5000378,2023-09-06,New York,Haute Fragrance,Silver,Walk-in,1,356,113,356,113,243,68.3
5005125,2023-09-06,Dubai,Haute Fragrance,Platinum (VIP),Walk-in,1,398,102,398,102,296,74.4
5000727,2023-09-07,Dubai,Designer Handbags,Silver,Organic Search,2,3311,1021,6622,2042,4580,69.2
5009696,2023-09-07,Paris,Designer Handbags,Platinum (VIP),Walk-in,1,3792,1017,3792,1017,2775,73.2
5006907,2023-09-07,Dubai,Designer Handbags,Gold,Paid Social,1,3051,520,3051,520,2531,83.0
5007267,2023-09-07,Paris,Haute Fragrance,First-Time Buyer,Exclusive Invite,3,332,110,996,330,666,66.9
5008706,2023-09-07,New York,Designer Handbags,Silver,Walk-in,1,3755,801,3755,801,2954,78.7
5000703,2023-09-07,New York,Luxury Watches,Silver,Organic Search,1,13065,4297,13065,4297,8768,67.1
5005912,2023-09-07,Paris,Designer Handbags,Silver,Organic Search,2,3213,518,6426,1036,5390,83.9
5006564,2023-09-07,Tokyo,Luxury Watches,Silver,Organic Search,1,14027,3550,14027,3550,10477,74.7
5009862,2023-09-07,Paris,Luxury Watches,Silver,Walk-in,1,13246,3964,13246,3964,9282,70.1
5003490,2023-09-07,Dubai,Haute Fragrance,Silver,Walk-in,1,321,95,321,95,226,70.4
5002237,2023-09-07,Paris,Luxury Watches,First-Time Buyer,Paid Social,1,11641,3032,11641,3032,8609,74.0
5008328,2023-09-07,New York,Haute Fragrance,Gold,Walk-in,1,321,64,321,64,257,80.1
5000515,2023-09-07,Paris,Designer Handbags,First-Time Buyer,Paid Social,1,3275,615,3275,615,2660,81.2
5004952,2023-09-07,Paris,Luxury Watches,First-Time Buyer,Paid Social,1,14363,2726,14363,2726,11637,81.0
5005279,2023-09-07,Tokyo,Designer Handbags,First-Time Buyer,Paid Social,1,3793,1101,3793,1101,2692,71.0
5005555,2023-09-07,Paris,Designer Handbags,Silver,Paid Social,1,3447,961,3447,961,2486,72.1
5004083,2023-09-07,Paris,Designer Handbags,Platinum (VIP),Organic Search,1,3658,1237,3658,1237,2421,66.2
5009104,2023-09-07,Milan,Luxury Watches,First-Time Buyer,Walk-in,1,14123,4237,14123,4237,9886,70.0
5006173,2023-09-07,Paris,Luxury Watches,First-Time Buyer,Organic Search,1,12419,1919,12419,1919,10500,84.5
5004098,2023-09-07,Paris,Designer Handbags,First-Time Buyer,Organic Search,1,3410,985,3410,985,2425,71.1
5005157,2023-09-08,New York,Luxury Watches,First-Time Buyer,Organic Search,3,12397,4066,37191,12198,24993,67.2
5009511,2023-09-08,Paris,Haute Fragrance,Gold,Exclusive Invite,1,352,57,352,57,295,83.8
5009415,2023-09-08,New York,Fine Jewelry,First-Time Buyer,Walk-in,1,8417,2418,8417,2418,5999,71.3
5000281,2023-09-08,New York,Luxury Watches,Gold,Organic Search,1,14980,2460,14980,2460,12520,83.6
5003261,2023-09-08,Paris,Luxury Watches,Silver,Walk-in,1,11987,3813,11987,3813,8174,68.2
5001820,2023-09-08,New York,Haute Fragrance,First-Time Buyer,Exclusive Invite,2,419,95,838,190,648,77.3
5001253,2023-09-08,New York,Fine Jewelry,First-Time Buyer,Walk-in,3,7851,1800,23553,5400,18153,77.1
5003524,2023-09-08,Paris,Luxury Watches,Gold,Walk-in,1,11381,3082,11381,3082,8299,72.9
5009959,2023-09-08,Dubai,Designer Handbags,Silver,Walk-in,1,3537,1141,3537,1141,2396,67.7
5007753,2023-09-08,Paris,Designer Handbags,Silver,Exclusive Invite,1,3167,935,3167,935,2232,70.5
5006895,2023-09-08,Dubai,Fine Jewelry,First-Time Buyer,Walk-in,1,9693,2208,9693,2208,7485,77.2
5004345,2023-09-08,New York,Fine Jewelry,Platinum (VIP),Organic Search,1,8768,1689,8768,1689,7079,80.7
5000995,2023-09-08,Paris,Haute Fragrance,Silver,Paid Social,2,343,118,686,236,450,65.6
5000017,2023-09-09,Dubai,Designer Handbags,First-Time Buyer,Exclusive Invite,1,3336,500,3336,500,2836,85.0
5006998,2023-09-09,Paris,Designer Handbags,First-Time Buyer,Organic Search,1,3358,1059,3358,1059,2299,68.5
5000558,2023-09-09,New York,Designer Handbags,First-Time Buyer,Exclusive Invite,3,3725,571,11175,1713,9462,84.7
5002955,2023-09-09,Tokyo,Designer Handbags,First-Time Buyer,Organic Search,1,3425,528,3425,528,2897,84.6
5002979,2023-09-09,Tokyo,Haute Fragrance,Platinum (VIP),Organic Search,1,315,109,315,109,206,65.4
5003999,2023-09-09,Tokyo,Fine Jewelry,First-Time Buyer,Organic Search,2,8555,1968,17110,3936,13174,77.0
5003563,2023-09-09,New York,Designer Handbags,Silver,Walk-in,1,3451,1020,3451,1020,2431,70.4
5001983,2023-09-09,Paris,Haute Fragrance,Gold,Walk-in,1,320,109,320,109,211,65.9
5005596,2023-09-09,Tokyo,Fine Jewelry,First-Time Buyer,Organic Search,1,9167,2352,9167,2352,6815,74.3
5003677,2023-09-09,Dubai,Luxury Watches,Silver,Walk-in,2,11474,3147,22948,6294,16654,72.6
5005602,2023-09-09,Paris,Designer Handbags,Gold,Walk-in,1,2921,828,2921,828,2093,71.7
5003826,2023-09-09,New York,Haute Fragrance,Gold,Walk-in,1,386,74,386,74,312,80.8
5005892,2023-09-09,Dubai,Haute Fragrance,First-Time Buyer,Exclusive Invite,1,385,74,385,74,311,80.8
5006751,2023-09-09,New York,Haute Fragrance,First-Time Buyer,Paid Social,1,380,126,380,126,254,66.8
5008289,2023-09-09,Dubai,Luxury Watches,Silver,Paid Social,1,13019,3237,13019,3237,9782,75.1
5008037,2023-09-09,New York,Designer Handbags,First-Time Buyer,Exclusive Invite,1,3217,701,3217,701,2516,78.2
5006832,2023-09-09,Paris,Designer Handbags,Platinum (VIP),Organic Search,1,3126,588,3126,588,2538,81.2
5004198,2023-09-09,Tokyo,Luxury Watches,First-Time Buyer,Walk-in,1,11286,1955,11286,1955,9331,82.7
5003175,2023-09-09,Milan,Haute Fragrance,Silver,Paid Social,1,337,69,337,69,268,79.5
5004924,2023-09-09,Tokyo,Haute Fragrance,Platinum (VIP),Walk-in,1,392,101,392,101,291,74.2
5003108,2023-09-10,Paris,Luxury Watches,First-Time Buyer,Paid Social,1,14307,3900,14307,3900,10407,72.7
5008530,2023-09-10,Paris,Designer Handbags,First-Time Buyer,Organic Search,1,3275,866,3275,866,2409,73.6
5002195,2023-09-10,Dubai,Designer Handbags,First-Time Buyer,Organic Search,1,3504,1162,3504,1162,2342,66.8
5000317,2023-09-10,Paris,Luxury Watches,First-Time Buyer,Organic Search,1,12807,2863,12807,2863,9944,77.6
5005703,2023-09-10,Tokyo,Luxury Watches,Silver,Walk-in,1,11838,3285,11838,3285,8553,72.3
5007392,2023-09-10,Paris,Designer Handbags,Silver,Walk-in,1,3737,771,3737,771,2966,79.4
5008690,2023-09-10,Tokyo,Haute Fragrance,Gold,Paid Social,2,339,111,678,222,456,67.3
5002025,2023-09-10,New York,Haute Fragrance,First-Time Buyer,Walk-in,1,415,130,415,130,285,68.7
5008810,2023-09-10,Dubai,Designer Handbags,Gold,Organic Search,1,3236,755,3236,755,2481,76.7
5000081,2023-09-10,Tokyo,Luxury Watches,Gold,Exclusive Invite,3,12404,2647,37212,7941,29271,78.7
5002974,2023-09-10,Dubai,Haute Fragrance,Silver,Organic Search,1,416,86,416,86,330,79.3
5000783,2023-09-10,New York,Haute Fragrance,First-Time Buyer,Organic Search,1,347,102,347,102,245,70.6
5002821,2023-09-10,Paris,Designer Handbags,Gold,Walk-in,1,3646,889,3646,889,2757,75.6
5009300,2023-09-10,Milan,Designer Handbags,First-Time Buyer,Paid Social,1,3295,829,3295,829,2466,74.8
5002893,2023-09-11,Milan,Fine Jewelry,Silver,Walk-in,1,8934,1969,8934,1969,6965,78.0
5002154,2023-09-11,New York,Luxury Watches,Silver,Walk-in,1,14724,4400,14724,4400,10324,70.1
5007735,2023-09-11,Dubai,Fine Jewelry,Platinum (VIP),Walk-in,1,8134,2575,8134,2575,5559,68.3
5005346,2023-09-11,Tokyo,Fine Jewelry,First-Time Buyer,Walk-in,1,9825,3158,9825,3158,6667,67.9
5007759,2023-09-11,Paris,Designer Handbags,Silver,Walk-in,1,3104,586,3104,586,2518,81.1
5006932,2023-09-11,Paris,Designer Handbags,First-Time Buyer,Paid Social,1,3659,602,3659,602,3057,83.5
5000732,2023-09-11,Paris,Haute Fragrance,Silver,Paid Social,1,317,92,317,92,225,71.0
5000631,2023-09-11,New York,Luxury Watches,Silver,Organic Search,1,12929,4510,12929,4510,8419,65.1
5000533,2023-09-11,New York,Fine Jewelry,First-Time Buyer,Walk-in,2,9262,2622,18524,5244,13280,71.7
5006208,2023-09-11,New York,Designer Handbags,Gold,Exclusive Invite,1,3063,910,3063,910,2153,70.3
5009158,2023-09-11,New York,Luxury Watches,Silver,Walk-in,1,11874,2031,11874,2031,9843,82.9
5002471,2023-09-11,New York,Designer Handbags,First-Time Buyer,Organic Search,1,2895,595,2895,595,2300,79.4
5005707,2023-09-11,New York,Designer Handbags,Platinum (VIP),Organic Search,1,3549,932,3549,932,2617,73.7
5001948,2023-09-11,Dubai,Designer Handbags,Platinum (VIP),Walk-in,1,3804,1108,3804,1108,2696,70.9
5003718,2023-09-11,Milan,Designer Handbags,First-Time Buyer,Walk-in,1,3682,919,3682,919,2763,75.0
5009772,2023-09-11,New York,Fine Jewelry,First-Time Buyer,Organic Search,1,7741,1395,7741,1395,6346,82.0
5002732,2023-09-11,Tokyo,Luxury Watches,Silver,Paid Social,1,13053,3692,13053,3692,9361,71.7
5000154,2023-09-12,Tokyo,Designer Handbags,First-Time Buyer,Organic Search,2,3536,638,7072,1276,5796,82.0
5006057,2023-09-12,Milan,Fine Jewelry,Silver,Organic Search,1,8408,1995,8408,1995,6413,76.3
5007782,2023-09-12,Tokyo,Fine Jewelry,First-Time Buyer,Paid Social,1,9670,3069,9670,3069,6601,68.3
5008171,2023-09-12,Dubai,Luxury Watches,First-Time Buyer,Paid Social,1,14290,4308,14290,4308,9982,69.9
5003549,2023-09-12,Tokyo,Designer Handbags,Silver,Walk-in,1,3641,943,3641,943,2698,74.1
5008405,2023-09-12,Tokyo,Luxury Watches,First-Time Buyer,Walk-in,1,14060,3204,14060,3204,10856,77.2
5008520,2023-09-12,New York,Luxury Watches,Silver,Paid Social,1,14462,4866,14462,4866,9596,66.4
5005190,2023-09-12,New York,Designer Handbags,Silver,Exclusive Invite,1,3153,542,3153,542,2611,82.8
5005126,2023-09-12,Dubai,Designer Handbags,First-Time Buyer,Organic Search,1,3190,942,3190,942,2248,70.5
5001417,2023-09-12,Paris,Luxury Watches,Silver,Organic Search,1,13127,2068,13127,2068,11059,84.2
5005270,2023-09-12,Tokyo,Luxury Watches,First-Time Buyer,Walk-in,1,14305,3376,14305,3376,10929,76.4
5009232,2023-09-12,Paris,Designer Handbags,Gold,Organic Search,1,3747,595,3747,595,3152,84.1
5007856,2023-09-12,Tokyo,Fine Jewelry,Gold,Organic Search,1,8748,2899,8748,2899,5849,66.9
5002658,2023-09-12,Milan,Luxury Watches,First-Time Buyer,Paid Social,3,13573,2113,40719,6339,34380,84.4
5001353,2023-09-12,Paris,Luxury Watches,Platinum (VIP),Walk-in,3,12442,2148,37326,6444,30882,82.7
5006556,2023-09-12,Milan,Haute Fragrance,Silver,Organic Search,1,413,70,413,70,343,83.1
5004996,2023-09-13,Milan,Luxury Watches,Silver,Walk-in,2,12182,4126,24364,8252,16112,66.1
5004411,2023-09-13,Paris,Fine Jewelry,Platinum (VIP),Walk-in,1,8538,1760,8538,1760,6778,79.4
5005362,2023-09-13,New York,Haute Fragrance,Gold,Organic Search,1,392,128,392,128,264,67.3
5008351,2023-09-13,Tokyo,Designer Handbags,First-Time Buyer,Organic Search,1,3430,1091,3430,1091,2339,68.2
5008467,2023-09-13,Milan,Fine Jewelry,Platinum (VIP),Organic Search,1,8388,2853,8388,2853,5535,66.0
5000818,2023-09-13,Tokyo,Luxury Watches,First-Time Buyer,Walk-in,1,14691,2367,14691,2367,12324,83.9
5000875,2023-09-13,Milan,Fine Jewelry,First-Time Buyer,Walk-in,3,9500,3266,28500,9798,18702,65.6
5006033,2023-09-13,Paris,Haute Fragrance,Silver,Walk-in,1,392,123,392,123,269,68.6
5003045,2023-09-13,Paris,Designer Handbags,First-Time Buyer,Organic Search,1,3715,1222,3715,1222,2493,67.1
5008859,2023-09-13,Paris,Designer Handbags,First-Time Buyer,Paid Social,1,2974,502,2974,502,2472,83.1
5006015,2023-09-13,New York,Luxury Watches,Silver,Walk-in,1,12467,3164,12467,3164,9303,74.6
5009159,2023-09-14,Dubai,Luxury Watches,Gold,Organic Search,1,14279,3454,14279,3454,10825,75.8
5001908,2023-09-14,Tokyo,Designer Handbags,Gold,Organic Search,1,3051,461,3051,461,2590,84.9
5009129,2023-09-14,Milan,Designer Handbags,First-Time Buyer,Walk-in,2,3601,944,7202,1888,5314,73.8
5005883,2023-09-14,Paris,Fine Jewelry,First-Time Buyer,Paid Social,1,9935,2091,9935,2091,7844,79.0
5004775,2023-09-14,New York,Luxury Watches,Silver,Organic Search,1,12469,2183,12469,2183,10286,82.5
5004317,2023-09-14,New York,Designer Handbags,Gold,Organic Search,1,3057,1030,3057,1030,2027,66.3
5004418,2023-09-14,Dubai,Fine Jewelry,Platinum (VIP),Organic Search,1,8335,1776,8335,1776,6559,78.7
5006943,2023-09-14,Tokyo,Designer Handbags,Platinum (VIP),Walk-in,1,3789,1001,3789,1001,2788,73.6
5000083,2023-09-14,Paris,Haute Fragrance,First-Time Buyer,Paid Social,1,401,102,401,102,299,74.6
5005790,2023-09-14,Milan,Haute Fragrance,First-Time Buyer,Paid Social,1,329,73,329,73,256,77.8
5008006,2023-09-14,Paris,Designer Handbags,First-Time Buyer,Paid Social,3,2989,948,8967,2844,6123,68.3
5002873,2023-09-14,New York,Fine Jewelry,Gold,Paid Social,2,8716,1802,17432,3604,13828,79.3
5005196,2023-09-14,Paris,Haute Fragrance,Silver,Paid Social,1,396,66,396,66,330,83.3
5002267,2023-09-15,New York,Fine Jewelry,First-Time Buyer,Organic Search,1,9506,3234,9506,3234,6272,66.0
5001887,2023-09-15,Dubai,Designer Handbags,Gold,Organic Search,1,2950,458,2950,458,2492,84.5
5003005,2023-09-15,New York,Designer Handbags,First-Time Buyer,Walk-in,1,3093,754,3093,754,2339,75.6
5006939,2023-09-15,Paris,Designer Handbags,First-Time Buyer,Exclusive Invite,1,3421,1195,3421,1195,2226,65.1
5004686,2023-09-15,Milan,Fine Jewelry,Gold,Exclusive Invite,1,9385,2988,9385,2988,6397,68.2
5009935,2023-09-15,Tokyo,Designer Handbags,Silver,Paid Social,1,3608,979,3608,979,2629,72.9
5006754,2023-09-15,New York,Designer Handbags,Silver,Organic Search,1,3119,1005,3119,1005,2114,67.8
5006929,2023-09-15,Paris,Designer Handbags,First-Time Buyer,Paid Social,1,3413,1062,3413,1062,2351,68.9
5004483,2023-09-15,New York,Luxury Watches,Silver,Paid Social,1,14374,3576,14374,3576,10798,75.1
5005843,2023-09-15,Tokyo,Designer Handbags,Silver,Exclusive Invite,1,3156,684,3156,684,2472,78.3
5008485,2023-09-16,Milan,Designer Handbags,First-Time Buyer,Paid Social,3,3380,679,10140,2037,8103,79.9
5005299,2023-09-16,New York,Designer Handbags,First-Time Buyer,Organic Search,2,3468,1189,6936,2378,4558,65.7
5008302,2023-09-16,Milan,Luxury Watches,First-Time Buyer,Organic Search,1,13382,3718,13382,3718,9664,72.2
5002207,2023-09-16,Tokyo,Designer Handbags,Gold,Organic Search,1,3746,1013,3746,1013,2733,73.0
5006043,2023-09-16,Paris,Fine Jewelry,Platinum (VIP),Walk-in,1,9009,3065,9009,3065,5944,66.0
5006518,2023-09-16,Paris,Luxury Watches,Silver,Organic Search,1,14304,3103,14304,3103,11201,78.3
5004991,2023-09-16,Milan,Luxury Watches,Gold,Paid Social,1,11357,2254,11357,2254,9103,80.2
5001920,2023-09-16,Dubai,Luxury Watches,Silver,Organic Search,1,14451,2561,14451,2561,11890,82.3
5005529,2023-09-16,New York,Luxury Watches,First-Time Buyer,Organic Search,1,12349,3704,12349,3704,8645,70.0
5009226,2023-09-16,New York,Luxury Watches,First-Time Buyer,Walk-in,3,14535,3997,43605,11991,31614,72.5
5007086,2023-09-16,Milan,Fine Jewelry,Silver,Paid Social,1,8325,2112,8325,2112,6213,74.6
5000970,2023-09-16,Paris,Haute Fragrance,Silver,Organic Search,1,329,104,329,104,225,68.4
5007742,2023-09-16,Dubai,Designer Handbags,Gold,Exclusive Invite,1,3157,956,3157,956,2201,69.7
5005582,2023-09-16,New York,Luxury Watches,Gold,Paid Social,1,13821,2797,13821,2797,11024,79.8
5008083,2023-09-16,Tokyo,Designer Handbags,First-Time Buyer,Paid Social,1,2983,830,2983,830,2153,72.2
5006547,2023-09-17,Tokyo,Luxury Watches,First-Time Buyer,Exclusive Invite,1,14976,3730,14976,3730,11246,75.1
5008461,2023-09-17,Paris,Designer Handbags,Platinum (VIP),Exclusive Invite,1,2952,955,2952,955,1997,67.6
5008099,2023-09-17,New York,Luxury Watches,First-Time Buyer,Paid Social,1,14071,2675,14071,2675,11396,81.0
5002219,2023-09-17,New York,Designer Handbags,First-Time Buyer,Organic Search,1,3488,528,3488,528,2960,84.9
5000649,2023-09-17,Tokyo,Luxury Watches,First-Time Buyer,Walk-in,1,12678,3481,12678,3481,9197,72.5
5005413,2023-09-17,New York,Designer Handbags,Gold,Organic Search,3,3179,732,9537,2196,7341,77.0
5007265,2023-09-17,New York,Designer Handbags,First-Time Buyer,Exclusive Invite,1,3518,1045,3518,1045,2473,70.3
5005208,2023-09-17,New York,Designer Handbags,First-Time Buyer,Organic Search,2,3246,540,6492,1080,5412,83.4
5005085,2023-09-17,Tokyo,Designer Handbags,First-Time Buyer,Walk-in,3,3731,872,11193,2616,8577,76.6
5008487,2023-09-17,New York,Haute Fragrance,First-Time Buyer,Organic Search,2,357,116,714,232,482,67.5
5004958,2023-09-17,Tokyo,Haute Fragrance,Silver,Paid Social,1,353,64,353,64,289,81.9
5003156,2023-09-17,Paris,Luxury Watches,Gold,Organic Search,1,14391,3811,14391,3811,10580,73.5
5008591,2023-09-17,Dubai,Luxury Watches,First-Time Buyer,Paid Social,1,12058,2778,12058,2778,9280,77.0
5002638,2023-09-18,New York,Luxury Watches,Silver,Walk-in,1,14456,4974,14456,4974,9482,65.6
5000500,2023-09-18,Paris,Designer Handbags,First-Time Buyer,Walk-in,1,3332,759,3332,759,2573,77.2
5004600,2023-09-18,Milan,Fine Jewelry,Gold,Organic Search,1,9508,2556,9508,2556,6952,73.1
5003547,2023-09-18,Dubai,Fine Jewelry,First-Time Buyer,Paid Social,1,8529,2756,8529,2756,5773,67.7
5002652,2023-09-18,Paris,Designer Handbags,First-Time Buyer,Organic Search,1,2882,867,2882,867,2015,69.9
5007552,2023-09-18,Tokyo,Designer Handbags,Silver,Exclusive Invite,1,3563,860,3563,860,2703,75.9
5007583,2023-09-18,New York,Designer Handbags,Silver,Organic Search,1,3460,804,3460,804,2656,76.8
5000813,2023-09-18,New York,Fine Jewelry,First-Time Buyer,Organic Search,1,9437,2136,9437,2136,7301,77.4
5006002,2023-09-18,Paris,Luxury Watches,Silver,Organic Search,1,13252,3522,13252,3522,9730,73.4
5006955,2023-09-18,Tokyo,Designer Handbags,Silver,Walk-in,1,3219,888,3219,888,2331,72.4
5008503,2023-09-18,Tokyo,Designer Handbags,Silver,Walk-in,1,3528,1125,3528,1125,2403,68.1
5004707,2023-09-18,Tokyo,Haute Fragrance,First-Time Buyer,Organic Search,2,414,99,828,198,630,76.1
5008059,2023-09-18,Tokyo,Designer Handbags,First-Time Buyer,Walk-in,1,3052,864,3052,864,2188,71.7
5006613,2023-09-18,Tokyo,Haute Fragrance,First-Time Buyer,Organic Search,1,322,109,322,109,213,66.1
5003122,2023-09-18,New York,Designer Handbags,Silver,Paid Social,2,3689,920,7378,1840,5538,75.1
5000435,2023-09-18,Paris,Designer Handbags,First-Time Buyer,Walk-in,1,3489,1167,3489,1167,2322,66.6
5009084,2023-09-18,Tokyo,Luxury Watches,First-Time Buyer,Organic Search,1,14010,3353,14010,3353,10657,76.1
5002396,2023-09-18,Milan,Designer Handbags,Silver,Paid Social,1,3565,702,3565,702,2863,80.3
5006806,2023-09-18,Milan,Haute Fragrance,First-Time Buyer,Organic Search,1,396,59,396,59,337,85.1
5006492,2023-09-18,Tokyo,Designer Handbags,First-Time Buyer,Organic Search,1,3186,805,3186,805,2381,74.7
5003731,2023-09-18,New York,Fine Jewelry,First-Time Buyer,Organic Search,2,10122,3446,20244,6892,13352,66.0
5001478,2023-09-19,Tokyo,Luxury Watches,Silver,Walk-in,1,14148,2506,14148,2506,11642,82.3
5002808,2023-09-19,New York,Designer Handbags,First-Time Buyer,Paid Social,1,3476,1090,3476,1090,2386,68.6
5009613,2023-09-19,Tokyo,Luxury Watches,First-Time Buyer,Walk-in,2,11480,2078,22960,4156,18804,81.9
5007879,2023-09-19,Tokyo,Fine Jewelry,First-Time Buyer,Organic Search,1,9116,2872,9116,2872,6244,68.5
5008269,2023-09-19,Dubai,Designer Handbags,Gold,Paid Social,1,3351,1150,3351,1150,2201,65.7
5003717,2023-09-19,Paris,Haute Fragrance,Gold,Organic Search,2,321,94,642,188,454,70.7
5009101,2023-09-19,Milan,Luxury Watches,First-Time Buyer,Paid Social,1,13997,3265,13997,3265,10732,76.7
5007305,2023-09-19,Dubai,Luxury Watches,Gold,Walk-in,1,11365,3404,11365,3404,7961,70.0
5002740,2023-09-19,New York,Luxury Watches,Gold,Exclusive Invite,1,11713,3184,11713,3184,8529,72.8
5004294,2023-09-19,New York,Fine Jewelry,Silver,Walk-in,1,9652,2782,9652,2782,6870,71.2
5006349,2023-09-19,New York,Luxury Watches,First-Time Buyer,Walk-in,1,11769,2493,11769,2493,9276,78.8
5007683,2023-09-19,New York,Designer Handbags,Silver,Paid Social,1,3036,588,3036,588,2448,80.6
5009255,2023-09-19,New York,Luxury Watches,First-Time Buyer,Walk-in,2,14633,2203,29266,4406,24860,84.9
5005206,2023-09-19,Dubai,Fine Jewelry,First-Time Buyer,Walk-in,1,7848,1415,7848,1415,6433,82.0
5002592,2023-09-19,New York,Haute Fragrance,First-Time Buyer,Paid Social,1,317,60,317,60,257,81.1
5003556,2023-09-19,Tokyo,Luxury Watches,Platinum (VIP),Paid Social,1,14485,3665,14485,3665,10820,74.7
5005519,2023-09-19,New York,Designer Handbags,First-Time Buyer,Walk-in,1,3360,955,3360,955,2405,71.6
5008438,2023-09-19,New York,Fine Jewelry,Gold,Organic Search,1,9269,2457,9269,2457,6812,73.5
5006872,2023-09-19,Tokyo,Designer Handbags,First-Time Buyer,Walk-in,1,2944,756,2944,756,2188,74.3
5003294,2023-09-19,Paris,Luxury Watches,First-Time Buyer,Exclusive Invite,1,13214,4621,13214,4621,8593,65.0
5006155,2023-09-19,Paris,Luxury Watches,Silver,Walk-in,1,11305,3467,11305,3467,7838,69.3
5008360,2023-09-19,New York,Haute Fragrance,First-Time Buyer,Organic Search,1,362,77,362,77,285,78.7
5000437,2023-09-20,Dubai,Luxury Watches,First-Time Buyer,Exclusive Invite,1,13951,3893,13951,3893,10058,72.1
5009470,2023-09-20,Tokyo,Designer Handbags,First-Time Buyer,Paid Social,1,3202,522,3202,522,2680,83.7
5004757,2023-09-20,New York,Designer Handbags,Silver,Walk-in,1,3634,589,3634,589,3045,83.8
5000711,2023-09-20,New York,Haute Fragrance,Silver,Exclusive Invite,1,354,108,354,108,246,69.5
5007928,2023-09-20,Dubai,Luxury Watches,First-Time Buyer,Paid Social,1,12541,2201,12541,2201,10340,82.4
5007553,2023-09-20,New York,Luxury Watches,First-Time Buyer,Paid Social,3,14845,4344,44535,13032,31503,70.7
5000916,2023-09-20,New York,Luxury Watches,Silver,Organic Search,1,12407,1979,12407,1979,10428,84.0
5005459,2023-09-20,Dubai,Haute Fragrance,Silver,Organic Search,1,409,85,409,85,324,79.2
5005084,2023-09-20,Tokyo,Designer Handbags,Silver,Walk-in,1,3231,680,3231,680,2551,79.0
5008277,2023-09-20,Dubai,Designer Handbags,Silver,Exclusive Invite,1,3244,1101,3244,1101,2143,66.1
5004284,2023-09-20,New York,Haute Fragrance,Silver,Walk-in,1,316,102,316,102,214,67.7
5007115,2023-09-21,New York,Fine Jewelry,Platinum (VIP),Organic Search,1,7717,2215,7717,2215,5502,71.3
5003212,2023-09-21,Tokyo,Designer Handbags,Silver,Exclusive Invite,1,2946,1009,2946,1009,1937,65.8
5002242,2023-09-21,Milan,Fine Jewelry,Platinum (VIP),Exclusive Invite,1,9843,2483,9843,2483,7360,74.8
5005068,2023-09-21,Dubai,Luxury Watches,Platinum (VIP),Walk-in,1,12942,2999,12942,2999,9943,76.8
5002427,2023-09-21,Dubai,Fine Jewelry,Silver,Walk-in,1,8003,1221,8003,1221,6782,84.7
5001126,2023-09-21,Paris,Designer Handbags,Gold,Walk-in,1,3627,1113,3627,1113,2514,69.3
5008691,2023-09-21,New York,Luxury Watches,Silver,Organic Search,1,14216,4254,14216,4254,9962,70.1
5004782,2023-09-21,Tokyo,Fine Jewelry,Gold,Walk-in,1,7894,1746,7894,1746,6148,77.9
5001815,2023-09-22,Milan,Luxury Watches,First-Time Buyer,Paid Social,1,13434,2875,13434,2875,10559,78.6
5009973,2023-09-22,Milan,Luxury Watches,Gold,Paid Social,1,11408,1919,11408,1919,9489,83.2
5006579,2023-09-22,Paris,Designer Handbags,Silver,Paid Social,1,3321,998,3321,998,2323,69.9
5009100,2023-09-22,Paris,Fine Jewelry,Platinum (VIP),Paid Social,1,8686,2037,8686,2037,6649,76.5
5009700,2023-09-22,Dubai,Fine Jewelry,First-Time Buyer,Organic Search,1,8143,2202,8143,2202,5941,73.0
5005499,2023-09-22,Milan,Fine Jewelry,Silver,Paid Social,1,10013,2991,10013,2991,7022,70.1
5003309,2023-09-22,Tokyo,Designer Handbags,First-Time Buyer,Paid Social,1,2927,981,2927,981,1946,66.5
5009776,2023-09-22,New York,Luxury Watches,Silver,Walk-in,3,12225,4186,36675,12558,24117,65.8
5009506,2023-09-22,Dubai,Luxury Watches,First-Time Buyer,Organic Search,1,12134,3888,12134,3888,8246,68.0
5000136,2023-09-22,Paris,Fine Jewelry,First-Time Buyer,Walk-in,1,10176,3505,10176,3505,6671,65.6
5000279,2023-09-22,Paris,Designer Handbags,Silver,Paid Social,2,3048,572,6096,1144,4952,81.2
5007184,2023-09-22,Dubai,Designer Handbags,First-Time Buyer,Paid Social,1,2973,990,2973,990,1983,66.7
5006911,2023-09-22,Dubai,Luxury Watches,First-Time Buyer,Organic Search,1,14651,2267,14651,2267,12384,84.5
5003855,2023-09-22,Milan,Luxury Watches,First-Time Buyer,Exclusive Invite,1,13163,3517,13163,3517,9646,73.3
5002166,2023-09-23,Dubai,Luxury Watches,Silver,Walk-in,1,13241,4498,13241,4498,8743,66.0
5002542,2023-09-23,Tokyo,Haute Fragrance,First-Time Buyer,Walk-in,1,371,102,371,102,269,72.5
5007762,2023-09-23,Dubai,Haute Fragrance,First-Time Buyer,Organic Search,1,323,62,323,62,261,80.8
5008126,2023-09-23,New York,Luxury Watches,First-Time Buyer,Paid Social,1,14908,3444,14908,3444,11464,76.9
5003865,2023-09-23,Dubai,Luxury Watches,Silver,Organic Search,1,13922,4456,13922,4456,9466,68.0
5003837,2023-09-23,New York,Designer Handbags,Gold,Exclusive Invite,1,3166,553,3166,553,2613,82.5
5000745,2023-09-23,Milan,Designer Handbags,Platinum (VIP),Walk-in,1,3731,948,3731,948,2783,74.6
5009950,2023-09-23,Dubai,Luxury Watches,First-Time Buyer,Exclusive Invite,1,12839,2668,12839,2668,10171,79.2
5003900,2023-09-23,Dubai,Designer Handbags,Gold,Exclusive Invite,1,3069,785,3069,785,2284,74.4
5005411,2023-09-23,Milan,Designer Handbags,First-Time Buyer,Paid Social,1,3364,714,3364,714,2650,78.8
5008579,2023-09-23,Paris,Designer Handbags,First-Time Buyer,Organic Search,3,3631,978,10893,2934,7959,73.1
5005019,2023-09-23,Paris,Luxury Watches,First-Time Buyer,Paid Social,1,14158,3809,14158,3809,10349,73.1
5006056,2023-09-23,Paris,Luxury Watches,First-Time Buyer,Exclusive Invite,2,12102,2741,24204,5482,18722,77.4
5007381,2023-09-23,Milan,Fine Jewelry,Platinum (VIP),Paid Social,1,8096,2664,8096,2664,5432,67.1
5002521,2023-09-23,Dubai,Fine Jewelry,First-Time Buyer,Organic Search,1,9691,2303,9691,2303,7388,76.2
5002046,2023-09-23,New York,Fine Jewelry,Silver,Walk-in,1,9494,2415,9494,2415,7079,74.6
5005131,2023-09-23,New York,Designer Handbags,Silver,Organic Search,3,3369,681,10107,2043,8064,79.8
5006282,2023-09-23,New York,Luxury Watches,First-Time Buyer,Walk-in,1,11363,3274,11363,3274,8089,71.2
5008406,2023-09-23,Tokyo,Fine Jewelry,Silver,Organic Search,1,7797,2551,7797,2551,5246,67.3
5004675,2023-09-23,Paris,Designer Handbags,Silver,Organic Search,1,3095,914,3095,914,2181,70.5
5006937,2023-09-23,Tokyo,Luxury Watches,Silver,Paid Social,1,11381,2881,11381,2881,8500,74.7
5007252,2023-09-23,Paris,Fine Jewelry,First-Time Buyer,Organic Search,1,9423,1777,9423,1777,7646,81.1
5002058,2023-09-23,Paris,Luxury Watches,Platinum (VIP),Organic Search,1,11747,3533,11747,3533,8214,69.9
5003674,2023-09-23,Dubai,Haute Fragrance,Silver,Paid Social,1,371,71,371,71,300,80.9
5009479,2023-09-24,New York,Haute Fragrance,First-Time Buyer,Walk-in,1,387,80,387,80,307,79.3
5004439,2023-09-24,Dubai,Luxury Watches,Platinum (VIP),Organic Search,1,12741,1966,12741,1966,10775,84.6
5005057,2023-09-24,Tokyo,Luxury Watches,First-Time Buyer,Organic Search,1,11478,3513,11478,3513,7965,69.4
5004517,2023-09-24,New York,Fine Jewelry,Silver,Organic Search,1,8547,2357,8547,2357,6190,72.4
5002490,2023-09-24,Paris,Luxury Watches,Platinum (VIP),Organic Search,1,12168,2932,12168,2932,9236,75.9
5007745,2023-09-24,Paris,Luxury Watches,Silver,Paid Social,1,11593,1972,11593,1972,9621,83.0
5001931,2023-09-24,New York,Designer Handbags,First-Time Buyer,Walk-in,1,3334,1098,3334,1098,2236,67.1
5008021,2023-09-24,Dubai,Designer Handbags,Silver,Exclusive Invite,1,3302,1025,3302,1025,2277,69.0
5006732,2023-09-24,Paris,Luxury Watches,Platinum (VIP),Exclusive Invite,1,14884,3318,14884,3318,11566,77.7
5007473,2023-09-24,Paris,Luxury Watches,Platinum (VIP),Organic Search,1,13638,3236,13638,3236,10402,76.3
5002056,2023-09-24,Paris,Fine Jewelry,First-Time Buyer,Organic Search,1,9252,2692,9252,2692,6560,70.9
5007657,2023-09-24,Tokyo,Luxury Watches,Silver,Walk-in,3,13616,4157,40848,12471,28377,69.5
5002543,2023-09-24,New York,Luxury Watches,Platinum (VIP),Walk-in,1,14401,3179,14401,3179,11222,77.9
5006673,2023-09-24,New York,Designer Handbags,Platinum (VIP),Paid Social,2,3261,1107,6522,2214,4308,66.1
5008075,2023-09-24,Milan,Designer Handbags,Gold,Paid Social,1,3649,927,3649,927,2722,74.6
5007551,2023-09-24,Milan,Fine Jewelry,First-Time Buyer,Organic Search,1,7680,1702,7680,1702,5978,77.8
5001749,2023-09-25,New York,Designer Handbags,Platinum (VIP),Walk-in,1,3468,872,3468,872,2596,74.9
5000750,2023-09-25,New York,Designer Handbags,First-Time Buyer,Organic Search,1,3370,585,3370,585,2785,82.6
5009219,2023-09-25,Milan,Designer Handbags,Gold,Paid Social,1,3613,864,3613,864,2749,76.1
5004115,2023-09-25,New York,Designer Handbags,Gold,Paid Social,1,3129,551,3129,551,2578,82.4
5008080,2023-09-25,Tokyo,Fine Jewelry,Silver,Walk-in,1,8597,2783,8597,2783,5814,67.6
5008189,2023-09-25,New York,Luxury Watches,Silver,Organic Search,1,11723,3877,11723,3877,7846,66.9
5006011,2023-09-25,Tokyo,Designer Handbags,First-Time Buyer,Exclusive Invite,1,3226,776,3226,776,2450,75.9
5004442,2023-09-25,Tokyo,Luxury Watches,First-Time Buyer,Paid Social,1,12496,2431,12496,2431,10065,80.5
5001332,2023-09-25,New York,Fine Jewelry,Platinum (VIP),Paid Social,1,9903,2564,9903,2564,7339,74.1
5003464,2023-09-26,Milan,Designer Handbags,Silver,Exclusive Invite,1,3238,1002,3238,1002,2236,69.1
5006131,2023-09-26,Milan,Designer Handbags,First-Time Buyer,Organic Search,1,3406,752,3406,752,2654,77.9
5007173,2023-09-26,Dubai,Fine Jewelry,Silver,Paid Social,1,9409,1439,9409,1439,7970,84.7
5008785,2023-09-26,Milan,Designer Handbags,First-Time Buyer,Paid Social,1,3640,952,3640,952,2688,73.8
5007277,2023-09-26,Milan,Fine Jewelry,Silver,Paid Social,1,9113,2802,9113,2802,6311,69.3
5002358,2023-09-26,New York,Luxury Watches,Silver,Walk-in,1,13331,2417,13331,2417,10914,81.9
5003954,2023-09-26,New York,Luxury Watches,First-Time Buyer,Paid Social,1,13553,3146,13553,3146,10407,76.8
5001008,2023-09-26,Tokyo,Luxury Watches,Silver,Walk-in,1,14543,3614,14543,3614,10929,75.1
5000137,2023-09-26,Tokyo,Designer Handbags,Silver,Exclusive Invite,3,3776,817,11328,2451,8877,78.4
5000464,2023-09-26,New York,Fine Jewelry,First-Time Buyer,Exclusive Invite,1,8770,2641,8770,2641,6129,69.9
5006229,2023-09-26,Paris,Luxury Watches,First-Time Buyer,Paid Social,1,11719,3852,11719,3852,7867,67.1
5003775,2023-09-26,Milan,Luxury Watches,First-Time Buyer,Exclusive Invite,1,11946,2987,11946,2987,8959,75.0
5000476,2023-09-26,Milan,Luxury Watches,Gold,Paid Social,1,12099,3997,12099,3997,8102,67.0
5009912,2023-09-27,Milan,Designer Handbags,Gold,Paid Social,2,3550,670,7100,1340,5760,81.1
5007227,2023-09-27,New York,Fine Jewelry,Silver,Paid Social,1,9742,3394,9742,3394,6348,65.2
5007945,2023-09-27,Dubai,Fine Jewelry,First-Time Buyer,Organic Search,1,9492,2334,9492,2334,7158,75.4
5002691,2023-09-27,New York,Luxury Watches,First-Time Buyer,Organic Search,1,13885,4720,13885,4720,9165,66.0
5009156,2023-09-27,Dubai,Luxury Watches,Silver,Organic Search,1,11985,2617,11985,2617,9368,78.2
5000232,2023-09-27,Dubai,Fine Jewelry,First-Time Buyer,Paid Social,1,8723,1796,8723,1796,6927,79.4
5000980,2023-09-27,Tokyo,Luxury Watches,Gold,Paid Social,1,12814,3922,12814,3922,8892,69.4
5007416,2023-09-27,Dubai,Designer Handbags,Silver,Walk-in,1,3491,1043,3491,1043,2448,70.1
5009801,2023-09-28,Paris,Haute Fragrance,Gold,Walk-in,1,348,60,348,60,288,82.8
5008741,2023-09-28,Tokyo,Haute Fragrance,Silver,Walk-in,3,347,61,1041,183,858,82.4
5002152,2023-09-28,Dubai,Fine Jewelry,Platinum (VIP),Walk-in,1,9818,2713,9818,2713,7105,72.4
5009267,2023-09-28,Milan,Luxury Watches,First-Time Buyer,Organic Search,1,14148,4910,14148,4910,9238,65.3
5006357,2023-09-28,Paris,Luxury Watches,Gold,Paid Social,1,13301,3040,13301,3040,10261,77.1
5000290,2023-09-28,Paris,Luxury Watches,Silver,Paid Social,1,13497,3055,13497,3055,10442,77.4
5006746,2023-09-28,Dubai,Luxury Watches,First-Time Buyer,Walk-in,1,14464,5037,14464,5037,9427,65.2
5008181,2023-09-28,Milan,Haute Fragrance,First-Time Buyer,Paid Social,3,370,72,1110,216,894,80.5
5001127,2023-09-28,Milan,Fine Jewelry,First-Time Buyer,Organic Search,1,9626,1862,9626,1862,7764,80.7
5001606,2023-09-28,New York,Designer Handbags,First-Time Buyer,Exclusive Invite,1,3675,976,3675,976,2699,73.4
5004169,2023-09-28,Dubai,Designer Handbags,Gold,Paid Social,1,2924,943,2924,943,1981,67.7
5005414,2023-09-28,Milan,Haute Fragrance,Silver,Organic Search,1,376,125,376,125,251,66.8
5008831,2023-09-28,Paris,Designer Handbags,Platinum (VIP),Exclusive Invite,2,3289,803,6578,1606,4972,75.6
5003798,2023-09-28,Tokyo,Fine Jewelry,Platinum (VIP),Exclusive Invite,1,9832,1812,9832,1812,8020,81.6
5009930,2023-09-29,New York,Haute Fragrance,Gold,Exclusive Invite,2,408,77,816,154,662,81.1
5008518,2023-09-29,Paris,Haute Fragrance,Silver,Exclusive Invite,1,388,109,388,109,279,71.9
5003765,2023-09-29,Paris,Fine Jewelry,First-Time Buyer,Walk-in,1,8391,2833,8391,2833,5558,66.2
5003979,2023-09-29,Paris,Haute Fragrance,First-Time Buyer,Paid Social,1,370,89,370,89,281,75.9
5000855,2023-09-29,Milan,Designer Handbags,First-Time Buyer,Paid Social,1,3660,1099,3660,1099,2561,70.0
5000469,2023-09-29,Milan,Fine Jewelry,Silver,Paid Social,1,8490,2454,8490,2454,6036,71.1
5006400,2023-09-29,Tokyo,Luxury Watches,Gold,Paid Social,2,11399,3965,22798,7930,14868,65.2
5009008,2023-09-29,Tokyo,Haute Fragrance,Silver,Exclusive Invite,1,366,76,366,76,290,79.2
5006452,2023-09-29,Tokyo,Haute Fragrance,Gold,Organic Search,1,411,79,411,79,332,80.8
5001875,2023-09-29,Dubai,Fine Jewelry,Silver,Exclusive Invite,1,9545,2479,9545,2479,7066,74.0
5005675,2023-09-29,New York,Fine Jewelry,Silver,Organic Search,1,8590,2125,8590,2125,6465,75.3
5005330,2023-09-29,Milan,Luxury Watches,Silver,Organic Search,1,14596,4905,14596,4905,9691,66.4
5006092,2023-09-29,Tokyo,Fine Jewelry,Gold,Organic Search,1,9066,2994,9066,2994,6072,67.0
5003779,2023-09-29,Paris,Luxury Watches,First-Time Buyer,Walk-in,1,13820,3402,13820,3402,10418,75.4
5001321,2023-09-29,Tokyo,Fine Jewelry,Gold,Organic Search,1,9172,2000,9172,2000,7172,78.2
5000977,2023-09-29,Tokyo,Luxury Watches,Gold,Organic Search,1,11843,1881,11843,1881,9962,84.1
5001222,2023-09-30,New York,Designer Handbags,Gold,Organic Search,3,3309,1103,9927,3309,6618,66.7
5006766,2023-09-30,Dubai,Fine Jewelry,Silver,Exclusive Invite,2,8630,2034,17260,4068,13192,76.4
5009592,2023-09-30,Paris,Haute Fragrance,Platinum (VIP),Organic Search,1,377,82,377,82,295,78.2
5001775,2023-09-30,Paris,Luxury Watches,First-Time Buyer,Paid Social,2,14495,3023,28990,6046,22944,79.1
5003810,2023-09-30,Dubai,Fine Jewelry,Silver,Paid Social,1,8769,2887,8769,2887,5882,67.1
5006749,2023-09-30,Dubai,Haute Fragrance,First-Time Buyer,Walk-in,3,390,94,1170,282,888,75.9
5004951,2023-09-30,Paris,Designer Handbags,First-Time Buyer,Exclusive Invite,1,3274,537,3274,537,2737,83.6
5005974,2023-09-30,New York,Designer Handbags,Gold,Paid Social,1,3552,674,3552,674,2878,81.0
5002583,2023-09-30,Milan,Designer Handbags,Gold,Walk-in,1,3526,719,3526,719,2807,79.6
5003830,2023-09-30,Paris,Designer Handbags,Gold,Walk-in,1,3601,1107,3601,1107,2494,69.3
5000941,2023-09-30,Milan,Designer Handbags,Silver,Exclusive Invite,1,3605,904,3605,904,2701,74.9
5006669,2023-09-30,Tokyo,Designer Handbags,First-Time Buyer,Organic Search,1,3784,1204,3784,1204,2580,68.2
5001517,2023-09-30,New York,Luxury Watches,First-Time Buyer,Walk-in,2,13135,4158,26270,8316,17954,68.3
5009365,2023-09-30,Dubai,Designer Handbags,Platinum (VIP),Organic Search,1,3703,1244,3703,1244,2459,66.4
5005527,2023-09-30,Milan,Designer Handbags,Gold,Organic Search,1,3718,1248,3718,1248,2470,66.4
5002378,2023-09-30,New York,Fine Jewelry,First-Time Buyer,Paid Social,1,8527,1440,8527,1440,7087,83.1
5005137,2023-09-30,Dubai,Luxury Watches,First-Time Buyer,Organic Search,1,11693,1981,11693,1981,9712,83.1
5004204,2023-09-30,Tokyo,Fine Jewelry,Silver,Organic Search,1,9730,3085,9730,3085,6645,68.3
5000425,2023-09-30,Milan,Haute Fragrance,Gold,Paid Social,2,374,80,748,160,588,78.6
5002829,2023-10-01,New York,Fine Jewelry,First-Time Buyer,Organic Search,1,10133,3493,10133,3493,6640,65.5
5002408,2023-10-01,New York,Designer Handbags,Gold,Organic Search,1,3530,535,3530,535,2995,84.8
5006989,2023-10-01,Paris,Haute Fragrance,First-Time Buyer,Organic Search,1,394,96,394,96,298,75.6
5004818,2023-10-01,Paris,Fine Jewelry,Silver,Organic Search,1,9173,1603,9173,1603,7570,82.5
5009319,2023-10-01,Tokyo,Luxury Watches,First-Time Buyer,Organic Search,1,13286,3299,13286,3299,9987,75.2
5007995,2023-10-01,Milan,Haute Fragrance,Platinum (VIP),Walk-in,1,407,116,407,116,291,71.5
5002913,2023-10-01,Paris,Luxury Watches,Silver,Paid Social,1,14350,3597,14350,3597,10753,74.9
5003640,2023-10-01,Paris,Designer Handbags,First-Time Buyer,Walk-in,1,3089,1007,3089,1007,2082,67.4
5001823,2023-10-01,Paris,Luxury Watches,Silver,Paid Social,1,11516,2079,11516,2079,9437,81.9
5006380,2023-10-01,Dubai,Luxury Watches,Silver,Walk-in,1,13367,3016,13367,3016,10351,77.4
5005298,2023-10-01,Tokyo,Fine Jewelry,First-Time Buyer,Walk-in,1,7982,2775,7982,2775,5207,65.2
5007765,2023-10-01,Tokyo,Haute Fragrance,First-Time Buyer,Walk-in,1,326,97,326,97,229,70.2
5003655,2023-10-01,Paris,Luxury Watches,First-Time Buyer,Organic Search,1,14008,3079,14008,3079,10929,78.0
5007262,2023-10-01,Paris,Haute Fragrance,First-Time Buyer,Walk-in,1,402,65,402,65,337,83.8
5008635,2023-10-01,Tokyo,Luxury Watches,First-Time Buyer,Walk-in,1,12276,2666,12276,2666,9610,78.3
5000082,2023-10-01,Paris,Fine Jewelry,Silver,Exclusive Invite,1,9237,2021,9237,2021,7216,78.1
5001659,2023-10-02,Tokyo,Designer Handbags,Gold,Paid Social,1,3454,997,3454,997,2457,71.1
5007240,2023-10-02,New York,Designer Handbags,Silver,Walk-in,1,3161,532,3161,532,2629,83.2
5008686,2023-10-02,Tokyo,Fine Jewelry,Silver,Walk-in,1,9040,2791,9040,2791,6249,69.1
5009325,2023-10-02,New York,Haute Fragrance,Silver,Paid Social,1,370,63,370,63,307,83.0
5008097,2023-10-02,Milan,Luxury Watches,First-Time Buyer,Exclusive Invite,1,12942,2716,12942,2716,10226,79.0
5006956,2023-10-02,Tokyo,Fine Jewelry,Gold,Exclusive Invite,1,9658,3029,9658,3029,6629,68.6
5007370,2023-10-02,New York,Haute Fragrance,Silver,Walk-in,1,357,64,357,64,293,82.1
5003539,2023-10-02,Milan,Fine Jewelry,Silver,Walk-in,1,9561,3286,9561,3286,6275,65.6
5007956,2023-10-02,Dubai,Luxury Watches,First-Time Buyer,Organic Search,1,11551,3190,11551,3190,8361,72.4
5007959,2023-10-02,Tokyo,Designer Handbags,First-Time Buyer,Paid Social,1,3713,1199,3713,1199,2514,67.7
5007057,2023-10-02,Tokyo,Luxury Watches,Platinum (VIP),Walk-in,3,14058,2572,42174,7716,34458,81.7
5008581,2023-10-02,Paris,Fine Jewelry,Silver,Walk-in,1,8279,1309,8279,1309,6970,84.2
5003942,2023-10-02,Milan,Designer Handbags,Platinum (VIP),Exclusive Invite,1,3267,529,3267,529,2738,83.8
5006796,2023-10-03,Dubai,Fine Jewelry,First-Time Buyer,Exclusive Invite,1,10088,3529,10088,3529,6559,65.0
5006037,2023-10-03,New York,Designer Handbags,First-Time Buyer,Paid Social,1,3153,724,3153,724,2429,77.0
5009834,2023-10-03,Paris,Luxury Watches,Silver,Organic Search,3,12988,3516,38964,10548,28416,72.9
5006389,2023-10-03,Dubai,Designer Handbags,Silver,Paid Social,1,3346,618,3346,618,2728,81.5
5006007,2023-10-03,Tokyo,Luxury Watches,First-Time Buyer,Exclusive Invite,1,14577,2391,14577,2391,12186,83.6
5007211,2023-10-03,Tokyo,Designer Handbags,Platinum (VIP),Paid Social,1,3037,491,3037,491,2546,83.8
5000536,2023-10-03,New York,Fine Jewelry,Silver,Organic Search,1,8414,1682,8414,1682,6732,80.0
5006481,2023-10-03,New York,Haute Fragrance,Silver,Paid Social,1,399,91,399,91,308,77.2
5004688,2023-10-03,Milan,Luxury Watches,Silver,Paid Social,1,11407,2786,11407,2786,8621,75.6
5008003,2023-10-03,Tokyo,Luxury Watches,Silver,Exclusive Invite,1,14561,2797,14561,2797,11764,80.8
5001035,2023-10-03,Paris,Designer Handbags,First-Time Buyer,Organic Search,1,3839,819,3839,819,3020,78.7
5001825,2023-10-03,Tokyo,Fine Jewelry,Silver,Organic Search,2,9469,1614,18938,3228,15710,83.0
5001426,2023-10-03,Tokyo,Fine Jewelry,Gold,Exclusive Invite,1,8464,1817,8464,1817,6647,78.5
5003777,2023-10-03,Tokyo,Haute Fragrance,Platinum (VIP),Paid Social,1,402,110,402,110,292,72.6
5000004,2023-10-03,New York,Fine Jewelry,Gold,Paid Social,1,8351,2855,8351,2855,5496,65.8
5009811,2023-10-04,Tokyo,Designer Handbags,First-Time Buyer,Paid Social,3,3657,738,10971,2214,8757,79.8
5000386,2023-10-04,Dubai,Haute Fragrance,Platinum (VIP),Paid Social,1,405,93,405,93,312,77.0
5005305,2023-10-04,New York,Haute Fragrance,First-Time Buyer,Walk-in,1,388,124,388,124,264,68.0
5008105,2023-10-04,Paris,Luxury Watches,Silver,Paid Social,1,14898,3739,14898,3739,11159,74.9
5007786,2023-10-04,New York,Luxury Watches,Silver,Organic Search,1,12541,4386,12541,4386,8155,65.0
5006966,2023-10-04,Tokyo,Designer Handbags,First-Time Buyer,Paid Social,3,3559,1213,10677,3639,7038,65.9
5003788,2023-10-04,Dubai,Designer Handbags,Silver,Walk-in,1,3507,1220,3507,1220,2287,65.2
5007948,2023-10-04,Tokyo,Fine Jewelry,Gold,Walk-in,2,7806,2607,15612,5214,10398,66.6
5003569,2023-10-04,Paris,Luxury Watches,First-Time Buyer,Paid Social,2,11742,2128,23484,4256,19228,81.9
5008142,2023-10-04,Milan,Fine Jewelry,Silver,Walk-in,1,9261,1401,9261,1401,7860,84.9
5006444,2023-10-04,New York,Designer Handbags,First-Time Buyer,Organic Search,1,3564,816,3564,816,2748,77.1
5007202,2023-10-04,Dubai,Designer Handbags,Platinum (VIP),Organic Search,1,3215,709,3215,709,2506,77.9
5006947,2023-10-04,Paris,Fine Jewelry,Gold,Organic Search,2,8042,1580,16084,3160,12924,80.4
5008949,2023-10-04,Milan,Haute Fragrance,Silver,Exclusive Invite,1,331,73,331,73,258,77.9
5002560,2023-10-04,Paris,Fine Jewelry,First-Time Buyer,Exclusive Invite,1,8043,1578,8043,1578,6465,80.4
5006460,2023-10-04,Tokyo,Haute Fragrance,Silver,Paid Social,2,362,61,724,122,602,83.1
5009218,2023-10-05,Dubai,Luxury Watches,First-Time Buyer,Paid Social,1,13735,4716,13735,4716,9019,65.7
5009910,2023-10-05,Milan,Designer Handbags,Silver,Paid Social,1,2891,597,2891,597,2294,79.3
5006830,2023-10-05,New York,Luxury Watches,Gold,Walk-in,1,14530,3625,14530,3625,10905,75.1
5005307,2023-10-05,Paris,Luxury Watches,Gold,Organic Search,1,12894,2667,12894,2667,10227,79.3
5006757,2023-10-05,Paris,Designer Handbags,Gold,Organic Search,1,3005,810,3005,810,2195,73.0
5002497,2023-10-05,Paris,Designer Handbags,First-Time Buyer,Organic Search,1,3067,495,3067,495,2572,83.9
5002703,2023-10-05,Paris,Luxury Watches,Gold,Paid Social,1,13468,2077,13468,2077,11391,84.6
5001912,2023-10-05,Tokyo,Fine Jewelry,Silver,Paid Social,1,7979,2471,7979,2471,5508,69.0
5008347,2023-10-05,Milan,Fine Jewelry,Silver,Organic Search,1,10069,3322,10069,3322,6747,67.0
5007003,2023-10-05,Paris,Luxury Watches,First-Time Buyer,Paid Social,1,12664,2361,12664,2361,10303,81.4
5008590,2023-10-05,New York,Fine Jewelry,Silver,Organic Search,1,10175,1805,10175,1805,8370,82.3
5007816,2023-10-05,Tokyo,Designer Handbags,Silver,Walk-in,1,3687,700,3687,700,2987,81.0
5007896,2023-10-05,Paris,Haute Fragrance,Gold,Exclusive Invite,1,415,98,415,98,317,76.4
5008484,2023-10-05,Paris,Designer Handbags,Gold,Organic Search,2,3321,753,6642,1506,5136,77.3
5007471,2023-10-06,New York,Designer Handbags,First-Time Buyer,Walk-in,1,3154,630,3154,630,2524,80.0
5006362,2023-10-06,Milan,Fine Jewelry,Silver,Walk-in,1,10143,2099,10143,2099,8044,79.3
5004680,2023-10-06,New York,Haute Fragrance,Silver,Exclusive Invite,1,356,61,356,61,295,82.9
5008157,2023-10-06,Tokyo,Designer Handbags,Gold,Paid Social,1,3592,833,3592,833,2759,76.8
5005303,2023-10-06,New York,Designer Handbags,Silver,Exclusive Invite,1,3084,933,3084,933,2151,69.7
5000581,2023-10-06,New York,Fine Jewelry,Silver,Walk-in,1,8223,2750,8223,2750,5473,66.6
5006036,2023-10-06,New York,Luxury Watches,Platinum (VIP),Exclusive Invite,1,13695,4580,13695,4580,9115,66.6
5005580,2023-10-06,Dubai,Designer Handbags,First-Time Buyer,Walk-in,1,3557,891,3557,891,2666,75.0
5004601,2023-10-06,Milan,Designer Handbags,First-Time Buyer,Exclusive Invite,1,3439,744,3439,744,2695,78.4
5008739,2023-10-06,Dubai,Fine Jewelry,First-Time Buyer,Paid Social,1,9584,2286,9584,2286,7298,76.1
5008169,2023-10-06,Tokyo,Designer Handbags,Silver,Walk-in,3,3076,803,9228,2409,6819,73.9
5008713,2023-10-06,Milan,Luxury Watches,First-Time Buyer,Organic Search,1,12713,2599,12713,2599,10114,79.6
5003905,2023-10-06,Milan,Designer Handbags,First-Time Buyer,Paid Social,1,3800,1117,3800,1117,2683,70.6
5002975,2023-10-06,Paris,Haute Fragrance,Platinum (VIP),Organic Search,1,394,121,394,121,273,69.3
5000619,2023-10-07,Paris,Designer Handbags,Platinum (VIP),Paid Social,1,3543,980,3543,980,2563,72.3
5001567,2023-10-07,Milan,Designer Handbags,Silver,Organic Search,1,3245,759,3245,759,2486,76.6
5003355,2023-10-07,New York,Designer Handbags,Silver,Organic Search,1,2905,579,2905,579,2326,80.1
5002898,2023-10-07,Milan,Luxury Watches,Silver,Paid Social,1,13699,3455,13699,3455,10244,74.8
5008764,2023-10-07,Paris,Haute Fragrance,Silver,Organic Search,2,408,129,816,258,558,68.4
5009180,2023-10-07,New York,Luxury Watches,Silver,Exclusive Invite,2,14503,4953,29006,9906,19100,65.8
5000096,2023-10-07,Dubai,Luxury Watches,First-Time Buyer,Paid Social,2,13565,2487,27130,4974,22156,81.7
5006456,2023-10-07,New York,Fine Jewelry,Gold,Walk-in,1,8909,2180,8909,2180,6729,75.5
5008902,2023-10-07,New York,Luxury Watches,First-Time Buyer,Walk-in,2,12032,2802,24064,5604,18460,76.7
5001136,2023-10-07,Milan,Fine Jewelry,Silver,Organic Search,1,9912,3077,9912,3077,6835,69.0
5002091,2023-10-07,New York,Fine Jewelry,First-Time Buyer,Organic Search,1,9415,2851,9415,2851,6564,69.7
5002755,2023-10-07,Milan,Luxury Watches,Gold,Walk-in,2,13356,2915,26712,5830,20882,78.2
5006682,2023-10-08,Milan,Fine Jewelry,Gold,Exclusive Invite,1,8869,1421,8869,1421,7448,84.0
5001216,2023-10-08,Milan,Designer Handbags,First-Time Buyer,Walk-in,1,2993,967,2993,967,2026,67.7
5001120,2023-10-08,Milan,Luxury Watches,Platinum (VIP),Organic Search,3,13981,2310,41943,6930,35013,83.5
5006546,2023-10-08,New York,Fine Jewelry,Gold,Exclusive Invite,1,9588,2703,9588,2703,6885,71.8
5008402,2023-10-08,New York,Designer Handbags,Silver,Paid Social,1,3303,660,3303,660,2643,80.0
5006717,2023-10-08,Tokyo,Luxury Watches,First-Time Buyer,Walk-in,1,14050,4770,14050,4770,9280,66.0
5006605,2023-10-08,New York,Luxury Watches,Platinum (VIP),Organic Search,1,14190,4355,14190,4355,9835,69.3
5007210,2023-10-08,Milan,Luxury Watches,Silver,Paid Social,1,11734,2501,11734,2501,9233,78.7
5003844,2023-10-08,Paris,Designer Handbags,Silver,Organic Search,1,3100,487,3100,487,2613,84.3
5009541,2023-10-08,Dubai,Designer Handbags,Silver,Paid Social,1,3363,533,3363,533,2830,84.2
5005511,2023-10-08,Milan,Luxury Watches,Platinum (VIP),Paid Social,1,14301,4661,14301,4661,9640,67.4
5002222,2023-10-08,Tokyo,Designer Handbags,First-Time Buyer,Organic Search,1,3237,1107,3237,1107,2130,65.8
5001650,2023-10-08,New York,Fine Jewelry,Gold,Paid Social,1,9863,1771,9863,1771,8092,82.0
5003903,2023-10-08,Milan,Designer Handbags,First-Time Buyer,Exclusive Invite,1,3800,923,3800,923,2877,75.7
5000504,2023-10-08,New York,Fine Jewelry,Gold,Paid Social,1,8573,1534,8573,1534,7039,82.1
5003747,2023-10-08,Dubai,Designer Handbags,Silver,Walk-in,3,3768,971,11304,2913,8391,74.2
5003359,2023-10-08,Tokyo,Luxury Watches,Silver,Organic Search,1,11350,3386,11350,3386,7964,70.2
5005937,2023-10-08,Milan,Luxury Watches,Gold,Paid Social,1,12934,3030,12934,3030,9904,76.6
5007940,2023-10-08,Dubai,Fine Jewelry,First-Time Buyer,Paid Social,1,9274,2404,9274,2404,6870,74.1
5005502,2023-10-09,Milan,Fine Jewelry,First-Time Buyer,Organic Search,1,9752,2312,9752,2312,7440,76.3
5003205,2023-10-09,New York,Fine Jewelry,First-Time Buyer,Walk-in,1,8805,2537,8805,2537,6268,71.2
5001041,2023-10-09,New York,Haute Fragrance,First-Time Buyer,Exclusive Invite,3,373,58,1119,174,945,84.5
5008407,2023-10-09,Milan,Luxury Watches,First-Time Buyer,Walk-in,1,12206,2327,12206,2327,9879,80.9
5005461,2023-10-09,Paris,Designer Handbags,Platinum (VIP),Paid Social,1,3237,573,3237,573,2664,82.3
5008734,2023-10-09,Tokyo,Designer Handbags,First-Time Buyer,Walk-in,1,3747,1307,3747,1307,2440,65.1
5002305,2023-10-09,Dubai,Designer Handbags,Silver,Organic Search,1,3262,1051,3262,1051,2211,67.8
5008394,2023-10-09,New York,Luxury Watches,Gold,Organic Search,1,13517,2668,13517,2668,10849,80.3
5002426,2023-10-09,Tokyo,Luxury Watches,First-Time Buyer,Organic Search,1,11383,3634,11383,3634,7749,68.1
5009815,2023-10-09,Paris,Designer Handbags,Platinum (VIP),Walk-in,1,3776,931,3776,931,2845,75.3
5005490,2023-10-09,Paris,Luxury Watches,Silver,Walk-in,1,13899,3180,13899,3180,10719,77.1
5007621,2023-10-09,New York,Fine Jewelry,Silver,Paid Social,1,8250,2226,8250,2226,6024,73.0
5004529,2023-10-09,Milan,Luxury Watches,Silver,Organic Search,1,13953,3376,13953,3376,10577,75.8
5002013,2023-10-09,Tokyo,Designer Handbags,Silver,Organic Search,1,3721,658,3721,658,3063,82.3
5003858,2023-10-09,Milan,Luxury Watches,Silver,Organic Search,1,11837,2260,11837,2260,9577,80.9
5003298,2023-10-09,Tokyo,Designer Handbags,Silver,Walk-in,1,3090,516,3090,516,2574,83.3
5008626,2023-10-09,Tokyo,Luxury Watches,First-Time Buyer,Organic Search,1,13323,4251,13323,4251,9072,68.1
5002041,2023-10-09,Milan,Luxury Watches,First-Time Buyer,Walk-in,1,13852,3060,13852,3060,10792,77.9
5007127,2023-10-09,Dubai,Fine Jewelry,Platinum (VIP),Organic Search,1,8219,2619,8219,2619,5600,68.1
5002550,2023-10-10,Milan,Designer Handbags,First-Time Buyer,Organic Search,1,3435,1109,3435,1109,2326,67.7
5005586,2023-10-10,New York,Luxury Watches,Platinum (VIP),Organic Search,1,14456,4776,14456,4776,9680,67.0
5008253,2023-10-10,New York,Fine Jewelry,Gold,Exclusive Invite,1,9397,1928,9397,1928,7469,79.5
5002431,2023-10-10,Milan,Haute Fragrance,Gold,Exclusive Invite,1,397,99,397,99,298,75.1
5001570,2023-10-10,Dubai,Designer Handbags,Silver,Organic Search,1,3078,831,3078,831,2247,73.0
5002868,2023-10-10,Paris,Fine Jewelry,Silver,Paid Social,1,7848,2542,7848,2542,5306,67.6
5009888,2023-10-10,Paris,Luxury Watches,Silver,Organic Search,1,13993,3079,13993,3079,10914,78.0
5003322,2023-10-10,Dubai,Fine Jewelry,Silver,Paid Social,1,9465,2551,9465,2551,6914,73.0
5002931,2023-10-10,Tokyo,Haute Fragrance,First-Time Buyer,Exclusive Invite,1,316,92,316,92,224,70.9
5001051,2023-10-10,Milan,Luxury Watches,First-Time Buyer,Walk-in,1,12429,2968,12429,2968,9461,76.1
5008750,2023-10-10,Milan,Designer Handbags,Silver,Organic Search,1,3036,952,3036,952,2084,68.6
5006182,2023-10-11,Milan,Fine Jewelry,Gold,Walk-in,2,9496,2120,18992,4240,14752,77.7
5003878,2023-10-11,Paris,Fine Jewelry,Platinum (VIP),Exclusive Invite,1,9376,1408,9376,1408,7968,85.0
5007166,2023-10-11,Paris,Fine Jewelry,Silver,Organic Search,1,8979,2164,8979,2164,6815,75.9
5002626,2023-10-11,Paris,Luxury Watches,Silver,Walk-in,1,12080,2095,12080,2095,9985,82.7
5008388,2023-10-11,Milan,Designer Handbags,Silver,Exclusive Invite,1,3051,851,3051,851,2200,72.1
5002761,2023-10-11,Paris,Luxury Watches,Gold,Organic Search,1,13711,3404,13711,3404,10307,75.2
5004378,2023-10-11,Paris,Fine Jewelry,Gold,Paid Social,1,10018,2093,10018,2093,7925,79.1
5005765,2023-10-11,New York,Designer Handbags,Gold,Walk-in,1,3228,898,3228,898,2330,72.2
5007360,2023-10-12,Milan,Haute Fragrance,Silver,Paid Social,1,413,113,413,113,300,72.6
5001953,2023-10-12,New York,Designer Handbags,First-Time Buyer,Organic Search,2,3132,948,6264,1896,4368,69.7
5003083,2023-10-12,Tokyo,Haute Fragrance,Silver,Walk-in,1,316,59,316,59,257,81.3
5000330,2023-10-12,Milan,Fine Jewelry,Gold,Organic Search,1,9681,1599,9681,1599,8082,83.5
5002088,2023-10-12,Dubai,Luxury Watches,First-Time Buyer,Organic Search,2,14086,3926,28172,7852,20320,72.1
5006838,2023-10-12,Milan,Designer Handbags,First-Time Buyer,Walk-in,1,3578,735,3578,735,2843,79.5
5008991,2023-10-12,New York,Luxury Watches,First-Time Buyer,Walk-in,1,11981,3201,11981,3201,8780,73.3
5007909,2023-10-12,Paris,Designer Handbags,Gold,Paid Social,1,3652,625,3652,625,3027,82.9
5006876,2023-10-12,Tokyo,Luxury Watches,First-Time Buyer,Organic Search,2,12919,3740,25838,7480,18358,71.1
5007345,2023-10-12,Tokyo,Fine Jewelry,First-Time Buyer,Walk-in,1,8299,2078,8299,2078,6221,75.0
5002545,2023-10-12,New York,Fine Jewelry,Silver,Organic Search,1,8289,2631,8289,2631,5658,68.3
5005476,2023-10-12,Milan,Designer Handbags,Silver,Exclusive Invite,1,3052,915,3052,915,2137,70.0
5006656,2023-10-12,Paris,Designer Handbags,Silver,Organic Search,1,3733,861,3733,861,2872,76.9
5003420,2023-10-13,New York,Designer Handbags,First-Time Buyer,Paid Social,1,2930,442,2930,442,2488,84.9
5005861,2023-10-13,Dubai,Luxury Watches,Silver,Exclusive Invite,1,12585,3850,12585,3850,8735,69.4
5009779,2023-10-13,Milan,Luxury Watches,First-Time Buyer,Organic Search,1,14928,5168,14928,5168,9760,65.4
5003630,2023-10-13,Tokyo,Fine Jewelry,Gold,Walk-in,1,8094,1300,8094,1300,6794,83.9
5009914,2023-10-13,Dubai,Haute Fragrance,First-Time Buyer,Organic Search,1,356,108,356,108,248,69.7
5007042,2023-10-13,Paris,Luxury Watches,First-Time Buyer,Paid Social,1,11304,2701,11304,2701,8603,76.1
5003508,2023-10-13,Dubai,Fine Jewelry,Silver,Walk-in,1,8289,1306,8289,1306,6983,84.2
5004287,2023-10-13,Milan,Luxury Watches,First-Time Buyer,Organic Search,1,12797,4071,12797,4071,8726,68.2
5003727,2023-10-13,Paris,Fine Jewelry,Silver,Organic Search,1,8816,2160,8816,2160,6656,75.5
5009476,2023-10-13,Tokyo,Designer Handbags,Silver,Walk-in,1,3077,593,3077,593,2484,80.7
5008385,2023-10-13,Tokyo,Fine Jewelry,First-Time Buyer,Paid Social,1,10055,2014,10055,2014,8041,80.0
5000361,2023-10-13,Tokyo,Luxury Watches,Gold,Walk-in,1,12380,2216,12380,2216,10164,82.1
5000801,2023-10-13,Dubai,Designer Handbags,First-Time Buyer,Paid Social,1,3654,1098,3654,1098,2556,70.0
5001464,2023-10-13,New York,Designer Handbags,Gold,Paid Social,1,3265,581,3265,581,2684,82.2
5005504,2023-10-13,Dubai,Luxury Watches,Gold,Paid Social,2,14684,2257,29368,4514,24854,84.6
5005874,2023-10-13,New York,Luxury Watches,Platinum (VIP),Paid Social,2,13012,3719,26024,7438,18586,71.4
5004444,2023-10-13,Tokyo,Luxury Watches,Silver,Exclusive Invite,1,14308,3422,14308,3422,10886,76.1
5003525,2023-10-13,New York,Fine Jewelry,Silver,Walk-in,3,9739,1822,29217,5466,23751,81.3
5009436,2023-10-13,Paris,Luxury Watches,Silver,Exclusive Invite,1,11851,2072,11851,2072,9779,82.5
5003746,2023-10-13,Tokyo,Fine Jewelry,First-Time Buyer,Walk-in,1,9625,1499,9625,1499,8126,84.4
5002270,2023-10-13,Paris,Luxury Watches,Silver,Exclusive Invite,1,12616,3772,12616,3772,8844,70.1
5005538,2023-10-14,New York,Designer Handbags,First-Time Buyer,Organic Search,1,3565,695,3565,695,2870,80.5
5001965,2023-10-14,Paris,Luxury Watches,Gold,Paid Social,1,11479,2566,11479,2566,8913,77.6
5004393,2023-10-14,New York,Luxury Watches,Silver,Paid Social,1,12959,2014,12959,2014,10945,84.5
5004316,2023-10-14,Tokyo,Luxury Watches,Silver,Organic Search,1,12226,2831,12226,2831,9395,76.8
5006646,2023-10-14,Dubai,Luxury Watches,Silver,Organic Search,1,12583,3627,12583,3627,8956,71.2
5007476,2023-10-14,Paris,Luxury Watches,First-Time Buyer,Paid Social,1,13832,4335,13832,4335,9497,68.7
5001507,2023-10-14,Tokyo,Haute Fragrance,First-Time Buyer,Organic Search,1,372,112,372,112,260,69.9
5004970,2023-10-14,New York,Designer Handbags,Platinum (VIP),Organic Search,1,3834,670,3834,670,3164,82.5
5007025,2023-10-14,Tokyo,Designer Handbags,Platinum (VIP),Walk-in,1,2977,968,2977,968,2009,67.5
5000176,2023-10-14,New York,Fine Jewelry,Silver,Walk-in,1,7788,2555,7788,2555,5233,67.2
5007016,2023-10-14,Tokyo,Fine Jewelry,First-Time Buyer,Paid Social,1,7969,1714,7969,1714,6255,78.5
5004850,2023-10-14,Paris,Fine Jewelry,Silver,Organic Search,1,9889,2095,9889,2095,7794,78.8
5006833,2023-10-14,New York,Haute Fragrance,First-Time Buyer,Organic Search,1,331,67,331,67,264,79.8
5001111,2023-10-15,Paris,Luxury Watches,Gold,Organic Search,1,12452,2206,12452,2206,10246,82.3
5008731,2023-10-15,New York,Luxury Watches,Silver,Paid Social,2,14375,4345,28750,8690,20060,69.8
5005212,2023-10-15,New York,Designer Handbags,First-Time Buyer,Paid Social,2,3728,667,7456,1334,6122,82.1
5007961,2023-10-15,New York,Haute Fragrance,First-Time Buyer,Paid Social,1,315,81,315,81,234,74.3
5008705,2023-10-15,Paris,Fine Jewelry,Platinum (VIP),Paid Social,1,7923,2051,7923,2051,5872,74.1
5008410,2023-10-15,Milan,Luxury Watches,First-Time Buyer,Paid Social,1,14437,2646,14437,2646,11791,81.7
5004977,2023-10-15,Milan,Designer Handbags,First-Time Buyer,Exclusive Invite,1,3699,664,3699,664,3035,82.0
5000341,2023-10-15,New York,Haute Fragrance,Gold,Organic Search,1,333,62,333,62,271,81.4
5005169,2023-10-16,Milan,Luxury Watches,Silver,Exclusive Invite,2,14284,2915,28568,5830,22738,79.6
5002622,2023-10-16,New York,Haute Fragrance,First-Time Buyer,Organic Search,1,388,128,388,128,260,67.0
5000942,2023-10-16,Dubai,Luxury Watches,Gold,Walk-in,1,11934,3847,11934,3847,8087,67.8
5003354,2023-10-16,Dubai,Haute Fragrance,First-Time Buyer,Organic Search,1,353,65,353,65,288,81.6
5009825,2023-10-16,Paris,Fine Jewelry,Platinum (VIP),Exclusive Invite,1,8967,1664,8967,1664,7303,81.4
5007798,2023-10-16,Tokyo,Fine Jewelry,Platinum (VIP),Paid Social,1,8939,1510,8939,1510,7429,83.1
5009631,2023-10-16,New York,Haute Fragrance,Gold,Exclusive Invite,1,395,95,395,95,300,75.9
5006855,2023-10-16,Paris,Designer Handbags,Silver,Paid Social,1,3375,1164,3375,1164,2211,65.5
5007112,2023-10-16,Milan,Designer Handbags,Silver,Paid Social,1,3533,685,3533,685,2848,80.6
5005424,2023-10-16,Paris,Luxury Watches,Silver,Organic Search,1,14230,4299,14230,4299,9931,69.8
5000592,2023-10-16,Tokyo,Designer Handbags,Gold,Walk-in,1,3644,732,3644,732,2912,79.9
5004147,2023-10-16,Paris,Designer Handbags,First-Time Buyer,Organic Search,1,2941,989,2941,989,1952,66.4
5009586,2023-10-16,Tokyo,Designer Handbags,Gold,Paid Social,1,3353,978,3353,978,2375,70.8
5000502,2023-10-16,New York,Luxury Watches,Silver,Organic Search,1,13220,3217,13220,3217,10003,75.7
5001173,2023-10-16,New York,Designer Handbags,First-Time Buyer,Walk-in,1,3592,800,3592,800,2792,77.7
5007151,2023-10-16,Paris,Haute Fragrance,Silver,Paid Social,1,414,107,414,107,307,74.2
5001429,2023-10-16,Milan,Luxury Watches,Silver,Walk-in,1,13748,3668,13748,3668,10080,73.3
5001973,2023-10-16,New York,Designer Handbags,First-Time Buyer,Organic Search,1,3834,1088,3834,1088,2746,71.6
5006164,2023-10-16,New York,Luxury Watches,Silver,Walk-in,1,12670,2889,12670,2889,9781,77.2
5009473,2023-10-16,Milan,Luxury Watches,Gold,Organic Search,1,11721,2446,11721,2446,9275,79.1
5009681,2023-10-17,Paris,Luxury Watches,Gold,Paid Social,1,14943,5113,14943,5113,9830,65.8
5001151,2023-10-17,Milan,Fine Jewelry,Gold,Paid Social,1,8827,1378,8827,1378,7449,84.4
5003589,2023-10-17,Dubai,Luxury Watches,First-Time Buyer,Walk-in,1,14666,2688,14666,2688,11978,81.7
5009515,2023-10-17,Tokyo,Luxury Watches,Gold,Paid Social,1,11878,3859,11878,3859,8019,67.5
5004194,2023-10-17,Milan,Luxury Watches,Gold,Paid Social,1,13299,3781,13299,3781,9518,71.6
5007342,2023-10-17,New York,Fine Jewelry,Silver,Paid Social,1,8276,2362,8276,2362,5914,71.5
5005474,2023-10-17,New York,Fine Jewelry,Gold,Organic Search,1,7663,2289,7663,2289,5374,70.1
5007304,2023-10-17,New York,Designer Handbags,Silver,Organic Search,1,2972,719,2972,719,2253,75.8
5008086,2023-10-17,Dubai,Luxury Watches,Gold,Organic Search,1,13455,3061,13455,3061,10394,77.3
5005670,2023-10-17,Tokyo,Fine Jewelry,Platinum (VIP),Paid Social,1,8114,2228,8114,2228,5886,72.5
5005036,2023-10-17,Paris,Luxury Watches,First-Time Buyer,Paid Social,2,12193,2850,24386,5700,18686,76.6
5001691,2023-10-17,Tokyo,Luxury Watches,Silver,Paid Social,2,11484,1958,22968,3916,19052,83.0
5005934,2023-10-18,New York,Haute Fragrance,First-Time Buyer,Organic Search,2,338,92,676,184,492,72.8
5009796,2023-10-18,Tokyo,Haute Fragrance,Gold,Walk-in,1,373,69,373,69,304,81.5
5005875,2023-10-18,New York,Luxury Watches,Gold,Walk-in,1,13068,2108,13068,2108,10960,83.9
5000126,2023-10-18,Tokyo,Designer Handbags,Gold,Paid Social,1,3067,978,3067,978,2089,68.1
5001178,2023-10-18,Paris,Fine Jewelry,First-Time Buyer,Walk-in,2,8173,2370,16346,4740,11606,71.0
5008069,2023-10-18,Milan,Haute Fragrance,Gold,Organic Search,1,317,78,317,78,239,75.4
5005683,2023-10-18,Paris,Haute Fragrance,Gold,Exclusive Invite,1,398,138,398,138,260,65.3
5002916,2023-10-18,New York,Fine Jewelry,First-Time Buyer,Walk-in,1,8555,2221,8555,2221,6334,74.0
5007953,2023-10-18,Tokyo,Designer Handbags,Silver,Organic Search,1,2974,808,2974,808,2166,72.8
5009857,2023-10-19,Tokyo,Fine Jewelry,First-Time Buyer,Paid Social,1,9525,2082,9525,2082,7443,78.1
5009802,2023-10-19,Paris,Fine Jewelry,Gold,Exclusive Invite,1,8637,1720,8637,1720,6917,80.1
5006769,2023-10-19,Paris,Luxury Watches,Silver,Walk-in,1,14351,3143,14351,3143,11208,78.1
5007218,2023-10-19,Paris,Fine Jewelry,First-Time Buyer,Organic Search,1,8027,2031,8027,2031,5996,74.7
5002148,2023-10-19,New York,Fine Jewelry,Silver,Walk-in,1,7938,2274,7938,2274,5664,71.4
5001669,2023-10-19,Paris,Designer Handbags,First-Time Buyer,Organic Search,1,3367,820,3367,820,2547,75.6
5000676,2023-10-19,Dubai,Haute Fragrance,Silver,Exclusive Invite,3,410,77,1230,231,999,81.2
5001385,2023-10-19,Paris,Designer Handbags,First-Time Buyer,Paid Social,1,3195,688,3195,688,2507,78.5
5003740,2023-10-19,Tokyo,Luxury Watches,First-Time Buyer,Organic Search,1,13732,3745,13732,3745,9987,72.7
5007711,2023-10-19,Tokyo,Fine Jewelry,First-Time Buyer,Walk-in,1,9740,2873,9740,2873,6867,70.5
5003813,2023-10-19,New York,Designer Handbags,First-Time Buyer,Exclusive Invite,1,2914,781,2914,781,2133,73.2
5003794,2023-10-19,Paris,Designer Handbags,First-Time Buyer,Walk-in,2,2937,983,5874,1966,3908,66.5
5009831,2023-10-19,Dubai,Fine Jewelry,Platinum (VIP),Walk-in,1,9538,2706,9538,2706,6832,71.6
5008709,2023-10-20,Tokyo,Fine Jewelry,First-Time Buyer,Exclusive Invite,1,8711,1651,8711,1651,7060,81.0
5009766,2023-10-20,Dubai,Luxury Watches,Platinum (VIP),Exclusive Invite,3,13106,4086,39318,12258,27060,68.8
5009016,2023-10-20,Dubai,Designer Handbags,First-Time Buyer,Walk-in,1,3527,881,3527,881,2646,75.0
5000213,2023-10-20,Dubai,Fine Jewelry,Silver,Walk-in,1,8199,2515,8199,2515,5684,69.3
5002529,2023-10-20,New York,Fine Jewelry,Silver,Exclusive Invite,1,8762,2119,8762,2119,6643,75.8
5002825,2023-10-20,Tokyo,Designer Handbags,Platinum (VIP),Paid Social,1,3230,862,3230,862,2368,73.3
5006752,2023-10-20,Dubai,Luxury Watches,Silver,Walk-in,1,13964,4616,13964,4616,9348,66.9
5001577,2023-10-20,New York,Haute Fragrance,Silver,Paid Social,2,319,96,638,192,446,69.9
5001299,2023-10-20,Tokyo,Designer Handbags,Silver,Exclusive Invite,1,3402,619,3402,619,2783,81.8
5000618,2023-10-20,New York,Luxury Watches,Silver,Organic Search,1,14530,2262,14530,2262,12268,84.4
5009179,2023-10-20,Milan,Designer Handbags,First-Time Buyer,Organic Search,1,3155,720,3155,720,2435,77.2
5002653,2023-10-20,Paris,Designer Handbags,Gold,Organic Search,1,3545,1126,3545,1126,2419,68.2
5008799,2023-10-20,Tokyo,Designer Handbags,Gold,Paid Social,1,3621,928,3621,928,2693,74.4
5002500,2023-10-20,Paris,Fine Jewelry,First-Time Buyer,Paid Social,1,7912,2720,7912,2720,5192,65.6
5008380,2023-10-20,Dubai,Designer Handbags,First-Time Buyer,Paid Social,1,3409,836,3409,836,2573,75.5
5008096,2023-10-20,Paris,Designer Handbags,First-Time Buyer,Walk-in,1,3260,551,3260,551,2709,83.1
5001628,2023-10-21,New York,Designer Handbags,First-Time Buyer,Exclusive Invite,1,3036,1001,3036,1001,2035,67.0
5003080,2023-10-21,Dubai,Luxury Watches,Platinum (VIP),Paid Social,1,12903,1977,12903,1977,10926,84.7
5007018,2023-10-21,Dubai,Designer Handbags,First-Time Buyer,Organic Search,1,3638,1208,3638,1208,2430,66.8
5004314,2023-10-21,Tokyo,Designer Handbags,Silver,Organic Search,1,3401,545,3401,545,2856,84.0
5000827,2023-10-21,Paris,Designer Handbags,First-Time Buyer,Paid Social,1,3698,1026,3698,1026,2672,72.3
5002844,2023-10-21,Paris,Designer Handbags,First-Time Buyer,Paid Social,1,3755,621,3755,621,3134,83.5
5004026,2023-10-21,Dubai,Luxury Watches,Gold,Walk-in,1,14520,3230,14520,3230,11290,77.8
5009698,2023-10-21,Paris,Designer Handbags,Platinum (VIP),Organic Search,1,3338,540,3338,540,2798,83.8
5006175,2023-10-21,Tokyo,Luxury Watches,Silver,Organic Search,1,11292,3407,11292,3407,7885,69.8
5001274,2023-10-21,New York,Luxury Watches,Gold,Paid Social,2,12040,3928,24080,7856,16224,67.4
5001482,2023-10-21,Paris,Designer Handbags,Silver,Walk-in,1,3565,597,3565,597,2968,83.3
5005685,2023-10-21,Milan,Haute Fragrance,First-Time Buyer,Walk-in,1,352,95,352,95,257,73.0
5004875,2023-10-21,New York,Luxury Watches,Silver,Organic Search,1,14165,3191,14165,3191,10974,77.5
5006332,2023-10-21,Paris,Luxury Watches,First-Time Buyer,Exclusive Invite,1,12911,2170,12911,2170,10741,83.2
5005763,2023-10-21,New York,Designer Handbags,First-Time Buyer,Paid Social,1,3392,631,3392,631,2761,81.4
5009220,2023-10-21,Milan,Designer Handbags,Platinum (VIP),Exclusive Invite,1,3527,1170,3527,1170,2357,66.8
5002707,2023-10-21,Paris,Designer Handbags,First-Time Buyer,Organic Search,1,3284,548,3284,548,2736,83.3
5001535,2023-10-21,New York,Designer Handbags,First-Time Buyer,Exclusive Invite,1,3145,933,3145,933,2212,70.3
5005498,2023-10-21,Tokyo,Fine Jewelry,Silver,Organic Search,1,9239,2652,9239,2652,6587,71.3
5001926,2023-10-21,Milan,Designer Handbags,First-Time Buyer,Exclusive Invite,1,3519,895,3519,895,2624,74.6
5000417,2023-10-21,New York,Luxury Watches,Silver,Paid Social,1,12153,4051,12153,4051,8102,66.7
5003585,2023-10-21,New York,Luxury Watches,Gold,Walk-in,1,12906,3893,12906,3893,9013,69.8
5002762,2023-10-22,Tokyo,Designer Handbags,Silver,Walk-in,1,3409,1071,3409,1071,2338,68.6
5008914,2023-10-22,Paris,Designer Handbags,First-Time Buyer,Organic Search,3,3633,842,10899,2526,8373,76.8
5002174,2023-10-22,New York,Designer Handbags,First-Time Buyer,Paid Social,1,3767,1175,3767,1175,2592,68.8
5003760,2023-10-22,Paris,Luxury Watches,Gold,Organic Search,1,13987,3364,13987,3364,10623,75.9
5007825,2023-10-22,Dubai,Designer Handbags,First-Time Buyer,Exclusive Invite,2,3410,975,6820,1950,4870,71.4
5005355,2023-10-22,New York,Luxury Watches,First-Time Buyer,Paid Social,1,14474,4449,14474,4449,10025,69.3
5001092,2023-10-22,Dubai,Designer Handbags,Silver,Paid Social,1,3761,1286,3761,1286,2475,65.8
5005435,2023-10-22,Paris,Haute Fragrance,Silver,Exclusive Invite,1,402,122,402,122,280,69.7
5005466,2023-10-22,Tokyo,Designer Handbags,First-Time Buyer,Organic Search,1,3735,1007,3735,1007,2728,73.0
5006688,2023-10-22,Tokyo,Haute Fragrance,Gold,Paid Social,1,417,75,417,75,342,82.0
5004792,2023-10-22,Dubai,Designer Handbags,Silver,Paid Social,1,3604,625,3604,625,2979,82.7
5009684,2023-10-22,Dubai,Fine Jewelry,First-Time Buyer,Paid Social,1,8700,2689,8700,2689,6011,69.1
5000833,2023-10-22,Milan,Designer Handbags,Gold,Walk-in,1,3055,724,3055,724,2331,76.3
5003641,2023-10-22,Paris,Fine Jewelry,First-Time Buyer,Organic Search,1,9275,1506,9275,1506,7769,83.8
5009368,2023-10-22,Paris,Fine Jewelry,First-Time Buyer,Walk-in,1,10048,1550,10048,1550,8498,84.6
5001307,2023-10-22,Dubai,Designer Handbags,Gold,Paid Social,2,3557,808,7114,1616,5498,77.3
5004336,2023-10-23,Tokyo,Luxury Watches,First-Time Buyer,Organic Search,1,11601,3844,11601,3844,7757,66.9
5008397,2023-10-23,Tokyo,Luxury Watches,Silver,Organic Search,1,11810,2321,11810,2321,9489,80.3
5002291,2023-10-23,New York,Fine Jewelry,Silver,Walk-in,1,8922,1755,8922,1755,7167,80.3
5008538,2023-10-23,Tokyo,Designer Handbags,Silver,Paid Social,1,3118,685,3118,685,2433,78.0
5005799,2023-10-23,Paris,Luxury Watches,Gold,Walk-in,1,11995,3919,11995,3919,8076,67.3
5003689,2023-10-23,New York,Designer Handbags,Platinum (VIP),Exclusive Invite,2,2917,474,5834,948,4886,83.8
5003976,2023-10-23,New York,Designer Handbags,Silver,Paid Social,1,3019,1049,3019,1049,1970,65.3
5004609,2023-10-23,New York,Designer Handbags,Gold,Walk-in,1,3245,586,3245,586,2659,81.9
5000932,2023-10-23,Paris,Designer Handbags,First-Time Buyer,Walk-in,1,3064,1011,3064,1011,2053,67.0
5000777,2023-10-23,New York,Fine Jewelry,Platinum (VIP),Walk-in,1,8118,2324,8118,2324,5794,71.4
5002832,2023-10-23,Paris,Haute Fragrance,First-Time Buyer,Walk-in,1,354,98,354,98,256,72.3
5006534,2023-10-23,Dubai,Designer Handbags,Gold,Organic Search,1,3798,1073,3798,1073,2725,71.7
5001432,2023-10-23,Tokyo,Haute Fragrance,Silver,Paid Social,1,336,77,336,77,259,77.1
5005335,2023-10-23,New York,Luxury Watches,First-Time Buyer,Exclusive Invite,1,13015,3650,13015,3650,9365,72.0
5002856,2023-10-23,Dubai,Haute Fragrance,Silver,Organic Search,1,329,71,329,71,258,78.4
5006267,2023-10-23,Dubai,Fine Jewelry,Silver,Paid Social,2,9327,3180,18654,6360,12294,65.9
5009023,2023-10-24,New York,Luxury Watches,Platinum (VIP),Organic Search,1,11588,3130,11588,3130,8458,73.0
5009123,2023-10-24,Dubai,Designer Handbags,First-Time Buyer,Exclusive Invite,1,3797,1286,3797,1286,2511,66.1
5007424,2023-10-24,New York,Designer Handbags,First-Time Buyer,Organic Search,1,3349,581,3349,581,2768,82.7
5005829,2023-10-24,Milan,Haute Fragrance,First-Time Buyer,Exclusive Invite,2,374,130,748,260,488,65.2
5008900,2023-10-24,Milan,Luxury Watches,Gold,Organic Search,1,13395,4457,13395,4457,8938,66.7
5000820,2023-10-24,Paris,Designer Handbags,First-Time Buyer,Walk-in,1,3250,886,3250,886,2364,72.7
5009799,2023-10-24,Paris,Luxury Watches,Gold,Organic Search,1,13349,3894,13349,3894,9455,70.8
5000717,2023-10-24,Milan,Fine Jewelry,Silver,Exclusive Invite,1,8068,1969,8068,1969,6099,75.6
5007460,2023-10-24,Paris,Fine Jewelry,First-Time Buyer,Organic Search,1,9061,1571,9061,1571,7490,82.7
5005772,2023-10-24,Dubai,Haute Fragrance,Silver,Walk-in,1,362,56,362,56,306,84.5
5009311,2023-10-24,Milan,Fine Jewelry,First-Time Buyer,Organic Search,1,10087,2699,10087,2699,7388,73.2
5002070,2023-10-25,New York,Haute Fragrance,First-Time Buyer,Walk-in,1,380,120,380,120,260,68.4
5002848,2023-10-25,Paris,Haute Fragrance,Gold,Organic Search,1,403,138,403,138,265,65.8
5003803,2023-10-25,Milan,Luxury Watches,First-Time Buyer,Paid Social,1,11736,2404,11736,2404,9332,79.5
5003724,2023-10-25,Paris,Luxury Watches,Silver,Organic Search,1,11334,2479,11334,2479,8855,78.1
5000060,2023-10-25,Tokyo,Luxury Watches,Gold,Paid Social,1,12023,3638,12023,3638,8385,69.7
5005991,2023-10-25,Milan,Haute Fragrance,Platinum (VIP),Organic Search,1,374,84,374,84,290,77.5
5001501,2023-10-25,Milan,Luxury Watches,Gold,Paid Social,1,13554,2954,13554,2954,10600,78.2
5004939,2023-10-25,Paris,Designer Handbags,Silver,Paid Social,1,3203,872,3203,872,2331,72.8
5004363,2023-10-25,Paris,Luxury Watches,First-Time Buyer,Paid Social,1,11300,2183,11300,2183,9117,80.7
5008218,2023-10-25,Tokyo,Designer Handbags,Silver,Exclusive Invite,1,3145,827,3145,827,2318,73.7
5000908,2023-10-25,Tokyo,Designer Handbags,First-Time Buyer,Organic Search,1,3096,540,3096,540,2556,82.6
5002317,2023-10-25,Paris,Luxury Watches,First-Time Buyer,Walk-in,1,13470,2035,13470,2035,11435,84.9
5009428,2023-10-25,Tokyo,Luxury Watches,First-Time Buyer,Organic Search,1,12077,1906,12077,1906,10171,84.2
5007033,2023-10-25,New York,Designer Handbags,First-Time Buyer,Walk-in,1,3757,868,3757,868,2889,76.9
5001415,2023-10-26,New York,Luxury Watches,First-Time Buyer,Paid Social,1,13574,4159,13574,4159,9415,69.4
5006848,2023-10-26,New York,Haute Fragrance,Platinum (VIP),Walk-in,1,374,95,374,95,279,74.6
5008881,2023-10-26,Milan,Designer Handbags,Silver,Organic Search,1,3590,1011,3590,1011,2579,71.8
5009030,2023-10-26,Dubai,Designer Handbags,First-Time Buyer,Walk-in,2,3391,693,6782,1386,5396,79.6
5009235,2023-10-26,Paris,Designer Handbags,First-Time Buyer,Organic Search,1,3615,582,3615,582,3033,83.9
5009762,2023-10-26,Paris,Luxury Watches,Gold,Exclusive Invite,1,12772,3093,12772,3093,9679,75.8
5002225,2023-10-26,Dubai,Fine Jewelry,Gold,Organic Search,1,9119,1835,9119,1835,7284,79.9
5009806,2023-10-26,Tokyo,Designer Handbags,First-Time Buyer,Paid Social,1,3738,674,3738,674,3064,82.0
5008561,2023-10-26,Paris,Designer Handbags,Gold,Paid Social,1,3461,1099,3461,1099,2362,68.2
5008123,2023-10-26,Tokyo,Designer Handbags,Gold,Paid Social,1,3402,512,3402,512,2890,85.0
5000039,2023-10-26,New York,Designer Handbags,Silver,Paid Social,1,3302,1115,3302,1115,2187,66.2
5000630,2023-10-26,Paris,Designer Handbags,Silver,Paid Social,1,3202,919,3202,919,2283,71.3
5002236,2023-10-26,Tokyo,Haute Fragrance,First-Time Buyer,Walk-in,3,327,54,981,162,819,83.5
5004735,2023-10-26,Tokyo,Luxury Watches,Gold,Organic Search,1,11921,2126,11921,2126,9795,82.2
5004852,2023-10-26,Paris,Luxury Watches,Gold,Exclusive Invite,1,14266,2298,14266,2298,11968,83.9
5001440,2023-10-27,Dubai,Luxury Watches,Platinum (VIP),Walk-in,2,14082,4282,28164,8564,19600,69.6
5000362,2023-10-27,Paris,Fine Jewelry,First-Time Buyer,Exclusive Invite,1,9845,2330,9845,2330,7515,76.3
5001844,2023-10-27,Tokyo,Fine Jewelry,First-Time Buyer,Organic Search,2,9497,2748,18994,5496,13498,71.1
5008854,2023-10-27,New York,Luxury Watches,Silver,Organic Search,1,13902,2437,13902,2437,11465,82.5
5005635,2023-10-27,Paris,Fine Jewelry,Gold,Organic Search,3,9404,1885,28212,5655,22557,80.0
5002482,2023-10-27,Dubai,Designer Handbags,Gold,Organic Search,1,3129,970,3129,970,2159,69.0
5002370,2023-10-27,Tokyo,Designer Handbags,First-Time Buyer,Paid Social,1,3721,1029,3721,1029,2692,72.3
5003863,2023-10-27,New York,Fine Jewelry,Silver,Organic Search,1,9836,2764,9836,2764,7072,71.9
5000756,2023-10-27,Tokyo,Haute Fragrance,Gold,Organic Search,1,357,61,357,61,296,82.9
5005539,2023-10-27,Tokyo,Haute Fragrance,First-Time Buyer,Exclusive Invite,1,351,88,351,88,263,74.9
5009966,2023-10-27,Tokyo,Fine Jewelry,First-Time Buyer,Walk-in,1,8236,1630,8236,1630,6606,80.2
5002759,2023-10-27,Tokyo,Haute Fragrance,Gold,Organic Search,1,353,118,353,118,235,66.6
5009725,2023-10-27,Tokyo,Designer Handbags,Silver,Exclusive Invite,2,3185,1006,6370,2012,4358,68.4
5003421,2023-10-28,Tokyo,Designer Handbags,Silver,Paid Social,1,2949,491,2949,491,2458,83.4
5005639,2023-10-28,Milan,Fine Jewelry,Platinum (VIP),Organic Search,1,8879,1864,8879,1864,7015,79.0
5005585,2023-10-28,Milan,Designer Handbags,First-Time Buyer,Paid Social,1,3370,511,3370,511,2859,84.8
5007073,2023-10-28,Dubai,Haute Fragrance,Silver,Organic Search,2,355,110,710,220,490,69.0
5001359,2023-10-28,New York,Designer Handbags,Gold,Paid Social,1,3422,1118,3422,1118,2304,67.3
5005911,2023-10-28,Paris,Designer Handbags,Gold,Organic Search,1,3788,1092,3788,1092,2696,71.2
5006166,2023-10-28,Milan,Luxury Watches,First-Time Buyer,Organic Search,1,11393,2652,11393,2652,8741,76.7
5006143,2023-10-28,Milan,Fine Jewelry,Gold,Walk-in,1,8719,2372,8719,2372,6347,72.8
5008974,2023-10-28,Dubai,Luxury Watches,Silver,Walk-in,1,11726,2221,11726,2221,9505,81.1
5007534,2023-10-28,Milan,Fine Jewelry,First-Time Buyer,Paid Social,1,9662,1644,9662,1644,8018,83.0
5006115,2023-10-28,Tokyo,Luxury Watches,First-Time Buyer,Walk-in,1,14515,2359,14515,2359,12156,83.7
5001848,2023-10-28,New York,Haute Fragrance,First-Time Buyer,Walk-in,3,351,67,1053,201,852,80.9
5001671,2023-10-29,Tokyo,Fine Jewelry,Gold,Organic Search,1,8952,1624,8952,1624,7328,81.9
5002540,2023-10-29,Paris,Fine Jewelry,Silver,Exclusive Invite,3,9196,2333,27588,6999,20589,74.6
5004216,2023-10-29,New York,Fine Jewelry,First-Time Buyer,Organic Search,1,9633,2682,9633,2682,6951,72.2
5000922,2023-10-29,New York,Luxury Watches,First-Time Buyer,Exclusive Invite,1,12438,4090,12438,4090,8348,67.1
5006948,2023-10-29,New York,Luxury Watches,First-Time Buyer,Walk-in,1,13598,3978,13598,3978,9620,70.7
5000706,2023-10-29,Tokyo,Designer Handbags,First-Time Buyer,Walk-in,1,3560,1143,3560,1143,2417,67.9
5001406,2023-10-29,New York,Fine Jewelry,Silver,Walk-in,2,9516,2341,19032,4682,14350,75.4
5004111,2023-10-29,Milan,Designer Handbags,Silver,Organic Search,1,3698,1219,3698,1219,2479,67.0
5008784,2023-10-29,Tokyo,Designer Handbags,Gold,Paid Social,1,3143,760,3143,760,2383,75.8
5007567,2023-10-29,New York,Luxury Watches,First-Time Buyer,Organic Search,2,13642,3262,27284,6524,20760,76.1
5004482,2023-10-29,Milan,Fine Jewelry,Gold,Walk-in,2,9677,2659,19354,5318,14036,72.5
5003761,2023-10-29,Dubai,Luxury Watches,Silver,Walk-in,2,14942,3602,29884,7204,22680,75.9
5007925,2023-10-29,New York,Fine Jewelry,Gold,Exclusive Invite,1,9766,2976,9766,2976,6790,69.5
5004934,2023-10-29,New York,Fine Jewelry,Gold,Walk-in,2,9023,1963,18046,3926,14120,78.2
5007248,2023-10-29,New York,Haute Fragrance,Silver,Organic Search,1,394,116,394,116,278,70.6
5009102,2023-10-29,Tokyo,Designer Handbags,Silver,Organic Search,1,3804,899,3804,899,2905,76.4
5004778,2023-10-30,Paris,Designer Handbags,First-Time Buyer,Organic Search,1,2946,650,2946,650,2296,77.9
5000426,2023-10-30,Tokyo,Designer Handbags,Silver,Walk-in,3,3573,804,10719,2412,8307,77.5
5007800,2023-10-30,New York,Designer Handbags,Gold,Walk-in,1,3148,676,3148,676,2472,78.5
5003716,2023-10-30,Dubai,Fine Jewelry,Gold,Organic Search,1,8466,2525,8466,2525,5941,70.2
5009213,2023-10-30,Dubai,Designer Handbags,First-Time Buyer,Exclusive Invite,1,3767,1070,3767,1070,2697,71.6
5008004,2023-10-30,Tokyo,Designer Handbags,Gold,Exclusive Invite,1,3188,559,3188,559,2629,82.5
5008129,2023-10-30,New York,Designer Handbags,Silver,Walk-in,1,3430,687,3430,687,2743,80.0
5007572,2023-10-30,New York,Luxury Watches,First-Time Buyer,Organic Search,1,13867,4295,13867,4295,9572,69.0
5004606,2023-10-30,Dubai,Fine Jewelry,First-Time Buyer,Exclusive Invite,1,8864,2647,8864,2647,6217,70.1
5008236,2023-10-30,New York,Haute Fragrance,First-Time Buyer,Walk-in,2,371,129,742,258,484,65.2
5006871,2023-10-30,Milan,Designer Handbags,Platinum (VIP),Organic Search,1,2921,793,2921,793,2128,72.9
5005240,2023-10-30,New York,Fine Jewelry,Platinum (VIP),Paid Social,1,8211,1920,8211,1920,6291,76.6
5006837,2023-10-30,Dubai,Fine Jewelry,First-Time Buyer,Exclusive Invite,1,7799,2050,7799,2050,5749,73.7
5009562,2023-10-30,Tokyo,Luxury Watches,First-Time Buyer,Walk-in,1,12194,3062,12194,3062,9132,74.9
5004831,2023-10-30,Tokyo,Fine Jewelry,First-Time Buyer,Paid Social,1,10162,3513,10162,3513,6649,65.4
5008904,2023-10-30,New York,Fine Jewelry,Silver,Exclusive Invite,1,8041,2011,8041,2011,6030,75.0
5005745,2023-10-31,Milan,Luxury Watches,First-Time Buyer,Paid Social,1,14379,2696,14379,2696,11683,81.3
5006435,2023-10-31,Dubai,Fine Jewelry,Gold,Organic Search,1,9627,2158,9627,2158,7469,77.6
5008832,2023-10-31,Tokyo,Luxury Watches,Silver,Organic Search,1,13976,2923,13976,2923,11053,79.1
5004290,2023-10-31,Paris,Luxury Watches,First-Time Buyer,Exclusive Invite,1,14888,4938,14888,4938,9950,66.8
5007821,2023-10-31,New York,Luxury Watches,First-Time Buyer,Organic Search,1,13282,4612,13282,4612,8670,65.3
5002585,2023-10-31,Milan,Luxury Watches,First-Time Buyer,Organic Search,1,14465,4833,14465,4833,9632,66.6
5001499,2023-10-31,New York,Fine Jewelry,Silver,Walk-in,1,9793,3362,9793,3362,6431,65.7
5001043,2023-10-31,Paris,Fine Jewelry,Silver,Paid Social,1,8745,2992,8745,2992,5753,65.8
5000165,2023-10-31,Dubai,Luxury Watches,Silver,Organic Search,1,12604,2296,12604,2296,10308,81.8
5001801,2023-10-31,New York,Designer Handbags,First-Time Buyer,Organic Search,1,3779,1218,3779,1218,2561,67.8
5006535,2023-10-31,New York,Designer Handbags,Silver,Walk-in,1,3688,716,3688,716,2972,80.6
5001142,2023-10-31,Dubai,Haute Fragrance,First-Time Buyer,Organic Search,1,382,57,382,57,325,85.1
5003818,2023-10-31,Tokyo,Designer Handbags,Silver,Paid Social,2,3559,1022,7118,2044,5074,71.3
5002519,2023-11-01,Tokyo,Fine Jewelry,Silver,Paid Social,1,8658,1714,8658,1714,6944,80.2
5003725,2023-11-01,Paris,Fine Jewelry,First-Time Buyer,Walk-in,1,9121,2167,9121,2167,6954,76.2
5007052,2023-11-01,Milan,Designer Handbags,Platinum (VIP),Paid Social,1,2964,774,2964,774,2190,73.9
5009900,2023-11-01,Dubai,Designer Handbags,Gold,Organic Search,1,3046,685,3046,685,2361,77.5
5008680,2023-11-01,New York,Designer Handbags,First-Time Buyer,Organic Search,1,3568,687,3568,687,2881,80.7
5007050,2023-11-01,Dubai,Designer Handbags,Silver,Paid Social,1,2927,944,2927,944,1983,67.7
5007655,2023-11-01,Tokyo,Designer Handbags,Silver,Walk-in,1,3344,713,3344,713,2631,78.7
5003021,2023-11-01,Tokyo,Haute Fragrance,First-Time Buyer,Paid Social,1,333,97,333,97,236,70.9
5002556,2023-11-01,Paris,Luxury Watches,Silver,Walk-in,1,11660,2330,11660,2330,9330,80.0
5006210,2023-11-01,Paris,Designer Handbags,Platinum (VIP),Walk-in,2,3464,571,6928,1142,5786,83.5
5000390,2023-11-01,Milan,Designer Handbags,First-Time Buyer,Organic Search,1,2966,658,2966,658,2308,77.8
5004541,2023-11-01,Milan,Haute Fragrance,First-Time Buyer,Organic Search,1,323,61,323,61,262,81.1
5009889,2023-11-01,New York,Luxury Watches,Platinum (VIP),Organic Search,1,13172,2545,13172,2545,10627,80.7
5000490,2023-11-01,Tokyo,Luxury Watches,Gold,Walk-in,1,12862,3954,12862,3954,8908,69.3
5002462,2023-11-01,Tokyo,Luxury Watches,Silver,Exclusive Invite,1,12000,2280,12000,2280,9720,81.0
5009785,2023-11-01,New York,Luxury Watches,Silver,Organic Search,1,11416,3114,11416,3114,8302,72.7
5000396,2023-11-01,New York,Designer Handbags,First-Time Buyer,Organic Search,1,3358,1133,3358,1133,2225,66.3
5006812,2023-11-01,New York,Luxury Watches,Gold,Paid Social,1,12860,2598,12860,2598,10262,79.8
5003305,2023-11-02,Tokyo,Designer Handbags,Silver,Exclusive Invite,1,3345,845,3345,845,2500,74.7
5004622,2023-11-02,New York,Luxury Watches,Platinum (VIP),Paid Social,1,14617,4451,14617,4451,10166,69.5
5006884,2023-11-02,Dubai,Luxury Watches,Silver,Paid Social,1,14080,3263,14080,3263,10817,76.8
5004263,2023-11-02,Dubai,Luxury Watches,First-Time Buyer,Walk-in,1,11759,2492,11759,2492,9267,78.8
5008718,2023-11-02,Paris,Designer Handbags,Platinum (VIP),Organic Search,1,2944,802,2944,802,2142,72.8
5005352,2023-11-02,Tokyo,Luxury Watches,First-Time Buyer,Paid Social,1,12763,4388,12763,4388,8375,65.6
5009227,2023-11-02,New York,Haute Fragrance,Silver,Organic Search,2,322,71,644,142,502,78.0
5001382,2023-11-02,Dubai,Designer Handbags,Gold,Exclusive Invite,1,3389,1021,3389,1021,2368,69.9
5006436,2023-11-02,New York,Luxury Watches,First-Time Buyer,Paid Social,1,13451,3130,13451,3130,10321,76.7
5004488,2023-11-02,New York,Luxury Watches,Silver,Organic Search,2,11796,2573,23592,5146,18446,78.2
5001411,2023-11-02,Milan,Haute Fragrance,First-Time Buyer,Organic Search,1,339,99,339,99,240,70.8
5002265,2023-11-02,Tokyo,Fine Jewelry,First-Time Buyer,Paid Social,2,9863,2881,19726,5762,13964,70.8
5009821,2023-11-03,Dubai,Luxury Watches,First-Time Buyer,Organic Search,1,12087,4007,12087,4007,8080,66.8
5000488,2023-11-03,Paris,Designer Handbags,Gold,Paid Social,1,3803,1047,3803,1047,2756,72.5
5002701,2023-11-03,Milan,Luxury Watches,Silver,Walk-in,1,13235,4541,13235,4541,8694,65.7
5001876,2023-11-03,New York,Fine Jewelry,First-Time Buyer,Organic Search,2,8743,2787,17486,5574,11912,68.1
5003262,2023-11-03,Paris,Fine Jewelry,Gold,Organic Search,1,9523,2190,9523,2190,7333,77.0
5009169,2023-11-03,New York,Designer Handbags,Silver,Organic Search,1,3544,985,3544,985,2559,72.2
5001474,2023-11-03,Paris,Luxury Watches,First-Time Buyer,Organic Search,1,12274,4217,12274,4217,8057,65.6
5004189,2023-11-03,New York,Haute Fragrance,Platinum (VIP),Organic Search,1,340,77,340,77,263,77.4
5004659,2023-11-03,Milan,Luxury Watches,Platinum (VIP),Organic Search,3,13017,2616,39051,7848,31203,79.9
5006840,2023-11-03,New York,Designer Handbags,Platinum (VIP),Exclusive Invite,1,2905,1001,2905,1001,1904,65.5
5001707,2023-11-03,Paris,Fine Jewelry,First-Time Buyer,Organic Search,1,7743,2241,7743,2241,5502,71.1
5002882,2023-11-03,Tokyo,Luxury Watches,Platinum (VIP),Organic Search,2,11793,2140,23586,4280,19306,81.9
5006650,2023-11-03,Tokyo,Luxury Watches,First-Time Buyer,Walk-in,1,12100,2963,12100,2963,9137,75.5
5003703,2023-11-03,New York,Luxury Watches,Silver,Organic Search,1,13184,3799,13184,3799,9385,71.2
5008843,2023-11-03,Dubai,Designer Handbags,Gold,Exclusive Invite,1,3069,466,3069,466,2603,84.8
5009456,2023-11-03,Paris,Designer Handbags,Silver,Organic Search,1,3619,783,3619,783,2836,78.4
5008641,2023-11-04,Tokyo,Designer Handbags,Silver,Walk-in,1,3812,1057,3812,1057,2755,72.3
5005025,2023-11-04,Tokyo,Luxury Watches,First-Time Buyer,Exclusive Invite,1,11881,2681,11881,2681,9200,77.4
5006169,2023-11-04,Milan,Designer Handbags,First-Time Buyer,Organic Search,1,3669,1194,3669,1194,2475,67.5
5004435,2023-11-04,Milan,Luxury Watches,First-Time Buyer,Exclusive Invite,1,12705,2106,12705,2106,10599,83.4
5007958,2023-11-04,New York,Luxury Watches,First-Time Buyer,Walk-in,1,13681,2725,13681,2725,10956,80.1
5007806,2023-11-04,Dubai,Fine Jewelry,Silver,Organic Search,1,9182,1543,9182,1543,7639,83.2
5009115,2023-11-04,Milan,Luxury Watches,Silver,Walk-in,1,14651,2961,14651,2961,11690,79.8
5007771,2023-11-04,New York,Haute Fragrance,Silver,Organic Search,1,350,100,350,100,250,71.4
5006854,2023-11-04,Tokyo,Designer Handbags,Silver,Paid Social,1,3170,994,3170,994,2176,68.6
5008331,2023-11-04,Milan,Luxury Watches,First-Time Buyer,Organic Search,1,11933,2246,11933,2246,9687,81.2
5002884,2023-11-04,Paris,Designer Handbags,First-Time Buyer,Organic Search,1,3807,1155,3807,1155,2652,69.7
5001730,2023-11-04,Paris,Designer Handbags,Silver,Organic Search,1,3387,808,3387,808,2579,76.1
5000408,2023-11-04,New York,Designer Handbags,First-Time Buyer,Paid Social,1,3704,1145,3704,1145,2559,69.1
5004274,2023-11-04,Paris,Designer Handbags,First-Time Buyer,Walk-in,1,3360,935,3360,935,2425,72.2
5001717,2023-11-04,Tokyo,Haute Fragrance,Silver,Exclusive Invite,1,315,66,315,66,249,79.0
5008513,2023-11-05,Milan,Designer Handbags,Silver,Organic Search,1,3737,877,3737,877,2860,76.5
5003136,2023-11-05,Milan,Designer Handbags,Gold,Paid Social,1,3350,706,3350,706,2644,78.9
5004556,2023-11-05,New York,Fine Jewelry,First-Time Buyer,Organic Search,2,8804,1448,17608,2896,14712,83.6
5003564,2023-11-05,New York,Luxury Watches,Platinum (VIP),Organic Search,1,14847,4816,14847,4816,10031,67.6
5002665,2023-11-05,Tokyo,Fine Jewelry,Silver,Organic Search,1,9496,2560,9496,2560,6936,73.0
5008981,2023-11-05,Paris,Designer Handbags,Silver,Walk-in,1,3774,1199,3774,1199,2575,68.2
5007629,2023-11-05,Milan,Luxury Watches,First-Time Buyer,Walk-in,1,11827,2833,11827,2833,8994,76.0
5007836,2023-11-05,Paris,Luxury Watches,Platinum (VIP),Organic Search,1,11962,3075,11962,3075,8887,74.3
5003875,2023-11-05,Paris,Haute Fragrance,First-Time Buyer,Organic Search,1,398,108,398,108,290,72.9
5003454,2023-11-05,Dubai,Fine Jewelry,First-Time Buyer,Organic Search,1,9396,2612,9396,2612,6784,72.2
5003225,2023-11-05,Dubai,Haute Fragrance,First-Time Buyer,Walk-in,1,330,114,330,114,216,65.5
5006586,2023-11-05,Dubai,Luxury Watches,First-Time Buyer,Organic Search,1,12147,3042,12147,3042,9105,75.0
5008699,2023-11-05,New York,Haute Fragrance,Silver,Walk-in,1,376,102,376,102,274,72.9
5006571,2023-11-05,Milan,Designer Handbags,Silver,Walk-in,1,3494,941,3494,941,2553,73.1
5003235,2023-11-05,Paris,Designer Handbags,First-Time Buyer,Walk-in,1,3747,1106,3747,1106,2641,70.5
5007526,2023-11-05,Milan,Designer Handbags,Silver,Organic Search,1,3630,659,3630,659,2971,81.8
5004612,2023-11-05,Paris,Designer Handbags,Silver,Organic Search,1,3364,956,3364,956,2408,71.6
5007970,2023-11-05,Milan,Fine Jewelry,Gold,Paid Social,3,9666,2327,28998,6981,22017,75.9
5009922,2023-11-05,Dubai,Designer Handbags,Gold,Walk-in,1,3542,834,3542,834,2708,76.5
5009248,2023-11-05,Paris,Designer Handbags,First-Time Buyer,Organic Search,1,2995,507,2995,507,2488,83.1
5004473,2023-11-05,Milan,Designer Handbags,Silver,Paid Social,3,3800,1221,11400,3663,7737,67.9
5009808,2023-11-05,New York,Haute Fragrance,First-Time Buyer,Organic Search,1,337,113,337,113,224,66.5
5006850,2023-11-05,New York,Fine Jewelry,Silver,Walk-in,1,9836,1622,9836,1622,8214,83.5
5003381,2023-11-06,Dubai,Haute Fragrance,First-Time Buyer,Walk-in,1,396,106,396,106,290,73.2
5002203,2023-11-06,New York,Luxury Watches,First-Time Buyer,Walk-in,1,14778,3310,14778,3310,11468,77.6
5003701,2023-11-06,Tokyo,Fine Jewelry,First-Time Buyer,Organic Search,1,8970,1650,8970,1650,7320,81.6
5009013,2023-11-06,Dubai,Fine Jewelry,First-Time Buyer,Paid Social,1,8165,2148,8165,2148,6017,73.7
5007367,2023-11-06,Dubai,Fine Jewelry,First-Time Buyer,Organic Search,1,8626,1607,8626,1607,7019,81.4
5006604,2023-11-06,Paris,Luxury Watches,Platinum (VIP),Paid Social,1,13793,2436,13793,2436,11357,82.3
5008672,2023-11-06,Dubai,Haute Fragrance,First-Time Buyer,Organic Search,1,398,66,398,66,332,83.4
5007160,2023-11-06,New York,Luxury Watches,Gold,Walk-in,1,13643,4252,13643,4252,9391,68.8
5002643,2023-11-06,New York,Designer Handbags,Platinum (VIP),Organic Search,1,3409,850,3409,850,2559,75.1
5007819,2023-11-06,Tokyo,Luxury Watches,Platinum (VIP),Organic Search,1,12089,4157,12089,4157,7932,65.6
5002633,2023-11-06,Paris,Designer Handbags,Gold,Organic Search,1,3618,1160,3618,1160,2458,67.9
5002604,2023-11-06,Paris,Luxury Watches,First-Time Buyer,Organic Search,1,12813,3005,12813,3005,9808,76.5
5007279,2023-11-06,Milan,Designer Handbags,Silver,Walk-in,1,2966,529,2966,529,2437,82.2
5009389,2023-11-07,New York,Designer Handbags,First-Time Buyer,Organic Search,1,3702,564,3702,564,3138,84.8
5004452,2023-11-07,Milan,Designer Handbags,First-Time Buyer,Paid Social,1,3103,699,3103,699,2404,77.5
5005115,2023-11-07,New York,Luxury Watches,Silver,Paid Social,3,13493,2125,40479,6375,34104,84.3
5009302,2023-11-07,Tokyo,Luxury Watches,Silver,Organic Search,1,13431,3619,13431,3619,9812,73.1
5006531,2023-11-07,Milan,Designer Handbags,Gold,Paid Social,1,3039,839,3039,839,2200,72.4
5003239,2023-11-07,New York,Fine Jewelry,Silver,Walk-in,1,9203,2175,9203,2175,7028,76.4
5009079,2023-11-07,Tokyo,Fine Jewelry,Gold,Exclusive Invite,1,9280,1565,9280,1565,7715,83.1
5005410,2023-11-07,Tokyo,Designer Handbags,First-Time Buyer,Organic Search,1,3369,573,3369,573,2796,83.0
5005191,2023-11-07,Tokyo,Designer Handbags,First-Time Buyer,Organic Search,1,3820,1094,3820,1094,2726,71.4
5004334,2023-11-07,New York,Haute Fragrance,Gold,Organic Search,1,384,61,384,61,323,84.1
5004202,2023-11-07,New York,Designer Handbags,Gold,Organic Search,1,3789,1114,3789,1114,2675,70.6
5009617,2023-11-07,Dubai,Fine Jewelry,First-Time Buyer,Organic Search,1,9935,2075,9935,2075,7860,79.1
5002366,2023-11-08,New York,Designer Handbags,Platinum (VIP),Walk-in,1,3473,672,3473,672,2801,80.7
5000334,2023-11-08,Paris,Designer Handbags,First-Time Buyer,Organic Search,1,3377,803,3377,803,2574,76.2
5008956,2023-11-08,New York,Luxury Watches,First-Time Buyer,Organic Search,2,13036,3490,26072,6980,19092,73.2
5006894,2023-11-08,Tokyo,Designer Handbags,Gold,Paid Social,1,3298,966,3298,966,2332,70.7
5004469,2023-11-08,New York,Designer Handbags,Silver,Organic Search,1,3417,987,3417,987,2430,71.1
5003809,2023-11-08,New York,Haute Fragrance,Gold,Walk-in,1,330,69,330,69,261,79.1
5008782,2023-11-08,Milan,Luxury Watches,Gold,Paid Social,3,12267,2884,36801,8652,28149,76.5
5000770,2023-11-08,Dubai,Fine Jewelry,Platinum (VIP),Organic Search,1,9031,1820,9031,1820,7211,79.8
5008326,2023-11-08,Tokyo,Luxury Watches,Platinum (VIP),Paid Social,1,13631,2762,13631,2762,10869,79.7
5000404,2023-11-08,Tokyo,Fine Jewelry,Gold,Paid Social,1,8983,1732,8983,1732,7251,80.7
5004786,2023-11-08,New York,Luxury Watches,Gold,Organic Search,2,12470,2141,24940,4282,20658,82.8
5004154,2023-11-08,New York,Luxury Watches,Silver,Organic Search,1,11691,3723,11691,3723,7968,68.2
5003360,2023-11-08,Tokyo,Luxury Watches,Gold,Paid Social,1,14405,4075,14405,4075,10330,71.7
5001808,2023-11-08,New York,Luxury Watches,First-Time Buyer,Exclusive Invite,1,12628,2983,12628,2983,9645,76.4
5003445,2023-11-08,Tokyo,Haute Fragrance,Platinum (VIP),Walk-in,1,389,109,389,109,280,72.0
5007691,2023-11-08,Tokyo,Designer Handbags,Platinum (VIP),Walk-in,1,3089,695,3089,695,2394,77.5
5004229,2023-11-08,Dubai,Designer Handbags,First-Time Buyer,Paid Social,1,3456,938,3456,938,2518,72.9
5009366,2023-11-08,New York,Designer Handbags,Silver,Walk-in,1,3680,738,3680,738,2942,79.9
5004017,2023-11-08,Tokyo,Designer Handbags,First-Time Buyer,Organic Search,1,3538,1100,3538,1100,2438,68.9
5006515,2023-11-09,New York,Haute Fragrance,First-Time Buyer,Organic Search,2,375,84,750,168,582,77.6
5007807,2023-11-09,Milan,Luxury Watches,Silver,Organic Search,1,13777,4289,13777,4289,9488,68.9
5004904,2023-11-09,Paris,Designer Handbags,First-Time Buyer,Paid Social,1,3483,1050,3483,1050,2433,69.9
5006128,2023-11-09,New York,Designer Handbags,First-Time Buyer,Walk-in,1,3181,539,3181,539,2642,83.1
5006609,2023-11-09,Dubai,Haute Fragrance,Gold,Walk-in,3,371,94,1113,282,831,74.7
5002561,2023-11-09,Paris,Luxury Watches,Silver,Organic Search,1,14184,2480,14184,2480,11704,82.5
5009046,2023-11-09,Milan,Designer Handbags,First-Time Buyer,Walk-in,1,3396,1129,3396,1129,2267,66.8
5003502,2023-11-09,New York,Fine Jewelry,First-Time Buyer,Paid Social,1,8316,1661,8316,1661,6655,80.0
5001591,2023-11-09,Paris,Luxury Watches,Silver,Organic Search,1,12430,4208,12430,4208,8222,66.1
5008420,2023-11-09,Milan,Luxury Watches,First-Time Buyer,Organic Search,1,12647,3940,12647,3940,8707,68.8
5000776,2023-11-09,Paris,Luxury Watches,First-Time Buyer,Organic Search,1,13542,2061,13542,2061,11481,84.8
5001300,2023-11-10,New York,Fine Jewelry,First-Time Buyer,Paid Social,2,9965,3211,19930,6422,13508,67.8
5000857,2023-11-10,Paris,Luxury Watches,Silver,Paid Social,1,13804,2374,13804,2374,11430,82.8
5008654,2023-11-10,Paris,Designer Handbags,Gold,Paid Social,1,3704,709,3704,709,2995,80.9
5007230,2023-11-10,Dubai,Designer Handbags,Silver,Paid Social,1,3438,516,3438,516,2922,85.0
5006415,2023-11-10,New York,Luxury Watches,First-Time Buyer,Organic Search,2,12491,1993,24982,3986,20996,84.0
5000249,2023-11-10,Dubai,Designer Handbags,Gold,Walk-in,1,3652,951,3652,951,2701,74.0
5009946,2023-11-10,Dubai,Fine Jewelry,First-Time Buyer,Paid Social,1,7670,2038,7670,2038,5632,73.4
5004650,2023-11-10,Milan,Luxury Watches,First-Time Buyer,Organic Search,1,12857,3635,12857,3635,9222,71.7
5000335,2023-11-10,Milan,Designer Handbags,Silver,Walk-in,1,3017,646,3017,646,2371,78.6
5000120,2023-11-10,New York,Designer Handbags,Silver,Paid Social,1,3659,681,3659,681,2978,81.4
5007243,2023-11-10,Paris,Haute Fragrance,First-Time Buyer,Exclusive Invite,1,408,83,408,83,325,79.7
5007603,2023-11-10,Dubai,Designer Handbags,First-Time Buyer,Paid Social,1,2998,694,2998,694,2304,76.9
5001469,2023-11-10,Milan,Haute Fragrance,First-Time Buyer,Organic Search,1,416,121,416,121,295,70.9
5005783,2023-11-10,Milan,Fine Jewelry,First-Time Buyer,Paid Social,2,9435,2767,18870,5534,13336,70.7
5007442,2023-11-10,New York,Designer Handbags,First-Time Buyer,Organic Search,1,3182,756,3182,756,2426,76.2
5004983,2023-11-10,Paris,Designer Handbags,First-Time Buyer,Walk-in,1,3003,846,3003,846,2157,71.8
5000527,2023-11-10,Dubai,Luxury Watches,Silver,Paid Social,1,11607,2039,11607,2039,9568,82.4
5009348,2023-11-10,Milan,Haute Fragrance,Gold,Organic Search,2,334,76,668,152,516,77.2
5003591,2023-11-11,Dubai,Designer Handbags,First-Time Buyer,Walk-in,1,3041,798,3041,798,2243,73.8
5004670,2023-11-11,New York,Luxury Watches,Platinum (VIP),Walk-in,1,12734,3245,12734,3245,9489,74.5
5009868,2023-11-11,New York,Designer Handbags,Gold,Organic Search,1,2910,754,2910,754,2156,74.1
5009843,2023-11-11,New York,Haute Fragrance,Silver,Organic Search,1,315,73,315,73,242,76.8
5002753,2023-11-11,New York,Designer Handbags,Silver,Paid Social,1,3680,756,3680,756,2924,79.5
5001510,2023-11-11,Tokyo,Designer Handbags,Silver,Organic Search,1,3512,553,3512,553,2959,84.3
5005233,2023-11-11,New York,Designer Handbags,First-Time Buyer,Organic Search,1,3505,1180,3505,1180,2325,66.3
5008301,2023-11-11,Milan,Designer Handbags,Silver,Organic Search,1,3002,757,3002,757,2245,74.8
5006606,2023-11-11,Milan,Fine Jewelry,Silver,Walk-in,1,10051,2537,10051,2537,7514,74.8
5004552,2023-11-11,Milan,Designer Handbags,Silver,Paid Social,1,3436,585,3436,585,2851,83.0
5002695,2023-11-11,Paris,Luxury Watches,First-Time Buyer,Organic Search,1,11253,3349,11253,3349,7904,70.2
5007328,2023-11-11,Milan,Fine Jewelry,Silver,Organic Search,1,8587,2535,8587,2535,6052,70.5
5004767,2023-11-11,New York,Haute Fragrance,Gold,Walk-in,1,372,73,372,73,299,80.4
5001610,2023-11-11,Tokyo,Designer Handbags,First-Time Buyer,Organic Search,1,3369,731,3369,731,2638,78.3
5003559,2023-11-12,Paris,Designer Handbags,First-Time Buyer,Organic Search,1,3572,845,3572,845,2727,76.3
5000895,2023-11-12,Milan,Luxury Watches,Silver,Paid Social,1,12695,2176,12695,2176,10519,82.9
5002741,2023-11-12,Dubai,Haute Fragrance,Silver,Organic Search,1,328,56,328,56,272,82.9
5002554,2023-11-12,Tokyo,Designer Handbags,First-Time Buyer,Walk-in,1,3297,866,3297,866,2431,73.7
5005691,2023-11-12,Milan,Luxury Watches,Gold,Organic Search,1,14430,3710,14430,3710,10720,74.3
5003850,2023-11-12,Milan,Designer Handbags,Silver,Organic Search,1,3451,1051,3451,1051,2400,69.5
5008258,2023-11-12,New York,Fine Jewelry,First-Time Buyer,Organic Search,1,10145,1636,10145,1636,8509,83.9
5005386,2023-11-12,Dubai,Fine Jewelry,First-Time Buyer,Exclusive Invite,1,10147,3364,10147,3364,6783,66.8
5003681,2023-11-12,Paris,Luxury Watches,First-Time Buyer,Organic Search,1,14381,2823,14381,2823,11558,80.4
5002861,2023-11-12,New York,Fine Jewelry,First-Time Buyer,Organic Search,2,8299,1384,16598,2768,13830,83.3
5001780,2023-11-12,Milan,Haute Fragrance,First-Time Buyer,Organic Search,2,354,122,708,244,464,65.5
5004443,2023-11-13,Tokyo,Designer Handbags,First-Time Buyer,Exclusive Invite,3,3041,1064,9123,3192,5931,65.0
5001086,2023-11-13,New York,Luxury Watches,First-Time Buyer,Paid Social,1,12516,2124,12516,2124,10392,83.0
5000844,2023-11-13,New York,Designer Handbags,First-Time Buyer,Paid Social,1,3339,678,3339,678,2661,79.7
5001896,2023-11-13,Paris,Fine Jewelry,First-Time Buyer,Walk-in,1,10150,1884,10150,1884,8266,81.4
5000303,2023-11-13,New York,Haute Fragrance,Silver,Walk-in,1,355,85,355,85,270,76.1
5007239,2023-11-13,Paris,Haute Fragrance,First-Time Buyer,Exclusive Invite,1,358,99,358,99,259,72.3
5006161,2023-11-13,Tokyo,Haute Fragrance,First-Time Buyer,Organic Search,1,368,125,368,125,243,66.0
5008880,2023-11-13,Paris,Designer Handbags,Silver,Organic Search,1,3556,678,3556,678,2878,80.9
5002629,2023-11-13,Paris,Luxury Watches,First-Time Buyer,Walk-in,1,12187,1935,12187,1935,10252,84.1
5008463,2023-11-14,Tokyo,Luxury Watches,Platinum (VIP),Paid Social,1,14362,3812,14362,3812,10550,73.5
5004661,2023-11-14,Tokyo,Haute Fragrance,Gold,Paid Social,2,390,107,780,214,566,72.6
5002059,2023-11-14,Paris,Designer Handbags,First-Time Buyer,Walk-in,1,2993,559,2993,559,2434,81.3
5007147,2023-11-14,Paris,Designer Handbags,Gold,Exclusive Invite,1,3191,994,3191,994,2197,68.8
5001108,2023-11-14,Tokyo,Luxury Watches,First-Time Buyer,Paid Social,1,11712,2160,11712,2160,9552,81.6
5000528,2023-11-14,New York,Luxury Watches,First-Time Buyer,Walk-in,1,12091,3381,12091,3381,8710,72.0
5001446,2023-11-14,New York,Luxury Watches,First-Time Buyer,Exclusive Invite,1,12884,2696,12884,2696,10188,79.1
5007791,2023-11-14,New York,Luxury Watches,First-Time Buyer,Walk-in,1,13919,3295,13919,3295,10624,76.3
5006158,2023-11-14,Paris,Designer Handbags,Silver,Exclusive Invite,1,3561,655,3561,655,2906,81.6
5000715,2023-11-14,Paris,Luxury Watches,First-Time Buyer,Exclusive Invite,1,14119,3688,14119,3688,10431,73.9
5005981,2023-11-15,Milan,Designer Handbags,First-Time Buyer,Paid Social,1,3066,669,3066,669,2397,78.2
5003700,2023-11-15,Dubai,Designer Handbags,Silver,Paid Social,1,3434,789,3434,789,2645,77.0
5005828,2023-11-15,Milan,Fine Jewelry,First-Time Buyer,Paid Social,2,7881,2659,15762,5318,10444,66.3
5003160,2023-11-15,Tokyo,Designer Handbags,First-Time Buyer,Walk-in,1,3041,775,3041,775,2266,74.5
5001033,2023-11-15,Tokyo,Haute Fragrance,Silver,Walk-in,1,367,56,367,56,311,84.7
5005043,2023-11-15,Milan,Haute Fragrance,First-Time Buyer,Organic Search,1,346,103,346,103,243,70.2
5005901,2023-11-15,Paris,Fine Jewelry,Platinum (VIP),Walk-in,1,8124,1255,8124,1255,6869,84.6
5008906,2023-11-15,Paris,Luxury Watches,Silver,Organic Search,1,11973,3761,11973,3761,8212,68.6
5006140,2023-11-15,Milan,Haute Fragrance,Silver,Paid Social,1,333,78,333,78,255,76.6
5003210,2023-11-15,Dubai,Fine Jewelry,Silver,Paid Social,1,8681,1561,8681,1561,7120,82.0
5000990,2023-11-15,Paris,Fine Jewelry,Silver,Paid Social,1,8264,2019,8264,2019,6245,75.6
5001647,2023-11-15,New York,Designer Handbags,First-Time Buyer,Organic Search,1,3444,600,3444,600,2844,82.6
5003151,2023-11-16,New York,Luxury Watches,First-Time Buyer,Paid Social,2,12971,4091,25942,8182,17760,68.5
5002888,2023-11-16,Dubai,Luxury Watches,First-Time Buyer,Exclusive Invite,1,13553,3336,13553,3336,10217,75.4
5001193,2023-11-16,Paris,Fine Jewelry,First-Time Buyer,Walk-in,1,9099,2374,9099,2374,6725,73.9
5009155,2023-11-16,Paris,Luxury Watches,Silver,Paid Social,1,14659,3933,14659,3933,10726,73.2
5003293,2023-11-16,Milan,Designer Handbags,Platinum (VIP),Organic Search,1,3391,1080,3391,1080,2311,68.2
5009673,2023-11-16,Milan,Luxury Watches,Gold,Exclusive Invite,1,12604,3933,12604,3933,8671,68.8
5006038,2023-11-16,Paris,Designer Handbags,First-Time Buyer,Walk-in,1,3288,946,3288,946,2342,71.2
5009712,2023-11-16,New York,Luxury Watches,Silver,Walk-in,1,12447,2939,12447,2939,9508,76.4
5009896,2023-11-16,New York,Luxury Watches,Silver,Paid Social,1,12292,2592,12292,2592,9700,78.9
5006507,2023-11-16,Dubai,Designer Handbags,Gold,Walk-in,1,3629,557,3629,557,3072,84.7
5001638,2023-11-16,New York,Haute Fragrance,Gold,Walk-in,3,364,65,1092,195,897,82.1
5003602,2023-11-16,Tokyo,Luxury Watches,First-Time Buyer,Organic Search,1,12443,3710,12443,3710,8733,70.2
5008617,2023-11-16,Milan,Fine Jewelry,Gold,Exclusive Invite,1,9284,1486,9284,1486,7798,84.0
5009427,2023-11-16,New York,Designer Handbags,Silver,Organic Search,1,3647,825,3647,825,2822,77.4
5006781,2023-11-17,Dubai,Fine Jewelry,Silver,Organic Search,1,9184,2432,9184,2432,6752,73.5
5000022,2023-11-17,Paris,Luxury Watches,Platinum (VIP),Paid Social,1,12149,2964,12149,2964,9185,75.6
5006550,2023-11-17,Paris,Fine Jewelry,Silver,Organic Search,1,9387,2750,9387,2750,6637,70.7
5002981,2023-11-17,Tokyo,Fine Jewelry,Gold,Walk-in,1,9155,1980,9155,1980,7175,78.4
5001596,2023-11-17,Tokyo,Fine Jewelry,Platinum (VIP),Organic Search,1,10081,2594,10081,2594,7487,74.3
5006759,2023-11-17,Paris,Luxury Watches,Silver,Paid Social,1,12714,3188,12714,3188,9526,74.9
5001288,2023-11-17,Tokyo,Haute Fragrance,First-Time Buyer,Exclusive Invite,1,355,94,355,94,261,73.5
5005008,2023-11-17,Paris,Fine Jewelry,First-Time Buyer,Organic Search,1,10094,3182,10094,3182,6912,68.5
5001741,2023-11-17,Tokyo,Designer Handbags,Silver,Paid Social,1,3031,529,3031,529,2502,82.5
5002065,2023-11-17,Paris,Luxury Watches,First-Time Buyer,Walk-in,1,11514,2960,11514,2960,8554,74.3
5005244,2023-11-17,Paris,Fine Jewelry,Gold,Exclusive Invite,1,8016,2661,8016,2661,5355,66.8
5001715,2023-11-17,New York,Fine Jewelry,First-Time Buyer,Organic Search,1,9607,3036,9607,3036,6571,68.4
5000759,2023-11-17,New York,Designer Handbags,Gold,Exclusive Invite,1,3490,1068,3490,1068,2422,69.4
5000834,2023-11-17,New York,Designer Handbags,Gold,Walk-in,1,2918,836,2918,836,2082,71.4
5007858,2023-11-17,Tokyo,Haute Fragrance,Gold,Paid Social,1,372,128,372,128,244,65.6
5009228,2023-11-17,Dubai,Luxury Watches,Silver,Organic Search,1,11568,2412,11568,2412,9156,79.1
5002168,2023-11-17,New York,Fine Jewelry,First-Time Buyer,Walk-in,1,8956,2166,8956,2166,6790,75.8
5000785,2023-11-17,Tokyo,Designer Handbags,First-Time Buyer,Organic Search,1,3770,633,3770,633,3137,83.2
5007962,2023-11-17,New York,Designer Handbags,Silver,Exclusive Invite,1,3581,1117,3581,1117,2464,68.8
5007527,2023-11-17,Tokyo,Designer Handbags,Platinum (VIP),Paid Social,3,3410,1186,10230,3558,6672,65.2
5008071,2023-11-18,Tokyo,Designer Handbags,Silver,Organic Search,2,3224,780,6448,1560,4888,75.8
5002450,2023-11-18,Tokyo,Designer Handbags,Silver,Walk-in,1,3602,569,3602,569,3033,84.2
5006980,2023-11-18,Tokyo,Designer Handbags,Silver,Organic Search,1,2909,889,2909,889,2020,69.4
5003202,2023-11-18,New York,Luxury Watches,First-Time Buyer,Organic Search,1,11472,3048,11472,3048,8424,73.4
5002484,2023-11-18,Paris,Haute Fragrance,Silver,Paid Social,1,411,76,411,76,335,81.5
5001676,2023-11-18,Milan,Fine Jewelry,Silver,Paid Social,1,9839,2280,9839,2280,7559,76.8
5005792,2023-11-18,New York,Luxury Watches,Gold,Paid Social,2,13569,3042,27138,6084,21054,77.6
5008549,2023-11-18,New York,Designer Handbags,First-Time Buyer,Paid Social,3,3636,551,10908,1653,9255,84.8
5001613,2023-11-18,New York,Luxury Watches,Silver,Walk-in,2,14645,3302,29290,6604,22686,77.5
5005376,2023-11-18,Paris,Designer Handbags,Silver,Organic Search,1,3452,1001,3452,1001,2451,71.0
5006031,2023-11-18,Tokyo,Designer Handbags,First-Time Buyer,Organic Search,3,3529,553,10587,1659,8928,84.3
5007873,2023-11-18,Paris,Luxury Watches,First-Time Buyer,Organic Search,2,14016,2367,28032,4734,23298,83.1
5008414,2023-11-18,Paris,Haute Fragrance,First-Time Buyer,Paid Social,1,353,90,353,90,263,74.5
5004978,2023-11-18,Dubai,Designer Handbags,First-Time Buyer,Walk-in,1,3522,962,3522,962,2560,72.7
5003504,2023-11-18,Tokyo,Designer Handbags,Platinum (VIP),Walk-in,1,3488,1158,3488,1158,2330,66.8
5003507,2023-11-18,New York,Haute Fragrance,Platinum (VIP),Organic Search,1,370,55,370,55,315,85.1
5001030,2023-11-18,Tokyo,Haute Fragrance,Silver,Organic Search,3,335,89,1005,267,738,73.4
5009359,2023-11-18,Tokyo,Fine Jewelry,Gold,Walk-in,1,9418,2245,9418,2245,7173,76.2
5008950,2023-11-18,Paris,Luxury Watches,First-Time Buyer,Paid Social,1,13790,3408,13790,3408,10382,75.3
5008201,2023-11-18,New York,Fine Jewelry,First-Time Buyer,Walk-in,1,8488,1920,8488,1920,6568,77.4
5002036,2023-11-18,Tokyo,Luxury Watches,Platinum (VIP),Exclusive Invite,1,12765,4375,12765,4375,8390,65.7
5001506,2023-11-19,Paris,Haute Fragrance,Platinum (VIP),Paid Social,1,327,53,327,53,274,83.8
5005073,2023-11-19,Dubai,Fine Jewelry,Gold,Organic Search,1,9222,3117,9222,3117,6105,66.2
5001105,2023-11-19,Tokyo,Fine Jewelry,Platinum (VIP),Organic Search,1,10080,2558,10080,2558,7522,74.6
5009496,2023-11-19,New York,Luxury Watches,First-Time Buyer,Organic Search,1,11821,2675,11821,2675,9146,77.4
5002548,2023-11-19,Tokyo,Luxury Watches,Silver,Exclusive Invite,2,14963,2697,29926,5394,24532,82.0
5000421,2023-11-19,Paris,Designer Handbags,Silver,Walk-in,1,3299,832,3299,832,2467,74.8
5000918,2023-11-19,Dubai,Designer Handbags,Gold,Organic Search,1,3205,1089,3205,1089,2116,66.0
5003240,2023-11-19,Tokyo,Luxury Watches,Platinum (VIP),Walk-in,1,12604,2782,12604,2782,9822,77.9
5005492,2023-11-19,Tokyo,Fine Jewelry,Silver,Organic Search,1,8083,2134,8083,2134,5949,73.6
5002322,2023-11-19,Tokyo,Designer Handbags,First-Time Buyer,Organic Search,1,3791,751,3791,751,3040,80.2
5004591,2023-11-19,Paris,Designer Handbags,Silver,Exclusive Invite,1,3802,681,3802,681,3121,82.1
5004354,2023-11-19,New York,Luxury Watches,Platinum (VIP),Paid Social,1,12185,2864,12185,2864,9321,76.5
5000684,2023-11-19,Paris,Designer Handbags,Silver,Organic Search,1,3252,510,3252,510,2742,84.3
5007978,2023-11-20,Milan,Designer Handbags,Silver,Organic Search,1,3271,978,3271,978,2293,70.1
5005095,2023-11-20,Paris,Luxury Watches,Silver,Organic Search,1,13658,3497,13658,3497,10161,74.4
5005124,2023-11-20,Dubai,Designer Handbags,Silver,Organic Search,1,3714,926,3714,926,2788,75.1
5006236,2023-11-20,Paris,Fine Jewelry,Silver,Walk-in,2,7768,2598,15536,5196,10340,66.6
5003670,2023-11-20,New York,Haute Fragrance,Silver,Exclusive Invite,1,316,83,316,83,233,73.7
5007756,2023-11-20,New York,Designer Handbags,First-Time Buyer,Walk-in,1,3292,816,3292,816,2476,75.2
5001102,2023-11-20,Paris,Designer Handbags,First-Time Buyer,Organic Search,1,3839,894,3839,894,2945,76.7
5000653,2023-11-20,New York,Designer Handbags,Gold,Organic Search,1,2884,648,2884,648,2236,77.5
5000566,2023-11-20,Tokyo,Designer Handbags,Gold,Exclusive Invite,1,3617,1112,3617,1112,2505,69.3
5005652,2023-11-20,New York,Fine Jewelry,First-Time Buyer,Exclusive Invite,1,9830,2559,9830,2559,7271,74.0
5006608,2023-11-21,Tokyo,Designer Handbags,Silver,Organic Search,1,3600,1127,3600,1127,2473,68.7
5001476,2023-11-21,Dubai,Designer Handbags,Platinum (VIP),Paid Social,1,3195,649,3195,649,2546,79.7
5006770,2023-11-21,New York,Designer Handbags,Silver,Exclusive Invite,1,2918,823,2918,823,2095,71.8
5003955,2023-11-21,New York,Designer Handbags,First-Time Buyer,Walk-in,2,3259,1076,6518,2152,4366,67.0
5008478,2023-11-21,New York,Designer Handbags,First-Time Buyer,Organic Search,1,3728,1193,3728,1193,2535,68.0
5008632,2023-11-21,Tokyo,Luxury Watches,Platinum (VIP),Exclusive Invite,1,13582,3280,13582,3280,10302,75.9
5006003,2023-11-21,Milan,Haute Fragrance,Silver,Paid Social,1,418,79,418,79,339,81.1
5007575,2023-11-21,Milan,Designer Handbags,Silver,Walk-in,2,3402,1123,6804,2246,4558,67.0
5007982,2023-11-21,Dubai,Designer Handbags,Silver,Exclusive Invite,1,3383,990,3383,990,2393,70.7
5003880,2023-11-21,Dubai,Fine Jewelry,Platinum (VIP),Paid Social,1,8743,2188,8743,2188,6555,75.0
5001592,2023-11-21,Paris,Designer Handbags,Platinum (VIP),Walk-in,1,3536,1154,3536,1154,2382,67.4
5006094,2023-11-22,Dubai,Designer Handbags,Platinum (VIP),Walk-in,3,3702,1135,11106,3405,7701,69.3
5001798,2023-11-22,Paris,Haute Fragrance,First-Time Buyer,Walk-in,1,321,49,321,49,272,84.7
5009940,2023-11-22,Tokyo,Fine Jewelry,First-Time Buyer,Organic Search,1,7830,2340,7830,2340,5490,70.1
5007943,2023-11-22,Milan,Designer Handbags,First-Time Buyer,Walk-in,1,3370,567,3370,567,2803,83.2
5001389,2023-11-22,Tokyo,Designer Handbags,Silver,Paid Social,1,3500,614,3500,614,2886,82.5
5005128,2023-11-22,New York,Luxury Watches,Gold,Organic Search,2,12883,4106,25766,8212,17554,68.1
5004834,2023-11-22,Dubai,Fine Jewelry,Platinum (VIP),Organic Search,1,8137,1222,8137,1222,6915,85.0
5005111,2023-11-22,Tokyo,Designer Handbags,First-Time Buyer,Organic Search,1,3725,1010,3725,1010,2715,72.9
5003315,2023-11-22,Paris,Designer Handbags,First-Time Buyer,Exclusive Invite,1,3569,1166,3569,1166,2403,67.3
5002853,2023-11-22,Tokyo,Fine Jewelry,First-Time Buyer,Organic Search,1,10152,3499,10152,3499,6653,65.5
5004490,2023-11-22,Dubai,Designer Handbags,Platinum (VIP),Exclusive Invite,1,3212,839,3212,839,2373,73.9
5005130,2023-11-22,Milan,Fine Jewelry,First-Time Buyer,Exclusive Invite,2,8050,2474,16100,4948,11152,69.3
5006756,2023-11-22,New York,Luxury Watches,First-Time Buyer,Paid Social,3,13704,2460,41112,7380,33732,82.0
5001438,2023-11-23,Tokyo,Designer Handbags,First-Time Buyer,Exclusive Invite,2,3205,972,6410,1944,4466,69.7
5005623,2023-11-23,Milan,Luxury Watches,Gold,Exclusive Invite,1,14709,4036,14709,4036,10673,72.6
5000217,2023-11-23,Paris,Designer Handbags,Gold,Paid Social,2,3667,1010,7334,2020,5314,72.5
5000259,2023-11-23,Paris,Luxury Watches,First-Time Buyer,Walk-in,1,13065,3800,13065,3800,9265,70.9
5002942,2023-11-23,Paris,Designer Handbags,First-Time Buyer,Paid Social,1,3095,791,3095,791,2304,74.4
5000419,2023-11-23,Paris,Fine Jewelry,Silver,Walk-in,1,9917,2840,9917,2840,7077,71.4
5003741,2023-11-23,Tokyo,Fine Jewelry,First-Time Buyer,Organic Search,1,9445,2959,9445,2959,6486,68.7
5004048,2023-11-23,New York,Fine Jewelry,Gold,Organic Search,1,10100,3411,10100,3411,6689,66.2
5009333,2023-11-23,Milan,Luxury Watches,Silver,Paid Social,1,13967,4619,13967,4619,9348,66.9
5002153,2023-11-23,Dubai,Designer Handbags,Platinum (VIP),Paid Social,1,3579,862,3579,862,2717,75.9
5009667,2023-11-24,New York,Fine Jewelry,First-Time Buyer,Walk-in,1,9657,2104,9657,2104,7553,78.2
5009730,2023-11-24,Tokyo,Fine Jewelry,Silver,Organic Search,1,9586,2092,9586,2092,7494,78.2
5000206,2023-11-24,Paris,Designer Handbags,First-Time Buyer,Paid Social,1,3055,885,3055,885,2170,71.0
5002632,2023-11-24,New York,Designer Handbags,Silver,Walk-in,1,2939,897,2939,897,2042,69.5
5007636,2023-11-24,Dubai,Designer Handbags,First-Time Buyer,Paid Social,1,3773,855,3773,855,2918,77.3
5006844,2023-11-24,Milan,Fine Jewelry,Silver,Organic Search,1,8051,1507,8051,1507,6544,81.3
5003338,2023-11-24,Dubai,Luxury Watches,First-Time Buyer,Paid Social,1,13050,4088,13050,4088,8962,68.7
5002252,2023-11-24,New York,Luxury Watches,First-Time Buyer,Walk-in,1,14749,4702,14749,4702,10047,68.1
5005836,2023-11-24,Paris,Luxury Watches,Gold,Organic Search,3,11561,2153,34683,6459,28224,81.4
5005158,2023-11-24,Tokyo,Fine Jewelry,Silver,Exclusive Invite,1,9250,1460,9250,1460,7790,84.2
5003066,2023-11-24,New York,Designer Handbags,First-Time Buyer,Paid Social,1,3192,585,3192,585,2607,81.7
5003583,2023-11-24,Milan,Luxury Watches,Silver,Organic Search,1,13173,3471,13173,3471,9702,73.7
5002068,2023-11-24,Milan,Luxury Watches,Gold,Walk-in,1,12875,2937,12875,2937,9938,77.2
5003008,2023-11-24,New York,Designer Handbags,Gold,Organic Search,1,3458,631,3458,631,2827,81.8
5004000,2023-11-24,Paris,Fine Jewelry,First-Time Buyer,Paid Social,2,9618,2367,19236,4734,14502,75.4
5002628,2023-11-24,Milan,Luxury Watches,Silver,Walk-in,1,11323,3609,11323,3609,7714,68.1
5001106,2023-11-24,New York,Fine Jewelry,Silver,Organic Search,1,9306,1702,9306,1702,7604,81.7
5005925,2023-11-24,Milan,Designer Handbags,Gold,Walk-in,1,3660,1162,3660,1162,2498,68.3
5001084,2023-11-24,Tokyo,Designer Handbags,First-Time Buyer,Organic Search,1,3336,829,3336,829,2507,75.1
5006846,2023-11-24,Tokyo,Fine Jewelry,Gold,Paid Social,1,8849,3063,8849,3063,5786,65.4
5006659,2023-11-25,Dubai,Fine Jewelry,First-Time Buyer,Walk-in,2,9347,2063,18694,4126,14568,77.9
5006527,2023-11-25,Milan,Designer Handbags,Silver,Exclusive Invite,1,3545,1127,3545,1127,2418,68.2
5009752,2023-11-25,Tokyo,Fine Jewelry,First-Time Buyer,Paid Social,1,9087,2868,9087,2868,6219,68.4
5006992,2023-11-25,Paris,Designer Handbags,Silver,Organic Search,1,3102,824,3102,824,2278,73.4
5003478,2023-11-25,New York,Fine Jewelry,Silver,Walk-in,1,7686,1700,7686,1700,5986,77.9
5007820,2023-11-25,Dubai,Designer Handbags,First-Time Buyer,Exclusive Invite,3,3002,509,9006,1527,7479,83.0
5007428,2023-11-25,Dubai,Luxury Watches,Silver,Paid Social,1,11390,2431,11390,2431,8959,78.7
5002708,2023-11-25,Dubai,Haute Fragrance,Platinum (VIP),Exclusive Invite,1,375,85,375,85,290,77.3
5002435,2023-11-25,Tokyo,Designer Handbags,First-Time Buyer,Organic Search,1,3172,545,3172,545,2627,82.8
5004262,2023-11-25,Paris,Designer Handbags,Silver,Paid Social,1,3765,910,3765,910,2855,75.8
5009433,2023-11-25,Dubai,Designer Handbags,First-Time Buyer,Walk-in,1,3750,694,3750,694,3056,81.5
5008132,2023-11-25,New York,Luxury Watches,First-Time Buyer,Walk-in,1,12452,3206,12452,3206,9246,74.3
5008299,2023-11-25,Paris,Luxury Watches,Gold,Walk-in,1,13205,3580,13205,3580,9625,72.9
5001219,2023-11-26,Tokyo,Designer Handbags,Silver,Exclusive Invite,1,3733,1299,3733,1299,2434,65.2
5002878,2023-11-26,New York,Haute Fragrance,Gold,Organic Search,1,332,67,332,67,265,79.8
5009945,2023-11-26,Milan,Fine Jewelry,Gold,Organic Search,3,9251,2785,27753,8355,19398,69.9
5001826,2023-11-26,Dubai,Luxury Watches,First-Time Buyer,Organic Search,1,11753,2389,11753,2389,9364,79.7
5005293,2023-11-26,New York,Designer Handbags,Platinum (VIP),Exclusive Invite,1,3539,742,3539,742,2797,79.0
5004528,2023-11-26,Dubai,Fine Jewelry,Silver,Organic Search,1,8943,2145,8943,2145,6798,76.0
5006339,2023-11-26,Tokyo,Fine Jewelry,Silver,Walk-in,1,8030,2664,8030,2664,5366,66.8
5000135,2023-11-26,Tokyo,Luxury Watches,Silver,Walk-in,2,12380,2581,24760,5162,19598,79.2
5003801,2023-11-26,New York,Haute Fragrance,Silver,Organic Search,1,357,82,357,82,275,77.0
5003829,2023-11-26,Tokyo,Designer Handbags,First-Time Buyer,Organic Search,2,2913,841,5826,1682,4144,71.1
5006585,2023-11-26,Dubai,Fine Jewelry,Gold,Walk-in,1,8941,1754,8941,1754,7187,80.4
5008909,2023-11-26,New York,Luxury Watches,Silver,Paid Social,1,13837,3064,13837,3064,10773,77.9
5003988,2023-11-26,New York,Designer Handbags,First-Time Buyer,Organic Search,1,3622,923,3622,923,2699,74.5
5005487,2023-11-26,Milan,Designer Handbags,First-Time Buyer,Walk-in,3,3246,906,9738,2718,7020,72.1
5007531,2023-11-26,Dubai,Designer Handbags,Gold,Paid Social,1,3231,1114,3231,1114,2117,65.5
5001293,2023-11-26,Dubai,Designer Handbags,Silver,Organic Search,1,3837,703,3837,703,3134,81.7
5003909,2023-11-27,Tokyo,Fine Jewelry,Gold,Organic Search,1,8320,2273,8320,2273,6047,72.7
5004085,2023-11-27,New York,Haute Fragrance,First-Time Buyer,Organic Search,3,363,120,1089,360,729,66.9
5008565,2023-11-27,New York,Luxury Watches,First-Time Buyer,Paid Social,1,14579,3100,14579,3100,11479,78.7
5006001,2023-11-27,Dubai,Luxury Watches,Gold,Paid Social,1,11754,3220,11754,3220,8534,72.6
5001696,2023-11-27,Tokyo,Luxury Watches,Gold,Paid Social,1,12478,3066,12478,3066,9412,75.4
5005776,2023-11-27,Tokyo,Luxury Watches,Gold,Organic Search,1,11397,3638,11397,3638,7759,68.1
5008371,2023-11-27,Paris,Fine Jewelry,Silver,Paid Social,1,8167,2720,8167,2720,5447,66.7
5009913,2023-11-27,Tokyo,Luxury Watches,First-Time Buyer,Walk-in,1,14157,3550,14157,3550,10607,74.9
5008751,2023-11-27,Tokyo,Designer Handbags,First-Time Buyer,Organic Search,1,2981,699,2981,699,2282,76.6
5005523,2023-11-27,Paris,Luxury Watches,Silver,Organic Search,1,11758,3430,11758,3430,8328,70.8
5000436,2023-11-27,Paris,Fine Jewelry,First-Time Buyer,Walk-in,1,9929,2624,9929,2624,7305,73.6
5000405,2023-11-27,Tokyo,Designer Handbags,First-Time Buyer,Paid Social,1,3102,980,3102,980,2122,68.4
5009284,2023-11-27,New York,Haute Fragrance,Silver,Walk-in,1,354,116,354,116,238,67.2
5000130,2023-11-27,Dubai,Luxury Watches,First-Time Buyer,Organic Search,1,13946,2218,13946,2218,11728,84.1
5000574,2023-11-27,New York,Designer Handbags,Gold,Organic Search,2,3730,1088,7460,2176,5284,70.8
5000221,2023-11-27,New York,Designer Handbags,Silver,Walk-in,1,3586,1169,3586,1169,2417,67.4
5003351,2023-11-27,New York,Fine Jewelry,Gold,Organic Search,1,10100,2438,10100,2438,7662,75.9
5001974,2023-11-27,Paris,Designer Handbags,First-Time Buyer,Paid Social,1,3045,770,3045,770,2275,74.7
5002476,2023-11-28,Milan,Fine Jewelry,First-Time Buyer,Paid Social,1,9044,2112,9044,2112,6932,76.6
5008199,2023-11-28,Milan,Designer Handbags,First-Time Buyer,Paid Social,1,3617,740,3617,740,2877,79.5
5008990,2023-11-28,Tokyo,Luxury Watches,First-Time Buyer,Walk-in,1,13106,4537,13106,4537,8569,65.4
5001766,2023-11-28,Paris,Luxury Watches,Platinum (VIP),Paid Social,1,13620,2555,13620,2555,11065,81.2
5002266,2023-11-28,Paris,Luxury Watches,First-Time Buyer,Organic Search,1,13411,2948,13411,2948,10463,78.0
5001284,2023-11-28,Tokyo,Fine Jewelry,First-Time Buyer,Walk-in,1,9150,2221,9150,2221,6929,75.7
5002505,2023-11-28,New York,Designer Handbags,First-Time Buyer,Paid Social,3,3625,1134,10875,3402,7473,68.7
5002492,2023-11-28,Dubai,Haute Fragrance,Platinum (VIP),Organic Search,1,415,101,415,101,314,75.7
5001221,2023-11-28,Tokyo,Haute Fragrance,First-Time Buyer,Walk-in,1,329,98,329,98,231,70.2
5009602,2023-11-28,New York,Luxury Watches,First-Time Buyer,Paid Social,1,11873,2163,11873,2163,9710,81.8
5001581,2023-11-28,New York,Luxury Watches,First-Time Buyer,Organic Search,1,11945,3684,11945,3684,8261,69.2
5003996,2023-11-28,Dubai,Fine Jewelry,First-Time Buyer,Walk-in,1,8529,1781,8529,1781,6748,79.1
5000356,2023-11-28,Milan,Designer Handbags,Gold,Organic Search,1,3814,1320,3814,1320,2494,65.4
5001006,2023-11-28,Paris,Haute Fragrance,Silver,Organic Search,2,367,69,734,138,596,81.2
5004403,2023-11-28,New York,Fine Jewelry,First-Time Buyer,Organic Search,1,8143,1223,8143,1223,6920,85.0
5006207,2023-11-28,Tokyo,Luxury Watches,Silver,Walk-in,2,13246,3560,26492,7120,19372,73.1
5004518,2023-11-28,Tokyo,Luxury Watches,First-Time Buyer,Organic Search,1,13103,1966,13103,1966,11137,85.0
5004491,2023-11-28,Paris,Luxury Watches,Gold,Organic Search,1,14597,3193,14597,3193,11404,78.1
5006041,2023-11-28,Dubai,Luxury Watches,Silver,Walk-in,1,14914,5121,14914,5121,9793,65.7
5004539,2023-11-29,Paris,Fine Jewelry,First-Time Buyer,Organic Search,1,8657,2410,8657,2410,6247,72.2
5005654,2023-11-29,New York,Luxury Watches,Silver,Organic Search,1,11554,3725,11554,3725,7829,67.8
5007178,2023-11-29,Tokyo,Fine Jewelry,Silver,Walk-in,1,9270,1956,9270,1956,7314,78.9
5008198,2023-11-29,Dubai,Luxury Watches,First-Time Buyer,Walk-in,1,11542,3284,11542,3284,8258,71.5
5009020,2023-11-29,Milan,Designer Handbags,Gold,Walk-in,1,3456,978,3456,978,2478,71.7
5006317,2023-11-29,New York,Designer Handbags,Gold,Organic Search,2,3793,1160,7586,2320,5266,69.4
5007892,2023-11-29,Dubai,Designer Handbags,Platinum (VIP),Paid Social,1,3366,818,3366,818,2548,75.7
5005021,2023-11-29,Dubai,Haute Fragrance,First-Time Buyer,Exclusive Invite,1,412,62,412,62,350,85.0
5004318,2023-11-29,Milan,Luxury Watches,First-Time Buyer,Walk-in,1,14745,3950,14745,3950,10795,73.2
5006384,2023-11-29,Paris,Fine Jewelry,Silver,Organic Search,2,9006,2342,18012,4684,13328,74.0
5008012,2023-11-29,Milan,Haute Fragrance,Platinum (VIP),Paid Social,1,399,117,399,117,282,70.7
5008736,2023-11-30,New York,Haute Fragrance,Silver,Exclusive Invite,1,418,139,418,139,279,66.7
5001516,2023-11-30,Dubai,Designer Handbags,Gold,Walk-in,1,3417,990,3417,990,2427,71.0
5009234,2023-11-30,New York,Designer Handbags,Silver,Organic Search,2,2955,457,5910,914,4996,84.5
5005630,2023-11-30,Tokyo,Haute Fragrance,Silver,Paid Social,1,338,105,338,105,233,68.9
5002281,2023-11-30,Paris,Haute Fragrance,Silver,Organic Search,1,331,73,331,73,258,77.9
5006075,2023-11-30,Paris,Fine Jewelry,First-Time Buyer,Walk-in,2,9369,1788,18738,3576,15162,80.9
5001771,2023-11-30,Paris,Designer Handbags,Gold,Organic Search,1,3765,1030,3765,1030,2735,72.6
5002290,2023-11-30,Dubai,Luxury Watches,First-Time Buyer,Paid Social,1,13737,4454,13737,4454,9283,67.6
5007641,2023-11-30,Paris,Designer Handbags,First-Time Buyer,Organic Search,1,3089,1050,3089,1050,2039,66.0
5000411,2023-11-30,Paris,Designer Handbags,First-Time Buyer,Paid Social,2,2928,783,5856,1566,4290,73.3
5001621,2023-11-30,Tokyo,Fine Jewelry,Gold,Exclusive Invite,1,8322,1873,8322,1873,6449,77.5
5007090,2023-11-30,Dubai,Designer Handbags,First-Time Buyer,Walk-in,1,3190,546,3190,546,2644,82.9
5008951,2023-11-30,Dubai,Designer Handbags,Silver,Organic Search,1,3624,1078,3624,1078,2546,70.3
5009963,2023-11-30,Paris,Designer Handbags,Gold,Exclusive Invite,1,3461,772,3461,772,2689,77.7
5002414,2023-11-30,Milan,Luxury Watches,Gold,Walk-in,1,14994,2459,14994,2459,12535,83.6
5000395,2023-11-30,Paris,Luxury Watches,Gold,Walk-in,1,13320,2457,13320,2457,10863,81.6
5003847,2023-11-30,Dubai,Luxury Watches,First-Time Buyer,Paid Social,1,13476,3411,13476,3411,10065,74.7
5002402,2023-11-30,New York,Designer Handbags,Silver,Walk-in,1,2907,974,2907,974,1933,66.5
5002382,2023-11-30,Paris,Haute Fragrance,Gold,Paid Social,1,408,83,408,83,325,79.7
5003606,2023-12-01,New York,Haute Fragrance,First-Time Buyer,Organic Search,1,384,116,384,116,268,69.8
5008090,2023-12-01,New York,Fine Jewelry,Gold,Organic Search,1,8109,2370,8109,2370,5739,70.8
5001148,2023-12-01,Paris,Designer Handbags,Silver,Exclusive Invite,3,2900,777,8700,2331,6369,73.2
5009238,2023-12-01,Milan,Luxury Watches,Gold,Walk-in,1,14897,4320,14897,4320,10577,71.0
5000193,2023-12-01,Milan,Luxury Watches,First-Time Buyer,Walk-in,1,14849,3726,14849,3726,11123,74.9
5009771,2023-12-01,New York,Luxury Watches,First-Time Buyer,Paid Social,1,14887,4389,14887,4389,10498,70.5
5007646,2023-12-01,New York,Designer Handbags,Silver,Paid Social,1,3194,792,3194,792,2402,75.2
5007500,2023-12-01,Milan,Haute Fragrance,First-Time Buyer,Paid Social,1,373,129,373,129,244,65.4
5000376,2023-12-01,Paris,Designer Handbags,Gold,Walk-in,1,2947,773,2947,773,2174,73.8
5005866,2023-12-02,Paris,Luxury Watches,Gold,Walk-in,2,13894,2991,27788,5982,21806,78.5
5004655,2023-12-02,Dubai,Fine Jewelry,Silver,Paid Social,1,8175,1383,8175,1383,6792,83.1
5006151,2023-12-02,Paris,Luxury Watches,First-Time Buyer,Walk-in,3,11319,3640,33957,10920,23037,67.8
5004611,2023-12-02,Milan,Designer Handbags,Silver,Walk-in,1,3009,723,3009,723,2286,76.0
5004584,2023-12-02,Paris,Designer Handbags,Gold,Paid Social,1,3327,949,3327,949,2378,71.5
5007379,2023-12-02,Milan,Fine Jewelry,First-Time Buyer,Organic Search,1,10030,3153,10030,3153,6877,68.6
5003161,2023-12-02,Dubai,Fine Jewelry,First-Time Buyer,Paid Social,1,7911,1406,7911,1406,6505,82.2
5009659,2023-12-02,Dubai,Haute Fragrance,First-Time Buyer,Paid Social,1,362,123,362,123,239,66.0
5003963,2023-12-02,Paris,Fine Jewelry,First-Time Buyer,Walk-in,2,10188,2458,20376,4916,15460,75.9
5002150,2023-12-02,Milan,Haute Fragrance,Silver,Walk-in,1,404,75,404,75,329,81.4
5004616,2023-12-02,Paris,Luxury Watches,Gold,Organic Search,3,13922,2428,41766,7284,34482,82.6
5007437,2023-12-02,Paris,Luxury Watches,Silver,Exclusive Invite,1,14901,4329,14901,4329,10572,70.9
5002588,2023-12-02,Tokyo,Designer Handbags,First-Time Buyer,Organic Search,1,2972,1038,2972,1038,1934,65.1
5001194,2023-12-02,Paris,Designer Handbags,First-Time Buyer,Exclusive Invite,1,3257,643,3257,643,2614,80.3
5009176,2023-12-02,New York,Fine Jewelry,First-Time Buyer,Organic Search,1,8326,1984,8326,1984,6342,76.2
5009394,2023-12-02,Tokyo,Fine Jewelry,First-Time Buyer,Paid Social,1,10034,2474,10034,2474,7560,75.3
5005524,2023-12-02,Paris,Luxury Watches,First-Time Buyer,Organic Search,1,11452,2544,11452,2544,8908,77.8
5009018,2023-12-02,Tokyo,Fine Jewelry,Platinum (VIP),Walk-in,1,9390,2872,9390,2872,6518,69.4
5009090,2023-12-02,Paris,Luxury Watches,Gold,Walk-in,2,14885,4593,29770,9186,20584,69.1
5001437,2023-12-02,Dubai,Designer Handbags,Platinum (VIP),Organic Search,1,3110,546,3110,546,2564,82.4
5009489,2023-12-02,Milan,Designer Handbags,Silver,Walk-in,1,3016,1012,3016,1012,2004,66.4
5001053,2023-12-02,New York,Luxury Watches,Silver,Organic Search,1,11433,3678,11433,3678,7755,67.8
5003735,2023-12-03,Paris,Luxury Watches,First-Time Buyer,Exclusive Invite,1,11867,2501,11867,2501,9366,78.9
5000984,2023-12-03,Paris,Designer Handbags,Gold,Walk-in,1,3286,872,3286,872,2414,73.5
5006959,2023-12-03,Paris,Luxury Watches,Platinum (VIP),Organic Search,1,12180,2093,12180,2093,10087,82.8
5000164,2023-12-03,New York,Fine Jewelry,Gold,Organic Search,1,8054,2586,8054,2586,5468,67.9
5000974,2023-12-03,New York,Haute Fragrance,Platinum (VIP),Paid Social,2,407,81,814,162,652,80.1
5004125,2023-12-03,New York,Designer Handbags,Gold,Paid Social,2,3639,549,7278,1098,6180,84.9
5002597,2023-12-03,Milan,Luxury Watches,First-Time Buyer,Paid Social,1,12607,2094,12607,2094,10513,83.4
5007688,2023-12-03,Paris,Luxury Watches,Gold,Exclusive Invite,1,12433,2269,12433,2269,10164,81.8
5006398,2023-12-03,Paris,Luxury Watches,Gold,Walk-in,1,14193,2286,14193,2286,11907,83.9
5001160,2023-12-03,Tokyo,Fine Jewelry,Silver,Walk-in,1,7945,1196,7945,1196,6749,84.9
5004751,2023-12-03,Paris,Haute Fragrance,First-Time Buyer,Organic Search,2,398,101,796,202,594,74.6
5009547,2023-12-03,Paris,Fine Jewelry,First-Time Buyer,Organic Search,1,7706,2087,7706,2087,5619,72.9
5002145,2023-12-03,Paris,Haute Fragrance,First-Time Buyer,Walk-in,1,320,58,320,58,262,81.9
5001904,2023-12-04,Paris,Luxury Watches,First-Time Buyer,Paid Social,1,13860,3211,13860,3211,10649,76.8
5006580,2023-12-04,New York,Luxury Watches,First-Time Buyer,Paid Social,1,14792,5074,14792,5074,9718,65.7
5000010,2023-12-04,Paris,Fine Jewelry,First-Time Buyer,Walk-in,2,10007,1991,20014,3982,16032,80.1
5006801,2023-12-04,New York,Designer Handbags,First-Time Buyer,Exclusive Invite,2,3693,633,7386,1266,6120,82.9
5006815,2023-12-04,Dubai,Luxury Watches,Silver,Organic Search,1,12303,2504,12303,2504,9799,79.6
5003283,2023-12-04,New York,Designer Handbags,Silver,Paid Social,1,3064,601,3064,601,2463,80.4
5001186,2023-12-04,Dubai,Luxury Watches,First-Time Buyer,Paid Social,1,14081,4735,14081,4735,9346,66.4
5007401,2023-12-04,New York,Designer Handbags,First-Time Buyer,Organic Search,1,3418,907,3418,907,2511,73.5
5001095,2023-12-04,Paris,Luxury Watches,First-Time Buyer,Exclusive Invite,1,14545,2803,14545,2803,11742,80.7
5002699,2023-12-04,Tokyo,Designer Handbags,Silver,Organic Search,1,3298,495,3298,495,2803,85.0
5002156,2023-12-04,Tokyo,Luxury Watches,Silver,Organic Search,1,14003,4435,14003,4435,9568,68.3
5003451,2023-12-04,Paris,Designer Handbags,Platinum (VIP),Walk-in,1,3797,867,3797,867,2930,77.2
5009943,2023-12-04,Tokyo,Designer Handbags,First-Time Buyer,Organic Search,1,3687,889,3687,889,2798,75.9
5006350,2023-12-04,Dubai,Luxury Watches,First-Time Buyer,Walk-in,1,14046,2766,14046,2766,11280,80.3
5009283,2023-12-04,Tokyo,Designer Handbags,Platinum (VIP),Paid Social,1,3437,869,3437,869,2568,74.7
5006138,2023-12-04,Dubai,Fine Jewelry,Gold,Paid Social,1,8683,2894,8683,2894,5789,66.7
5000806,2023-12-04,Tokyo,Haute Fragrance,Silver,Paid Social,1,397,125,397,125,272,68.5
5005009,2023-12-04,New York,Luxury Watches,First-Time Buyer,Exclusive Invite,1,12243,3307,12243,3307,8936,73.0
5009887,2023-12-04,Tokyo,Designer Handbags,Silver,Organic Search,1,3487,986,3487,986,2501,71.7
5008576,2023-12-04,Tokyo,Luxury Watches,First-Time Buyer,Organic Search,1,13282,2761,13282,2761,10521,79.2
5003357,2023-12-05,Milan,Haute Fragrance,Gold,Paid Social,1,343,72,343,72,271,79.0
5000203,2023-12-05,Paris,Designer Handbags,Gold,Paid Social,1,3190,644,3190,644,2546,79.8
5003879,2023-12-05,Dubai,Haute Fragrance,Silver,Walk-in,1,338,111,338,111,227,67.2
5007917,2023-12-05,Tokyo,Designer Handbags,Platinum (VIP),Walk-in,1,3555,792,3555,792,2763,77.7
5003218,2023-12-05,Milan,Fine Jewelry,Silver,Paid Social,1,8383,2534,8383,2534,5849,69.8
5008000,2023-12-05,New York,Designer Handbags,Silver,Paid Social,1,3153,1002,3153,1002,2151,68.2
5009106,2023-12-05,Dubai,Haute Fragrance,First-Time Buyer,Paid Social,1,370,110,370,110,260,70.3
5001706,2023-12-05,Paris,Fine Jewelry,Silver,Paid Social,2,8000,2556,16000,5112,10888,68.0
5008439,2023-12-05,Paris,Fine Jewelry,Silver,Organic Search,1,8516,1710,8516,1710,6806,79.9
5006882,2023-12-05,New York,Luxury Watches,First-Time Buyer,Paid Social,1,13055,2605,13055,2605,10450,80.0
5000088,2023-12-05,Paris,Designer Handbags,First-Time Buyer,Walk-in,1,3538,1020,3538,1020,2518,71.2
5008778,2023-12-05,Paris,Designer Handbags,First-Time Buyer,Walk-in,1,3766,658,3766,658,3108,82.5
5005679,2023-12-05,Dubai,Luxury Watches,Silver,Walk-in,1,13897,4033,13897,4033,9864,71.0
5003143,2023-12-05,Milan,Designer Handbags,Silver,Walk-in,1,3425,1045,3425,1045,2380,69.5
5009392,2023-12-05,New York,Designer Handbags,First-Time Buyer,Organic Search,1,3424,928,3424,928,2496,72.9
5004171,2023-12-05,Milan,Haute Fragrance,First-Time Buyer,Organic Search,1,336,76,336,76,260,77.4
5001099,2023-12-05,Milan,Designer Handbags,Silver,Organic Search,1,3397,973,3397,973,2424,71.4
5007539,2023-12-05,Paris,Designer Handbags,Silver,Organic Search,2,3768,886,7536,1772,5764,76.5
5008550,2023-12-06,New York,Designer Handbags,Silver,Paid Social,1,2969,864,2969,864,2105,70.9
5005896,2023-12-06,Tokyo,Designer Handbags,Silver,Walk-in,1,3574,979,3574,979,2595,72.6
5002662,2023-12-06,Tokyo,Designer Handbags,Platinum (VIP),Walk-in,1,3347,931,3347,931,2416,72.2
5007058,2023-12-06,New York,Luxury Watches,Gold,Paid Social,1,14071,2698,14071,2698,11373,80.8
5000015,2023-12-06,Paris,Luxury Watches,First-Time Buyer,Exclusive Invite,2,11532,1853,23064,3706,19358,83.9
5002477,2023-12-06,Paris,Designer Handbags,Silver,Walk-in,1,3538,1048,3538,1048,2490,70.4
5001093,2023-12-06,Milan,Designer Handbags,Gold,Walk-in,1,3312,611,3312,611,2701,81.6
5007829,2023-12-06,New York,Luxury Watches,Gold,Exclusive Invite,1,11962,4185,11962,4185,7777,65.0
5001675,2023-12-06,Paris,Fine Jewelry,Silver,Organic Search,1,9755,2208,9755,2208,7547,77.4
5005907,2023-12-06,Paris,Luxury Watches,Silver,Organic Search,1,13965,4409,13965,4409,9556,68.4
5002467,2023-12-06,New York,Designer Handbags,First-Time Buyer,Organic Search,2,3415,1118,6830,2236,4594,67.3
5004642,2023-12-06,Tokyo,Designer Handbags,Gold,Walk-in,1,3504,1172,3504,1172,2332,66.6
5000131,2023-12-06,Paris,Luxury Watches,Gold,Exclusive Invite,1,13269,4128,13269,4128,9141,68.9
5001450,2023-12-06,Tokyo,Haute Fragrance,Silver,Walk-in,1,369,84,369,84,285,77.2
5005969,2023-12-06,Milan,Designer Handbags,Gold,Walk-in,1,3820,1155,3820,1155,2665,69.8
5001915,2023-12-06,New York,Luxury Watches,Silver,Exclusive Invite,3,11574,3271,34722,9813,24909,71.7
5000175,2023-12-06,New York,Designer Handbags,First-Time Buyer,Walk-in,1,3821,792,3821,792,3029,79.3
5001716,2023-12-06,Dubai,Fine Jewelry,Platinum (VIP),Exclusive Invite,1,8340,2362,8340,2362,5978,71.7
5004069,2023-12-06,New York,Designer Handbags,Platinum (VIP),Organic Search,2,3424,1025,6848,2050,4798,70.1
5006952,2023-12-06,New York,Haute Fragrance,Gold,Paid Social,2,326,85,652,170,482,73.9
5004930,2023-12-06,Tokyo,Luxury Watches,First-Time Buyer,Organic Search,1,13616,3256,13616,3256,10360,76.1
5001146,2023-12-07,Tokyo,Designer Handbags,Gold,Organic Search,1,2967,959,2967,959,2008,67.7
5002940,2023-12-07,Tokyo,Designer Handbags,Gold,Paid Social,3,3219,885,9657,2655,7002,72.5
5009689,2023-12-07,Dubai,Fine Jewelry,Silver,Paid Social,1,9591,1729,9591,1729,7862,82.0
5000757,2023-12-07,Tokyo,Fine Jewelry,Platinum (VIP),Exclusive Invite,1,10013,2337,10013,2337,7676,76.7
5007422,2023-12-07,Paris,Luxury Watches,First-Time Buyer,Paid Social,1,13920,4529,13920,4529,9391,67.5
5009576,2023-12-07,Dubai,Luxury Watches,Silver,Organic Search,1,14790,4522,14790,4522,10268,69.4
5009059,2023-12-07,Paris,Luxury Watches,Gold,Organic Search,1,13348,2757,13348,2757,10591,79.3
5000909,2023-12-07,Tokyo,Designer Handbags,Platinum (VIP),Paid Social,1,3747,964,3747,964,2783,74.3
5004568,2023-12-07,New York,Designer Handbags,First-Time Buyer,Walk-in,1,2956,1004,2956,1004,1952,66.0
5002217,2023-12-07,New York,Designer Handbags,Gold,Paid Social,1,2930,707,2930,707,2223,75.9
5009286,2023-12-07,Dubai,Fine Jewelry,Gold,Paid Social,1,8584,2178,8584,2178,6406,74.6
5004534,2023-12-07,Milan,Designer Handbags,Silver,Paid Social,1,3320,1076,3320,1076,2244,67.6
5001275,2023-12-07,Tokyo,Designer Handbags,Silver,Organic Search,1,3056,714,3056,714,2342,76.6
5001271,2023-12-08,Paris,Luxury Watches,Platinum (VIP),Paid Social,1,13881,2771,13881,2771,11110,80.0
5009070,2023-12-08,Dubai,Designer Handbags,Silver,Organic Search,1,3149,898,3149,898,2251,71.5
5008952,2023-12-08,Paris,Luxury Watches,First-Time Buyer,Paid Social,1,14057,4772,14057,4772,9285,66.1
5007001,2023-12-08,Dubai,Luxury Watches,First-Time Buyer,Exclusive Invite,1,12124,3974,12124,3974,8150,67.2
5005044,2023-12-08,Milan,Fine Jewelry,Platinum (VIP),Organic Search,1,8938,1786,8938,1786,7152,80.0
5000152,2023-12-08,New York,Designer Handbags,First-Time Buyer,Organic Search,2,3670,863,7340,1726,5614,76.5
5004615,2023-12-08,Dubai,Designer Handbags,Silver,Organic Search,1,3645,1137,3645,1137,2508,68.8
5005775,2023-12-08,New York,Haute Fragrance,Gold,Organic Search,1,396,105,396,105,291,73.5
5004347,2023-12-08,Milan,Designer Handbags,Silver,Organic Search,1,3273,631,3273,631,2642,80.7
5007196,2023-12-08,Milan,Luxury Watches,Silver,Organic Search,1,14026,4255,14026,4255,9771,69.7
5005024,2023-12-08,Paris,Designer Handbags,First-Time Buyer,Organic Search,3,3316,860,9948,2580,7368,74.1
5002739,2023-12-08,New York,Fine Jewelry,Silver,Paid Social,1,9640,2411,9640,2411,7229,75.0
5000160,2023-12-08,Milan,Designer Handbags,First-Time Buyer,Paid Social,2,3332,931,6664,1862,4802,72.1
5001952,2023-12-09,Dubai,Luxury Watches,Silver,Paid Social,1,12527,3209,12527,3209,9318,74.4
5005415,2023-12-09,Paris,Designer Handbags,Silver,Organic Search,1,3496,1113,3496,1113,2383,68.2
5007469,2023-12-09,Milan,Luxury Watches,Gold,Organic Search,1,13269,2610,13269,2610,10659,80.3
5005333,2023-12-09,Paris,Fine Jewelry,First-Time Buyer,Exclusive Invite,1,7869,2367,7869,2367,5502,69.9
5005372,2023-12-09,Milan,Designer Handbags,Silver,Paid Social,1,3205,592,3205,592,2613,81.5
5009420,2023-12-09,Tokyo,Fine Jewelry,First-Time Buyer,Paid Social,1,7684,2164,7684,2164,5520,71.8
5006187,2023-12-09,New York,Luxury Watches,Platinum (VIP),Paid Social,1,13483,2560,13483,2560,10923,81.0
5005199,2023-12-09,New York,Fine Jewelry,First-Time Buyer,Organic Search,1,9505,2813,9505,2813,6692,70.4
5006294,2023-12-09,Paris,Designer Handbags,Gold,Walk-in,1,3631,1255,3631,1255,2376,65.4
5007907,2023-12-09,New York,Designer Handbags,Silver,Walk-in,2,3831,768,7662,1536,6126,80.0
5000286,2023-12-09,Dubai,Designer Handbags,First-Time Buyer,Walk-in,3,3686,1251,11058,3753,7305,66.1
5004580,2023-12-09,Dubai,Designer Handbags,Silver,Paid Social,1,3650,566,3650,566,3084,84.5
5001191,2023-12-09,Tokyo,Designer Handbags,Gold,Organic Search,1,3036,565,3036,565,2471,81.4
5002807,2023-12-10,New York,Haute Fragrance,Gold,Paid Social,2,335,98,670,196,474,70.7
5009847,2023-12-10,New York,Haute Fragrance,First-Time Buyer,Paid Social,1,339,83,339,83,256,75.5
5001050,2023-12-10,New York,Fine Jewelry,Gold,Exclusive Invite,1,9871,1866,9871,1866,8005,81.1
5007103,2023-12-10,Tokyo,Designer Handbags,Platinum (VIP),Organic Search,1,3773,684,3773,684,3089,81.9
5007246,2023-12-10,Milan,Designer Handbags,Platinum (VIP),Walk-in,1,3467,831,3467,831,2636,76.0
5009109,2023-12-10,New York,Designer Handbags,Platinum (VIP),Paid Social,1,3524,569,3524,569,2955,83.9
5004153,2023-12-10,Paris,Haute Fragrance,Silver,Exclusive Invite,1,349,116,349,116,233,66.8
5008936,2023-12-10,Tokyo,Haute Fragrance,Gold,Walk-in,2,320,75,640,150,490,76.6
5006020,2023-12-10,New York,Luxury Watches,First-Time Buyer,Exclusive Invite,1,13385,3005,13385,3005,10380,77.5
5009061,2023-12-10,Paris,Haute Fragrance,First-Time Buyer,Walk-in,1,372,116,372,116,256,68.8
5005944,2023-12-10,Dubai,Haute Fragrance,Gold,Paid Social,1,323,111,323,111,212,65.6
5002374,2023-12-10,Milan,Designer Handbags,First-Time Buyer,Organic Search,1,3591,791,3591,791,2800,78.0
5008818,2023-12-10,Dubai,Designer Handbags,Silver,Walk-in,1,3345,535,3345,535,2810,84.0
5000913,2023-12-10,Milan,Luxury Watches,First-Time Buyer,Exclusive Invite,1,12563,4088,12563,4088,8475,67.5
5009431,2023-12-11,New York,Fine Jewelry,Silver,Walk-in,1,9336,1618,9336,1618,7718,82.7
5002991,2023-12-11,New York,Luxury Watches,Silver,Organic Search,1,14771,4572,14771,4572,10199,69.0
5007582,2023-12-11,New York,Haute Fragrance,First-Time Buyer,Paid Social,1,369,91,369,91,278,75.3
5000867,2023-12-11,Milan,Luxury Watches,Gold,Paid Social,1,14363,2338,14363,2338,12025,83.7
5009250,2023-12-11,Tokyo,Fine Jewelry,Silver,Walk-in,1,10190,2073,10190,2073,8117,79.7
5006483,2023-12-11,Tokyo,Designer Handbags,First-Time Buyer,Organic Search,1,3740,1032,3740,1032,2708,72.4
5009183,2023-12-11,Paris,Haute Fragrance,Gold,Walk-in,1,376,63,376,63,313,83.2
5003458,2023-12-11,New York,Luxury Watches,Silver,Organic Search,1,12709,3233,12709,3233,9476,74.6
5007295,2023-12-11,New York,Haute Fragrance,First-Time Buyer,Organic Search,1,381,94,381,94,287,75.3
5007640,2023-12-11,Paris,Designer Handbags,First-Time Buyer,Walk-in,1,3605,1194,3605,1194,2411,66.9
5008031,2023-12-11,Dubai,Designer Handbags,First-Time Buyer,Organic Search,1,2900,885,2900,885,2015,69.5
5001231,2023-12-11,Milan,Luxury Watches,Platinum (VIP),Paid Social,1,12799,4280,12799,4280,8519,66.6
5002140,2023-12-11,New York,Designer Handbags,First-Time Buyer,Walk-in,1,3467,775,3467,775,2692,77.6
5001331,2023-12-11,Tokyo,Luxury Watches,Gold,Organic Search,1,14859,2513,14859,2513,12346,83.1
5006991,2023-12-12,Tokyo,Luxury Watches,Gold,Organic Search,1,14515,2291,14515,2291,12224,84.2
5002486,2023-12-12,Milan,Luxury Watches,Silver,Organic Search,1,14605,4513,14605,4513,10092,69.1
5004060,2023-12-12,Tokyo,Designer Handbags,Gold,Paid Social,1,3512,1023,3512,1023,2489,70.9
5000187,2023-12-12,New York,Haute Fragrance,First-Time Buyer,Paid Social,1,360,78,360,78,282,78.3
5005079,2023-12-12,Paris,Designer Handbags,First-Time Buyer,Organic Search,1,3141,561,3141,561,2580,82.1
5003965,2023-12-12,Paris,Haute Fragrance,First-Time Buyer,Organic Search,2,341,56,682,112,570,83.6
5005197,2023-12-12,Paris,Haute Fragrance,First-Time Buyer,Organic Search,1,365,83,365,83,282,77.3
5001457,2023-12-12,New York,Luxury Watches,Gold,Walk-in,1,14394,3224,14394,3224,11170,77.6
5008177,2023-12-12,New York,Designer Handbags,Silver,Paid Social,1,3366,774,3366,774,2592,77.0
5005560,2023-12-12,Paris,Fine Jewelry,First-Time Buyer,Paid Social,1,9943,2437,9943,2437,7506,75.5
5007123,2023-12-12,Tokyo,Designer Handbags,First-Time Buyer,Paid Social,1,3170,899,3170,899,2271,71.6
5006032,2023-12-12,Paris,Designer Handbags,First-Time Buyer,Exclusive Invite,1,3017,876,3017,876,2141,71.0
5007559,2023-12-12,Milan,Fine Jewelry,First-Time Buyer,Paid Social,1,8738,1960,8738,1960,6778,77.6
5009637,2023-12-12,New York,Fine Jewelry,Gold,Paid Social,1,10056,2139,10056,2139,7917,78.7
5000233,2023-12-13,New York,Haute Fragrance,Silver,Walk-in,1,318,98,318,98,220,69.2
5000773,2023-12-13,Tokyo,Designer Handbags,Silver,Walk-in,1,2927,588,2927,588,2339,79.9
5008441,2023-12-13,Paris,Fine Jewelry,First-Time Buyer,Paid Social,1,10052,3195,10052,3195,6857,68.2
5000897,2023-12-13,Tokyo,Designer Handbags,First-Time Buyer,Organic Search,1,3503,966,3503,966,2537,72.4
5008717,2023-12-13,Tokyo,Designer Handbags,Silver,Organic Search,1,3348,1150,3348,1150,2198,65.7
5006602,2023-12-13,Milan,Fine Jewelry,First-Time Buyer,Walk-in,1,10101,1869,10101,1869,8232,81.5
5000579,2023-12-14,Dubai,Fine Jewelry,First-Time Buyer,Walk-in,1,7687,2026,7687,2026,5661,73.6
5002112,2023-12-14,Paris,Luxury Watches,Silver,Paid Social,1,12995,3666,12995,3666,9329,71.8
5005922,2023-12-14,New York,Designer Handbags,Silver,Organic Search,1,3155,489,3155,489,2666,84.5
5000140,2023-12-14,New York,Designer Handbags,First-Time Buyer,Organic Search,1,3026,642,3026,642,2384,78.8
5007188,2023-12-14,New York,Fine Jewelry,Silver,Exclusive Invite,1,8717,1583,8717,1583,7134,81.8
5003923,2023-12-14,Paris,Designer Handbags,First-Time Buyer,Organic Search,2,3025,973,6050,1946,4104,67.8
5009116,2023-12-14,New York,Haute Fragrance,Silver,Paid Social,1,357,72,357,72,285,79.8
5003744,2023-12-14,New York,Designer Handbags,Silver,Organic Search,1,2882,782,2882,782,2100,72.9
5000108,2023-12-14,New York,Haute Fragrance,Platinum (VIP),Walk-in,1,373,103,373,103,270,72.4
5008139,2023-12-15,Milan,Luxury Watches,Silver,Organic Search,1,13278,3350,13278,3350,9928,74.8
5007891,2023-12-15,Tokyo,Fine Jewelry,Silver,Paid Social,1,8484,1471,8484,1471,7013,82.7
5002387,2023-12-15,Paris,Fine Jewelry,First-Time Buyer,Paid Social,1,9103,1881,9103,1881,7222,79.3
5003216,2023-12-15,Milan,Luxury Watches,Platinum (VIP),Walk-in,1,12043,2829,12043,2829,9214,76.5
5000007,2023-12-15,Dubai,Luxury Watches,Gold,Walk-in,1,13182,3106,13182,3106,10076,76.4
5008939,2023-12-15,Tokyo,Designer Handbags,Silver,Paid Social,1,3116,1077,3116,1077,2039,65.4
5003576,2023-12-15,New York,Designer Handbags,Platinum (VIP),Paid Social,1,3177,1071,3177,1071,2106,66.3
5002372,2023-12-15,New York,Fine Jewelry,Platinum (VIP),Walk-in,1,8330,2375,8330,2375,5955,71.5
5003423,2023-12-15,New York,Fine Jewelry,Platinum (VIP),Paid Social,1,8763,2258,8763,2258,6505,74.2
5000267,2023-12-15,Tokyo,Designer Handbags,Gold,Exclusive Invite,1,3472,535,3472,535,2937,84.6
5000451,2023-12-15,Paris,Haute Fragrance,First-Time Buyer,Paid Social,1,375,91,375,91,284,75.7
5007812,2023-12-15,New York,Haute Fragrance,First-Time Buyer,Paid Social,1,327,71,327,71,256,78.3
5008551,2023-12-15,Tokyo,Designer Handbags,Platinum (VIP),Organic Search,1,3417,630,3417,630,2787,81.6
5004586,2023-12-15,Tokyo,Designer Handbags,First-Time Buyer,Walk-in,1,3652,615,3652,615,3037,83.2
5006305,2023-12-15,Paris,Luxury Watches,Silver,Paid Social,1,14004,4153,14004,4153,9851,70.3
5001870,2023-12-15,Dubai,Fine Jewelry,Gold,Paid Social,1,7772,2248,7772,2248,5524,71.1
5006418,2023-12-15,Tokyo,Designer Handbags,Platinum (VIP),Paid Social,1,3556,988,3556,988,2568,72.2
5002584,2023-12-15,New York,Fine Jewelry,Silver,Exclusive Invite,1,10189,2836,10189,2836,7353,72.2
5008483,2023-12-15,Tokyo,Designer Handbags,First-Time Buyer,Walk-in,1,2915,818,2915,818,2097,71.9
5004213,2023-12-15,Paris,Fine Jewelry,Gold,Paid Social,2,8393,1972,16786,3944,12842,76.5
5000468,2023-12-15,Dubai,Designer Handbags,Silver,Paid Social,2,3068,879,6136,1758,4378,71.3
5003058,2023-12-15,New York,Luxury Watches,First-Time Buyer,Exclusive Invite,1,14220,3083,14220,3083,11137,78.3
5008701,2023-12-16,New York,Fine Jewelry,First-Time Buyer,Paid Social,1,9425,2963,9425,2963,6462,68.6
5001171,2023-12-16,Paris,Fine Jewelry,First-Time Buyer,Organic Search,1,9415,1520,9415,1520,7895,83.9
5005716,2023-12-16,New York,Fine Jewelry,Gold,Organic Search,2,8967,1461,17934,2922,15012,83.7
5003601,2023-12-16,New York,Haute Fragrance,First-Time Buyer,Organic Search,1,316,87,316,87,229,72.5
5007523,2023-12-16,Tokyo,Haute Fragrance,Silver,Paid Social,1,398,107,398,107,291,73.1
5009846,2023-12-16,New York,Fine Jewelry,Silver,Organic Search,1,9285,1514,9285,1514,7771,83.7
5004828,2023-12-16,Dubai,Designer Handbags,Silver,Paid Social,2,2947,934,5894,1868,4026,68.3
5003199,2023-12-16,Paris,Luxury Watches,Gold,Walk-in,1,14390,3806,14390,3806,10584,73.6
5004407,2023-12-16,New York,Designer Handbags,Silver,Walk-in,1,2918,474,2918,474,2444,83.8
5006304,2023-12-16,New York,Fine Jewelry,Silver,Organic Search,1,9241,3006,9241,3006,6235,67.5
5003980,2023-12-16,Milan,Fine Jewelry,Gold,Exclusive Invite,2,9453,3093,18906,6186,12720,67.3
5003082,2023-12-16,Milan,Haute Fragrance,First-Time Buyer,Paid Social,3,355,121,1065,363,702,65.9
5001067,2023-12-16,New York,Fine Jewelry,First-Time Buyer,Organic Search,1,9042,1596,9042,1596,7446,82.3
5003106,2023-12-16,Paris,Fine Jewelry,Silver,Walk-in,1,7827,1474,7827,1474,6353,81.2
5008814,2023-12-17,Paris,Designer Handbags,First-Time Buyer,Organic Search,1,3564,535,3564,535,3029,85.0
5002214,2023-12-17,Paris,Haute Fragrance,First-Time Buyer,Walk-in,1,316,95,316,95,221,69.9
5008304,2023-12-17,New York,Luxury Watches,First-Time Buyer,Organic Search,1,12486,2567,12486,2567,9919,79.4
5004945,2023-12-17,Paris,Luxury Watches,Gold,Paid Social,1,11269,3909,11269,3909,7360,65.3
5009568,2023-12-17,Dubai,Luxury Watches,Silver,Organic Search,1,14063,4891,14063,4891,9172,65.2
5001326,2023-12-17,New York,Designer Handbags,First-Time Buyer,Paid Social,1,3090,819,3090,819,2271,73.5
5000654,2023-12-17,New York,Designer Handbags,First-Time Buyer,Paid Social,1,3312,1095,3312,1095,2217,66.9
5000811,2023-12-17,Tokyo,Designer Handbags,Platinum (VIP),Paid Social,1,3091,521,3091,521,2570,83.1
5009505,2023-12-17,Milan,Designer Handbags,Gold,Exclusive Invite,1,3498,693,3498,693,2805,80.2
5007747,2023-12-17,Milan,Haute Fragrance,Platinum (VIP),Organic Search,1,400,92,400,92,308,77.0
5001260,2023-12-17,Paris,Luxury Watches,Gold,Walk-in,2,13422,2610,26844,5220,21624,80.6
5004909,2023-12-17,Milan,Designer Handbags,First-Time Buyer,Walk-in,1,2992,710,2992,710,2282,76.3
5007947,2023-12-17,Dubai,Luxury Watches,Gold,Exclusive Invite,1,14777,3395,14777,3395,11382,77.0
5000584,2023-12-17,New York,Luxury Watches,Silver,Walk-in,1,13451,4272,13451,4272,9179,68.2
5007128,2023-12-17,New York,Haute Fragrance,Silver,Organic Search,1,359,88,359,88,271,75.5
5002618,2023-12-17,New York,Haute Fragrance,Gold,Exclusive Invite,2,393,78,786,156,630,80.2
5007113,2023-12-17,Dubai,Fine Jewelry,First-Time Buyer,Paid Social,3,8403,1469,25209,4407,20802,82.5
5009490,2023-12-18,New York,Luxury Watches,Gold,Exclusive Invite,1,12986,3553,12986,3553,9433,72.6
5009634,2023-12-18,New York,Fine Jewelry,Silver,Organic Search,1,9061,1836,9061,1836,7225,79.7
5007981,2023-12-18,Tokyo,Designer Handbags,Gold,Paid Social,1,3763,908,3763,908,2855,75.9
5007511,2023-12-18,Paris,Designer Handbags,Gold,Paid Social,2,3398,1147,6796,2294,4502,66.2
5004166,2023-12-18,Milan,Designer Handbags,Gold,Walk-in,1,3127,922,3127,922,2205,70.5
5009009,2023-12-18,Paris,Luxury Watches,Silver,Organic Search,1,14408,3753,14408,3753,10655,74.0
5000161,2023-12-18,New York,Haute Fragrance,Gold,Walk-in,2,373,128,746,256,490,65.7
5003491,2023-12-18,New York,Fine Jewelry,First-Time Buyer,Walk-in,1,8143,2300,8143,2300,5843,71.8
5000309,2023-12-18,Milan,Designer Handbags,Silver,Paid Social,1,3722,621,3722,621,3101,83.3
5004133,2023-12-18,Milan,Luxury Watches,First-Time Buyer,Organic Search,1,13806,2170,13806,2170,11636,84.3
5009924,2023-12-18,Dubai,Luxury Watches,Silver,Paid Social,1,13507,2053,13507,2053,11454,84.8
5007942,2023-12-19,Dubai,Haute Fragrance,Gold,Paid Social,1,405,111,405,111,294,72.6
5009285,2023-12-19,Paris,Designer Handbags,Gold,Exclusive Invite,1,2985,832,2985,832,2153,72.1
5004408,2023-12-19,New York,Luxury Watches,First-Time Buyer,Exclusive Invite,1,14277,2912,14277,2912,11365,79.6
5004848,2023-12-19,Tokyo,Haute Fragrance,Silver,Walk-in,1,328,94,328,94,234,71.3
5002439,2023-12-19,Milan,Designer Handbags,First-Time Buyer,Paid Social,1,3299,796,3299,796,2503,75.9
5009344,2023-12-19,Dubai,Designer Handbags,Platinum (VIP),Organic Search,1,3062,525,3062,525,2537,82.9
5005177,2023-12-19,Tokyo,Designer Handbags,First-Time Buyer,Paid Social,1,3026,966,3026,966,2060,68.1
5001673,2023-12-19,New York,Fine Jewelry,First-Time Buyer,Paid Social,1,10106,1552,10106,1552,8554,84.6
5001855,2023-12-19,New York,Fine Jewelry,Silver,Exclusive Invite,1,7847,1587,7847,1587,6260,79.8
5008452,2023-12-19,Tokyo,Designer Handbags,First-Time Buyer,Organic Search,1,3838,841,3838,841,2997,78.1
5004122,2023-12-20,Tokyo,Luxury Watches,Silver,Organic Search,1,13402,2358,13402,2358,11044,82.4
5008770,2023-12-20,Paris,Fine Jewelry,Silver,Organic Search,1,8910,1707,8910,1707,7203,80.8
5008313,2023-12-20,Dubai,Designer Handbags,Silver,Paid Social,1,3227,715,3227,715,2512,77.8
5007241,2023-12-20,Paris,Designer Handbags,First-Time Buyer,Paid Social,1,3789,1099,3789,1099,2690,71.0
5001238,2023-12-20,Tokyo,Fine Jewelry,First-Time Buyer,Organic Search,1,8269,2840,8269,2840,5429,65.7
5001048,2023-12-20,New York,Designer Handbags,Silver,Organic Search,3,3380,1071,10140,3213,6927,68.3
5009042,2023-12-20,Tokyo,Designer Handbags,Silver,Organic Search,1,3348,693,3348,693,2655,79.3
5003479,2023-12-20,Paris,Luxury Watches,Silver,Organic Search,1,14290,3352,14290,3352,10938,76.5
5004678,2023-12-20,Paris,Designer Handbags,Silver,Paid Social,1,3613,832,3613,832,2781,77.0
5008608,2023-12-20,Milan,Designer Handbags,Silver,Paid Social,1,3121,634,3121,634,2487,79.7
5009377,2023-12-20,Paris,Haute Fragrance,First-Time Buyer,Walk-in,1,364,116,364,116,248,68.1
5004245,2023-12-20,New York,Fine Jewelry,Gold,Exclusive Invite,1,10030,2894,10030,2894,7136,71.1
5006553,2023-12-20,Paris,Designer Handbags,Silver,Organic Search,1,3378,825,3378,825,2553,75.6
5008303,2023-12-21,Dubai,Designer Handbags,First-Time Buyer,Exclusive Invite,1,3578,952,3578,952,2626,73.4
5000816,2023-12-21,Milan,Luxury Watches,Silver,Organic Search,2,12203,3177,24406,6354,18052,74.0
5004777,2023-12-21,Dubai,Designer Handbags,Silver,Organic Search,2,3158,1065,6316,2130,4186,66.3
5007508,2023-12-21,Paris,Fine Jewelry,Silver,Walk-in,1,9130,2357,9130,2357,6773,74.2
5002555,2023-12-21,Tokyo,Luxury Watches,Silver,Walk-in,1,14690,4014,14690,4014,10676,72.7
5002527,2023-12-21,New York,Luxury Watches,Platinum (VIP),Exclusive Invite,2,12308,2294,24616,4588,20028,81.4
5007364,2023-12-21,Tokyo,Luxury Watches,First-Time Buyer,Organic Search,1,12856,2415,12856,2415,10441,81.2
5002968,2023-12-21,Tokyo,Fine Jewelry,First-Time Buyer,Paid Social,1,8462,1991,8462,1991,6471,76.5
5000647,2023-12-21,Milan,Haute Fragrance,Gold,Paid Social,1,396,104,396,104,292,73.7
5002860,2023-12-21,Paris,Luxury Watches,Silver,Organic Search,1,14657,3393,14657,3393,11264,76.9
5008643,2023-12-21,Milan,Designer Handbags,First-Time Buyer,Paid Social,1,2909,945,2909,945,1964,67.5
5007212,2023-12-21,Paris,Designer Handbags,Silver,Walk-in,1,2929,533,2929,533,2396,81.8
5008087,2023-12-21,Tokyo,Designer Handbags,Silver,Paid Social,1,3838,1169,3838,1169,2669,69.5
5000556,2023-12-21,New York,Luxury Watches,Silver,Organic Search,1,14915,5017,14915,5017,9898,66.4
5009110,2023-12-21,New York,Luxury Watches,Gold,Paid Social,1,14457,2736,14457,2736,11721,81.1
5007164,2023-12-21,Tokyo,Fine Jewelry,First-Time Buyer,Walk-in,1,8226,2420,8226,2420,5806,70.6
5001356,2023-12-22,Tokyo,Luxury Watches,First-Time Buyer,Organic Search,1,12451,1954,12451,1954,10497,84.3
5004878,2023-12-22,Dubai,Designer Handbags,Gold,Paid Social,1,3618,715,3618,715,2903,80.2
5006273,2023-12-22,New York,Designer Handbags,First-Time Buyer,Organic Search,1,3387,759,3387,759,2628,77.6
5007803,2023-12-22,Paris,Luxury Watches,First-Time Buyer,Organic Search,2,11598,3830,23196,7660,15536,67.0
5005454,2023-12-22,Paris,Fine Jewelry,Silver,Organic Search,1,7955,1208,7955,1208,6747,84.8
5001180,2023-12-22,Tokyo,Fine Jewelry,First-Time Buyer,Organic Search,2,8659,2162,17318,4324,12994,75.0
5005621,2023-12-22,Paris,Luxury Watches,Gold,Exclusive Invite,1,13534,3047,13534,3047,10487,77.5
5007616,2023-12-22,Paris,Haute Fragrance,Silver,Paid Social,1,388,132,388,132,256,66.0
5005216,2023-12-22,Paris,Designer Handbags,First-Time Buyer,Exclusive Invite,1,3157,1046,3157,1046,2111,66.9
5002538,2023-12-23,Milan,Luxury Watches,First-Time Buyer,Organic Search,1,14386,2477,14386,2477,11909,82.8
5005628,2023-12-23,New York,Designer Handbags,Gold,Paid Social,1,3770,828,3770,828,2942,78.0
5009266,2023-12-23,Paris,Designer Handbags,Gold,Organic Search,1,3201,978,3201,978,2223,69.4
5006291,2023-12-23,Milan,Haute Fragrance,Platinum (VIP),Organic Search,1,344,69,344,69,275,79.9
5001809,2023-12-23,Dubai,Fine Jewelry,Gold,Organic Search,1,9352,2196,9352,2196,7156,76.5
5004865,2023-12-23,New York,Fine Jewelry,Silver,Organic Search,1,8666,2620,8666,2620,6046,69.8
5003295,2023-12-23,New York,Luxury Watches,First-Time Buyer,Paid Social,1,11322,1794,11322,1794,9528,84.2
5008124,2023-12-23,Dubai,Designer Handbags,Silver,Walk-in,1,3040,1042,3040,1042,1998,65.7
5006862,2023-12-23,Dubai,Fine Jewelry,First-Time Buyer,Exclusive Invite,1,8275,1757,8275,1757,6518,78.8
5006442,2023-12-23,Dubai,Designer Handbags,First-Time Buyer,Walk-in,1,3599,1034,3599,1034,2565,71.3
5002984,2023-12-23,Paris,Fine Jewelry,Gold,Organic Search,1,9581,2562,9581,2562,7019,73.3
5002349,2023-12-23,Tokyo,Luxury Watches,First-Time Buyer,Exclusive Invite,1,13152,4095,13152,4095,9057,68.9
5005407,2023-12-23,Dubai,Fine Jewelry,Gold,Organic Search,1,9094,2546,9094,2546,6548,72.0
5002010,2023-12-23,Tokyo,Fine Jewelry,Silver,Organic Search,1,7889,1370,7889,1370,6519,82.6
5002304,2023-12-23,New York,Fine Jewelry,Silver,Organic Search,2,8866,2546,17732,5092,12640,71.3
5009440,2023-12-23,Tokyo,Haute Fragrance,First-Time Buyer,Organic Search,3,365,62,1095,186,909,83.0
5006040,2023-12-23,Milan,Luxury Watches,First-Time Buyer,Organic Search,1,13007,3247,13007,3247,9760,75.0
5006861,2023-12-23,Paris,Fine Jewelry,First-Time Buyer,Walk-in,1,7804,2237,7804,2237,5567,71.3
5009168,2023-12-23,Paris,Designer Handbags,Silver,Walk-in,1,3150,551,3150,551,2599,82.5
5000763,2023-12-24,Paris,Luxury Watches,Silver,Organic Search,1,13033,2248,13033,2248,10785,82.8
5006913,2023-12-24,Dubai,Designer Handbags,Platinum (VIP),Paid Social,1,3365,1054,3365,1054,2311,68.7
5001521,2023-12-24,Milan,Luxury Watches,Silver,Walk-in,3,12599,2011,37797,6033,31764,84.0
5009526,2023-12-24,Tokyo,Designer Handbags,First-Time Buyer,Exclusive Invite,1,3483,1048,3483,1048,2435,69.9
5003534,2023-12-24,New York,Designer Handbags,First-Time Buyer,Organic Search,1,3124,627,3124,627,2497,79.9
5000045,2023-12-24,Tokyo,Luxury Watches,First-Time Buyer,Paid Social,1,11879,3499,11879,3499,8380,70.5
5002510,2023-12-24,New York,Luxury Watches,Silver,Organic Search,1,11570,2321,11570,2321,9249,79.9
5008806,2023-12-24,Paris,Haute Fragrance,Platinum (VIP),Organic Search,1,321,82,321,82,239,74.5
5009848,2023-12-24,New York,Haute Fragrance,Silver,Organic Search,1,348,74,348,74,274,78.7
5000077,2023-12-24,Dubai,Luxury Watches,Platinum (VIP),Organic Search,1,13668,3617,13668,3617,10051,73.5
5009686,2023-12-24,Tokyo,Fine Jewelry,Platinum (VIP),Exclusive Invite,1,9059,1786,9059,1786,7273,80.3
5007639,2023-12-24,Milan,Luxury Watches,First-Time Buyer,Paid Social,1,13585,4532,13585,4532,9053,66.6
5008400,2023-12-24,Tokyo,Designer Handbags,Silver,Paid Social,1,3370,705,3370,705,2665,79.1
5006293,2023-12-25,Paris,Designer Handbags,Silver,Organic Search,1,2960,826,2960,826,2134,72.1
5004713,2023-12-25,Dubai,Fine Jewelry,Gold,Walk-in,1,8204,2365,8204,2365,5839,71.2
5006514,2023-12-25,Milan,Haute Fragrance,Gold,Exclusive Invite,1,365,125,365,125,240,65.8
5002231,2023-12-25,Paris,Luxury Watches,Platinum (VIP),Walk-in,1,14732,2693,14732,2693,12039,81.7
5006601,2023-12-25,New York,Luxury Watches,First-Time Buyer,Organic Search,1,13368,2603,13368,2603,10765,80.5
5001688,2023-12-25,Milan,Fine Jewelry,First-Time Buyer,Walk-in,1,10094,3147,10094,3147,6947,68.8
5009193,2023-12-25,New York,Designer Handbags,Silver,Paid Social,1,3488,1129,3488,1129,2359,67.6
5000503,2023-12-25,Tokyo,Designer Handbags,Gold,Exclusive Invite,1,3501,897,3501,897,2604,74.4
5004038,2023-12-25,Paris,Fine Jewelry,First-Time Buyer,Organic Search,1,9529,2319,9529,2319,7210,75.7
5007176,2023-12-25,Tokyo,Designer Handbags,First-Time Buyer,Walk-in,2,3568,929,7136,1858,5278,74.0
5009181,2023-12-25,New York,Luxury Watches,Silver,Walk-in,1,13363,2081,13363,2081,11282,84.4
5000864,2023-12-26,Tokyo,Haute Fragrance,Gold,Paid Social,1,331,97,331,97,234,70.7
5000456,2023-12-26,Milan,Designer Handbags,Gold,Walk-in,1,3560,662,3560,662,2898,81.4
5003410,2023-12-26,New York,Luxury Watches,Platinum (VIP),Paid Social,1,12806,1974,12806,1974,10832,84.6
5008716,2023-12-26,New York,Designer Handbags,First-Time Buyer,Paid Social,1,3252,1001,3252,1001,2251,69.2
5000109,2023-12-26,Milan,Luxury Watches,First-Time Buyer,Exclusive Invite,1,12718,3690,12718,3690,9028,71.0
5000333,2023-12-26,Paris,Designer Handbags,First-Time Buyer,Walk-in,1,3506,958,3506,958,2548,72.7
5004610,2023-12-26,Milan,Fine Jewelry,Silver,Paid Social,1,8078,2421,8078,2421,5657,70.0
5003517,2023-12-26,Milan,Haute Fragrance,Gold,Exclusive Invite,1,383,93,383,93,290,75.7
5007234,2023-12-26,Dubai,Fine Jewelry,Silver,Walk-in,1,8598,1780,8598,1780,6818,79.3
5001600,2023-12-26,Dubai,Designer Handbags,Gold,Walk-in,1,3319,1096,3319,1096,2223,67.0
5000930,2023-12-26,Dubai,Fine Jewelry,First-Time Buyer,Organic Search,1,9100,2486,9100,2486,6614,72.7
5005615,2023-12-26,Milan,Luxury Watches,Gold,Organic Search,1,14333,4995,14333,4995,9338,65.2
5004570,2023-12-26,Paris,Designer Handbags,First-Time Buyer,Organic Search,1,3043,571,3043,571,2472,81.2
5007927,2023-12-26,Tokyo,Luxury Watches,Gold,Organic Search,1,12191,3726,12191,3726,8465,69.4
5005391,2023-12-26,New York,Designer Handbags,Silver,Walk-in,1,3793,702,3793,702,3091,81.5
5001816,2023-12-26,Paris,Designer Handbags,First-Time Buyer,Paid Social,1,3026,712,3026,712,2314,76.5
5004054,2023-12-26,New York,Designer Handbags,Silver,Exclusive Invite,1,3455,1095,3455,1095,2360,68.3
5008711,2023-12-26,Tokyo,Luxury Watches,Silver,Walk-in,2,12655,2876,25310,5752,19558,77.3
5002738,2023-12-26,Tokyo,Luxury Watches,Silver,Exclusive Invite,2,11711,2601,23422,5202,18220,77.8
5000070,2023-12-26,Dubai,Designer Handbags,First-Time Buyer,Organic Search,1,3130,757,3130,757,2373,75.8
5009393,2023-12-26,New York,Haute Fragrance,First-Time Buyer,Organic Search,1,388,97,388,97,291,75.0
5006230,2023-12-26,Tokyo,Luxury Watches,Silver,Walk-in,1,12491,3163,12491,3163,9328,74.7
5001557,2023-12-27,Paris,Haute Fragrance,Silver,Exclusive Invite,1,351,87,351,87,264,75.2
5005102,2023-12-27,Milan,Designer Handbags,First-Time Buyer,Organic Search,2,2894,490,5788,980,4808,83.1
5005740,2023-12-27,New York,Designer Handbags,Silver,Organic Search,1,3497,706,3497,706,2791,79.8
5001005,2023-12-27,Dubai,Haute Fragrance,Silver,Paid Social,1,319,61,319,61,258,80.9
5006590,2023-12-27,Paris,Fine Jewelry,First-Time Buyer,Organic Search,1,9100,2961,9100,2961,6139,67.5
5003638,2023-12-27,Dubai,Designer Handbags,Platinum (VIP),Walk-in,1,2987,886,2987,886,2101,70.3
5007226,2023-12-27,Tokyo,Fine Jewelry,First-Time Buyer,Organic Search,2,8431,2622,16862,5244,11618,68.9
5004221,2023-12-27,Dubai,Luxury Watches,Gold,Organic Search,1,12794,2698,12794,2698,10096,78.9
5007142,2023-12-27,Milan,Luxury Watches,Silver,Organic Search,1,14088,4689,14088,4689,9399,66.7
5008447,2023-12-27,New York,Fine Jewelry,First-Time Buyer,Walk-in,1,9312,3175,9312,3175,6137,65.9
5000805,2023-12-27,Paris,Fine Jewelry,First-Time Buyer,Paid Social,2,8189,2075,16378,4150,12228,74.7
5000996,2023-12-27,Paris,Haute Fragrance,Silver,Paid Social,1,386,89,386,89,297,76.9
5006283,2023-12-27,New York,Designer Handbags,First-Time Buyer,Organic Search,2,3049,786,6098,1572,4526,74.2
5001932,2023-12-27,Tokyo,Fine Jewelry,First-Time Buyer,Walk-in,1,8822,2018,8822,2018,6804,77.1
5000289,2023-12-28,New York,Designer Handbags,Platinum (VIP),Paid Social,1,3338,826,3338,826,2512,75.3
5006220,2023-12-28,Paris,Designer Handbags,Gold,Organic Search,1,2952,604,2952,604,2348,79.5
5004164,2023-12-28,Dubai,Designer Handbags,First-Time Buyer,Exclusive Invite,1,3599,620,3599,620,2979,82.8
5000884,2023-12-28,Milan,Designer Handbags,First-Time Buyer,Walk-in,1,3112,1065,3112,1065,2047,65.8
5000889,2023-12-28,Milan,Luxury Watches,First-Time Buyer,Exclusive Invite,1,14699,3874,14699,3874,10825,73.6
5003918,2023-12-28,Milan,Designer Handbags,Silver,Paid Social,1,3418,524,3418,524,2894,84.7
5007544,2023-12-28,Dubai,Haute Fragrance,Gold,Paid Social,1,357,100,357,100,257,72.0
5002797,2023-12-28,Paris,Designer Handbags,Gold,Exclusive Invite,3,3516,803,10548,2409,8139,77.2
5009006,2023-12-28,Dubai,Designer Handbags,Silver,Walk-in,1,3156,906,3156,906,2250,71.3
5002694,2023-12-28,Tokyo,Luxury Watches,Gold,Paid Social,1,14528,2267,14528,2267,12261,84.4
5002609,2023-12-28,New York,Haute Fragrance,Platinum (VIP),Exclusive Invite,1,390,114,390,114,276,70.8
5007914,2023-12-28,New York,Designer Handbags,Platinum (VIP),Organic Search,1,3832,1107,3832,1107,2725,71.1
5001262,2023-12-28,New York,Designer Handbags,Gold,Organic Search,1,2947,532,2947,532,2415,81.9
5001665,2023-12-28,Paris,Luxury Watches,Gold,Organic Search,1,13232,3588,13232,3588,9644,72.9
5009367,2023-12-28,Paris,Luxury Watches,First-Time Buyer,Organic Search,3,13687,2588,41061,7764,33297,81.1
5004914,2023-12-28,Milan,Luxury Watches,Gold,Organic Search,1,11399,3784,11399,3784,7615,66.8
5005506,2023-12-29,Tokyo,Haute Fragrance,First-Time Buyer,Paid Social,3,387,83,1161,249,912,78.6
5002780,2023-12-29,Milan,Designer Handbags,Gold,Walk-in,2,3193,632,6386,1264,5122,80.2
5005955,2023-12-29,New York,Luxury Watches,First-Time Buyer,Walk-in,3,13154,4265,39462,12795,26667,67.6
5009929,2023-12-29,Dubai,Designer Handbags,Platinum (VIP),Walk-in,1,3811,948,3811,948,2863,75.1
5002173,2023-12-29,New York,Designer Handbags,Silver,Organic Search,1,2921,935,2921,935,1986,68.0
5002279,2023-12-29,Dubai,Luxury Watches,First-Time Buyer,Paid Social,1,11619,2825,11619,2825,8794,75.7
5009225,2023-12-29,Paris,Designer Handbags,Silver,Paid Social,1,2930,509,2930,509,2421,82.6
5006530,2023-12-29,Milan,Designer Handbags,Platinum (VIP),Walk-in,1,3325,816,3325,816,2509,75.5
5009125,2023-12-29,Tokyo,Fine Jewelry,First-Time Buyer,Paid Social,3,8107,1480,24321,4440,19881,81.7
5001383,2023-12-29,Milan,Designer Handbags,Gold,Walk-in,1,3612,918,3612,918,2694,74.6
5006865,2023-12-29,Tokyo,Designer Handbags,Gold,Paid Social,1,3004,588,3004,588,2416,80.4
5003543,2023-12-29,New York,Designer Handbags,First-Time Buyer,Walk-in,1,3065,924,3065,924,2141,69.9
5002120,2023-12-30,Tokyo,Luxury Watches,Silver,Walk-in,1,11934,2022,11934,2022,9912,83.1
5002722,2023-12-30,New York,Luxury Watches,First-Time Buyer,Walk-in,1,14418,3606,14418,3606,10812,75.0
5002729,2023-12-30,Dubai,Fine Jewelry,Silver,Walk-in,1,9791,2317,9791,2317,7474,76.3
5003068,2023-12-30,Tokyo,Luxury Watches,First-Time Buyer,Walk-in,1,14435,4519,14435,4519,9916,68.7
5009755,2023-12-30,Tokyo,Designer Handbags,First-Time Buyer,Organic Search,1,3517,705,3517,705,2812,80.0
5001533,2023-12-30,Milan,Luxury Watches,Silver,Paid Social,1,14699,4952,14699,4952,9747,66.3
5001302,2023-12-30,Milan,Fine Jewelry,Gold,Walk-in,1,7966,1975,7966,1975,5991,75.2
5006799,2023-12-30,Milan,Designer Handbags,Gold,Paid Social,1,3424,1137,3424,1137,2287,66.8
5009253,2023-12-30,Tokyo,Luxury Watches,First-Time Buyer,Paid Social,1,11429,1875,11429,1875,9554,83.6
5001310,2023-12-31,Tokyo,Designer Handbags,First-Time Buyer,Walk-in,1,3023,996,3023,996,2027,67.1
5001161,2023-12-31,Tokyo,Designer Handbags,Silver,Paid Social,1,2908,495,2908,495,2413,83.0
5008747,2023-12-31,Dubai,Luxury Watches,First-Time Buyer,Organic Search,1,12713,2642,12713,2642,10071,79.2
5000712,2023-12-31,Milan,Designer Handbags,Silver,Paid Social,1,3598,708,3598,708,2890,80.3
5001452,2023-12-31,Paris,Designer Handbags,First-Time Buyer,Walk-in,1,3809,1114,3809,1114,2695,70.8
5000700,2023-12-31,Milan,Luxury Watches,Silver,Walk-in,1,13080,1965,13080,1965,11115,85.0
5008869,2023-12-31,Paris,Designer Handbags,First-Time Buyer,Organic Search,2,3816,650,7632,1300,6332,83.0
5008640,2023-12-31,New York,Designer Handbags,First-Time Buyer,Organic Search,1,3196,1064,3196,1064,2132,66.7
5008114,2023-12-31,New York,Luxury Watches,Silver,Exclusive Invite,1,13595,3647,13595,3647,9948,73.2
5005430,2023-12-31,New York,Luxury Watches,Silver,Walk-in,2,14507,2983,29014,5966,23048,79.4
5001892,2023-12-31,Dubai,Designer Handbags,Silver,Walk-in,1,3206,542,3206,542,2664,83.1
5008209,2023-12-31,Tokyo,Designer Handbags,Silver,Organic Search,1,3288,637,3288,637,2651,80.6
5004823,2023-12-31,Milan,Designer Handbags,Platinum (VIP),Paid Social,1,3061,730,3061,730,2331,76.2
5002508,2023-12-31,Tokyo,Haute Fragrance,Silver,Exclusive Invite,1,406,130,406,130,276,68.0
5002686,2023-12-31,New York,Fine Jewelry,Gold,Paid Social,1,9506,3136,9506,3136,6370,67.0
5007591,2023-12-31,Dubai,Luxury Watches,Silver,Paid Social,1,13175,3655,13175,3655,9520,72.3
5007290,2023-12-31,Paris,Designer Handbags,First-Time Buyer,Paid Social,1,3808,1283,3808,1283,2525,66.3
5005992,2023-12-31,Dubai,Luxury Watches,Silver,Organic Search,1,14478,4977,14478,4977,9501,65.6
5006129,2023-12-31,New York,Designer Handbags,Silver,Organic Search,1,3207,1003,3207,1003,2204,68.7
5003935,2023-12-31,Tokyo,Luxury Watches,First-Time Buyer,Walk-in,1,14533,3667,14533,3667,10866,74.8
5005005,2024-01-01,Paris,Luxury Watches,Silver,Walk-in,1,14236,4267,14236,4267,9969,70.0
5006170,2024-01-01,Paris,Luxury Watches,First-Time Buyer,Organic Search,2,13293,3002,26586,6004,20582,77.4
5009594,2024-01-01,Paris,Fine Jewelry,Gold,Organic Search,2,9745,2012,19490,4024,15466,79.4
5003301,2024-01-01,Tokyo,Designer Handbags,Gold,Organic Search,2,3837,1254,7674,2508,5166,67.3
5008338,2024-01-01,Paris,Haute Fragrance,First-Time Buyer,Organic Search,3,399,138,1197,414,783,65.4
5005027,2024-01-01,Tokyo,Designer Handbags,First-Time Buyer,Organic Search,2,3140,1047,6280,2094,4186,66.7
5000586,2024-01-01,New York,Designer Handbags,Silver,Walk-in,1,3538,590,3538,590,2948,83.3
5001268,2024-01-01,Milan,Luxury Watches,Platinum (VIP),Paid Social,1,14467,2672,14467,2672,11795,81.5
